RowNumber,CustomerId,Surname,CreditScore,Geography,Gender,Age,Tenure,Balance,NumOfProducts,HasCrCard,IsActiveMember,EstimatedSalary,Exited
1,15756560,Smith,535,Germany,Male,36,8,12522.88577038857,4,1,0,111873.83905702774,0
2,15781469,Johnson,675,France,Female,23,1,34322.606949021676,4,0,0,107262.0289859429,0
3,15766534,Williams,786,Germany,Male,23,3,66067.72883181494,3,1,1,57198.19160272183,0
4,15738296,Brown,550,Germany,Male,24,1,53487.65299950218,1,1,1,171176.73959393371,1
5,15754481,Jones,443,Germany,Male,28,10,186352.0117261552,1,1,0,161370.80278214274,0
6,15744870,Garcia,759,Spain,Male,55,7,122671.69345852335,4,1,1,34101.249815178715,0
7,15689488,Miller,805,Germany,Female,24,3,27007.486329057745,2,1,1,131709.94139057244,0
8,15771939,Davis,450,France,Male,53,0,83826.99182072746,3,1,1,168702.8317210874,0
9,15802868,Rodriguez,696,Germany,Female,28,9,10195.929471322559,3,1,1,138515.82845132466,0
10,15722100,Martinez,672,Germany,Female,25,2,11932.42404237276,2,1,0,36117.49314422582,0
11,15747329,Smith,571,France,Female,43,6,60352.78328635765,2,1,1,35945.70031906584,0
12,15760926,Johnson,510,Spain,Female,51,2,12212.524379934413,2,0,1,43461.012517907344,0
13,15809805,Williams,749,Germany,Female,22,4,30000.26435748667,4,1,1,103054.56446951281,0
14,15825937,Brown,667,Spain,Female,38,1,19433.76556994238,2,1,1,11600.0,0
15,15650625,Jones,675,Spain,Male,50,7,13239.84485416306,3,1,1,162205.57685002245,0
16,15675692,Garcia,587,France,Male,48,3,8388.361309897662,2,1,0,107829.7659509114,0
17,15701823,Miller,569,Germany,Female,23,0,47318.05920879531,1,1,0,11600.0,1
18,15699422,Davis,404,France,Male,36,3,2891.4644956352035,4,1,1,200000.0,0
19,15635371,Rodriguez,627,France,Female,22,7,60625.84120188559,2,1,1,21534.640176794957,0
20,15694337,Martinez,793,Spain,Male,42,8,112560.25175964068,2,0,0,181053.61339850735,0
21,15828629,Smith,560,Spain,Male,40,0,21039.482172241387,4,1,0,126491.86747622764,0
22,15699527,Johnson,497,France,Male,44,5,26655.126617095237,2,1,1,165931.31053620428,0
23,15833643,Williams,693,Germany,Female,29,3,44651.015267384195,1,0,0,37027.600265623005,1
24,15639913,Brown,712,Spain,Male,32,10,54866.5066330693,3,0,1,120218.65787683966,1
25,15737957,Jones,591,Germany,Male,48,7,39352.067296134235,1,0,1,123149.97075861003,0
26,15819381,Garcia,615,Spain,Male,49,0,58615.533299946896,1,1,1,170207.08109604867,0
27,15719907,Miller,676,Spain,Male,55,4,82658.79882670079,3,0,0,34706.26161623003,0
28,15794367,Davis,634,France,Male,53,0,230483.44408526056,1,1,1,105589.03420123621,1
29,15765210,Rodriguez,750,France,Male,22,3,24939.84354632215,3,1,1,148677.3075763877,0
30,15791332,Martinez,850,Germany,Male,51,1,43935.432300333385,2,1,1,37316.797191833524,0
31,15719080,Smith,479,France,Male,38,9,23595.195676708125,4,1,1,24309.942785165942,0
32,15757139,Johnson,772,Germany,Female,46,8,13585.762301256973,3,1,1,26081.280245867747,0
33,15784105,Williams,660,Germany,Female,35,1,250000.0,1,1,0,70817.35402248234,0
34,15765125,Brown,788,Spain,Male,29,3,699.024740619362,2,1,1,68282.37761667454,1
35,15637349,Jones,722,France,Male,36,2,3344.354011753816,1,1,0,132094.43050255478,1
36,15758457,Garcia,656,France,Male,39,0,43738.72103175147,2,1,0,113259.53290033108,0
37,15824824,Miller,726,France,Female,41,0,61867.141074011175,1,0,0,99334.01415157401,0
38,15700327,Davis,610,Germany,Male,48,1,65251.689603336716,2,1,0,61034.70168593072,0
39,15764583,Rodriguez,572,France,Male,28,7,60753.92116670013,2,0,1,102640.04501762326,0
40,15719256,Martinez,731,Germany,Male,27,1,77700.29020387489,1,1,0,134165.44387721005,0
41,15801447,Smith,565,France,Male,22,0,68257.1078948851,1,1,0,11600.0,1
42,15753948,Johnson,714,Germany,Male,36,5,39480.38550293707,2,1,0,64526.8843379699,1
43,15702037,Williams,653,France,Female,30,0,31754.64831762714,1,1,1,124021.46314679434,0
44,15691488,Brown,417,Germany,Female,35,9,63696.78431886235,1,1,0,115466.35476757505,0
45,15701405,Jones,592,France,Female,39,8,65899.79741458346,2,0,1,122130.06102766987,0
46,15666153,Garcia,683,France,Male,21,5,20214.53724049582,4,1,1,63111.99019586074,0
47,15750818,Miller,609,Spain,Female,33,9,147.96183503514607,3,0,1,104722.73129718628,0
48,15645996,Davis,395,France,Male,42,5,18866.320486661836,2,1,1,104190.21602675946,0
49,15703694,Rodriguez,782,Germany,Male,39,0,38257.75179712518,3,1,0,126937.77489414909,1
50,15638492,Martinez,666,Spain,Female,35,6,37339.026031344896,4,1,0,106096.93210446683,0
51,15676208,Smith,694,Germany,Female,38,2,23891.03529651017,1,0,0,80622.7639044036,0
52,15721915,Johnson,602,Spain,Male,36,0,134657.38001294353,3,1,0,60857.81472280186,0
53,15776301,Williams,703,France,Male,29,8,32347.033069896173,1,1,1,53584.281834838235,1
54,15643394,Brown,833,France,Male,27,7,7485.918831742288,2,0,1,11600.0,0
55,15808675,Jones,576,France,Female,65,3,10756.012976473357,2,0,0,83231.08472781166,0
56,15789571,Garcia,816,France,Male,45,2,4968.109937823011,4,1,1,11600.0,0
57,15702750,Miller,689,France,Male,49,1,15617.799865617872,2,1,1,83822.15506447505,0
58,15758845,Davis,563,France,Male,45,1,18172.506741996844,1,1,0,11600.0,0
59,15754776,Rodriguez,850,Germany,Male,52,10,20335.55321261457,1,1,1,157641.106282179,1
60,15789157,Martinez,689,Spain,Male,44,2,90447.52146751585,4,0,0,150005.99823799572,0
61,15758960,Smith,717,France,Female,18,0,72510.4544663464,1,1,1,107561.1002014185,1
62,15683157,Johnson,623,France,Male,30,9,34269.917986093795,2,1,1,11600.0,0
63,15651761,Williams,570,France,Female,41,6,29380.674764763837,1,0,1,90002.10366239995,0
64,15745112,Brown,666,France,Male,41,1,23748.552417130548,4,1,0,111700.52015004291,0
65,15741132,Jones,808,Spain,Female,40,5,682.8806797514716,3,1,1,41746.567316794986,0
66,15714679,Garcia,619,France,Female,27,5,126116.06926078531,2,0,0,11600.0,0
67,15670522,Miller,647,France,Male,33,10,17229.865521730044,4,1,1,200000.0,0
68,15832795,Davis,795,Germany,Female,41,3,92225.4535153762,1,0,0,93500.50995762214,0
69,15654059,Rodriguez,619,Spain,Male,39,3,67514.37373253655,1,1,1,119523.11650133145,0
70,15832231,Martinez,701,Germany,Male,46,0,6075.090015389096,4,0,0,98800.15111078242,0
71,15713555,Smith,737,Germany,Male,28,10,18787.887073846352,3,1,0,162748.56088522603,0
72,15687597,Johnson,630,France,Male,43,5,33145.817462004416,4,0,1,117847.0285731421,0
73,15806431,Williams,680,France,Female,33,7,15201.42413487572,2,1,1,132190.29472503753,0
74,15644294,Brown,716,France,Female,35,9,25717.409437309496,4,1,0,98670.84243607418,0
75,15811432,Jones,609,France,Male,38,3,16594.23001293049,4,1,1,80723.374326693,0
76,15831371,Garcia,731,Spain,Female,21,0,50491.50518440856,3,1,1,78299.54261177639,0
77,15671667,Miller,595,Germany,Female,40,3,22366.01124046206,1,1,0,36023.58351543509,1
78,15733901,Davis,582,France,Male,51,1,21255.08734971641,1,0,1,101056.42175792543,1
79,15798280,Rodriguez,497,France,Male,26,3,15843.32226048081,3,0,1,123009.54739871848,0
80,15646136,Martinez,599,France,Male,57,7,80854.78591282423,2,1,1,131513.31003690406,0
81,15674999,Smith,568,Germany,Female,32,2,51913.66779722963,4,1,0,82912.20166431872,0
82,15725989,Johnson,609,France,Male,44,4,63820.86947552229,4,1,0,163025.65512225858,0
83,15635618,Williams,711,France,Male,25,9,25032.711729157618,1,1,1,22105.360479108407,0
84,15690193,Brown,477,Germany,Female,60,10,91464.64851018731,3,1,1,166182.0147082151,0
85,15657849,Jones,452,France,Female,28,1,26924.787298058483,2,1,1,47109.05010606881,0
86,15658902,Garcia,575,France,Male,41,8,9709.413235232048,1,0,1,61724.40875530271,0
87,15717400,Miller,696,France,Female,33,2,35735.17140649646,3,0,1,11600.0,0
88,15643870,Davis,678,France,Female,38,0,29431.197640271515,3,1,0,34808.49905568542,0
89,15721409,Rodriguez,573,France,Male,40,6,4811.213418681754,2,1,0,113233.5203978978,0
90,15646787,Martinez,766,France,Female,35,10,54335.164048442915,4,0,1,117546.37014012133,0
91,15829378,Smith,584,Spain,Male,32,4,83564.53904185584,1,0,0,163378.4792105364,1
92,15804773,Johnson,696,Germany,Male,38,8,22015.125881859607,2,1,0,179254.1292304731,0
93,15774245,Williams,613,Germany,Male,38,2,71192.19783099124,4,1,0,51633.87204325918,0
94,15672646,Brown,563,Spain,Male,42,10,44076.65320576003,2,1,0,96073.61258820175,0
95,15685816,Jones,589,France,Male,43,0,15941.34254161877,4,0,0,11600.0,0
96,15826902,Garcia,723,Spain,Male,47,6,21077.95873960579,1,0,1,53743.26065672673,1
97,15749354,Miller,686,France,Female,44,7,146054.81066295097,1,1,1,101608.77626091716,1
98,15683586,Davis,746,France,Female,40,10,12153.905706508993,2,1,0,11600.0,1
99,15675376,Rodriguez,686,France,Male,36,1,8238.949701247586,2,1,0,14256.81674968735,0
100,15637170,Martinez,488,France,Male,23,1,3934.3782834427743,4,0,0,108241.8480243884,0
101,15754753,Smith,850,Spain,Female,40,8,104206.93289613156,4,1,0,50306.12981524541,0
102,15828266,Johnson,687,France,Male,49,3,55755.482646334334,1,1,0,62297.899008307126,0
103,15833237,Williams,701,France,Male,31,0,6202.545779893198,3,1,1,132346.83746070843,0
104,15768369,Brown,612,France,Male,32,8,72548.43168095054,3,0,1,77295.45126223865,0
105,15758977,Jones,761,France,Female,52,8,49633.362037356885,4,1,0,47234.152637596955,0
106,15813864,Garcia,540,France,Female,55,5,214206.50815079987,4,1,0,162687.6921032839,0
107,15770932,Miller,710,France,Female,30,5,35812.29512903795,1,1,0,200000.0,0
108,15674106,Davis,442,France,Male,64,8,36326.871347719076,3,1,1,131018.0430028936,1
109,15798833,Rodriguez,717,Spain,Female,43,1,14335.296812479502,3,1,1,114339.40413274476,0
110,15648588,Martinez,542,France,Male,48,8,10593.109745258984,2,1,0,187745.00626703768,0
111,15696460,Smith,677,France,Male,35,3,66125.2747412148,2,0,0,25084.95310838535,1
112,15763914,Johnson,785,Germany,Male,41,3,23313.450249421694,2,1,1,165005.50500756432,0
113,15647268,Williams,732,Spain,Female,43,8,64436.05345298514,4,0,0,157096.32707751036,0
114,15673262,Brown,772,France,Male,30,6,74458.76618693669,3,1,1,29156.852969583793,0
115,15769235,Jones,762,France,Male,55,9,116802.25920744562,2,0,1,113014.1803871512,0
116,15661456,Garcia,597,Spain,Female,38,4,27881.736397222234,4,0,0,77613.90145355786,0
117,15699107,Miller,709,France,Female,33,7,5037.515447912975,3,0,0,52289.97828132981,1
118,15739090,Davis,477,Germany,Female,27,0,1098.0638560772763,3,1,1,11600.0,0
119,15817925,Rodriguez,581,France,Male,44,6,17257.161118502394,2,1,1,139181.04320185687,0
120,15657264,Martinez,789,Spain,Female,41,3,134764.34170154625,1,0,1,43006.872078441265,0
121,15642994,Smith,611,Spain,Female,29,1,68876.56556261434,3,1,1,95314.10285666573,0
122,15665137,Johnson,463,Spain,Female,40,1,40952.40643697526,3,1,0,122287.91707036915,0
123,15748171,Williams,850,France,Male,43,10,13696.588369531062,1,1,0,123515.81623262983,0
124,15686858,Brown,706,France,Male,35,8,62384.74039809097,2,0,1,141940.01705689004,0
125,15723737,Jones,726,France,Male,42,5,67516.9331873548,3,1,1,80710.23759362705,0
126,15762080,Garcia,551,Spain,Male,39,10,13097.206985507035,1,0,0,162255.96646937518,0
127,15669824,Miller,678,Spain,Male,36,3,61571.52537169228,1,1,1,23976.450552238617,0
128,15711975,Davis,675,France,Male,29,1,6404.922858029348,1,0,0,190360.42316969857,0
129,15758286,Rodriguez,567,Germany,Male,40,6,5361.557812265848,2,1,1,152221.2173023527,0
130,15829009,Martinez,633,France,Female,18,8,2840.838866915493,1,1,1,11600.0,0
131,15645567,Smith,499,France,Male,53,1,83088.8417374233,4,1,1,141079.18822981924,0
132,15659140,Johnson,615,Germany,Male,50,3,15777.42766169193,2,1,1,49493.01488085531,0
133,15742668,Williams,747,France,Female,28,0,46339.29277775828,1,1,1,30249.047458918183,0
134,15747854,Brown,575,France,Male,24,0,7802.465040031543,4,1,1,199721.21789562464,1
135,15773784,Jones,840,France,Male,50,2,29207.972605702977,3,1,1,48616.595785780126,0
136,15792940,Garcia,506,Spain,Male,37,0,1404.6016422462583,3,1,1,21331.396222003925,0
137,15818666,Miller,623,Spain,Female,39,3,98288.40198180616,1,1,0,40641.75647686646,1
138,15733408,Davis,584,Spain,Female,39,5,38799.10545172341,3,0,1,19288.231598599363,0
139,15772584,Rodriguez,631,Germany,Female,25,4,110596.2463485529,2,0,1,29190.01026294302,0
140,15745591,Martinez,787,Germany,Female,46,8,31535.240690061917,1,1,1,200000.0,0
141,15725584,Smith,551,France,Male,43,10,19013.809157463365,3,0,1,118092.59337430308,0
142,15756228,Johnson,604,Spain,Female,39,1,25608.199786933405,1,1,1,26736.048211639747,0
143,15753778,Williams,715,Germany,Female,18,1,13975.765817800526,3,1,1,184630.3297380157,0
144,15765880,Brown,659,Germany,Female,44,2,108386.20292186135,2,1,1,37178.35269591779,0
145,15757011,Jones,667,Germany,Female,42,3,17521.617708420363,1,0,0,68628.5666403975,0
146,15658021,Garcia,553,Spain,Male,38,8,17280.20702788804,4,1,0,95607.75803497205,0
147,15816310,Miller,642,France,Male,48,10,49931.833189579615,3,1,0,137011.45532003528,0
148,15684617,Davis,763,France,Female,50,5,6546.963811348925,4,0,0,111634.09647091507,0
149,15756698,Rodriguez,489,Germany,Female,42,8,12370.504594834085,1,1,0,78078.71210335783,1
150,15741661,Martinez,580,Spain,Female,23,4,28097.323630937306,3,1,0,147177.45923058013,0
151,15819942,Smith,468,Germany,Female,26,8,10081.911397574244,1,1,0,149912.55787476056,0
152,15745289,Johnson,703,France,Female,32,8,14874.830930979413,2,1,1,11600.0,1
153,15722541,Williams,772,France,Female,36,0,60186.62832881033,2,1,1,128855.31680611715,0
154,15783815,Brown,631,Germany,Male,47,8,16414.168912164052,3,1,1,31455.59439736529,0
155,15740480,Jones,549,Germany,Male,42,6,50694.64257630536,2,1,1,66918.78802708586,0
156,15821718,Garcia,552,Germany,Female,37,10,34101.17933369412,4,1,0,133605.35042255116,0
157,15832888,Miller,620,France,Female,45,7,72970.02720839407,2,1,1,100240.53600659211,1
158,15799501,Davis,619,Spain,Female,31,2,69459.44636898172,2,0,1,134088.03851579642,0
159,15821494,Rodriguez,741,Germany,Female,45,0,11004.123279753627,1,1,1,86965.0556821809,0
160,15697225,Martinez,583,Spain,Female,41,3,143446.22274451485,1,1,1,11600.0,0
161,15710052,Smith,693,France,Male,44,0,81026.72399723779,3,0,1,17040.449402134298,0
162,15728028,Johnson,619,France,Male,47,0,38030.16122279087,2,1,1,93980.80051302133,0
163,15752447,Williams,575,Spain,Female,38,3,41021.53661317855,4,0,1,148722.92938005392,0
164,15787973,Brown,616,France,Male,19,7,88256.83406067864,4,1,0,33938.347534225715,0
165,15678187,Jones,683,Germany,Female,32,0,33097.19671061016,2,1,1,80456.18577780553,0
166,15743827,Garcia,741,France,Female,46,9,32551.067348809258,3,1,0,113693.72322516341,0
167,15698646,Miller,624,Spain,Male,33,9,49737.56988990117,3,0,0,135339.26911809877,1
168,15808231,Davis,529,France,Female,32,8,4622.655617141199,4,1,0,114083.857980873,0
169,15814754,Rodriguez,749,France,Male,39,5,43630.458250939504,4,1,0,105720.37855299302,0
170,15744158,Martinez,560,Spain,Male,49,4,12674.210671803638,1,1,1,76488.34894219044,0
171,15637295,Smith,676,Germany,Male,43,8,6204.76242215603,2,0,0,15616.518120255467,0
172,15729861,Johnson,647,France,Female,56,8,84482.07235205366,2,1,0,126398.68663433952,0
173,15660541,Williams,634,France,Male,43,8,24048.52030153262,2,1,0,109146.03554520747,0
174,15814599,Brown,601,Spain,Male,42,2,34939.58722148993,4,0,1,140006.9325760934,0
175,15808615,Jones,712,France,Male,36,7,17368.55908636668,4,1,0,198368.30870922358,0
176,15787508,Garcia,350,Germany,Male,23,9,1569.6845608131011,4,0,1,96309.18941028099,0
177,15652649,Miller,763,France,Male,40,3,29204.937670327967,1,1,1,40732.19861881313,0
178,15660707,Davis,558,Spain,Male,39,3,69366.91572267398,4,1,1,110742.25982057163,0
179,15710368,Rodriguez,690,Spain,Female,45,6,71009.30048125435,1,0,0,154120.063730599,0
180,15781381,Martinez,685,Germany,Male,42,7,127581.67411959554,1,1,1,82689.89974350612,1
181,15787650,Smith,777,France,Female,41,3,91755.32398176544,4,1,1,85330.12527835084,0
182,15678864,Johnson,669,Spain,Male,50,10,201803.8506100765,2,1,1,164182.0740274943,0
183,15759719,Williams,567,France,Female,36,9,42388.22550766458,3,1,1,200000.0,0
184,15658378,Brown,489,Spain,Male,47,5,2613.968675665585,1,1,1,83505.15782974518,0
185,15795754,Jones,615,France,Female,51,0,99533.32844183699,2,1,0,50884.151931241155,1
186,15762978,Garcia,454,Germany,Female,33,1,151863.91726899802,4,1,1,92739.74706385296,0
187,15832516,Miller,587,France,Female,34,4,31197.19571543907,1,1,0,148756.9729105624,0
188,15827047,Davis,620,Germany,Female,31,3,6048.327770344389,3,1,0,174618.6499119911,0
189,15772450,Rodriguez,581,France,Male,25,2,1246.602450451907,4,1,1,132339.45707233818,0
190,15727389,Martinez,654,France,Female,57,10,47532.4869571622,2,1,1,67816.19360396091,0
191,15762550,Smith,626,France,Male,70,5,55074.3702344257,1,0,0,67084.66899423004,1
192,15689618,Johnson,617,France,Female,41,9,817.4092960343604,4,0,1,141192.61387268134,0
193,15775148,Williams,407,France,Female,35,5,149052.96421914452,4,1,0,81496.48349768209,0
194,15823727,Brown,520,France,Female,56,10,39070.18208608495,4,1,1,78153.50884971852,0
195,15656561,Jones,714,Spain,Male,45,9,47372.80355210963,2,1,0,11600.0,0
196,15771204,Garcia,730,France,Male,31,7,41522.92688750242,4,1,0,95640.95869934984,0
197,15753703,Miller,466,Germany,Male,30,1,19058.306317290262,3,0,0,114348.62777829538,1
198,15638350,Davis,568,France,Male,47,6,115420.95139022292,3,1,0,200000.0,0
199,15648147,Rodriguez,757,Germany,Male,42,6,190.8539138288045,3,0,1,36223.89895779338,1
200,15762261,Martinez,578,France,Male,50,1,68756.53410365137,3,1,0,139100.67397960022,0
201,15831873,Smith,638,Spain,Female,46,5,22379.31566904001,2,0,0,154641.80755322648,0
202,15800440,Johnson,794,Spain,Female,26,4,10549.868345502304,1,1,0,113000.44152997457,1
203,15708132,Williams,613,France,Female,31,1,28644.466538402692,4,1,1,198860.76247508882,0
204,15728159,Brown,599,Spain,Male,30,8,11034.510476695883,3,1,0,143806.4128999567,0
205,15695689,Jones,634,France,Female,41,7,101563.33634410675,2,1,1,136445.29745860424,0
206,15703442,Garcia,835,Germany,Female,37,6,79385.30077796383,4,1,1,68306.4660961589,0
207,15753053,Miller,694,France,Female,34,5,97244.42281106615,4,1,0,117630.04278316333,0
208,15820058,Davis,651,France,Male,35,4,90355.09870149841,4,1,0,45545.53076260778,0
209,15685607,Rodriguez,597,France,Male,45,8,87095.27132711417,3,0,0,45855.93400129043,0
210,15812250,Martinez,703,Germany,Female,37,4,43544.79750178368,3,1,1,123461.32939216236,0
211,15673955,Smith,715,France,Male,32,5,116122.27340067815,4,0,1,145393.4495648829,0
212,15827677,Johnson,542,Spain,Female,25,2,3048.559319580409,4,1,1,105906.9657621143,0
213,15687335,Williams,718,Germany,Male,29,8,16834.843512834013,2,1,0,152705.02872952906,0
214,15699920,Brown,634,France,Male,49,10,11948.676696872077,2,1,1,64927.33925220787,0
215,15789338,Jones,652,Germany,Female,32,7,6453.093600818113,4,1,1,179174.13184874563,0
216,15701774,Garcia,561,Spain,Male,57,8,318.54873118454356,2,1,1,165087.1572134535,0
217,15727866,Miller,610,Spain,Male,45,0,25762.139704901805,3,0,1,159309.90126522467,0
218,15661338,Davis,546,Germany,Male,30,0,64367.88825472319,3,0,0,53740.46365286786,1
219,15747461,Rodriguez,542,Spain,Female,32,1,51765.84457465514,4,1,1,122598.91341747339,0
220,15746783,Martinez,687,Spain,Male,18,3,52640.81094001393,1,1,1,200000.0,0
221,15766528,Smith,614,France,Female,34,9,109516.94014282305,3,0,1,11600.0,0
222,15724686,Johnson,520,France,Male,58,4,157739.85857709468,1,1,0,94513.07565633133,1
223,15804297,Williams,850,France,Female,55,6,57064.212112273315,3,0,1,136251.62538732594,0
224,15641994,Brown,537,France,Female,55,3,4437.406686648604,1,0,0,59572.79753466462,1
225,15690282,Jones,759,France,Male,45,0,56459.23328927299,1,0,0,71799.4549716984,1
226,15812391,Garcia,502,Spain,Male,37,7,40458.77279990686,1,1,0,74521.7846107682,0
227,15685461,Miller,695,France,Male,39,10,3328.3491651982577,2,1,1,51379.03492004751,0
228,15760259,Davis,624,Germany,Female,44,2,14860.8082324868,2,1,0,132204.12402692932,0
229,15791983,Rodriguez,587,Germany,Male,38,8,13570.764465733377,1,1,0,23525.67182039781,0
230,15829408,Martinez,669,France,Male,31,1,74097.54314166504,4,1,0,39208.515583785724,1
231,15705069,Smith,656,France,Male,38,10,21171.804729308038,2,0,1,58780.58802406397,0
232,15818336,Johnson,568,Germany,Male,25,0,34723.8449450727,3,0,0,187137.9055284224,1
233,15733108,Williams,564,Germany,Male,44,9,77024.85964841407,2,0,0,187668.36883176147,0
234,15744353,Brown,492,Spain,Female,29,7,137846.90550819688,2,1,0,109065.74303594428,0
235,15753508,Jones,680,France,Female,44,2,38632.69172500261,3,1,0,200000.0,1
236,15778362,Garcia,524,Spain,Male,28,0,40517.41634829643,3,0,1,96938.20797120378,0
237,15659944,Miller,650,France,Female,37,10,5038.89889958349,1,1,1,198644.58960508753,0
238,15802831,Davis,709,Germany,Female,41,2,34092.35694149964,2,1,0,130887.24568392242,1
239,15833537,Rodriguez,670,Germany,Female,37,7,57992.485519790585,4,1,0,113444.57389532226,1
240,15740910,Martinez,577,France,Male,45,10,10477.562888914157,3,1,0,59200.78165775631,0
241,15817757,Smith,740,France,Male,43,3,5897.616898559362,3,1,1,100891.80808424843,0
242,15740683,Johnson,609,France,Female,34,9,99511.58813312065,2,1,0,75157.04777624595,0
243,15831407,Williams,516,France,Female,33,10,6101.408119376697,4,1,0,44313.18001370238,0
244,15723647,Brown,621,Germany,Male,32,6,122136.20722904624,2,1,1,53643.268807524124,0
245,15669300,Jones,708,France,Male,30,7,15986.59578870936,1,1,0,113341.71776336359,0
246,15744680,Garcia,582,Germany,Male,59,6,20021.16713233353,4,1,1,38820.85700411464,0
247,15715225,Miller,737,France,Male,32,0,37283.072381380014,2,1,0,141478.336409083,1
248,15657273,Davis,572,Spain,Male,49,3,10419.133422805491,3,1,1,76153.20538738405,0
249,15790858,Rodriguez,586,Spain,Male,40,9,58326.37709921919,2,1,0,93350.83638800104,0
250,15727986,Martinez,545,Spain,Male,35,8,37105.55953507289,1,1,0,139298.8307746621,1
251,15807781,Smith,718,Germany,Female,40,6,146043.22226723452,4,1,1,12913.934319789027,0
252,15720804,Johnson,644,France,Male,41,0,121078.06083523203,4,1,0,11600.0,0
253,15686265,Williams,552,Spain,Female,21,7,73421.48438331537,2,1,1,47207.84403508217,0
254,15650310,Brown,610,France,Female,38,3,10216.874489273472,2,1,0,150975.79923800367,0
255,15726508,Jones,350,France,Male,39,6,12026.679457678409,4,1,0,137867.74157921047,0
256,15684413,Garcia,727,France,Male,35,5,15631.105899289349,2,1,1,24087.70597777437,0
257,15768485,Miller,632,Germany,Female,18,6,89831.87395180138,3,1,1,56701.081222953704,0
258,15690852,Davis,409,Germany,Male,35,9,52198.470514605666,3,1,1,105814.28172065524,0
259,15747149,Rodriguez,504,Germany,Female,55,9,9653.771739173179,4,1,0,83458.95083352557,0
260,15758851,Martinez,607,France,Female,44,0,30648.27269607786,3,0,1,131805.41842231128,0
261,15669356,Smith,518,France,Female,28,5,184244.9821895042,4,1,1,127496.30287058363,0
262,15777085,Johnson,729,Spain,Female,47,2,65885.22442141364,3,1,1,187998.4414165184,0
263,15768585,Williams,691,Germany,Female,27,9,136121.97010581096,1,1,1,162989.15094892326,1
264,15832944,Brown,685,France,Male,41,3,82731.63396960031,3,1,1,112683.00987329058,0
265,15774354,Jones,389,Germany,Female,41,0,64560.02560451638,3,0,0,109175.65531317101,0
266,15719498,Garcia,597,France,Male,35,9,88574.26057748328,1,1,0,158019.01766987683,0
267,15705897,Miller,580,France,Male,49,7,58975.37803922259,3,1,0,200000.0,0
268,15735291,Davis,554,France,Male,46,1,41893.24293541295,3,1,1,33517.92760160183,0
269,15645713,Rodriguez,608,France,Female,31,2,66568.74957858126,3,0,0,88122.94265563514,1
270,15672106,Martinez,537,France,Male,36,6,13033.48720253233,2,0,1,43515.52521008348,0
271,15767476,Smith,671,Spain,Female,30,1,33701.464391498535,1,1,0,167959.02027503808,0
272,15642757,Johnson,726,Germany,Male,33,3,151196.61471400643,3,0,1,141847.03771112987,0
273,15673986,Williams,718,France,Female,45,6,82672.73615096702,4,0,0,53462.40034029336,0
274,15747163,Brown,636,Germany,Male,38,2,130387.8401428755,4,1,0,131650.94089805707,1
275,15681856,Jones,849,Spain,Male,49,1,171246.4868414748,4,1,1,55133.688698732105,0
276,15656520,Garcia,763,France,Male,23,7,44235.42086459267,1,0,1,112216.0640068373,0
277,15720583,Miller,639,Spain,Male,41,1,10918.735260660136,4,1,0,185611.42466852913,0
278,15826387,Davis,601,Germany,Male,47,9,67556.04593556187,3,1,1,133416.9085630555,0
279,15664908,Rodriguez,783,France,Female,40,6,367.91755902966895,2,1,1,179811.56716482667,0
280,15782320,Martinez,750,France,Male,25,10,4668.385534455775,3,1,1,183946.68538301473,0
281,15681445,Smith,508,France,Female,28,2,16851.62921449414,3,0,1,44206.91789982222,0
282,15755577,Johnson,758,Germany,Male,48,3,765.1940020963754,4,1,0,200000.0,1
283,15731203,Williams,634,France,Male,33,5,57498.4174409476,4,1,0,41960.435986421086,0
284,15742114,Brown,563,Germany,Male,31,10,84800.0291455828,2,1,0,11600.0,1
285,15782045,Jones,452,Germany,Male,35,2,70074.17685716803,2,1,0,86695.79683038291,0
286,15746074,Garcia,623,France,Female,36,0,7802.327572834489,1,0,1,16811.951970938127,1
287,15767723,Miller,648,Spain,Female,50,7,81457.92815113375,4,1,0,83869.1512195716,0
288,15797290,Davis,808,Spain,Male,21,3,88155.70009996633,1,1,0,131186.10677957014,1
289,15738329,Rodriguez,745,France,Female,44,0,5075.51922765758,4,0,1,200000.0,0
290,15747495,Martinez,591,Spain,Male,53,1,33901.80090356503,3,1,0,47800.339139756,0
291,15655534,Smith,688,France,Female,48,5,58257.66598675708,4,1,0,48609.11637825072,0
292,15752398,Johnson,732,France,Female,62,0,26101.5123702543,3,1,0,123645.67453719064,0
293,15664457,Williams,658,France,Female,34,8,110031.23236254956,4,1,1,65301.09516782338,0
294,15827108,Brown,591,Germany,Male,47,6,37659.89049381121,2,1,1,123247.48102925518,0
295,15808690,Jones,596,Germany,Male,38,7,6512.251030985064,4,0,1,200000.0,0
296,15642002,Garcia,688,France,Male,33,7,37797.3399008323,3,0,1,11600.0,0
297,15752460,Miller,691,France,Female,18,5,43071.11648872652,1,1,0,122427.67235144251,1
298,15808316,Davis,620,France,Female,34,7,153555.05009300687,2,1,1,30358.883173518014,0
299,15649753,Rodriguez,388,Spain,Male,49,6,27408.056778102164,2,1,0,59435.52309203901,0
300,15817081,Martinez,520,Spain,Female,21,0,111761.57740274235,2,0,1,106479.40172875038,0
301,15701292,Smith,711,Germany,Female,59,2,19280.93369005346,3,1,0,100527.19316492499,0
302,15639101,Johnson,436,Germany,Male,43,8,30101.717087709407,4,0,0,105228.52600015972,1
303,15640897,Williams,768,Germany,Female,27,7,56238.16461183021,4,1,0,126880.35177373582,0
304,15755487,Brown,753,France,Male,41,4,108361.43756955778,1,1,1,63664.66633347598,0
305,15760673,Jones,654,France,Male,45,0,74386.92096182566,2,0,0,192720.370256609,0
306,15693642,Garcia,709,Germany,Male,34,1,8448.212424173866,1,1,0,41366.295239846644,1
307,15646785,Miller,702,Germany,Male,32,9,10764.818955985367,2,1,0,107674.23244295159,1
308,15794973,Davis,638,France,Female,58,9,3532.7611362268626,2,1,1,163347.34750058345,0
309,15778548,Rodriguez,512,Spain,Male,35,8,48574.174221356305,4,1,1,48188.08175735523,0
310,15750938,Martinez,746,Spain,Male,37,9,29020.592790481976,1,1,0,77115.95707844198,1
311,15667313,Smith,790,France,Male,52,7,104307.71130240322,4,1,0,91650.48238293412,1
312,15640141,Johnson,529,Germany,Female,38,8,227385.91693051954,2,1,0,82028.14805502116,1
313,15819025,Williams,508,Spain,Female,46,1,105415.68562201246,3,0,0,70430.5064948802,0
314,15826941,Brown,636,France,Female,34,2,2387.251821114643,1,1,0,129911.05881838707,0
315,15814028,Jones,587,Germany,Male,32,2,144441.52970453067,1,1,0,101593.5592704734,1
316,15760665,Garcia,664,France,Female,42,0,5434.353879503422,4,1,1,84339.16002249008,0
317,15768231,Miller,770,France,Female,29,1,29638.40014158031,2,0,0,34617.633104406406,0
318,15672962,Davis,425,Spain,Male,43,9,17643.4036615868,4,0,0,11600.0,0
319,15767874,Rodriguez,808,France,Female,29,4,8506.507713038827,1,1,0,166268.33653307648,0
320,15834171,Martinez,609,France,Female,42,6,9391.07845867122,3,1,0,89347.18694046827,1
321,15812649,Smith,701,France,Female,51,5,21219.703717271186,2,0,0,34437.75492908983,0
322,15655959,Johnson,711,France,Female,19,1,1286.1037347190143,3,1,0,158145.63238625292,1
323,15753723,Williams,723,France,Female,34,7,3342.068359358777,3,0,0,11600.0,0
324,15712107,Brown,656,Germany,Male,19,3,62637.13017003052,3,1,0,200000.0,0
325,15637471,Jones,679,France,Female,36,10,49206.08989503456,4,1,1,147891.3951681944,0
326,15826809,Garcia,678,Germany,Female,42,1,5232.358466634585,1,0,0,15379.662065424549,0
327,15684710,Miller,586,Germany,Male,35,3,28312.02203969716,4,0,0,52676.94392522453,1
328,15746898,Davis,474,France,Female,18,7,46787.61055856345,2,1,1,115867.81069496859,0
329,15728781,Rodriguez,528,Germany,Female,47,0,5137.2797148779355,2,1,0,95146.26269274461,0
330,15724874,Martinez,639,Germany,Male,24,10,178771.74581762243,3,1,1,150830.70405578488,0
331,15673069,Smith,571,France,Female,47,8,94359.47368688927,3,1,1,165911.83864019974,0
332,15657930,Johnson,571,France,Male,31,7,12889.766379447386,2,1,1,48822.08696608386,0
333,15726014,Williams,829,Germany,Female,30,7,36580.196931893995,2,1,1,87660.58124141325,1
334,15769661,Brown,735,Spain,Male,39,9,35431.75553570548,3,0,0,95631.80317410447,0
335,15693473,Jones,624,France,Female,49,8,20339.11156140464,2,1,0,11600.0,0
336,15788073,Garcia,717,France,Male,58,6,71280.02333731583,3,1,1,111192.22182421334,0
337,15762993,Miller,607,France,Female,34,10,53689.052145455375,3,1,1,11600.0,0
338,15811888,Davis,661,France,Female,25,8,99834.98508825839,3,0,1,152379.6902157525,0
339,15721018,Rodriguez,694,Germany,Male,42,0,255.6678155448037,3,0,0,56145.60932776086,0
340,15704873,Martinez,608,France,Female,25,0,46317.4019756951,1,1,0,91348.29942411771,0
341,15678666,Smith,581,France,Male,46,3,246388.3324539005,2,1,0,87643.2816358532,0
342,15742052,Johnson,772,France,Female,43,1,77843.33988340817,2,1,0,42525.52821676696,1
343,15806492,Williams,711,France,Female,52,7,21103.809719343164,2,1,1,79910.51577607465,0
344,15811199,Brown,424,France,Female,49,0,8486.101024266369,3,0,0,77403.83887906666,0
345,15654432,Jones,583,France,Female,40,3,27955.25690465835,4,0,1,123765.84084929469,0
346,15783103,Garcia,571,France,Male,39,10,27605.77443925397,4,1,0,11600.0,0
347,15772567,Miller,587,Spain,Male,30,10,44006.809207182356,1,1,1,69833.36850751074,0
348,15750983,Davis,736,Spain,Female,29,8,3417.46919411402,2,1,1,200000.0,0
349,15681935,Rodriguez,651,France,Male,38,1,24485.141217110257,3,0,1,119430.04341905187,0
350,15769110,Martinez,511,Germany,Male,28,5,96480.15354486307,3,1,0,84791.37845995986,0
351,15710815,Smith,611,France,Male,36,3,51588.21711554823,1,1,1,119017.56470787789,0
352,15771569,Johnson,704,France,Female,34,3,28519.694718971,1,1,1,66744.99039758873,0
353,15785412,Williams,628,France,Male,44,5,18571.29322235174,3,1,0,180904.04830910798,1
354,15665348,Brown,585,France,Female,38,9,16409.941444128435,4,1,1,129073.90193051903,0
355,15683979,Jones,683,Germany,Female,48,3,68999.45935546551,2,1,0,22478.57348625129,0
356,15814078,Garcia,811,France,Female,35,8,27990.20361896305,3,1,1,108700.12875573181,0
357,15688647,Miller,696,France,Male,27,7,14133.152240470028,1,1,0,94867.87740637035,0
358,15732490,Davis,780,Spain,Male,44,7,83757.94555820522,3,0,0,156828.1033346818,0
359,15805464,Rodriguez,592,Germany,Male,37,4,15435.584406250153,4,1,0,22310.115691539075,0
360,15742057,Martinez,649,France,Female,36,5,3330.4734577540225,3,1,0,77671.18925516846,1
361,15771274,Smith,647,France,Male,34,0,39713.92357917563,1,1,1,55213.99747109979,0
362,15727781,Johnson,661,France,Male,38,0,16359.440926047417,1,1,1,21455.247670272423,0
363,15806438,Williams,694,France,Male,36,8,244.77469132225534,3,1,1,29773.946454302873,0
364,15680316,Brown,558,France,Female,44,3,34813.49547425045,1,1,1,74535.12720221916,0
365,15822509,Jones,714,France,Female,46,2,112473.09990145065,4,1,1,194735.37169511546,0
366,15737548,Garcia,487,Germany,Male,35,4,51660.055234684776,2,1,0,98977.27259203256,0
367,15744218,Miller,516,Germany,Male,58,8,916.0571537251498,2,1,0,129789.15239149026,0
368,15740585,Davis,850,Germany,Female,33,8,23802.412444585723,2,0,0,76892.35332383536,1
369,15822165,Rodriguez,598,France,Male,39,2,14187.229869367668,1,1,0,40555.11408081446,0
370,15758725,Martinez,722,France,Female,22,6,55500.224750260066,4,0,0,85714.15271380034,0
371,15784263,Smith,819,France,Female,37,2,30523.99372308882,4,0,0,94500.58264976768,0
372,15678086,Johnson,418,Germany,Female,36,2,9481.430130650066,3,1,1,183693.90525161597,1
373,15717591,Williams,762,France,Female,38,3,30466.768625849698,3,1,1,143201.03681027732,0
374,15670814,Brown,714,Spain,Female,48,1,133968.9189072645,3,1,0,111100.16753467487,0
375,15678127,Jones,814,Germany,Female,55,5,26449.345742747315,4,1,0,11600.0,1
376,15812876,Garcia,531,Spain,Male,50,4,102138.57811343852,4,1,0,128725.2322076738,0
377,15798309,Miller,795,Germany,Male,37,9,32259.780139291288,3,0,0,152586.01507578013,1
378,15697810,Davis,576,Spain,Female,40,9,70868.49474708238,4,1,0,76824.89111309659,0
379,15668430,Rodriguez,755,Germany,Male,54,1,77053.76918483878,2,1,0,134101.20295634877,0
380,15784385,Martinez,646,Spain,Female,28,9,71511.3108548385,3,1,1,144535.0047125593,0
381,15638022,Smith,727,France,Male,46,1,50874.441866241024,3,1,1,85508.25015358096,0
382,15731354,Johnson,654,France,Female,30,1,152338.9466593912,1,0,0,82408.13156137695,0
383,15765975,Williams,466,Germany,Female,50,3,131957.36337161105,1,0,0,39501.255256289594,0
384,15810910,Brown,350,Spain,Female,37,2,18032.981404360275,3,1,0,155333.97590972015,0
385,15749896,Jones,670,France,Male,30,8,59316.661630107825,2,1,1,157940.68366911344,0
386,15831909,Garcia,623,France,Female,32,4,54649.915063895336,4,0,1,163299.2694255677,0
387,15819914,Miller,689,Germany,Male,34,0,11173.495935595889,2,1,1,109747.20632894602,0
388,15758621,Davis,624,Germany,Male,48,1,15398.87134007295,2,0,1,101769.10992311516,0
389,15700328,Rodriguez,850,France,Male,52,6,18607.851428172715,4,0,1,140049.68773209854,0
390,15776166,Martinez,673,Germany,Female,34,7,20142.40357369379,1,1,0,126804.84751918995,1
391,15750270,Smith,605,Spain,Male,30,5,96331.80146658601,4,1,0,102398.42837362456,0
392,15640704,Johnson,683,Spain,Female,59,6,70807.4170547606,2,1,1,162433.93733467415,0
393,15816010,Williams,607,France,Female,47,1,82443.88235567202,4,1,0,198634.94664817315,0
394,15752617,Brown,659,France,Female,31,5,122106.65903731599,1,1,1,200000.0,0
395,15661243,Jones,528,France,Female,42,5,36112.53623422021,4,1,0,37951.77872307265,1
396,15800258,Garcia,649,France,Female,34,3,90221.57601515426,4,1,1,120866.87775323106,0
397,15798419,Miller,602,France,Female,26,10,59427.74085064202,4,1,0,129165.35383709842,0
398,15788767,Davis,537,Spain,Female,35,3,31255.120571353327,2,1,1,117847.69921941838,1
399,15831779,Rodriguez,847,France,Male,25,1,10774.520397458951,4,1,0,194337.92789436085,1
400,15738348,Martinez,541,Spain,Male,34,2,28129.76622726181,4,1,0,123894.31713476763,0
401,15817559,Smith,650,Spain,Male,35,9,11570.037987212267,1,1,1,200000.0,0
402,15671233,Johnson,569,France,Male,33,5,16925.338886731384,1,0,0,155491.36546649318,1
403,15707593,Williams,679,Spain,Male,48,3,16669.865386922796,1,0,0,11600.0,1
404,15638616,Brown,522,Germany,Female,43,2,71571.55819579899,4,0,0,128282.59117039491,0
405,15645695,Jones,734,Germany,Female,32,0,35442.38219472841,3,1,0,73655.12920449018,0
406,15652672,Garcia,850,France,Male,42,10,78786.32871275088,1,0,0,184064.26567709073,1
407,15670379,Miller,566,Germany,Female,52,10,104944.39215800971,4,1,1,98576.79615752895,1
408,15691560,Davis,771,France,Male,30,10,47294.95153786063,1,1,0,59027.33533728442,0
409,15716676,Rodriguez,611,Germany,Male,25,2,26145.330994469507,1,1,0,114368.5861717419,0
410,15645331,Martinez,800,France,Female,28,0,97165.94214582686,4,1,0,81959.45596257494,1
411,15810691,Smith,850,Germany,Female,42,3,41912.71942686855,2,1,0,34030.22853374298,0
412,15831994,Johnson,626,France,Male,53,3,97223.41744196194,1,1,1,34021.10200565934,0
413,15793425,Williams,497,France,Male,47,10,15422.971623285614,3,1,1,149658.32910355646,1
414,15740466,Brown,744,Germany,Male,51,0,41707.75076926954,2,1,1,82030.42174468495,0
415,15765460,Jones,672,Germany,Male,18,6,11896.888493865015,2,0,1,163935.95210184093,0
416,15740112,Garcia,700,France,Female,30,4,59925.58358482565,3,1,1,11600.0,0
417,15689350,Miller,616,France,Female,27,0,44202.19060420722,1,1,0,88750.82015908968,0
418,15640403,Davis,561,Spain,Female,44,4,40596.50839233982,4,1,1,181578.31856092231,1
419,15784864,Rodriguez,766,Germany,Male,37,6,50958.82426044086,1,1,0,142452.25939753285,0
420,15815363,Martinez,681,France,Female,18,5,23532.42502734198,2,1,0,136591.2961785933,0
421,15816667,Smith,505,Germany,Male,46,9,10658.207346466284,3,1,1,132551.85829976425,0
422,15664194,Johnson,718,France,Female,50,4,82101.33662464943,4,1,1,27563.678603232358,0
423,15645249,Williams,698,France,Male,59,7,24255.438773325157,2,1,0,129219.39396731957,1
424,15774390,Brown,617,Germany,Female,40,8,225203.53142953428,2,1,0,161956.79856684405,1
425,15745229,Jones,811,Spain,Female,45,0,32792.77979393406,1,1,1,46228.49254729772,0
426,15704918,Garcia,588,Germany,Female,27,5,33668.610580125285,1,1,0,37003.443712975386,0
427,15636970,Miller,633,France,Male,22,1,56632.0020558577,3,1,1,147378.11916394226,0
428,15712177,Davis,726,Spain,Female,51,7,54941.19241935483,2,0,0,111701.56211710027,0
429,15641257,Rodriguez,657,France,Female,44,4,9954.18799013418,3,0,1,48750.2525227398,0
430,15704633,Martinez,511,Spain,Female,51,0,15894.027514964093,2,0,1,200000.0,0
431,15722524,Smith,668,France,Male,36,4,13166.80263836149,3,1,0,76278.15240528641,0
432,15821440,Johnson,608,France,Male,62,9,2744.203446549169,3,1,0,142985.3976781732,0
433,15758648,Williams,735,Germany,Male,42,4,1133.303621733131,3,0,1,11600.0,0
434,15779077,Brown,665,France,Male,31,1,51780.674888554255,3,1,0,115606.94081279312,0
435,15666699,Jones,659,Spain,Female,35,3,34516.7022626817,4,1,0,63666.61392701437,0
436,15776640,Garcia,545,Germany,Female,22,5,112497.55675359895,4,1,0,134588.2683002851,0
437,15759464,Miller,626,France,Male,29,0,17888.86392931082,2,1,1,173932.3813032702,0
438,15753436,Davis,747,Germany,Female,35,10,77443.8502422834,3,1,0,172128.82678060883,0
439,15728450,Rodriguez,572,France,Male,54,8,5443.557642762395,2,1,1,94205.6542689219,1
440,15687523,Martinez,646,France,Male,38,6,84761.13690863439,3,0,0,142481.29346682967,0
441,15815400,Smith,556,Spain,Male,49,5,127020.08247126781,1,1,1,200000.0,1
442,15760743,Johnson,531,Spain,Female,38,0,49354.075706971234,2,1,0,94559.97274741148,1
443,15815974,Williams,641,France,Female,28,7,66582.75617044623,2,1,0,92651.43212720024,0
444,15657279,Brown,667,Germany,Male,44,7,220294.57348392287,2,1,1,38983.58149263196,1
445,15690211,Jones,849,France,Female,30,3,23755.797398911414,4,1,0,122940.0183116915,0
446,15822335,Garcia,604,Spain,Male,35,3,1490.0440609111483,3,1,1,72110.4453056344,0
447,15665626,Miller,644,Spain,Male,59,0,57380.103529472304,2,0,0,60614.96642929543,0
448,15704915,Davis,524,France,Male,45,8,670.9702942321226,3,0,0,11600.0,0
449,15762415,Rodriguez,711,Spain,Male,30,7,42002.523718562705,3,1,1,43819.77270852472,0
450,15818680,Martinez,689,France,Female,46,9,45500.26795969374,1,1,1,49825.62904790587,0
451,15729887,Smith,798,France,Female,29,6,43913.71884856028,1,0,0,172632.45815631762,1
452,15781012,Johnson,761,Spain,Male,21,1,9071.232099241919,1,1,1,88750.80200229608,0
453,15833701,Williams,685,Germany,Male,49,6,3988.7582848828893,4,0,1,49520.051779888294,0
454,15748234,Brown,602,France,Male,41,3,119159.22841990078,3,1,0,198307.98092685814,0
455,15785182,Jones,670,Germany,Male,37,2,39000.8017870544,2,1,0,142982.7735620476,0
456,15637653,Garcia,638,France,Male,22,10,19510.410684319264,2,1,1,47756.08317789231,0
457,15814421,Miller,745,France,Male,35,9,73864.65683040528,1,1,0,119868.44556125863,0
458,15749294,Davis,732,Spain,Female,40,3,127331.19682313994,2,1,1,172221.88711052312,0
459,15721837,Rodriguez,620,Germany,Male,27,9,25893.878666234275,4,1,0,68327.47641556655,1
460,15819695,Martinez,503,Spain,Male,39,5,5173.959618654559,1,1,0,111514.38205870792,0
461,15832086,Smith,783,France,Female,54,6,58982.97943692078,4,0,0,11600.0,0
462,15824009,Johnson,708,Germany,Male,41,1,119042.27405566716,1,1,0,130308.57138037778,1
463,15821853,Williams,618,Spain,Male,44,6,196629.31293860707,4,0,0,200000.0,0
464,15797767,Brown,704,France,Male,34,9,83977.4346833038,2,0,0,174046.4155397173,0
465,15805408,Jones,657,France,Male,28,1,15613.541388743473,2,1,0,93557.34387747334,1
466,15708125,Garcia,781,Germany,Male,33,10,22175.504218603604,4,0,0,56257.8091304359,1
467,15729078,Miller,457,France,Male,49,1,7351.951093543566,3,0,1,119273.96012627242,0
468,15651621,Davis,610,France,Female,38,0,62369.347941625456,2,1,1,192505.68313086123,0
469,15718215,Rodriguez,809,Spain,Female,36,10,9271.583538680974,2,1,0,85493.04149318452,0
470,15721274,Martinez,706,Spain,Female,33,6,28278.708157606925,1,1,1,103465.05675003919,0
471,15708449,Smith,827,Germany,Male,26,0,37938.24442943489,3,1,0,43694.29254195316,0
472,15717352,Johnson,527,Spain,Male,52,2,24106.459901115355,2,0,0,61712.01684257215,0
473,15662853,Williams,757,Spain,Male,36,10,8108.06941266232,4,0,1,82933.31914156981,0
474,15738083,Brown,751,Germany,Male,33,7,17111.872317846428,3,1,1,81123.54318082485,0
475,15747168,Jones,481,France,Male,39,0,50087.67016910568,3,1,1,57854.425959146676,0
476,15660547,Garcia,620,France,Male,33,5,64881.88767003219,1,0,0,60182.206402647156,0
477,15725454,Miller,639,France,Male,42,1,47678.361660606475,1,1,1,170258.99243192415,0
478,15666819,Davis,488,France,Male,32,8,168706.36106584236,2,1,0,132699.73087878514,0
479,15642910,Rodriguez,622,France,Male,40,1,47548.0244626379,1,1,1,154594.42002030098,0
480,15640551,Martinez,737,France,Male,38,5,12766.522684828264,3,1,1,145534.4132873043,0
481,15817664,Smith,610,France,Male,57,3,33770.56146591038,4,1,0,156110.29363574545,0
482,15766824,Johnson,674,France,Male,58,8,90464.42332915432,1,1,1,145814.0743950971,0
483,15734837,Williams,674,Germany,Male,46,0,19711.544298934612,1,1,0,193788.22542376554,0
484,15709342,Brown,648,France,Male,38,0,66785.91145630021,4,0,1,200000.0,0
485,15750954,Jones,579,Spain,Male,47,9,76900.51740767297,3,0,0,123366.02231892926,0
486,15701219,Garcia,715,France,Male,46,2,135878.68770512394,3,1,0,167120.40815511765,0
487,15651498,Miller,491,Spain,Male,34,10,25639.32619336187,1,1,0,11600.0,0
488,15765400,Davis,650,Spain,Female,22,5,15016.367183597671,1,1,0,92953.50644712966,0
489,15811849,Rodriguez,788,Germany,Male,19,2,35458.569947728334,4,1,1,163015.56159374322,0
490,15773479,Martinez,605,Germany,Male,37,6,250000.0,1,1,0,11600.0,0
491,15639839,Smith,577,Spain,Male,33,8,116205.74569325197,3,1,1,184944.0504577125,0
492,15654658,Johnson,722,France,Male,33,9,16700.617688750026,3,1,1,11600.0,0
493,15811217,Williams,666,Spain,Male,30,1,10952.331227553663,4,1,0,200000.0,0
494,15822230,Brown,724,Spain,Female,30,3,32404.671107679384,4,1,1,200000.0,0
495,15749150,Jones,653,Germany,Female,45,2,9062.577198311286,1,0,1,11600.0,0
496,15746090,Garcia,411,France,Male,18,5,70947.34511415011,2,1,0,138345.6793809873,0
497,15769017,Miller,767,Germany,Female,44,4,1864.9832031904386,4,1,0,105772.19874440515,1
498,15779174,Davis,850,Germany,Male,36,2,12726.921652525023,3,0,0,164710.8905164616,0
499,15818896,Rodriguez,778,Germany,Male,53,8,919.4425454256049,1,1,0,97451.55277164157,0
500,15663977,Martinez,350,Germany,Female,41,7,12856.883838572425,4,1,1,94366.11245983961,0
501,15775336,Smith,695,France,Male,21,2,2686.5105001862803,3,1,0,154252.87109534748,0
502,15651566,Johnson,603,France,Male,20,9,55974.279869724094,1,1,0,171124.4979351742,0
503,15748031,Williams,541,France,Female,27,4,42230.35396347488,4,1,0,14338.22449115153,0
504,15825312,Brown,662,France,Female,41,4,12034.446108197555,1,1,1,162391.28790426446,0
505,15701817,Jones,635,France,Female,21,4,11475.512773021792,1,1,1,142206.58244610525,1
506,15703644,Garcia,700,France,Female,40,7,17208.63604270412,2,1,1,89197.58967993068,0
507,15778958,Miller,655,France,Female,46,2,80027.10986848232,4,1,0,12213.37794940827,0
508,15728070,Davis,537,France,Male,33,2,8155.559252491641,4,0,1,76646.28915076426,0
509,15827063,Rodriguez,592,France,Male,30,7,6488.399380366978,4,1,1,123321.43857313553,0
510,15644037,Martinez,576,Spain,Female,18,8,35468.94372094615,2,1,1,11600.0,0
511,15820014,Smith,478,Spain,Female,54,4,100105.55950763483,3,1,1,150450.6500433039,0
512,15809752,Johnson,512,Germany,Male,57,9,12687.290797673611,4,0,0,87733.27426462581,1
513,15713434,Williams,628,France,Female,51,7,5616.811226469299,4,1,0,200000.0,0
514,15685895,Brown,792,Germany,Male,36,4,33833.04763242671,3,1,1,118158.1094562905,0
515,15713383,Jones,596,Germany,Male,38,3,65867.31915927645,4,1,1,26998.409081695907,1
516,15826077,Garcia,574,Spain,Male,45,1,48158.942185526044,2,1,1,149615.3459621822,0
517,15794798,Miller,531,Germany,Male,40,10,27078.476014576314,4,0,0,111097.23520344499,0
518,15678521,Davis,653,Germany,Female,18,3,2061.8360983150824,1,1,0,96158.58186676813,1
519,15800921,Rodriguez,767,Spain,Male,48,1,17876.142956159976,2,1,1,200000.0,1
520,15755774,Martinez,850,France,Female,51,6,125820.74717754497,2,1,1,46412.97403427202,0
521,15729360,Smith,678,France,Male,49,6,12606.896560513858,1,1,0,167362.25815920177,0
522,15828426,Johnson,663,Germany,Male,43,8,47590.02065074198,3,1,0,100126.62771386473,1
523,15691175,Williams,595,France,Female,48,3,118996.38772820668,2,1,1,125569.23009686955,1
524,15693703,Brown,612,France,Male,24,4,33482.224385958725,4,0,0,157980.17566808668,1
525,15661248,Jones,712,Germany,Female,38,10,29554.70438342589,3,0,1,11600.0,0
526,15738787,Garcia,618,France,Male,32,3,7603.040325706831,2,0,0,112383.33091060178,0
527,15657651,Miller,633,Germany,Male,53,3,197154.1171727097,4,0,1,112552.53552348127,0
528,15732718,Davis,647,Spain,Female,40,4,9719.885646165036,4,0,0,81659.00846907345,0
529,15731981,Rodriguez,590,France,Female,37,2,32836.68914076744,2,1,1,51272.73945212618,0
530,15702987,Martinez,642,France,Female,28,8,9396.628050415986,3,0,1,113865.1327564233,0
531,15760733,Smith,448,France,Female,28,6,21414.952928694824,3,1,0,151416.02277730923,0
532,15805832,Johnson,704,France,Female,27,0,107712.05395284951,1,1,1,192546.5440647069,1
533,15831091,Williams,850,France,Male,46,0,51545.91349381648,1,1,0,161133.42223052654,1
534,15657891,Brown,594,France,Female,44,0,494.65116088529766,2,0,0,85465.61903666992,0
535,15744828,Jones,687,France,Male,41,2,170203.78028793828,4,0,0,160679.41573637162,0
536,15735395,Garcia,735,France,Male,46,8,76602.43486255207,2,1,1,71722.76946052595,0
537,15644425,Miller,778,Germany,Male,30,7,250000.0,1,1,0,11600.0,0
538,15825834,Davis,623,Spain,Male,20,8,71956.64332426437,1,0,0,184517.82893641465,1
539,15676577,Rodriguez,469,Spain,Male,45,4,72377.36128939464,2,1,1,27919.950753913203,0
540,15644142,Martinez,676,Germany,Male,38,6,60095.213940268965,1,0,1,52900.3700779653,1
541,15650966,Smith,662,France,Male,47,9,27516.980986739996,3,1,0,101902.32783732761,0
542,15770285,Johnson,615,Germany,Female,43,8,18912.825517210425,2,1,1,92395.30089640542,0
543,15662265,Williams,636,France,Female,38,4,37241.72216359299,2,1,1,11600.0,0
544,15686593,Brown,664,France,Female,41,7,9815.196952734927,2,1,0,67732.40972494634,0
545,15823353,Jones,686,Spain,Male,53,7,64084.3128632721,2,1,1,148713.77724805925,0
546,15738784,Garcia,681,France,Female,36,2,250000.0,3,0,0,123797.8589133196,0
547,15796651,Miller,628,France,Male,46,4,45931.486060665695,1,1,1,133355.15731539478,0
548,15729306,Davis,688,Spain,Female,42,7,97056.21527857869,2,1,1,11600.0,0
549,15683717,Rodriguez,621,Spain,Male,22,9,9456.963310499797,2,1,1,16153.07568683842,0
550,15725609,Martinez,714,France,Male,25,2,87168.59787616895,4,1,1,132552.45746568253,0
551,15826564,Smith,587,France,Male,38,2,118991.34732393274,2,0,1,200000.0,1
552,15832061,Johnson,657,Germany,Female,34,5,91276.43298394945,2,0,0,91260.32695253154,0
553,15783745,Williams,487,Germany,Female,29,6,49343.64539947078,4,1,1,112474.66431106917,0
554,15824949,Brown,613,France,Female,49,6,130441.96496579466,3,1,0,115301.70189395177,0
555,15646540,Jones,706,Germany,Male,24,5,162812.01723477937,1,1,0,151438.07894618745,0
556,15800869,Garcia,546,Spain,Male,37,6,84468.35206228375,3,0,0,46022.049156379464,1
557,15726282,Miller,617,France,Female,30,6,39605.81217083157,2,1,1,200000.0,0
558,15638602,Davis,409,Spain,Male,53,3,90181.20364276007,2,1,0,183262.78956053726,0
559,15735644,Rodriguez,513,Spain,Female,64,7,23256.03495378948,3,1,0,144563.1499920197,0
560,15728212,Martinez,539,France,Male,35,7,21277.632713574363,2,1,0,73108.10450538248,1
561,15738293,Smith,660,Spain,Female,47,1,21378.438315832394,3,1,0,132588.23467724386,0
562,15672906,Johnson,683,France,Female,51,9,11108.341159025267,3,0,0,129323.23189614748,0
563,15704051,Williams,644,Germany,Female,47,4,48768.19257412932,1,0,0,56516.69090579413,1
564,15717588,Brown,611,Spain,Male,46,1,54158.33237572217,1,0,0,38358.38502099161,0
565,15786438,Jones,612,France,Male,21,2,98177.10038982403,1,1,1,125973.44514083653,0
566,15743542,Garcia,721,Germany,Female,50,2,59292.033726459005,1,1,0,88470.93542435307,0
567,15673096,Miller,671,Spain,Female,42,4,75692.10279913031,3,1,1,162889.05891110285,1
568,15637975,Davis,616,France,Male,36,7,58371.13468627921,2,1,0,26190.595241026036,1
569,15777835,Rodriguez,779,France,Male,38,2,59708.63373150438,3,1,1,116494.79962160002,0
570,15732134,Martinez,844,France,Female,41,6,20817.33791130266,2,1,0,175043.68302030585,0
571,15727260,Smith,525,Germany,Female,36,4,168900.5752131277,1,1,1,130413.71356414053,0
572,15758235,Johnson,702,Spain,Female,35,9,50914.90800208331,4,1,1,176755.71770275303,0
573,15734988,Williams,850,Spain,Female,29,9,44231.91522888532,2,1,1,167374.53744697274,0
574,15661952,Brown,678,France,Female,44,9,93936.73925944923,2,0,0,97104.20206182369,0
575,15727610,Jones,661,Germany,Male,37,3,27318.84478008414,4,1,0,77728.3102060698,0
576,15728899,Garcia,644,France,Male,31,1,5060.263356019011,3,1,1,168658.636879684,0
577,15659953,Miller,699,France,Male,39,5,13728.591030602189,1,0,1,127471.2716220034,0
578,15723270,Davis,725,France,Female,39,3,82536.87891079512,3,0,1,121678.65471677124,0
579,15749187,Rodriguez,525,France,Male,44,3,65803.79709836135,2,1,1,150596.34010972298,0
580,15780979,Martinez,647,Germany,Male,38,4,6232.194998439648,2,1,0,96163.97925862228,0
581,15709955,Smith,423,Spain,Male,45,8,3609.8673502846045,2,1,0,60919.26140743957,0
582,15700555,Johnson,629,Germany,Male,36,0,48630.6475257166,3,0,0,200000.0,1
583,15692060,Williams,559,Germany,Female,36,4,139556.57926987734,3,0,1,109092.05052994509,0
584,15654960,Brown,683,France,Female,41,4,9613.787812753519,4,1,0,40641.49431221949,0
585,15637869,Jones,484,Spain,Female,42,1,39816.85375102854,3,1,1,131416.40424003862,0
586,15717347,Garcia,598,Spain,Male,51,2,83557.00788716113,1,1,1,116244.36365882248,0
587,15724190,Miller,746,Spain,Female,49,3,37612.24249733002,2,0,1,81178.1593302937,0
588,15673115,Davis,582,France,Male,38,0,21625.86750554872,3,1,1,130048.16442260337,0
589,15791766,Rodriguez,459,Germany,Female,24,9,78169.02881119818,3,0,0,96731.35802660674,0
590,15645940,Martinez,675,Germany,Male,45,2,73751.0218351833,3,0,0,54096.12802250657,0
591,15766086,Smith,591,France,Male,44,0,88740.8087262745,3,1,0,46083.950817768426,0
592,15642145,Johnson,631,Germany,Male,41,0,145113.8097110523,3,0,1,33978.083582585445,0
593,15740493,Williams,577,Spain,Female,46,8,8163.08461168542,3,1,1,168432.07220932055,0
594,15799170,Brown,847,France,Female,35,3,20834.959893425246,3,1,0,146458.0578714837,0
595,15695294,Jones,494,France,Male,23,3,213389.6113385655,1,1,0,145226.4280460145,0
596,15679027,Garcia,850,Germany,Male,30,3,45136.19088513344,3,1,0,133294.16073753306,0
597,15673358,Miller,610,France,Female,18,10,55452.82245185894,4,0,1,31792.588949167228,0
598,15653490,Davis,668,Germany,Male,43,8,107749.32942682951,1,1,1,17098.679625593402,0
599,15801409,Rodriguez,592,Germany,Male,38,10,58727.83695540833,1,0,1,27062.463709077027,0
600,15681897,Martinez,588,France,Male,47,7,57479.54041851154,4,0,1,135073.1713808681,0
601,15748954,Smith,571,Spain,Female,46,3,5518.819889866638,2,1,1,33502.7321442246,0
602,15717644,Johnson,710,Germany,Male,34,5,35346.17452782317,2,1,1,149783.02119122524,0
603,15720601,Williams,508,Spain,Female,30,1,55919.34127258821,1,0,1,151717.9522798394,0
604,15652557,Brown,686,Spain,Male,31,5,82328.8918196208,1,1,1,132840.62218829716,0
605,15672443,Jones,431,Spain,Male,58,0,26656.807882884055,3,1,1,88591.58721521765,0
606,15705242,Garcia,677,France,Male,37,4,6592.92838418645,1,1,1,149746.87372943317,0
607,15831184,Miller,734,France,Female,36,7,22771.56616205,3,1,1,90984.34301624564,0
608,15800585,Davis,522,France,Male,41,0,28082.736506335397,3,1,1,179260.73328605318,0
609,15824705,Rodriguez,717,France,Female,23,10,69516.91783865688,2,1,0,147405.02544387832,0
610,15773031,Martinez,655,Spain,Male,35,1,998.9581306911671,1,1,0,47974.40195704758,0
611,15798153,Smith,809,France,Male,30,2,24371.556332271226,3,1,0,50902.3116553097,0
612,15696078,Johnson,564,Spain,Female,28,6,29699.82074070639,1,1,1,69360.16343426931,0
613,15679413,Williams,850,France,Female,36,7,39938.23043903299,3,1,1,85240.63407294833,0
614,15801882,Brown,410,France,Male,39,3,175327.0503949904,2,1,0,45338.76757367166,0
615,15785824,Jones,617,Spain,Female,26,7,67469.59787958943,3,0,0,143036.4990650124,0
616,15705782,Garcia,480,France,Female,35,0,12579.032867653525,2,0,0,133730.79885845457,0
617,15808960,Miller,835,Spain,Male,39,2,50209.98598784288,4,1,0,85108.9813535844,0
618,15747458,Davis,623,France,Male,43,3,21242.18720754665,2,1,1,169210.71967591165,0
619,15703052,Rodriguez,632,Spain,Male,36,4,83410.20932584647,2,1,0,101007.97334717007,0
620,15787026,Martinez,694,Germany,Male,42,10,9380.961808429713,2,0,1,19072.73352264719,0
621,15820743,Smith,649,Spain,Female,35,8,7803.639747062211,4,0,1,45778.163920447405,0
622,15746490,Johnson,590,France,Male,51,1,5345.523497451231,2,0,0,115925.50772158339,1
623,15745050,Williams,524,France,Male,44,6,39274.60328851227,1,1,0,179415.79565598804,0
624,15648999,Brown,666,Spain,Male,32,2,6576.958532435787,1,0,0,120665.22426862534,0
625,15807229,Jones,687,Spain,Female,34,9,2132.516818114539,4,0,0,45999.389575285495,0
626,15812633,Garcia,719,France,Female,42,1,20207.50172684906,4,0,1,65773.88625104504,0
627,15766402,Miller,841,France,Male,33,8,80015.6295275302,4,1,1,122851.35323151025,0
628,15816191,Davis,432,France,Male,19,2,8484.51205643595,3,0,0,44235.02815059294,0
629,15753782,Rodriguez,643,France,Male,41,7,22149.803170594587,2,1,0,200000.0,0
630,15700836,Martinez,769,Germany,Female,35,0,28611.8328645719,2,1,1,167533.82733173462,0
631,15674556,Smith,637,France,Male,45,4,104361.64774885426,4,0,0,104442.31364328275,0
632,15812954,Johnson,416,France,Female,39,4,32347.863584057268,4,1,0,151791.7400295192,1
633,15714061,Williams,520,Germany,Male,45,5,35867.425494478484,1,0,0,107764.12088004757,0
634,15782453,Brown,682,France,Female,64,6,14693.375203620315,1,1,1,81024.53096641657,0
635,15829606,Jones,679,Germany,Female,51,2,55212.8557980072,2,1,0,107981.8638602423,0
636,15790140,Garcia,717,Spain,Female,35,4,1299.8709406228284,1,1,1,11600.0,0
637,15802613,Miller,571,France,Male,43,7,166826.55350372972,1,1,1,131852.5990289212,0
638,15800944,Davis,675,Germany,Female,40,5,34469.73980967669,2,1,1,76961.28024514299,0
639,15693765,Rodriguez,555,France,Male,41,1,3190.312903807531,4,1,1,187378.06621831667,0
640,15686536,Martinez,675,France,Male,23,6,40954.848862780615,4,1,1,131391.98949741563,0
641,15830569,Smith,655,France,Female,49,2,36075.49822944598,2,0,1,112282.91169505402,0
642,15797981,Johnson,567,France,Female,18,9,13768.080082553019,4,1,0,33996.519603355424,0
643,15688700,Williams,805,France,Female,38,8,11710.832390939093,4,0,0,76817.74172265324,0
644,15826595,Brown,479,France,Male,21,3,15788.019056258026,2,1,0,112699.41081475481,0
645,15640088,Jones,635,Spain,Female,31,10,6947.703996656429,3,0,0,162968.99175462895,1
646,15774009,Garcia,565,Germany,Male,41,3,37902.67798358921,4,1,1,124900.28068752831,1
647,15721502,Miller,833,Spain,Male,47,3,105571.78649780221,2,1,1,107634.18192675339,0
648,15760622,Davis,709,Germany,Female,49,9,128280.41223520665,3,0,1,101957.70490826154,0
649,15737397,Rodriguez,585,France,Male,37,9,152866.6220727677,1,1,0,184088.09621838675,0
650,15776804,Martinez,622,France,Female,48,7,45861.33279714578,4,1,1,164880.685332077,0
651,15722110,Smith,836,France,Male,38,0,48583.441065799285,2,0,0,141390.66303635977,0
652,15752926,Johnson,555,France,Male,31,2,18590.64413308107,1,1,1,135365.07134406702,0
653,15695168,Williams,473,Germany,Female,42,7,108291.63215953359,1,1,1,119651.59676957403,1
654,15832377,Brown,679,Germany,Female,29,6,33485.74761468035,3,1,0,129500.15863084815,0
655,15661794,Jones,681,France,Male,37,5,16377.214395661733,2,1,1,11600.0,0
656,15635664,Garcia,716,France,Male,34,6,168583.66777305127,3,0,0,84412.31870993509,0
657,15718678,Miller,717,France,Female,23,0,61103.12974313511,1,1,0,142611.0304181958,0
658,15724382,Davis,827,France,Male,42,7,31241.86215972526,4,1,0,89560.64416875673,0
659,15787219,Rodriguez,478,France,Male,40,3,3555.2997861199697,3,1,1,79494.00784270177,0
660,15656291,Martinez,529,Spain,Female,50,0,7550.541511605473,2,1,0,154068.32769318824,1
661,15645776,Smith,716,France,Male,20,3,10937.454321437473,2,1,1,11600.0,0
662,15723063,Johnson,539,Germany,Female,31,1,116570.19882399324,1,1,0,63547.96314836668,1
663,15760776,Williams,504,France,Female,50,4,178048.57359172154,2,1,0,13734.633327105636,1
664,15737635,Brown,836,France,Female,44,0,15529.028986615001,3,1,1,175218.88160441842,0
665,15643950,Jones,488,Spain,Male,46,0,34489.14380117163,3,1,1,93625.31739657832,1
666,15789388,Garcia,614,Germany,Female,53,4,78483.29886096796,4,1,1,180756.79329106578,0
667,15672704,Miller,644,France,Male,31,1,24277.189391906933,1,1,0,83599.74051756125,1
668,15709062,Davis,780,Spain,Male,30,8,33900.8393858385,1,0,0,15376.709153343967,0
669,15737236,Rodriguez,463,France,Male,47,9,109295.03107597218,3,1,1,80971.75023988192,0
670,15724532,Martinez,691,France,Male,45,6,11628.836063348268,1,0,0,196752.37587341946,1
671,15641403,Smith,560,Spain,Male,37,3,250000.0,3,1,1,147214.1637082284,0
672,15737752,Johnson,712,Germany,Male,37,6,30468.450889652697,3,1,1,108218.23310949188,0
673,15813810,Williams,559,France,Male,29,7,14940.720700975471,4,1,1,107470.12272527584,0
674,15789299,Brown,807,France,Male,54,7,111510.39483648483,3,1,0,87367.33748264585,0
675,15809935,Jones,559,Spain,Female,59,7,3979.4414854424253,3,1,1,69689.5818568485,0
676,15636144,Garcia,403,France,Male,50,4,51405.71849095236,4,0,1,118032.56697980966,0
677,15656279,Miller,571,France,Female,45,6,3183.7025425784773,1,0,0,12454.275068301213,1
678,15812406,Davis,623,Germany,Female,44,10,146117.22076520615,3,1,1,103654.47506839044,0
679,15816017,Rodriguez,758,Spain,Female,42,6,51043.60766667518,2,1,0,85614.6688947172,0
680,15673683,Martinez,524,France,Male,21,1,25372.45063733546,4,0,0,87885.61559939742,0
681,15828530,Smith,526,Spain,Female,34,2,27617.37968364678,1,1,0,48541.68541550495,1
682,15727707,Johnson,746,Germany,Female,47,10,9024.356303884944,4,0,0,118496.07260018386,0
683,15653667,Williams,512,France,Female,30,1,22314.98899694102,3,1,0,187313.00557192654,0
684,15722694,Brown,632,Germany,Male,40,2,117065.76292580373,1,1,1,67282.40163334877,0
685,15689295,Jones,634,Spain,Female,50,8,81834.02141840976,2,0,1,120670.36455262767,0
686,15661564,Garcia,671,France,Female,50,6,54158.92004798354,4,1,0,119398.26913427915,1
687,15662897,Miller,575,France,Male,48,3,171761.77479006542,2,1,0,187803.98077253194,0
688,15648409,Davis,557,Spain,Female,41,7,42599.722555968154,4,1,0,22945.454283862287,1
689,15808022,Rodriguez,683,Germany,Female,46,6,9696.117086421804,3,1,1,114849.70157964283,0
690,15792106,Martinez,560,France,Female,36,9,62520.937616003845,4,0,1,155391.30145131244,0
691,15823528,Smith,514,Germany,Male,56,5,44813.986937296206,2,1,1,148465.11219452793,0
692,15805936,Johnson,772,Germany,Female,23,3,28683.57398060373,4,0,0,63426.6122086268,0
693,15802754,Williams,698,Spain,Male,39,4,7948.712992698223,3,1,0,51006.20781395628,0
694,15766998,Brown,826,Spain,Female,34,9,56607.26837570691,3,1,1,106723.66365759281,0
695,15725869,Jones,728,France,Male,45,7,29355.27027671811,4,1,1,152296.00307155756,0
696,15801583,Garcia,523,France,Male,35,2,43212.605716520295,1,1,1,11600.0,1
697,15654472,Miller,659,Germany,Male,63,10,18946.19490122109,3,1,0,38051.37795764935,0
698,15800252,Davis,548,France,Female,48,2,8464.002797719857,4,1,1,123030.56497003489,0
699,15661392,Rodriguez,484,Germany,Female,29,4,22307.131712621867,3,1,1,109241.24437410348,0
700,15753476,Martinez,605,France,Male,18,8,95562.57766913765,3,1,0,169990.87789572365,0
701,15659891,Smith,748,France,Male,27,4,8691.83867454478,3,1,0,200000.0,0
702,15820803,Johnson,677,France,Male,44,0,31860.398312269954,3,1,0,192280.40049496124,0
703,15650087,Williams,510,Germany,Female,36,4,17663.21286386183,3,1,0,95838.78272775577,1
704,15679084,Brown,601,Spain,Male,33,8,163947.5331604707,3,1,1,52506.54032908482,0
705,15720790,Jones,635,France,Male,31,6,4423.7241827431835,1,0,1,21964.60741357252,0
706,15639350,Garcia,481,France,Female,47,8,14074.992929826316,1,1,1,124088.88807458262,0
707,15775109,Miller,721,France,Male,35,9,29851.570039301205,3,0,1,11600.0,0
708,15638311,Davis,627,Spain,Male,34,9,14202.972777928464,1,1,1,91187.1010600889,0
709,15758563,Rodriguez,510,France,Male,48,4,61309.68472560005,3,1,1,116862.56603629721,0
710,15664957,Martinez,505,Germany,Female,54,2,23172.070834435854,3,1,0,200000.0,1
711,15821445,Smith,760,Germany,Female,27,1,75883.27483340188,4,1,0,111477.17137739409,0
712,15823473,Johnson,611,France,Female,50,8,40067.07953683901,2,0,1,53185.06218785003,0
713,15778790,Williams,769,Spain,Male,37,4,27828.12386422307,1,0,0,135459.6957180658,0
714,15791144,Brown,807,France,Male,48,10,22696.760627661646,2,1,1,110273.40665715821,0
715,15808018,Jones,752,Germany,Male,45,0,12552.637692620403,3,0,1,156921.038156862,0
716,15677520,Garcia,596,France,Female,39,1,14554.95473085026,4,1,1,188203.74450257432,0
717,15686826,Miller,400,France,Female,39,1,9702.283045231472,3,0,1,83777.76678001296,0
718,15673900,Davis,681,Germany,Female,45,3,95441.15999714108,3,1,1,137132.43284463862,1
719,15714821,Rodriguez,850,France,Male,28,5,39735.0471275733,4,1,1,200000.0,0
720,15696231,Martinez,646,Germany,Female,27,7,32973.55001774761,4,0,0,197083.25514251337,0
721,15700642,Smith,451,Germany,Female,59,2,19448.916213144308,1,0,0,56454.62121946697,1
722,15662618,Johnson,582,Germany,Male,50,9,36373.36433343842,4,1,0,24268.069661246875,1
723,15658562,Williams,631,France,Female,48,9,107088.89254318019,1,1,1,156108.00403614188,0
724,15668193,Brown,540,Germany,Female,37,5,96931.35845426859,1,1,1,75310.71222009492,0
725,15737935,Jones,393,Germany,Female,22,3,45701.04638211867,1,0,0,182840.85844709876,0
726,15749423,Garcia,640,France,Female,33,7,37746.55962349861,2,0,0,16242.971913792004,0
727,15833315,Miller,571,Germany,Male,43,8,12795.08433795166,2,1,1,58551.038935865705,0
728,15670997,Davis,827,Spain,Female,50,8,59033.67365227889,1,1,0,87407.63273234238,0
729,15764297,Rodriguez,660,France,Female,43,5,95974.3698179855,1,1,1,44647.1594644524,0
730,15788374,Martinez,696,Spain,Male,43,1,18241.93078945414,2,0,0,41315.13072819303,0
731,15669222,Smith,638,France,Male,37,1,28594.35695209865,1,1,1,63466.60398974068,0
732,15762750,Johnson,659,France,Male,45,9,5642.2213531372445,3,1,1,151702.92206184255,0
733,15655161,Williams,484,France,Male,29,8,97666.01949723283,3,0,0,82682.12709525629,0
734,15727998,Brown,545,Germany,Female,40,4,5140.879498648554,4,1,0,128312.65572525025,1
735,15827316,Jones,758,France,Male,36,6,60926.81941717537,1,1,1,200000.0,0
736,15656334,Garcia,670,Spain,Male,53,5,10349.959040366459,1,1,1,175511.95579402166,0
737,15725964,Miller,610,Spain,Male,18,8,66146.95616468806,3,1,0,129313.06705512079,0
738,15796028,Davis,698,Germany,Male,37,4,51456.00745038216,1,1,0,16208.485911095617,0
739,15648445,Rodriguez,700,France,Male,41,7,58622.97058151724,3,1,0,77788.45631837311,0
740,15748667,Martinez,849,Spain,Male,20,3,50502.320717555216,3,1,0,148262.85832510545,0
741,15706328,Smith,666,Spain,Male,46,6,25264.600054948,1,1,0,81313.8939376811,0
742,15652242,Johnson,543,France,Female,37,8,48404.63000227609,1,1,1,52504.20290273227,1
743,15687130,Williams,638,Germany,Male,29,1,13371.345952590058,3,0,0,200000.0,0
744,15673015,Brown,710,Germany,Female,49,8,16005.942356150541,1,1,0,29272.016023865013,0
745,15687240,Jones,749,Germany,Male,31,7,3367.5617671720997,1,1,0,90007.40997903679,0
746,15818410,Garcia,488,France,Male,47,9,47444.26746513055,2,0,1,72514.4867374804,0
747,15744735,Miller,675,France,Male,40,0,91878.12586121734,2,1,1,39235.13188388875,1
748,15740959,Davis,560,France,Male,34,9,23776.944655013172,3,0,0,200000.0,0
749,15834540,Rodriguez,593,France,Male,28,6,11702.532917952189,3,1,1,38587.93499210502,0
750,15784761,Martinez,734,Germany,Male,31,4,86843.57335037009,4,0,0,50776.35976573529,0
751,15807104,Smith,724,Spain,Male,47,4,51658.98761503112,4,0,0,166689.83324669144,0
752,15790178,Johnson,582,Spain,Female,50,6,111994.43957384625,3,1,0,113856.25930970193,0
753,15772788,Williams,634,Germany,Male,45,10,313.1613319266117,2,1,1,42353.10485147698,0
754,15713461,Brown,596,Germany,Female,38,9,25637.74528508911,3,1,0,96529.611144986,1
755,15734259,Jones,850,France,Female,45,3,115610.59742373081,3,1,1,47452.745670824974,0
756,15776649,Garcia,677,Germany,Female,42,0,56255.4522947924,2,1,0,93181.32890414282,0
757,15645625,Miller,566,France,Male,32,5,31637.061059114556,4,0,1,85914.14830716392,0
758,15656049,Davis,782,France,Female,29,0,26768.623942996128,3,1,1,27853.0507889507,0
759,15760501,Rodriguez,785,Germany,Male,35,10,112766.22264174388,4,1,1,119191.64340828007,0
760,15658561,Martinez,829,France,Male,32,0,89128.6199063935,1,1,0,56494.817105541864,0
761,15700805,Smith,850,France,Male,40,7,619.410167822764,2,1,0,11600.0,0
762,15753758,Johnson,720,Spain,Female,55,3,6453.642048762027,3,1,1,132829.38230217563,1
763,15795377,Williams,615,France,Male,41,4,35904.311147426146,3,1,1,102712.54956685481,0
764,15643939,Brown,629,France,Female,53,9,6087.832471589677,4,1,1,28957.744000978608,0
765,15681029,Jones,620,France,Male,39,9,16062.911051496112,1,0,0,136981.7312383696,0
766,15696131,Garcia,609,France,Female,37,0,90062.83402854217,2,1,1,144263.02675485902,0
767,15736625,Miller,773,France,Female,23,9,24399.35981309044,1,1,1,100020.60725921384,0
768,15719267,Davis,650,Spain,Female,45,6,29975.06210949382,1,1,0,127378.41366840823,1
769,15740389,Rodriguez,747,France,Male,32,10,9569.58907037407,3,1,0,24041.73584684632,0
770,15797595,Martinez,717,Spain,Female,30,1,46104.6304718768,4,1,0,138954.3493996219,0
771,15667909,Smith,540,France,Female,28,5,6409.293863256581,4,1,1,100018.67376164105,0
772,15793029,Johnson,478,France,Male,42,8,49742.5404125147,3,0,0,189757.43893719962,1
773,15761618,Williams,526,Germany,Male,33,1,68666.11119878228,3,1,1,11600.0,1
774,15639437,Brown,607,Germany,Female,55,5,103418.71506989218,1,1,0,85279.68444932625,0
775,15654761,Jones,663,Germany,Male,50,4,43667.29596095916,4,0,0,40348.803027162474,0
776,15813279,Garcia,585,Spain,Female,33,1,20169.946186460234,2,1,0,62936.052636434404,1
777,15756392,Miller,720,France,Male,18,8,95418.05965416995,3,1,1,95095.11424267809,1
778,15740218,Davis,597,France,Male,40,1,45394.34135020063,1,0,1,70765.65808314286,0
779,15803762,Rodriguez,675,Spain,Male,35,0,22169.066621691534,4,1,0,50159.537057396825,0
780,15713354,Martinez,661,France,Male,47,8,19470.190242983117,3,1,1,51695.414478642655,0
781,15689886,Smith,823,France,Male,39,8,19328.303140461998,1,0,1,192653.32844421177,1
782,15691645,Johnson,552,France,Female,50,8,2899.649955762956,4,1,0,111742.56823097642,1
783,15801221,Williams,850,Germany,Male,43,7,5342.212773873069,2,1,1,11600.0,0
784,15731609,Brown,590,France,Female,26,3,4699.447380727516,1,1,0,49480.82386809436,1
785,15717446,Jones,515,France,Female,31,8,18711.984474848083,2,1,1,125561.61725859065,0
786,15662134,Garcia,628,France,Male,34,1,32120.487371232946,1,1,0,86835.6070627434,0
787,15800023,Miller,850,Germany,Male,37,0,7983.796287525466,2,0,1,106800.46607436985,0
788,15757004,Davis,739,France,Male,36,9,87998.87592016686,4,0,0,137583.88534089754,0
789,15752614,Rodriguez,710,France,Male,46,6,3393.4103038736084,2,1,1,11600.0,0
790,15811119,Martinez,729,Germany,Male,44,5,145305.23874221853,2,1,1,132886.19928201463,0
791,15771387,Smith,573,Spain,Male,34,2,3867.493725040954,2,0,1,162436.2607113801,0
792,15690780,Johnson,682,Germany,Female,45,1,112531.04677686309,4,1,0,11600.0,1
793,15684009,Williams,650,Spain,Male,27,7,15103.130465049502,3,1,1,111450.57651432128,0
794,15685592,Brown,830,France,Female,45,3,216175.66857663632,3,0,1,11600.0,0
795,15764075,Jones,639,France,Female,47,5,36836.96567247841,1,1,0,114128.78991504388,0
796,15831219,Garcia,612,France,Female,41,3,923.867077923182,3,1,0,116792.55000373485,0
797,15692743,Miller,533,Spain,Female,44,10,16610.897066716385,2,0,1,40278.63091693774,0
798,15789467,Davis,664,France,Female,45,8,140806.89023977783,4,0,1,73346.63692536353,0
799,15691172,Rodriguez,679,Spain,Male,49,4,17809.88279323626,3,1,0,87971.86417036755,0
800,15803566,Martinez,529,Spain,Female,46,5,22283.760444849944,4,1,1,100092.46709939088,0
801,15635617,Smith,695,France,Female,51,8,2257.620319738288,2,1,0,72256.63466628404,0
802,15696415,Johnson,673,France,Male,23,5,14601.67007588558,3,1,1,162423.17759102778,0
803,15662314,Williams,751,France,Male,40,1,15009.34019367283,1,1,1,119894.99016103541,0
804,15735099,Brown,771,France,Male,38,10,62934.444371281475,1,1,1,63701.913901084,0
805,15774089,Jones,659,France,Male,40,0,35237.53996733169,2,1,0,161034.58437300567,0
806,15747418,Garcia,546,Spain,Male,48,8,8777.686359491723,4,0,1,127967.78689238192,0
807,15763380,Miller,566,France,Female,40,1,79383.672426369,2,0,1,31002.209873659493,0
808,15696894,Davis,826,France,Female,39,1,47275.51862941513,3,1,1,101869.19100681694,0
809,15658435,Rodriguez,666,France,Male,43,3,15630.121389078075,4,1,0,132866.94894335643,1
810,15769832,Martinez,824,Spain,Male,23,9,12666.199412592869,4,1,0,151624.7958408939,1
811,15828354,Smith,699,Germany,Female,54,9,129452.10773020069,4,1,0,200000.0,0
812,15654911,Johnson,725,Spain,Male,37,2,50675.37382347343,4,1,0,165552.03098591493,0
813,15641572,Williams,743,Spain,Male,53,6,82361.33626028533,3,1,0,83724.45829015746,0
814,15707076,Brown,527,France,Female,30,6,12778.00642883217,4,1,0,11600.0,0
815,15681142,Jones,680,France,Male,29,2,44426.00160236217,4,0,1,138401.48081559018,0
816,15786058,Garcia,526,France,Male,36,2,2748.6653023798767,2,1,1,86904.42385598973,0
817,15652619,Miller,621,France,Male,39,8,45158.898138406075,1,1,0,153457.98490909737,0
818,15710482,Davis,714,Germany,Female,33,6,11381.591429610617,4,1,1,103209.61538875935,0
819,15740172,Rodriguez,547,France,Female,30,2,55295.864501359574,1,1,1,36611.22576754028,0
820,15643304,Martinez,705,France,Male,42,2,134387.68117467113,4,1,0,72673.21818201551,0
821,15766058,Smith,500,Germany,Male,53,2,30689.98115074404,4,0,0,117161.0047092895,0
822,15635006,Johnson,764,Germany,Female,55,8,18220.692533829784,2,1,0,101462.60016141718,0
823,15806617,Williams,583,Germany,Female,36,7,6577.650663322109,1,1,1,69431.3345126558,1
824,15813600,Brown,547,France,Female,28,6,55522.86696877153,2,1,0,108825.95190501641,0
825,15794863,Jones,506,Spain,Female,36,7,43874.871634937015,3,0,0,95844.9376244758,0
826,15647365,Garcia,592,Germany,Male,56,0,39325.73901946389,1,1,1,72460.42092866573,0
827,15784058,Miller,459,France,Female,49,8,137417.10510479813,1,0,0,146676.0970319037,1
828,15825774,Davis,595,Spain,Female,42,4,191189.88637298316,2,0,0,145805.161213898,0
829,15732744,Rodriguez,759,Spain,Female,34,4,63112.55531606229,4,0,0,120576.27895295605,0
830,15775534,Martinez,631,France,Female,48,4,10907.140654230407,4,1,1,81522.10094749236,0
831,15715244,Smith,532,France,Male,61,8,146650.47562194828,3,1,1,130650.44493765602,0
832,15685214,Johnson,672,France,Female,37,4,21150.404121901014,4,0,1,62368.64776122842,0
833,15658176,Williams,663,France,Female,19,1,4123.174003924944,1,1,0,160404.4206952062,1
834,15658126,Brown,845,Spain,Female,28,5,13793.26097614678,1,1,1,117353.62816654638,0
835,15645518,Jones,729,France,Male,39,6,88708.68214439954,3,0,1,119208.17452228078,0
836,15639411,Garcia,680,Spain,Female,37,10,11393.033425008416,3,1,0,166781.93898774113,0
837,15797875,Miller,740,Germany,Female,52,6,25131.91122410213,2,1,1,94768.139184984,0
838,15819004,Davis,636,Germany,Male,33,6,15976.257508923081,1,1,0,121957.43265442702,0
839,15779130,Rodriguez,642,France,Female,37,10,2449.9326809639324,1,1,0,70459.49086186288,1
840,15822071,Martinez,815,France,Female,32,1,41244.76538043365,3,0,1,40695.24558472043,0
841,15755890,Smith,486,France,Male,46,5,49544.92451035815,3,1,0,140873.17986914143,0
842,15673367,Johnson,746,France,Male,30,8,78306.28526750051,1,0,1,73110.7541577546,0
843,15800490,Williams,638,France,Female,36,0,26778.163872668043,3,1,1,63792.923073724785,0
844,15679708,Brown,620,Spain,Male,23,2,7618.558040139806,4,0,1,76887.64680602291,0
845,15688534,Jones,594,France,Male,33,5,52800.02984010489,2,1,0,161961.05058392545,1
846,15782774,Garcia,665,Spain,Male,55,6,110393.3891220609,4,1,0,65244.47994569996,0
847,15691693,Miller,645,France,Male,56,1,6381.519871834371,2,1,1,195013.00287654504,0
848,15656551,Davis,608,Spain,Male,45,9,10082.36965974669,3,1,1,18057.323696869717,0
849,15672346,Rodriguez,579,Spain,Male,43,7,19964.072090483947,1,1,0,137927.34271714126,1
850,15811217,Martinez,459,France,Female,32,10,52533.47611451804,4,0,0,68457.91663754212,0
851,15742921,Smith,577,Spain,Female,40,5,37097.16520596211,4,1,0,69011.50273497897,0
852,15726795,Johnson,598,Germany,Female,40,8,62303.75849332439,3,0,1,113944.51276134784,0
853,15670789,Williams,665,Spain,Male,39,8,1591.9590769454428,4,1,0,61063.81283699798,0
854,15772913,Brown,846,Germany,Male,47,8,83157.17274887436,1,1,0,58627.0402126612,0
855,15759056,Jones,588,France,Male,29,8,219031.5043129341,2,1,1,153285.46933380148,0
856,15649091,Garcia,547,France,Female,64,1,2389.4188464160948,4,0,1,27309.372776733537,0
857,15823691,Miller,578,France,Female,55,9,34200.99540068032,2,1,0,11600.0,0
858,15696479,Davis,665,Germany,Female,30,9,67337.18873034239,2,0,1,108451.47080808737,0
859,15808799,Rodriguez,708,Spain,Male,40,6,32351.302910427166,1,0,1,65594.7232785961,0
860,15684524,Martinez,722,Germany,Female,33,4,44939.706446014454,3,1,0,70652.6015367067,0
861,15728676,Smith,732,France,Male,45,8,126869.16173861045,1,0,1,45198.69578946963,0
862,15797723,Johnson,746,Spain,Female,38,0,38809.44106630392,1,1,0,11799.038520246162,1
863,15671733,Williams,622,Spain,Male,20,9,13498.320187799498,2,0,0,137168.70758233144,0
864,15808618,Brown,850,France,Male,29,6,67090.30807048111,3,1,0,29821.433503650405,0
865,15750367,Jones,614,France,Male,52,9,23534.535539727487,1,1,1,124548.32887877076,0
866,15708565,Garcia,660,France,Female,36,4,16781.68489276646,3,1,0,136880.84178738465,0
867,15741486,Miller,779,Spain,Male,36,10,14277.912231370476,1,1,1,80549.47091891636,0
868,15760519,Davis,706,Spain,Male,45,8,4134.506003581308,1,1,1,84125.10638405495,1
869,15658887,Rodriguez,425,France,Male,48,6,135084.0314498852,2,0,0,95113.6078668131,0
870,15672228,Martinez,650,France,Female,38,3,41432.03118466589,2,1,1,145486.130733259,0
871,15808482,Smith,736,Spain,Male,18,10,155166.55804405417,2,1,0,121534.2435600791,0
872,15819545,Johnson,515,Spain,Female,30,7,98948.62403417574,3,1,0,151684.62210524775,0
873,15653800,Williams,725,Spain,Female,18,8,1534.7389288802815,1,1,1,52422.577669480816,0
874,15785432,Brown,689,Germany,Female,25,8,14203.447125699287,4,1,0,135891.6016385787,0
875,15649856,Jones,768,France,Female,39,9,18943.196618749094,2,1,0,74969.61841946967,0
876,15678840,Garcia,580,Germany,Female,39,3,33649.76104540745,3,1,1,175855.05621415644,0
877,15635854,Miller,749,France,Male,51,5,62961.6972471081,3,0,0,178464.16754878033,0
878,15674366,Davis,665,Spain,Male,38,3,57091.92350683199,1,1,1,11863.996711616302,0
879,15712311,Rodriguez,826,France,Female,30,0,218197.31819743718,4,1,1,44935.094361420815,0
880,15803115,Martinez,850,Spain,Male,51,5,128407.41388477608,4,0,1,46669.19721885389,0
881,15688284,Smith,803,France,Male,56,7,10306.131536238885,4,0,1,89673.60746840434,0
882,15694096,Johnson,698,Spain,Female,48,5,98258.21270395783,4,1,0,58020.79868838286,0
883,15715919,Williams,850,France,Female,38,2,92554.8608139735,2,1,0,15827.523473830792,1
884,15699817,Brown,710,France,Female,35,7,42759.59294161013,4,1,1,139288.4059146468,0
885,15713189,Jones,559,Germany,Female,27,9,20633.609214147436,2,1,1,104765.14794806174,0
886,15641551,Garcia,646,France,Female,31,8,11698.648612256291,4,1,1,32984.06443113144,0
887,15689995,Miller,726,Spain,Male,34,0,11941.888091792085,2,1,1,51384.32417751398,0
888,15772615,Davis,732,Germany,Male,25,10,20611.359028627103,2,0,0,11600.0,0
889,15660536,Rodriguez,537,Germany,Female,35,10,35053.57547837455,4,0,1,11600.0,0
890,15789060,Martinez,540,Spain,Male,36,5,43831.97684634072,3,1,1,11600.0,0
891,15827560,Smith,615,Spain,Male,51,9,19655.09825487016,4,1,1,13705.721111794206,0
892,15710347,Johnson,703,Germany,Female,22,7,22047.811712173923,2,1,0,26036.219596076146,0
893,15729058,Williams,716,Spain,Male,40,1,680.5794075784253,2,1,1,89269.4832483949,0
894,15688015,Brown,664,France,Male,25,3,106.08819538530994,3,1,1,59322.424796658684,0
895,15822474,Jones,566,France,Male,19,0,118855.97902879228,1,1,0,98632.87846176077,0
896,15731841,Garcia,823,Germany,Male,34,3,705.6422495176135,1,0,1,116073.8330050704,0
897,15676920,Miller,542,France,Male,39,1,1684.1177748471378,3,1,0,175608.48386539874,0
898,15704992,Davis,780,France,Female,51,2,11510.630663808319,3,1,0,62432.50032228443,0
899,15818003,Rodriguez,723,France,Male,36,3,68011.54642814399,4,1,0,118119.56518428917,0
900,15677690,Martinez,778,France,Male,33,2,56803.312905564984,2,1,1,143531.7306919045,0
901,15737798,Smith,605,Spain,Male,31,5,52089.44892380793,1,1,0,32344.89498945992,0
902,15805485,Johnson,635,Germany,Male,33,6,42777.7955866091,4,0,0,11600.0,0
903,15690081,Williams,655,Spain,Female,18,10,11263.477787387883,1,0,1,48282.4843453633,0
904,15654565,Brown,602,Spain,Male,30,6,25369.388698552186,4,1,1,89376.55147909596,0
905,15689725,Jones,672,France,Female,47,0,32513.96633916815,2,1,0,22847.92825805777,1
906,15760513,Garcia,807,France,Male,18,4,43666.687939095485,4,1,1,109133.0819199537,0
907,15737070,Miller,520,France,Female,34,2,11059.105659136056,2,1,0,167063.2303256272,0
908,15708079,Davis,584,Spain,Male,36,0,65288.03448590596,4,0,0,143655.47024996908,0
909,15648990,Rodriguez,573,France,Male,46,0,18474.59429230505,2,0,1,11600.0,0
910,15640171,Martinez,640,France,Male,40,1,53973.44539559836,4,0,0,136509.3507681563,0
911,15704438,Smith,636,Spain,Female,43,9,36075.600794851925,4,1,0,71401.32594757232,1
912,15739175,Johnson,727,Germany,Male,31,7,44850.69408778532,2,1,1,130734.56166383711,0
913,15802260,Williams,653,France,Male,21,3,26649.165633172222,3,1,0,73548.25094376445,0
914,15777689,Brown,680,France,Female,33,9,29445.57977833038,3,0,1,79504.80940948668,0
915,15679604,Jones,689,Spain,Male,37,2,101318.80238379458,4,1,0,115583.39322828234,0
916,15771928,Garcia,674,Spain,Male,50,7,32301.28585448675,2,0,0,190739.16645115992,1
917,15782818,Miller,720,France,Female,24,1,78966.97822268447,1,0,0,112272.59033698849,1
918,15789888,Davis,637,France,Male,59,8,25128.37288168559,1,1,0,47308.82270103834,0
919,15771764,Rodriguez,814,Spain,Female,40,3,60287.409308172755,1,1,1,91276.23283956772,0
920,15777311,Martinez,850,Spain,Male,31,10,13256.592427700389,1,1,0,164906.25956959891,0
921,15788089,Smith,720,Spain,Male,30,8,124457.18113147613,1,0,1,126020.34145089657,0
922,15658673,Johnson,672,Germany,Male,37,0,170982.83573318977,2,1,1,11600.0,0
923,15692845,Williams,712,Spain,Female,38,4,115795.86441138604,4,1,1,114138.90704024461,0
924,15760429,Brown,539,France,Female,39,9,21264.31507636806,1,1,1,150414.1826827645,0
925,15742817,Jones,668,France,Female,45,6,16182.050385647093,3,1,0,200000.0,0
926,15806914,Garcia,576,Germany,Male,32,10,10071.526223822068,3,0,0,22719.26894436148,1
927,15736172,Miller,700,Germany,Female,40,3,103176.15593987497,1,1,1,50809.39781813865,1
928,15799108,Davis,577,Spain,Male,35,4,6313.119451814513,3,1,1,153895.97452685653,0
929,15704326,Rodriguez,615,France,Male,55,10,51407.265741464726,2,0,1,82244.96398218222,0
930,15749961,Martinez,462,Spain,Female,20,8,20133.250308612514,1,1,1,79577.41271100617,0
931,15710299,Smith,532,France,Male,60,5,10407.697616782782,4,1,1,67897.19955373569,0
932,15663334,Johnson,685,Germany,Male,30,5,10196.791439264905,2,1,1,118767.82793836652,0
933,15756067,Williams,563,France,Male,28,1,102385.55243376235,3,1,1,153871.00610564693,0
934,15776988,Brown,756,Germany,Female,36,0,98241.58959556438,1,1,0,71501.6829570247,1
935,15789628,Jones,554,Germany,Male,41,3,15874.687470940693,2,1,0,19774.27626962187,0
936,15691710,Garcia,695,France,Male,35,9,1717.510264583513,2,1,0,133286.8406935968,0
937,15745797,Miller,573,France,Female,44,2,101661.03033891483,2,0,0,39860.03256786332,0
938,15737683,Davis,688,Germany,Male,34,10,2951.7032524451115,2,0,0,131956.12031746045,0
939,15671270,Rodriguez,496,Spain,Male,32,6,4426.272616423591,2,0,1,101394.82664817835,0
940,15657663,Martinez,604,France,Female,29,6,86276.31653154717,3,0,0,86153.92015937468,1
941,15713854,Smith,565,France,Female,51,5,84973.49217860136,1,1,1,54340.42818777997,0
942,15674351,Johnson,738,France,Male,42,4,11313.025987860707,2,1,1,82963.13391078361,0
943,15765162,Williams,696,Spain,Female,27,2,1948.391094488412,2,1,1,94538.35068521019,0
944,15739282,Brown,526,France,Male,34,3,3252.6499055595878,3,1,0,82406.30850735819,1
945,15782581,Jones,629,France,Male,25,4,30200.91613874013,4,0,1,180251.47882571904,1
946,15784451,Garcia,572,Spain,Male,66,3,27084.398732132693,1,0,0,103106.09626627942,0
947,15686347,Miller,745,Germany,Male,40,2,10062.312889093439,1,1,0,27090.049444156743,1
948,15743066,Davis,777,France,Male,19,1,119866.91529337561,4,0,0,37509.63779899869,1
949,15726467,Rodriguez,505,Spain,Female,25,4,40193.79457573736,1,1,0,111939.88344952403,1
950,15747030,Martinez,732,Germany,Female,26,1,82341.1358661444,1,1,0,11600.0,0
951,15658226,Smith,567,Germany,Female,41,1,5475.456285038706,4,1,1,171122.92068485616,1
952,15657923,Johnson,624,France,Female,22,1,181452.3552111988,1,0,0,178139.06958353752,0
953,15776162,Williams,653,Spain,Male,25,1,82967.56764892605,3,1,0,20739.987860093213,0
954,15657176,Brown,831,France,Male,36,7,16971.5133177384,2,1,0,115694.7928028161,0
955,15770914,Jones,549,France,Female,38,6,1050.2305698116036,1,0,0,123572.49235429724,0
956,15808895,Garcia,733,France,Female,33,8,8986.772434349765,1,1,1,188124.01071761988,1
957,15776152,Miller,532,Spain,Female,34,2,27107.745506327374,2,1,1,167854.7972438389,0
958,15821319,Davis,525,Germany,Male,24,0,149.4958870827275,2,1,1,37219.800184374704,0
959,15784936,Rodriguez,652,Germany,Male,43,5,2084.895398966869,1,1,0,77838.72870639287,0
960,15753433,Martinez,652,France,Male,18,8,5192.3065754290565,3,1,0,41960.23423749778,1
961,15818470,Smith,366,Germany,Male,37,0,82962.00015398719,2,1,1,69198.41064653092,0
962,15770106,Johnson,765,Spain,Male,56,0,39578.348052664514,2,0,0,33319.02264222679,0
963,15729859,Williams,436,France,Male,35,3,10596.628886227481,4,1,0,11600.0,1
964,15698893,Brown,635,Spain,Female,25,9,15357.944147570199,3,0,1,200000.0,0
965,15825073,Jones,782,France,Male,37,0,51386.0857806871,2,1,0,11600.0,0
966,15762202,Garcia,850,Spain,Male,35,8,19181.03386617685,2,0,1,136352.05300310694,0
967,15685030,Miller,613,France,Female,40,5,57306.03320940505,1,1,0,37652.54467517299,1
968,15765976,Davis,506,Germany,Male,40,4,75305.32748535967,2,0,1,11600.0,0
969,15765729,Rodriguez,779,Spain,Female,48,10,18309.17414863879,2,0,0,44271.01204243,0
970,15745919,Martinez,736,Spain,Male,33,4,22825.765634468095,4,1,1,159127.53664186207,0
971,15774391,Smith,601,France,Female,30,10,2568.5712104302575,3,1,1,145665.70730179313,0
972,15762051,Johnson,588,France,Female,30,10,85683.93578790223,2,1,1,188397.6150262556,0
973,15663301,Williams,578,France,Female,32,10,46579.14814377182,3,0,1,112781.45927687788,0
974,15708288,Brown,615,Spain,Male,41,1,109582.82804863703,3,1,1,11600.0,0
975,15702263,Jones,681,Germany,Male,25,2,10469.405652787538,3,1,1,74513.71421823851,0
976,15678849,Garcia,593,France,Male,29,6,161700.03385078476,4,1,0,130750.80146776506,0
977,15782422,Miller,606,France,Male,39,3,61334.04677019975,2,1,0,98893.00677989147,0
978,15739715,Davis,714,Spain,Male,51,5,10945.771401492675,4,0,0,56139.79468305852,0
979,15639223,Rodriguez,501,Germany,Female,30,7,31085.2348145362,3,1,1,46115.27148773567,0
980,15780708,Martinez,612,France,Male,42,0,60024.10293199517,1,1,0,116951.47690657253,0
981,15770800,Smith,482,France,Female,36,10,855.9167109856382,2,1,0,130512.7256233324,0
982,15770796,Johnson,660,France,Female,44,5,75771.5752356576,2,1,0,111068.14217156338,0
983,15652632,Williams,456,Germany,Female,39,0,147519.10059284527,3,1,0,163173.93530417277,0
984,15717440,Brown,739,Spain,Male,39,7,4250.470858627583,3,1,1,11600.0,0
985,15719319,Jones,518,Spain,Female,64,3,114196.88266120007,3,1,0,81836.85987287962,0
986,15821332,Garcia,472,France,Male,68,4,31222.48435176056,3,1,0,95563.98849762457,0
987,15673240,Miller,613,Spain,Male,36,9,36242.080942166,1,1,1,133309.74237352575,0
988,15701669,Davis,821,France,Female,29,1,91662.83845287748,4,1,1,180097.7480759601,1
989,15752635,Rodriguez,721,France,Male,41,2,44538.22974856446,2,1,1,133426.2138648851,0
990,15740579,Martinez,457,Spain,Female,45,6,21648.939761567603,3,1,1,112797.7986621413,0
991,15723471,Smith,515,France,Male,52,6,65948.81779059923,4,1,0,77382.04975931616,0
992,15739788,Johnson,610,France,Male,18,10,7443.980463427042,1,1,0,139783.50135438837,1
993,15669276,Williams,850,Spain,Male,34,7,54871.920557675694,4,0,1,105167.31716071656,0
994,15801528,Brown,556,France,Male,33,2,74499.20874478923,3,1,0,75174.29357255988,1
995,15680873,Jones,556,Spain,Male,30,1,20381.098509798067,4,1,0,157141.65747644156,1
996,15708290,Garcia,802,Spain,Male,24,1,175717.22270232072,4,0,0,84748.24453478082,1
997,15804192,Miller,669,Germany,Female,36,5,51166.22472646772,1,0,1,111980.57897861539,1
998,15745678,Davis,755,France,Female,46,1,5028.528015462482,2,0,1,49957.07897923928,0
999,15775941,Rodriguez,577,France,Female,26,10,169489.7715625493,1,0,1,123638.1471478685,0
1000,15635664,Martinez,639,France,Female,39,3,68127.53749004133,3,0,1,118709.79375929442,0
1001,15685050,Smith,781,France,Male,43,8,59477.98652776059,2,1,1,62135.033849462045,0
1002,15730064,Johnson,635,Spain,Female,55,9,14601.224248529268,4,1,0,146998.82816581507,1
1003,15771903,Williams,762,France,Male,45,2,32041.67464595245,3,0,1,127890.3355659772,0
1004,15822467,Brown,688,France,Male,38,0,115657.48749255021,4,0,1,86807.16843298693,0
1005,15682517,Jones,546,Germany,Female,42,1,18419.62189765085,4,1,1,81687.23270217793,1
1006,15639234,Garcia,648,Germany,Male,46,9,27524.414468295,4,1,1,104977.41604252627,0
1007,15739194,Miller,748,Spain,Female,40,9,14836.274192179144,4,0,1,185731.36099503795,0
1008,15769270,Davis,716,France,Male,46,6,12161.041995410626,4,1,0,69639.03400428533,0
1009,15744381,Rodriguez,645,Spain,Male,35,8,2234.9675068369706,2,0,1,60847.198027097904,0
1010,15771842,Martinez,460,Germany,Male,51,8,66761.00767612872,3,0,1,189118.3370418743,0
1011,15742701,Smith,470,France,Male,33,3,4757.265780660855,1,1,1,200000.0,0
1012,15642163,Johnson,491,France,Female,32,7,37892.20333049367,4,0,0,51971.030549523006,1
1013,15716754,Williams,598,France,Female,34,0,2553.9016970109597,2,0,0,101527.22814139251,0
1014,15759638,Brown,612,Germany,Male,29,10,206375.23643541386,1,1,1,24796.122386963514,0
1015,15758651,Jones,502,France,Male,46,10,61798.252430590095,1,1,0,64212.33791211784,0
1016,15661336,Garcia,752,Spain,Male,23,5,49764.61806229623,4,1,1,85865.33264188646,0
1017,15772045,Miller,523,Germany,Female,34,7,10313.917429232488,3,0,1,100417.74560282573,0
1018,15660671,Davis,512,Spain,Male,42,1,37544.541911598135,4,1,1,17673.562905796018,0
1019,15647512,Rodriguez,658,France,Female,39,7,35014.43900179535,4,1,0,91321.67482569578,1
1020,15708081,Martinez,747,France,Female,38,3,22208.894927906873,2,1,0,114185.4580234161,0
1021,15715866,Smith,850,France,Female,37,1,8486.771500495192,1,1,1,71812.37170927797,1
1022,15657877,Johnson,708,France,Female,40,3,22874.586327146822,3,1,1,158853.86702466357,0
1023,15706876,Williams,807,Spain,Female,28,7,46965.695940970945,3,1,0,110925.80185055759,0
1024,15735378,Brown,528,France,Female,34,3,33408.13330138813,1,0,0,140559.11308869172,1
1025,15825678,Jones,850,France,Female,36,7,42203.648316511106,4,1,1,52637.6409492431,0
1026,15828655,Garcia,463,France,Female,43,6,42433.69414712979,1,1,0,75013.30037929642,1
1027,15820227,Miller,599,France,Female,48,4,14030.34385195604,4,1,0,57836.866136265475,0
1028,15683049,Davis,706,Spain,Female,37,7,5881.507342719929,4,1,1,115204.9399722493,0
1029,15800203,Rodriguez,489,Germany,Female,46,1,36881.230431838965,4,1,1,101162.51310083042,0
1030,15760996,Martinez,557,Germany,Female,39,2,111453.79915704217,1,0,1,32670.887429215596,0
1031,15710305,Smith,541,France,Female,38,3,250000.0,3,1,0,78241.25347483688,0
1032,15710692,Johnson,618,Spain,Male,46,9,77065.50040215338,4,0,0,200000.0,0
1033,15651862,Williams,792,Germany,Male,24,4,12494.708982463799,2,0,0,11600.0,0
1034,15747183,Brown,651,France,Female,43,4,49756.33026195963,3,1,0,39069.55162058615,1
1035,15638414,Jones,603,France,Male,32,0,13647.319714166684,1,1,1,160113.4451786225,0
1036,15793698,Garcia,361,Spain,Male,49,0,42954.45756817757,3,1,1,100468.19896074965,0
1037,15824330,Miller,696,Germany,Male,32,10,32762.52515525298,2,1,0,162812.5915983708,0
1038,15750750,Davis,729,Germany,Female,35,0,24027.406947200387,3,1,1,139720.72708517985,0
1039,15792959,Rodriguez,479,France,Female,23,4,51310.75785051995,3,1,1,199300.77640652983,0
1040,15751023,Martinez,643,France,Male,42,1,97495.0918398558,3,1,1,11600.0,0
1041,15636207,Smith,669,Germany,Male,34,2,20584.962834387195,3,1,0,101202.15348383253,0
1042,15706905,Johnson,746,Germany,Female,33,7,33301.35889397146,3,1,0,163194.61290386986,1
1043,15792813,Williams,577,Germany,Female,39,9,30424.208189994522,1,1,1,182284.8047058612,0
1044,15821812,Brown,562,Germany,Male,22,7,14332.395359907325,2,0,0,80093.59274269249,0
1045,15710727,Jones,604,France,Male,32,9,27332.27476852937,1,1,0,200000.0,0
1046,15779592,Garcia,778,Spain,Female,37,1,1091.0431802479027,3,0,1,51862.28419761139,0
1047,15793120,Miller,754,Spain,Female,53,7,36431.6740002106,4,1,0,90857.22101738006,0
1048,15758642,Davis,647,Spain,Female,40,10,63790.046833512424,3,1,0,151181.75926992358,0
1049,15778720,Rodriguez,751,France,Female,42,8,22912.561660213632,3,1,0,124908.91219543072,0
1050,15790492,Martinez,413,France,Female,39,9,68634.20608627763,2,1,0,106564.45355980887,0
1051,15638926,Smith,729,Spain,Male,73,9,69446.11355270348,1,0,1,104560.48893755345,0
1052,15710925,Johnson,538,Germany,Male,47,5,207120.14237951834,1,1,1,112713.98543695694,0
1053,15643713,Williams,826,Germany,Female,18,0,39476.75276971265,4,1,0,200000.0,1
1054,15803784,Brown,543,Spain,Female,41,10,25881.10875479846,4,1,1,106942.55479343464,1
1055,15650991,Jones,564,Germany,Female,49,10,51016.53995455856,4,0,1,116979.89929351871,0
1056,15756779,Garcia,706,Germany,Female,24,2,49252.07658141356,3,0,0,135255.6060380094,1
1057,15676029,Miller,715,France,Female,40,4,218474.0302391818,1,1,0,58605.54945537306,0
1058,15794420,Davis,605,France,Female,33,2,61497.685966287296,4,1,1,64898.25017299906,0
1059,15757485,Rodriguez,687,France,Male,30,2,18306.003375259363,2,0,0,119423.47483878923,0
1060,15765791,Martinez,699,Spain,Male,52,8,10382.574785013927,1,0,1,33157.8710986215,1
1061,15760410,Smith,689,France,Female,32,4,78685.72839528929,3,1,0,61538.94251432143,0
1062,15746823,Johnson,609,France,Male,32,7,9907.889725982079,1,1,1,112404.0945396307,0
1063,15647836,Williams,700,Spain,Male,29,6,49368.204252608346,1,0,1,119418.06712502633,0
1064,15688043,Brown,790,Germany,Female,28,3,7096.398518609603,1,0,0,193169.72742921073,0
1065,15635448,Jones,527,Germany,Female,33,2,63417.6415082324,1,0,1,105446.22241373519,1
1066,15645556,Garcia,565,France,Male,33,2,76368.66101947789,4,1,0,97603.45874173948,0
1067,15713841,Miller,652,Spain,Female,27,10,233033.6444947289,2,1,1,11600.0,0
1068,15681116,Davis,544,France,Male,38,1,154192.11496621204,3,1,0,51269.78334042202,1
1069,15722838,Rodriguez,469,France,Male,18,4,62554.44548685236,1,0,1,200000.0,0
1070,15732181,Martinez,759,France,Female,40,1,16253.969420257667,1,1,0,11600.0,1
1071,15772143,Smith,427,France,Female,48,1,2235.128060937109,4,0,0,189912.33435976744,1
1072,15795779,Johnson,609,France,Male,33,3,40511.19355716139,4,0,0,87170.1338017857,0
1073,15676703,Williams,725,Germany,Male,42,5,72617.52297565581,1,1,1,147189.39643077966,0
1074,15698925,Brown,676,France,Male,36,5,534.0293830559895,2,1,0,102169.19755864306,0
1075,15726524,Jones,611,Germany,Female,62,7,37201.109764427085,3,1,0,200000.0,0
1076,15823741,Garcia,540,France,Female,48,10,107231.1861426984,4,1,0,11600.0,0
1077,15815050,Miller,684,France,Male,30,5,50697.63750785171,4,0,1,141834.3586845327,0
1078,15811261,Davis,551,Germany,Male,51,5,57566.017089164656,2,1,1,200000.0,0
1079,15802650,Rodriguez,676,Spain,Female,63,3,32154.28952403221,4,1,1,82226.99840039908,0
1080,15762136,Martinez,664,Spain,Female,36,4,143366.95985266322,3,1,0,133279.7982238202,0
1081,15702186,Smith,665,Spain,Female,43,10,23471.968762463126,1,1,0,114452.13580513242,0
1082,15739139,Johnson,585,Germany,Male,49,6,23829.014730550778,3,0,1,67347.874341864,1
1083,15713079,Williams,850,Germany,Female,27,9,36463.359082070165,3,1,0,68669.38040503614,0
1084,15677135,Brown,685,Germany,Male,20,10,44086.27621017719,3,1,0,113800.37948417706,0
1085,15636430,Jones,622,Germany,Male,40,8,38547.34091227165,1,1,0,11600.0,0
1086,15636519,Garcia,676,France,Male,30,3,85361.23801002464,2,0,0,82418.17747072078,0
1087,15655220,Miller,572,Germany,Male,36,9,89943.12810389756,1,0,1,18239.58745444822,0
1088,15666856,Davis,611,France,Female,49,0,7058.902419060774,4,1,0,68334.91630225166,1
1089,15739894,Rodriguez,850,France,Female,44,5,45337.30190634404,2,1,1,200000.0,0
1090,15681964,Martinez,573,Germany,Female,44,1,206444.35519370929,2,1,1,38462.88446226021,0
1091,15654730,Smith,642,France,Male,37,10,45771.83815791155,4,1,0,75529.6682763423,0
1092,15758383,Johnson,604,France,Male,32,6,58263.90957247618,4,1,1,69928.88203492289,0
1093,15825057,Williams,546,France,Male,31,5,98797.2114291368,2,1,0,140014.66178030724,0
1094,15700147,Brown,692,Spain,Female,56,8,100720.86353382858,4,1,1,113119.33120337909,0
1095,15716782,Jones,653,France,Female,61,5,867.011840536866,2,1,0,110691.97818532237,0
1096,15722560,Garcia,741,France,Male,49,5,13684.518465097348,4,1,1,164751.30813716532,0
1097,15775539,Miller,731,Spain,Male,36,3,99344.28916655658,2,1,1,45579.7672480781,0
1098,15767893,Davis,740,France,Male,27,8,54995.75750917634,1,1,1,49724.17320140151,1
1099,15674411,Rodriguez,558,France,Female,66,2,49943.65864160991,1,1,1,196051.14160335096,0
1100,15751350,Martinez,714,France,Male,43,0,98285.69737791063,4,1,0,200000.0,1
1101,15639889,Smith,716,France,Male,43,10,82136.83466303827,4,1,0,11600.0,0
1102,15800061,Johnson,547,France,Male,33,9,69585.571146153,2,0,0,152177.75437742347,0
1103,15643114,Williams,618,France,Male,45,7,2425.533299622197,3,1,1,58680.043192699064,0
1104,15767016,Brown,504,France,Male,36,7,76083.91455907449,4,1,0,193448.36919538613,0
1105,15828750,Jones,716,Spain,Female,28,10,11195.273517697527,1,1,0,104555.68049771171,0
1106,15743474,Garcia,716,Germany,Female,35,0,1317.6484512862241,4,0,1,11600.0,0
1107,15784890,Miller,793,Germany,Male,43,8,33852.8532024634,2,1,1,118098.130376991,0
1108,15727672,Davis,627,France,Male,54,1,142677.03364658955,2,0,0,134654.692802308,1
1109,15714369,Rodriguez,695,France,Female,23,5,108776.99985173228,4,0,1,108487.64640603286,0
1110,15732431,Martinez,748,Spain,Female,26,8,201028.4027429586,4,1,0,177453.4509862216,0
1111,15792288,Smith,574,France,Male,34,5,14153.445797320835,3,1,1,164638.17873114155,1
1112,15801932,Johnson,559,Spain,Female,29,6,59436.627037041835,3,1,1,107880.87776090817,0
1113,15676680,Williams,577,France,Female,39,8,2873.314337290782,2,0,1,11600.0,0
1114,15740890,Brown,615,Spain,Male,34,4,81342.63391398915,3,1,0,113620.94236419657,1
1115,15718126,Jones,562,France,Female,40,0,37092.10132844898,1,1,0,88329.34627202104,0
1116,15646821,Garcia,582,France,Female,40,8,250000.0,4,1,0,95277.83105349817,0
1117,15634837,Miller,738,Spain,Female,25,9,13721.477614605137,4,0,1,66704.85534271308,0
1118,15677531,Davis,640,Spain,Male,36,6,76774.1242052762,2,1,0,11600.0,0
1119,15761911,Rodriguez,680,France,Male,31,7,9374.083895613228,4,1,0,38820.83172710236,0
1120,15702046,Martinez,594,Spain,Male,50,1,16926.462709619984,1,1,0,155535.41033763447,0
1121,15774241,Smith,588,France,Female,32,4,17517.822874215457,2,1,1,161373.76614562643,0
1122,15736436,Johnson,678,France,Male,34,7,43121.74404138113,4,0,1,196097.9286780912,0
1123,15831115,Williams,662,Germany,Male,29,6,22715.143413359823,1,0,0,86600.43309766389,0
1124,15719157,Brown,727,Germany,Female,38,6,28876.328013017337,2,1,0,98541.72415479612,0
1125,15708300,Jones,780,Spain,Male,37,3,36886.93760249489,1,1,0,46959.66238163307,0
1126,15759052,Garcia,580,France,Female,53,1,2893.1134873547217,4,1,0,112063.07069871222,0
1127,15771089,Miller,736,France,Male,38,9,54735.345171387475,3,0,1,96249.35812842364,0
1128,15801833,Davis,542,Germany,Male,52,2,52386.48852467538,2,1,1,20029.091771962805,0
1129,15678527,Rodriguez,850,France,Male,54,8,167338.07798247275,4,1,0,127515.10353806478,0
1130,15771625,Martinez,571,France,Female,35,3,7158.14881506755,2,1,1,11600.0,0
1131,15721990,Smith,719,France,Female,37,0,1572.8194642409874,2,1,0,33340.02216053491,0
1132,15642609,Johnson,541,France,Male,33,9,7148.900620640157,2,0,1,117736.07920568177,1
1133,15807506,Williams,634,France,Female,26,3,27449.29868986749,1,1,0,43935.30863298493,0
1134,15693198,Brown,804,France,Female,62,7,12035.692123251247,2,1,1,66209.1372318154,0
1135,15755703,Jones,568,Germany,Male,33,7,12187.594564144203,3,1,1,96192.12835773575,0
1136,15796197,Garcia,850,Germany,Male,29,9,101780.03824143349,4,1,0,145282.61438491973,0
1137,15723463,Miller,649,France,Male,28,9,19565.613400606886,1,0,1,176337.34301710446,1
1138,15721342,Davis,747,France,Female,32,1,26961.020741061107,2,0,1,53459.194531997906,0
1139,15650126,Rodriguez,690,France,Female,35,9,57624.52516959557,2,0,1,150551.08432511086,0
1140,15784956,Martinez,695,France,Male,51,3,20771.38154402641,4,0,1,78974.16358895341,0
1141,15789604,Smith,507,Germany,Male,57,6,40411.78889453327,1,1,0,83777.90002474755,1
1142,15765751,Johnson,602,Spain,Male,18,7,36999.013055415955,1,0,0,106249.21047677696,0
1143,15760103,Williams,769,Germany,Male,54,0,15157.974810463864,2,0,0,173435.92657823657,0
1144,15655213,Brown,615,Germany,Male,55,7,63132.067489040375,1,1,1,113632.87567910174,0
1145,15782658,Jones,663,France,Male,32,0,89822.60078465255,3,0,0,91271.31913302008,0
1146,15648662,Garcia,495,France,Male,29,5,76497.97025791781,2,1,0,119510.65733179467,0
1147,15677905,Miller,596,Spain,Female,44,4,25150.28729374718,2,0,1,122726.19473482182,0
1148,15824881,Davis,762,Spain,Male,32,9,135122.17723563925,1,1,1,11600.0,0
1149,15794961,Rodriguez,521,France,Male,53,6,114614.16906682246,3,1,0,129963.82428845535,0
1150,15674313,Martinez,721,France,Male,43,5,15519.272300906354,3,1,1,121983.23515376297,0
1151,15777628,Smith,667,Spain,Male,31,9,6616.110490629706,2,0,0,143310.08277271976,0
1152,15707942,Johnson,626,France,Female,41,0,112125.2607732302,3,0,0,88849.86018672615,0
1153,15737576,Williams,622,Spain,Female,39,5,68296.48840388577,3,0,0,107062.76027720835,0
1154,15784248,Brown,600,Spain,Male,19,2,18625.013192074966,3,1,0,93559.34385490148,0
1155,15774858,Jones,609,France,Male,29,5,18183.306386714383,2,1,0,105148.75304237421,1
1156,15784770,Garcia,742,Spain,Male,32,6,19442.80439422096,4,0,1,122468.40989520337,0
1157,15702330,Miller,606,Spain,Male,42,5,98784.34052889248,2,1,0,143265.12614068855,0
1158,15799690,Davis,830,Spain,Female,44,8,13737.05999428726,4,1,0,129715.09117764625,0
1159,15645848,Rodriguez,679,France,Male,51,8,52646.59307405074,3,1,1,112513.46031909241,0
1160,15811232,Martinez,592,France,Female,31,7,89922.23210718518,3,1,1,22341.1633592243,0
1161,15784055,Smith,747,Germany,Female,24,4,24497.69742790487,2,1,0,89794.7386266111,0
1162,15762398,Johnson,712,France,Male,30,9,3173.153548532498,2,0,1,131027.43096636803,0
1163,15802129,Williams,484,France,Male,31,2,71117.63738475705,1,1,1,11600.0,0
1164,15726865,Brown,546,France,Female,30,3,1003.4756541295928,1,0,1,200000.0,0
1165,15769692,Jones,638,Germany,Male,38,10,88856.8515410756,3,0,0,83199.39002093067,1
1166,15645904,Garcia,491,France,Male,45,9,22381.638007661906,2,0,0,44816.65790079993,1
1167,15702108,Miller,850,France,Male,34,7,80803.22821855386,2,0,0,73395.13671982649,0
1168,15675759,Davis,732,France,Female,44,8,39412.59829239365,2,1,0,59072.8192570937,0
1169,15689519,Rodriguez,648,Germany,Male,48,7,22253.160192743402,3,1,0,170106.54876209842,0
1170,15731248,Martinez,615,Germany,Female,38,9,114794.62647990075,1,1,1,163859.73250545064,0
1171,15717724,Smith,590,France,Female,27,2,72845.38993704887,2,1,1,191480.44507559878,0
1172,15659121,Johnson,453,Spain,Female,36,6,4207.542931774179,2,1,0,66696.15852563441,0
1173,15822493,Williams,476,France,Male,49,10,133387.2446511687,4,1,0,150406.28245323274,1
1174,15715512,Brown,840,Germany,Female,45,7,31462.41146253722,1,1,1,90524.14824813756,0
1175,15755032,Jones,807,Spain,Male,28,2,8065.0023635117195,2,1,0,152181.67484878591,0
1176,15705926,Garcia,592,Spain,Male,50,0,73747.89151667037,2,1,1,11600.0,0
1177,15640010,Miller,740,France,Female,35,6,36450.44405272395,4,1,0,100018.72170439665,0
1178,15693981,Davis,700,Spain,Male,28,2,55849.068935250776,1,1,1,45032.216721182616,0
1179,15659655,Rodriguez,712,Spain,Female,38,0,59214.67976460798,1,1,1,19661.152274637323,0
1180,15775120,Martinez,507,Germany,Male,23,6,10981.939225023336,2,0,0,59832.254462139324,0
1181,15766596,Smith,469,France,Female,45,10,176792.12299548314,2,1,1,34025.32344562739,0
1182,15733325,Johnson,768,France,Male,50,6,5576.92722288938,2,1,1,33554.8875750608,0
1183,15685958,Williams,452,Germany,Female,28,3,46544.14816594761,4,0,0,170339.24545474158,0
1184,15645391,Brown,635,France,Male,37,1,7910.548192942865,4,1,0,96752.82357559711,1
1185,15732322,Jones,613,Spain,Male,47,9,104900.31236638881,4,1,1,15735.945734725407,0
1186,15701258,Garcia,603,France,Female,25,4,9512.416663345324,4,1,1,96284.44198447841,0
1187,15678630,Miller,681,Germany,Female,26,10,29083.607532344202,4,0,1,88547.11903073527,0
1188,15699086,Davis,582,France,Male,36,10,4543.958342429096,1,1,0,67196.40124438869,0
1189,15666756,Rodriguez,689,France,Male,36,8,29713.38060686121,2,1,1,116351.13618544255,0
1190,15636938,Martinez,664,France,Male,39,5,203.52788248082544,1,1,1,83309.85669221562,1
1191,15738279,Smith,850,France,Male,37,9,29301.725974041805,4,1,0,58462.81368182937,1
1192,15702381,Johnson,511,Germany,Male,25,8,58220.34838714225,2,1,0,88567.25772958505,1
1193,15653631,Williams,652,Spain,Female,22,0,10095.407734362792,3,1,0,156759.39626823465,0
1194,15693803,Brown,693,Germany,Male,25,1,40258.239424405496,2,1,0,170709.23394504326,1
1195,15666867,Jones,624,Germany,Male,44,10,32159.18298524463,2,0,1,131804.1061582125,0
1196,15737518,Garcia,516,Germany,Female,48,5,20396.97438030427,2,0,1,147393.10668525475,0
1197,15809546,Miller,775,France,Male,38,2,55554.33136484308,3,0,1,153245.19875635087,0
1198,15680799,Davis,683,France,Female,46,1,250000.0,1,1,1,163879.0269195997,0
1199,15760335,Rodriguez,523,France,Female,32,5,138853.22325702984,2,1,0,200000.0,0
1200,15820854,Martinez,693,Germany,Female,35,6,175499.99036674583,1,0,0,36258.35793551458,1
1201,15789384,Smith,820,France,Female,48,3,1021.003314278371,1,0,1,141918.70809232554,0
1202,15795160,Johnson,646,France,Female,43,9,14812.25247591024,3,1,0,200000.0,1
1203,15706509,Williams,649,Germany,Male,40,8,128039.41520273163,3,0,1,11600.0,0
1204,15763478,Brown,806,Spain,Male,37,10,2474.8959997992,2,1,1,192048.64622129052,0
1205,15699037,Jones,552,Germany,Female,27,2,22691.47542361588,4,0,1,37044.24837675423,0
1206,15675233,Garcia,822,Spain,Male,39,1,52806.698949739846,4,1,0,141116.38455814487,1
1207,15763640,Miller,747,Germany,Male,42,10,203688.77552078443,4,1,1,105180.36250087716,0
1208,15654705,Davis,557,France,Female,61,4,16132.452223997409,2,0,0,105215.14191197653,0
1209,15699374,Rodriguez,583,Germany,Female,38,8,72235.13162216653,4,1,1,11600.0,0
1210,15760710,Martinez,597,Spain,Male,35,0,53994.78389506718,4,0,1,11600.0,0
1211,15648984,Smith,466,France,Female,41,5,47527.06607956479,3,0,1,69910.72697191176,0
1212,15718893,Johnson,676,France,Female,53,7,67921.23210230487,3,1,0,93313.08613129774,1
1213,15735797,Williams,562,France,Female,42,6,14646.499465170127,2,1,1,125371.71961292195,0
1214,15769430,Brown,679,France,Female,37,5,20676.213523604434,4,1,0,57801.96333257073,0
1215,15655211,Jones,520,Spain,Male,31,2,41101.774179386855,2,0,1,84774.5154922405,0
1216,15782152,Garcia,742,France,Female,30,8,28900.037073596242,4,1,0,38156.54088529425,0
1217,15805340,Miller,723,France,Female,46,4,64005.314667870116,1,1,1,30900.437315371848,0
1218,15710285,Davis,579,Spain,Female,36,0,80629.16450484483,2,0,0,64086.07267873633,0
1219,15759316,Rodriguez,685,Germany,Female,59,8,37539.873986244915,3,0,1,11600.0,1
1220,15764932,Martinez,658,Germany,Male,39,9,25040.162824697563,4,1,1,126746.29806329112,0
1221,15705917,Smith,798,Spain,Male,43,8,121433.48950389308,4,1,1,139508.8408450418,0
1222,15712436,Johnson,546,France,Male,33,0,69284.5240444457,1,1,1,173783.36703771655,0
1223,15760807,Williams,634,Germany,Female,30,6,55926.89266478664,1,0,1,200000.0,0
1224,15648755,Brown,585,France,Female,46,8,2950.323504673756,1,0,0,60853.9331490283,0
1225,15710927,Jones,654,France,Male,50,1,37522.30793321177,1,1,1,182055.04070855514,1
1226,15778673,Garcia,703,France,Female,29,9,6477.083311951976,1,0,0,80072.89315295414,0
1227,15689920,Miller,584,France,Female,31,5,54015.04571126928,1,1,1,120580.51869506232,0
1228,15766488,Davis,613,Spain,Male,32,9,17807.104592513027,4,1,1,126242.63915182119,0
1229,15749635,Rodriguez,746,Spain,Male,45,0,67066.90872514977,3,0,0,162150.15035717312,1
1230,15710679,Martinez,785,Spain,Male,42,2,75288.163982098,3,1,0,83787.04660988569,0
1231,15725076,Smith,699,France,Female,38,10,17863.00244211443,2,1,1,11600.0,0
1232,15768117,Johnson,636,Spain,Female,31,4,187043.77760893563,4,0,0,79400.6247175681,1
1233,15707921,Williams,626,Germany,Male,55,6,36355.34108190152,4,1,0,200000.0,0
1234,15760487,Brown,704,France,Male,48,10,12286.734225868435,3,0,1,115024.50363815228,1
1235,15744379,Jones,672,Germany,Female,19,4,74626.50119334734,3,1,0,186633.78931149343,0
1236,15651970,Garcia,485,France,Female,47,7,71510.91203571738,2,1,1,184574.88206204868,0
1237,15781002,Miller,707,France,Female,36,4,26712.737300276734,1,1,1,116292.09890836607,0
1238,15822616,Davis,563,Spain,Male,32,5,53736.81825111683,4,1,0,71538.4471577144,0
1239,15726353,Rodriguez,508,Germany,Male,46,1,1098.3069719463458,3,0,1,63571.5598909518,0
1240,15661908,Martinez,483,France,Female,42,4,17211.20221481242,4,1,1,120069.35083501175,0
1241,15805589,Smith,628,Germany,Male,39,6,106630.8221094921,3,1,0,135843.7246317282,1
1242,15671821,Johnson,548,Spain,Male,30,0,13205.575261108996,1,1,1,183442.57946484862,0
1243,15830318,Williams,417,Germany,Female,49,9,118003.37621440693,1,1,1,34335.4783965862,0
1244,15694881,Brown,614,France,Female,26,8,43360.31207162814,4,1,1,46216.53572549141,0
1245,15687630,Jones,600,France,Female,46,8,116606.51693356427,3,0,1,117152.14855526785,0
1246,15738865,Garcia,635,France,Female,39,7,7013.193930146313,4,1,0,42381.13581576215,0
1247,15634728,Miller,587,Spain,Male,38,10,31174.413299643107,1,1,0,139749.9529343496,1
1248,15686931,Davis,832,France,Male,33,8,17581.462599635764,4,1,1,106935.29151997431,0
1249,15662234,Rodriguez,701,France,Male,40,4,108983.80260111464,3,1,1,53507.59909529828,0
1250,15830984,Martinez,600,France,Female,25,6,20894.0269735984,1,1,0,200000.0,1
1251,15744547,Smith,643,Spain,Male,51,0,44392.80819887917,4,0,1,113844.2370669105,1
1252,15689778,Johnson,791,Germany,Female,34,6,87909.1784911725,2,0,1,148223.83303351398,0
1253,15810001,Williams,745,Germany,Male,32,8,13004.839898585033,4,0,0,148880.9107283678,0
1254,15834578,Brown,510,France,Male,37,2,2340.987532742105,4,1,1,182680.36912657478,0
1255,15769471,Jones,552,France,Male,35,8,34074.73919812456,3,1,0,141989.77798046538,0
1256,15813556,Garcia,571,Spain,Female,51,4,57547.71525681072,1,1,1,112634.702842871,1
1257,15779392,Miller,606,Spain,Male,21,8,63516.69139482604,1,1,1,76776.9723729992,1
1258,15669162,Davis,590,Spain,Female,38,7,26995.23577237044,2,0,1,158691.4550864194,0
1259,15711191,Rodriguez,653,Spain,Male,54,10,4094.10589156894,4,1,1,185649.2428485985,0
1260,15656718,Martinez,723,Spain,Female,39,6,25804.292389343114,4,1,0,189154.9288056541,0
1261,15801918,Smith,740,Germany,Female,40,9,6504.902324463618,4,1,0,195991.90436055034,1
1262,15767319,Johnson,617,Spain,Male,38,5,3748.0005831947274,1,0,1,114891.43738692884,0
1263,15813197,Williams,486,Germany,Female,32,1,18079.724997536534,1,1,1,75395.05977891706,1
1264,15758687,Brown,545,France,Female,44,6,75078.51054063166,4,1,1,73916.77769288758,0
1265,15752320,Jones,598,France,Female,37,1,73125.20470818241,4,1,0,95916.5666938765,1
1266,15653858,Garcia,525,Spain,Female,40,5,46829.37643072573,1,1,0,176994.7448758946,0
1267,15734760,Miller,764,France,Male,44,5,87503.91156142345,3,1,0,200000.0,1
1268,15818847,Davis,532,Spain,Male,43,8,34739.76001536882,2,1,1,161516.04901700013,0
1269,15803104,Rodriguez,711,France,Male,39,9,13948.968397704564,2,1,0,40250.76256101685,0
1270,15804956,Martinez,481,France,Female,47,10,42195.143847301566,2,1,1,40035.887302568626,0
1271,15754321,Smith,715,France,Male,49,3,128357.40084312268,3,1,0,113911.44759439374,0
1272,15829048,Johnson,636,France,Female,46,8,1839.9047763285273,4,1,1,26015.316999613147,0
1273,15702846,Williams,801,France,Female,49,1,167418.63660517999,1,1,1,75221.9970361777,1
1274,15777368,Brown,536,France,Female,52,4,68190.87450889043,3,1,0,72102.14416412843,0
1275,15690866,Jones,593,Spain,Male,26,2,57956.62647008751,2,1,0,103429.96349027786,0
1276,15692147,Garcia,612,France,Male,66,5,47574.38586634239,4,1,1,153182.45492168932,0
1277,15673826,Miller,634,France,Male,40,1,14902.578480303233,2,1,0,43985.1506860007,0
1278,15732547,Davis,615,France,Male,36,9,108465.42093267277,2,1,1,118237.83060325596,0
1279,15647826,Rodriguez,617,Germany,Male,40,8,177824.2831390794,3,0,0,93851.45676637733,0
1280,15675340,Martinez,615,Germany,Male,24,3,128939.10800259314,4,1,1,95501.66655762064,0
1281,15790824,Smith,442,Germany,Female,41,6,5760.067396184151,3,1,1,133767.9256731958,0
1282,15698333,Johnson,749,France,Male,31,4,66687.4391987134,1,0,1,79778.64599426545,0
1283,15815362,Williams,850,France,Male,39,7,40670.397904330945,3,1,0,118816.97359036059,1
1284,15774251,Brown,679,Germany,Male,40,3,77637.98235541437,1,1,0,142129.3277479168,0
1285,15642672,Jones,536,Spain,Male,33,6,21715.332422387033,1,0,0,87900.67704379007,1
1286,15760763,Garcia,546,France,Male,20,10,157291.03926189098,1,1,0,114707.68530663515,0
1287,15643268,Miller,711,France,Male,41,4,18742.547942418867,4,1,0,124558.6784739609,0
1288,15692363,Davis,688,France,Female,38,2,66966.45114190223,4,1,0,67439.85472890674,1
1289,15670970,Rodriguez,621,France,Male,40,7,35039.844790909905,2,1,1,73118.40250828642,0
1290,15772457,Martinez,725,Germany,Female,34,5,47971.050584734454,1,1,0,12128.824424418723,1
1291,15676516,Smith,443,Germany,Male,32,3,6146.099352649944,4,1,0,54593.291553374926,1
1292,15762340,Johnson,725,France,Female,36,8,47187.92379507606,3,1,1,26364.489464209575,0
1293,15702128,Williams,673,France,Female,40,8,41452.35499285195,3,0,0,104315.69897355491,0
1294,15811439,Brown,550,Spain,Female,45,1,63456.95889125325,4,0,1,144586.5884615365,0
1295,15654558,Jones,506,Spain,Female,30,9,16963.064874967644,4,1,1,137268.64414960583,0
1296,15680842,Garcia,662,Spain,Male,46,8,89274.22481935786,2,1,0,154153.92946891717,0
1297,15755610,Miller,790,France,Male,45,3,145272.17660111148,2,0,0,96938.0474626037,0
1298,15802822,Davis,627,Germany,Male,44,8,106861.98237953775,2,1,0,100912.23413937948,0
1299,15728872,Rodriguez,564,France,Male,57,9,24825.78545459117,3,1,1,176372.89039801405,0
1300,15639359,Martinez,669,France,Male,21,7,71817.39583074393,3,1,1,19548.658759297672,0
1301,15653699,Smith,832,France,Female,58,9,22708.811367724484,1,1,0,11600.0,0
1302,15776069,Johnson,693,Germany,Male,32,2,99430.14773568937,3,1,1,96202.67678482158,0
1303,15781915,Williams,703,France,Male,41,9,23531.327834847474,4,1,0,139405.182027105,0
1304,15738494,Brown,772,Spain,Male,39,6,10292.302559181315,2,1,0,40620.06648547937,0
1305,15793370,Jones,697,France,Female,25,1,33575.34750816756,1,1,1,104219.3825017139,0
1306,15705082,Garcia,571,France,Female,44,1,7256.346572639524,1,0,1,84862.18731816819,0
1307,15680765,Miller,475,France,Male,47,3,44206.13210504617,4,0,0,43057.37171968295,1
1308,15654418,Davis,557,France,Male,43,9,42967.8110341659,2,1,1,106422.235971642,0
1309,15815514,Rodriguez,539,France,Male,24,6,33746.85497688229,1,1,1,11600.0,1
1310,15687455,Martinez,715,France,Female,26,3,46282.98993645845,2,0,1,127488.10629256692,0
1311,15790591,Smith,729,France,Male,32,1,185078.61728823985,2,0,1,149476.9842024415,0
1312,15731333,Johnson,667,France,Female,51,1,24166.78871963716,2,1,1,64163.66966045232,0
1313,15787240,Williams,523,Germany,Male,39,4,27476.12728133343,3,0,0,148089.28859839402,0
1314,15697425,Brown,828,France,Male,18,2,16012.188612494845,2,1,1,131079.59790099127,0
1315,15786480,Jones,608,Germany,Female,59,2,10194.9172332658,2,1,0,45135.60771328241,0
1316,15636361,Garcia,710,Germany,Female,54,0,17067.308675053726,4,1,0,89384.96256755588,0
1317,15807623,Miller,654,France,Female,28,2,11953.363226919642,4,1,1,129700.18528291894,0
1318,15726976,Davis,670,Spain,Male,34,3,28323.005553179104,1,1,1,121315.63673759151,0
1319,15768156,Rodriguez,706,Germany,Female,36,5,13283.867375739053,1,0,0,19820.00519629511,1
1320,15659044,Martinez,580,France,Male,44,10,36423.022931525236,2,1,1,125210.69306444026,0
1321,15799393,Smith,780,Spain,Male,40,5,16865.338831445224,4,0,0,35267.66716215157,0
1322,15823740,Johnson,492,Spain,Male,32,4,27641.287674920783,1,1,1,11600.0,0
1323,15728103,Williams,546,Spain,Male,52,3,6920.509104867191,3,0,1,124023.27620712473,0
1324,15636681,Brown,779,Germany,Female,56,5,8953.454864548567,4,1,1,90902.82034344236,0
1325,15768391,Jones,709,France,Male,38,4,47610.971342810946,4,1,1,106665.34671456696,0
1326,15694278,Garcia,850,France,Female,33,9,41657.949962651175,4,0,1,172842.4021682716,0
1327,15793626,Miller,656,Germany,Male,54,0,9389.87229826687,3,1,0,86785.01653605606,0
1328,15808134,Davis,820,Spain,Male,18,1,17464.36343642719,1,0,0,53749.147401672926,0
1329,15724999,Rodriguez,464,Germany,Female,30,8,12518.011433310825,1,1,0,16832.47373097902,1
1330,15707449,Martinez,508,Spain,Female,48,9,79840.13003439807,1,1,1,157137.29034203463,0
1331,15728209,Smith,739,France,Female,52,3,22691.653953207126,1,0,1,118484.05080266914,0
1332,15784123,Johnson,475,France,Female,35,5,26040.70876172327,1,0,0,116440.22449513084,1
1333,15799210,Williams,630,Spain,Male,61,4,54665.74824721057,4,0,1,136627.603609332,0
1334,15698679,Brown,766,Spain,Female,18,1,19692.68480403493,3,1,1,181483.73337377957,0
1335,15672860,Jones,700,Spain,Female,49,0,23725.19612332062,2,1,1,48781.15731285784,0
1336,15813976,Garcia,651,Spain,Male,39,0,79949.97114193755,1,1,0,45757.16716301406,0
1337,15794539,Miller,605,France,Female,34,0,79123.04128083256,2,0,0,89781.4506989472,0
1338,15772319,Davis,670,Germany,Female,47,5,46389.11481820847,1,0,0,45314.078664664215,0
1339,15754373,Rodriguez,707,Spain,Male,35,9,40932.97473867212,4,0,0,109948.73191767093,1
1340,15672602,Martinez,583,Germany,Female,28,6,9984.140168710275,4,1,0,76244.15051860077,0
1341,15661339,Smith,687,France,Male,40,6,32045.109549379646,2,0,0,128186.58599117816,0
1342,15646087,Johnson,757,France,Female,38,8,16034.913146018906,1,0,1,81170.07582027029,1
1343,15673167,Williams,627,Germany,Male,31,2,65420.62854658761,1,1,1,116279.90907645185,1
1344,15791196,Brown,656,France,Male,33,8,49434.982336605884,3,0,0,65661.44410477825,1
1345,15754216,Jones,698,Germany,Female,34,0,23714.11657951514,3,1,0,122672.42168815456,1
1346,15699757,Garcia,705,France,Male,22,1,38296.05797994622,4,0,0,141174.9735132924,1
1347,15820842,Miller,737,France,Male,22,6,27329.138960083616,3,1,1,87508.35721085142,0
1348,15687089,Davis,548,Spain,Female,48,1,7916.758633936862,3,1,1,131052.68777525319,0
1349,15764550,Rodriguez,597,France,Female,24,9,75881.88649168999,4,1,1,78669.70158471519,0
1350,15646944,Martinez,600,Spain,Female,38,10,114262.264979357,1,1,1,48268.681046128375,0
1351,15675408,Smith,559,France,Male,20,3,133211.08610321063,3,1,0,134110.0409573617,0
1352,15683372,Johnson,470,Spain,Male,54,1,77840.43252826853,2,1,0,107357.45931755667,0
1353,15713225,Williams,350,France,Female,36,10,86196.07458156889,3,1,0,159542.8136463231,0
1354,15737779,Brown,769,France,Female,50,1,2866.8849981120984,4,1,1,34330.15259340986,0
1355,15765628,Jones,494,Spain,Male,60,10,76138.03694546872,2,0,0,83729.25852896675,0
1356,15710231,Garcia,806,Spain,Female,26,0,18078.16462005899,4,0,1,71972.90104542513,0
1357,15755595,Miller,723,France,Male,32,8,7414.620187223583,2,1,1,95537.81339994972,0
1358,15818277,Davis,609,Spain,Male,47,9,36896.44529902536,1,1,1,28966.57326842715,0
1359,15761546,Rodriguez,711,Germany,Male,32,2,42243.54924315193,3,1,1,163221.9835335093,0
1360,15740549,Martinez,692,Spain,Male,41,0,33160.95819246528,3,1,0,87117.50717790905,0
1361,15661001,Smith,539,Germany,Male,40,9,52890.45079018787,2,0,0,11600.0,1
1362,15762779,Johnson,648,France,Female,18,5,62626.49772120975,4,1,1,15824.937128064266,0
1363,15744177,Williams,552,France,Male,48,7,7373.587052241785,4,1,0,76515.98510174797,0
1364,15745506,Brown,715,France,Female,37,6,47976.09942254466,2,1,1,24991.434795216614,0
1365,15820780,Jones,578,Germany,Female,27,6,2799.5276810377686,3,1,1,110922.38354733161,0
1366,15665280,Garcia,640,France,Female,54,1,29779.679816936416,2,0,0,166093.2826010415,0
1367,15710820,Miller,636,France,Male,31,10,5270.7803299233265,1,1,1,58072.071104451345,0
1368,15697832,Davis,662,France,Male,31,3,29856.917436153406,3,1,0,127858.11110435495,1
1369,15708657,Rodriguez,816,France,Female,20,5,9645.462432681576,4,1,1,176379.9602120278,1
1370,15822047,Martinez,625,Spain,Male,44,1,66293.89280198757,1,1,0,11600.0,0
1371,15797154,Smith,771,Germany,Female,39,4,114920.03724066242,1,1,1,83883.93953964577,0
1372,15834510,Johnson,697,Spain,Male,21,4,9288.776901471612,3,1,1,62710.617320085956,0
1373,15706860,Williams,791,Spain,Male,41,2,66714.7567076071,4,1,0,56812.97963348814,0
1374,15674588,Brown,616,Germany,Female,47,1,7900.286751464426,3,1,0,130626.16346912416,0
1375,15789834,Jones,719,Spain,Female,43,10,28433.225738757093,2,1,0,61199.4224956783,0
1376,15720197,Garcia,644,France,Male,52,6,49112.800959073815,1,1,0,111082.7170021292,0
1377,15735960,Miller,351,France,Male,32,7,38579.89589150235,3,1,0,112898.71465053131,0
1378,15699531,Davis,541,France,Female,56,3,2942.5006839099556,3,1,1,71999.03932095805,0
1379,15708108,Rodriguez,708,France,Male,39,3,22521.493091774515,1,1,1,186609.33267536954,0
1380,15669513,Martinez,701,Spain,Male,47,10,31759.13028218294,2,1,1,184092.1270529532,0
1381,15721729,Smith,520,Germany,Male,51,8,24829.531332779232,4,1,0,11600.0,0
1382,15797495,Johnson,672,France,Male,65,3,54755.70429962611,3,1,0,134573.6393707362,0
1383,15826209,Williams,700,Germany,Female,28,9,109540.17050792904,1,1,0,110590.10239440737,0
1384,15748055,Brown,646,Germany,Male,31,2,55080.07329197898,1,1,1,37939.65992574473,0
1385,15719060,Jones,722,France,Female,40,10,44575.326130295456,2,0,0,101372.95659179101,0
1386,15646777,Garcia,709,Germany,Female,35,0,8071.011575574713,3,1,1,153488.2840922091,0
1387,15753837,Miller,646,Spain,Female,30,2,21450.59466228923,1,0,1,78629.15381055215,1
1388,15689373,Davis,598,Spain,Male,23,4,39735.44211217548,2,0,0,63813.61098921107,0
1389,15761759,Rodriguez,754,Germany,Male,40,1,135939.97477722683,3,1,0,98383.67285040264,0
1390,15755902,Martinez,696,France,Female,46,4,18176.48696245511,4,1,0,107988.9590747978,1
1391,15721527,Smith,511,France,Male,42,8,20621.30048070227,4,0,0,101734.4020516409,0
1392,15700960,Johnson,672,France,Female,22,9,44526.210819408465,3,1,0,118396.06240963354,0
1393,15783001,Williams,534,Spain,Male,22,10,114979.52259334359,3,0,0,45035.039389047015,0
1394,15681659,Brown,553,France,Female,39,5,39175.46025424179,3,1,1,141327.17611504387,0
1395,15640752,Jones,584,France,Female,36,2,9582.950901751363,3,1,1,124900.18533797837,0
1396,15639027,Garcia,654,Spain,Male,35,4,3923.960054272413,2,0,0,147098.51269835414,0
1397,15650634,Miller,687,Spain,Male,36,0,109908.05457202581,1,1,1,26186.067680040607,0
1398,15636800,Davis,609,Germany,Male,34,7,55424.457639804416,2,0,0,163618.92084757503,1
1399,15826174,Rodriguez,613,France,Male,40,8,12456.67010598561,1,1,1,126449.2632244057,0
1400,15819068,Martinez,599,France,Male,50,4,64458.51015137676,2,1,0,32920.763750891725,0
1401,15785753,Smith,754,France,Female,29,8,63572.72149577761,3,0,0,89460.0148340617,1
1402,15801894,Johnson,364,Germany,Male,43,7,73947.79147839705,2,1,0,117540.9385569226,0
1403,15807548,Williams,619,France,Male,39,7,111361.88365092123,1,0,0,187152.0870486588,0
1404,15779533,Brown,804,Spain,Male,21,1,8245.634417359464,4,1,1,47682.342253463736,0
1405,15816134,Jones,701,Spain,Male,32,4,157031.23063517094,3,1,1,200000.0,0
1406,15797093,Garcia,776,France,Male,39,7,250000.0,4,1,0,79502.76865266664,0
1407,15753467,Miller,446,France,Female,60,2,729.6249062357762,1,1,0,17204.031578819093,0
1408,15774379,Davis,525,Germany,Female,31,0,4787.213605835554,3,1,0,122433.21300104551,0
1409,15808554,Rodriguez,701,Spain,Male,32,10,28453.838818568343,3,1,1,68969.6039691381,0
1410,15657838,Martinez,805,Spain,Male,43,3,1751.1992989817854,3,1,0,11600.0,0
1411,15722557,Smith,535,France,Female,37,3,66381.92282894033,4,1,0,165881.486678819,1
1412,15737747,Johnson,611,France,Male,26,9,52595.51824951658,4,1,0,113996.7309167374,0
1413,15781032,Williams,690,Spain,Male,21,3,74773.51623609911,1,0,1,188937.64775788487,0
1414,15729516,Brown,504,Germany,Female,20,3,250000.0,1,1,0,87383.71673651844,0
1415,15737472,Jones,702,France,Male,47,8,135464.87219858714,2,0,0,42815.86870199369,0
1416,15750845,Garcia,382,Germany,Male,28,10,17822.987358109374,1,1,0,33376.935211625736,0
1417,15649198,Miller,699,Spain,Female,62,0,25247.50362755846,2,1,1,26942.929740669308,0
1418,15799246,Davis,550,France,Male,33,8,74798.12613173049,4,0,1,132864.91167233593,0
1419,15766953,Rodriguez,605,Spain,Female,46,6,24563.53540745774,1,1,0,121911.25417081767,0
1420,15828871,Martinez,715,France,Male,27,4,59971.58756346331,3,1,0,46141.75769742292,0
1421,15746098,Smith,694,Spain,Female,40,1,125432.88469962397,2,0,1,65772.68803719839,0
1422,15764875,Johnson,649,Germany,Male,53,9,26033.501336477068,2,0,0,178094.41350888764,0
1423,15828190,Williams,746,France,Male,35,9,41108.041589902314,2,1,0,122305.94004097502,0
1424,15772757,Brown,479,Germany,Female,28,9,92087.71181568335,4,1,1,162730.0117384012,0
1425,15755276,Jones,670,Spain,Female,35,3,32472.77792571492,2,1,1,122067.92096529178,0
1426,15754909,Garcia,570,Spain,Male,36,10,17063.396583573904,1,1,1,143478.57007386355,1
1427,15783445,Miller,741,France,Female,29,3,14931.693113723779,2,1,1,109825.93778302585,0
1428,15795649,Davis,718,Germany,Male,55,3,3729.9178071401507,3,1,1,11600.0,0
1429,15811322,Rodriguez,722,Germany,Female,39,10,20050.93328987127,4,1,0,160174.89301289484,0
1430,15813959,Martinez,814,Germany,Female,51,1,57895.70299775414,4,1,0,84622.50015028896,0
1431,15653665,Smith,762,Spain,Male,49,7,3032.1887289616952,1,1,0,88983.85506295407,0
1432,15702244,Johnson,634,France,Male,56,3,16030.32127195002,3,1,0,73449.65971306569,1
1433,15724695,Williams,649,France,Male,26,8,5916.750884871379,4,1,0,95958.39471393033,0
1434,15803273,Brown,710,Germany,Female,45,1,25915.850375802635,4,1,1,52343.66874805331,0
1435,15817594,Jones,663,France,Male,33,6,4902.151153984296,4,1,0,198180.02695254722,0
1436,15794203,Garcia,720,Spain,Female,37,4,68531.06982044688,1,1,1,105119.46164429026,0
1437,15670556,Miller,426,Germany,Male,28,4,131571.37378089482,1,1,1,60903.20009686906,0
1438,15662458,Davis,838,France,Female,62,6,10680.24360890736,4,0,0,57770.37831605008,0
1439,15637175,Rodriguez,656,Spain,Female,31,3,14422.62601521891,2,1,0,76435.59719634277,0
1440,15669969,Martinez,487,France,Female,45,2,8726.892550957307,4,1,0,130157.87554677535,0
1441,15734210,Smith,558,Germany,Female,26,8,10377.687979891312,3,1,1,200000.0,0
1442,15695376,Johnson,437,France,Male,36,2,18666.83449688486,3,0,1,71589.1741136512,0
1443,15658354,Williams,540,France,Male,49,4,16506.580037670814,4,0,1,149198.18946307286,0
1444,15689631,Brown,635,France,Female,42,1,24320.50008262444,4,0,1,102947.96910961588,0
1445,15783359,Jones,801,Germany,Male,29,6,37216.00444701167,4,1,0,15906.496975991351,1
1446,15764884,Garcia,691,France,Female,31,10,65012.10497469828,3,0,1,103206.14520477816,0
1447,15686295,Miller,673,France,Female,40,6,107919.34487151027,1,1,0,128009.34962159926,0
1448,15751341,Davis,536,France,Female,38,4,30751.877387026376,2,0,1,133316.3146190673,0
1449,15690563,Rodriguez,567,France,Male,25,7,119830.17981679225,1,1,1,136014.67339960102,0
1450,15761280,Martinez,575,Spain,Male,35,8,56933.605364292795,2,0,1,60451.35225891324,0
1451,15709134,Smith,579,France,Female,37,3,65264.996981811884,3,0,1,139077.73259232816,0
1452,15716596,Johnson,614,Spain,Male,44,10,36932.710175149536,3,1,1,11600.0,0
1453,15690735,Williams,622,Germany,Female,49,1,37035.00420540186,3,1,1,121399.93170293228,0
1454,15695870,Brown,616,Germany,Male,45,1,37961.47280714024,3,0,0,33579.33884660831,0
1455,15803917,Jones,582,France,Male,42,10,33861.50500187296,1,1,0,162662.30691805412,1
1456,15823058,Garcia,663,Spain,Male,42,3,30705.573084814238,2,0,1,120734.6027507629,0
1457,15666255,Miller,618,France,Female,43,5,74485.02151479291,3,1,1,23065.597491057997,0
1458,15792331,Davis,490,Germany,Male,48,5,24525.168422572115,2,1,1,111233.29988756034,0
1459,15805626,Rodriguez,653,Spain,Female,55,1,11579.899995581976,2,0,0,111488.15346858204,0
1460,15787854,Martinez,638,Spain,Female,29,0,7284.2056515418935,4,1,0,86792.83078944674,0
1461,15756431,Smith,492,Germany,Female,34,1,105838.31732842121,1,0,1,113480.41845771219,1
1462,15762979,Johnson,590,Spain,Female,49,7,99346.1606415526,1,1,1,121317.14654932343,0
1463,15636224,Williams,709,Germany,Male,29,4,13962.069630841883,1,1,0,63793.839135303766,0
1464,15683358,Brown,536,France,Female,26,2,6289.776107393572,1,1,1,31364.802847733023,0
1465,15675411,Jones,525,France,Male,32,8,161520.75445796383,2,1,1,41348.50567182019,0
1466,15651327,Garcia,617,France,Female,39,6,32890.63261487856,3,0,1,89192.15522450516,0
1467,15827070,Miller,712,France,Female,34,7,4901.436958917001,3,0,0,149261.57015193836,0
1468,15685828,Davis,831,Spain,Male,42,5,12123.19860493285,2,1,1,46399.119098855575,0
1469,15715784,Rodriguez,715,Germany,Male,36,6,60829.05462695093,3,1,1,65343.92161220938,0
1470,15664004,Martinez,758,France,Female,35,2,4240.670107913112,4,1,1,130817.01301422944,0
1471,15638865,Smith,684,Spain,Male,22,0,28375.453191013567,2,0,1,96143.81727985424,0
1472,15812502,Johnson,581,France,Female,44,0,27894.37767804894,2,1,1,11600.0,0
1473,15682526,Williams,715,Spain,Male,45,0,57866.8916724698,4,0,1,113752.38766347094,0
1474,15708784,Brown,641,Spain,Female,37,10,11119.92762895792,4,1,0,87695.46931479826,0
1475,15824726,Jones,687,Spain,Male,40,10,206046.89953987193,3,1,1,39563.43382293944,0
1476,15777338,Garcia,555,Spain,Female,40,6,8437.4459318725,1,1,0,52667.78370444488,0
1477,15670339,Miller,696,France,Male,49,1,45610.745003333934,1,1,1,118005.44311435189,0
1478,15735934,Davis,637,Germany,Male,41,5,19882.45636517696,4,0,1,140811.80391570914,0
1479,15724165,Rodriguez,673,France,Male,25,0,7128.899582016773,3,1,0,43579.64832370573,0
1480,15795047,Martinez,641,France,Male,58,9,38705.23245285374,1,1,1,101791.71519391597,1
1481,15802071,Smith,622,Germany,Male,51,7,9287.18385070431,4,1,0,76952.45541085751,0
1482,15763177,Johnson,698,France,Female,39,4,56948.07961701807,3,0,1,70399.75380378804,0
1483,15735973,Williams,609,Spain,Male,40,8,1648.4204883425589,3,1,0,119479.46113424818,0
1484,15673311,Brown,491,Spain,Female,41,2,35707.775117098296,3,1,0,85833.55622273232,0
1485,15826794,Jones,462,France,Male,31,1,12357.9089250455,1,1,1,93070.43924994848,0
1486,15784924,Garcia,668,Germany,Male,50,7,149781.15761639577,2,1,0,136842.29805432633,0
1487,15655774,Miller,605,France,Male,49,10,61985.50595116028,4,0,1,62856.88999271814,0
1488,15646157,Davis,477,Spain,Female,38,4,70382.41446407701,4,1,0,50861.68705765118,1
1489,15687878,Rodriguez,660,Germany,Male,45,0,61098.375881025815,2,0,1,186484.08148772776,0
1490,15692094,Martinez,640,France,Male,49,10,54815.066118024515,1,1,1,161411.18791939266,0
1491,15818676,Smith,600,France,Male,41,5,7427.785006590008,1,0,0,95519.84157518228,1
1492,15724201,Johnson,674,France,Male,28,2,250000.0,4,1,1,52015.64084021813,0
1493,15790436,Williams,781,Spain,Male,45,7,53556.021463059056,2,1,1,169066.38038203772,0
1494,15645648,Brown,778,France,Male,39,5,113835.65437380785,2,1,1,85985.2080873664,0
1495,15750623,Jones,664,France,Male,28,1,35039.41604714422,2,0,0,75562.52866204554,0
1496,15794443,Garcia,641,Spain,Female,49,5,16841.591992249127,2,1,0,180741.1203243861,1
1497,15818976,Miller,665,Spain,Male,41,2,28744.155592551237,3,1,1,75738.53826761697,0
1498,15788824,Davis,680,Spain,Male,36,6,25471.28306673773,3,1,0,113369.22583836831,1
1499,15833921,Rodriguez,623,Germany,Male,59,0,804.4048970672347,4,1,1,59381.839887687085,0
1500,15639455,Martinez,667,Germany,Female,33,0,56186.98847501705,2,1,0,69653.16879562906,0
1501,15755502,Smith,492,Germany,Male,29,9,66903.28144401805,3,1,1,133999.40542291602,0
1502,15787466,Johnson,658,France,Female,40,3,2088.6633674616533,2,1,1,120010.12548526048,0
1503,15693731,Williams,697,Germany,Female,37,6,14114.390302798125,1,1,0,188574.64615732222,0
1504,15748732,Brown,601,France,Female,33,3,54597.174871716066,4,1,0,163696.65466753274,0
1505,15832972,Jones,640,France,Male,53,8,19422.641675669187,3,1,0,194594.0926482185,0
1506,15797661,Garcia,538,Spain,Male,27,7,135791.39043031548,3,1,1,195046.87071644905,0
1507,15781524,Miller,524,France,Male,42,4,5972.738477877414,1,0,0,66166.68147485735,0
1508,15777786,Davis,671,Spain,Female,39,0,131614.8536606013,4,0,0,42461.233468843966,0
1509,15756391,Rodriguez,577,France,Female,38,2,122646.81429495312,2,1,0,189119.05493772106,0
1510,15789732,Martinez,472,France,Male,50,7,155912.62337499135,3,1,0,59844.373969122316,1
1511,15811094,Smith,538,Germany,Female,59,6,4018.639804418734,3,1,0,102523.10562597506,0
1512,15673492,Johnson,553,Spain,Male,39,7,15900.2888089886,3,1,1,84649.50593283362,0
1513,15700619,Williams,727,Germany,Male,47,0,14472.176620931948,2,1,0,49372.49748370107,1
1514,15812978,Brown,667,Spain,Male,39,1,108269.03070418525,3,1,1,67469.19635838874,0
1515,15798595,Jones,562,France,Male,39,9,82298.94220354193,1,1,1,50277.80174040822,0
1516,15767198,Garcia,591,Spain,Female,43,6,8651.922916955045,4,1,0,19416.34477075319,0
1517,15735026,Miller,781,France,Female,40,4,7627.14657351481,3,1,0,74080.39258249028,0
1518,15649650,Davis,743,Spain,Female,29,4,32135.17637177632,4,0,0,136423.82400184078,0
1519,15800785,Rodriguez,538,France,Male,52,9,9518.056369080496,1,0,0,198333.73945733195,0
1520,15803578,Martinez,766,Spain,Female,43,8,32303.68456205122,4,1,0,111526.62298597785,0
1521,15689514,Smith,641,Germany,Female,38,0,93118.09443717048,1,0,0,58351.48544811217,0
1522,15668610,Johnson,729,France,Male,32,4,34648.7851472709,4,1,1,145157.13340059036,0
1523,15765734,Williams,633,Spain,Male,41,6,64448.43374871333,2,1,1,87780.79534213828,0
1524,15718161,Brown,768,France,Female,36,4,14388.890276299735,2,1,0,111767.59497111688,0
1525,15689939,Jones,534,France,Female,40,9,15447.848747970162,4,1,1,168615.57677222538,0
1526,15745218,Garcia,624,Spain,Female,37,10,45043.40927156129,3,0,0,148602.23776091659,0
1527,15647952,Miller,771,France,Male,30,6,95672.56608494702,4,1,0,11600.0,1
1528,15658956,Davis,410,France,Male,55,0,37869.36811538494,1,1,0,115840.75417353143,1
1529,15679788,Rodriguez,645,Germany,Female,29,4,11049.87237654286,4,1,0,76122.8500613969,1
1530,15662747,Martinez,610,Spain,Female,31,5,12284.267926945517,1,1,1,104187.43153031403,1
1531,15799694,Smith,718,France,Male,45,5,47987.95508517666,2,0,0,35515.63590010661,0
1532,15720725,Johnson,756,Germany,Female,42,3,5456.894614303972,3,1,1,93027.50955005981,0
1533,15655183,Williams,723,Germany,Female,45,4,3385.957715937279,3,0,1,28348.888915181204,0
1534,15723531,Brown,674,Spain,Female,44,7,5423.424298942785,1,1,0,142347.96394271767,0
1535,15657653,Jones,654,Spain,Female,31,5,24907.358225887587,3,1,1,171226.90609054614,0
1536,15686076,Garcia,615,Spain,Male,45,0,21876.452031050514,4,1,1,59054.29539033516,0
1537,15726350,Miller,670,Germany,Female,32,4,107.44498463656603,3,1,0,187813.9197581795,0
1538,15760597,Davis,795,France,Male,49,6,8817.295960283456,4,1,0,140781.11127557384,0
1539,15704228,Rodriguez,566,France,Female,29,7,21348.134171077767,1,1,1,137759.14397564554,0
1540,15641562,Martinez,609,Germany,Male,31,3,28102.49089600419,4,1,1,119011.68165569412,0
1541,15801446,Smith,642,Spain,Female,31,1,25733.08548430298,2,1,1,141293.5267374615,0
1542,15787194,Johnson,750,Germany,Female,42,3,19255.045710679256,4,1,1,150013.78572006625,1
1543,15815155,Williams,672,France,Female,38,5,83544.75948914906,3,0,0,11600.0,1
1544,15671010,Brown,748,France,Female,40,5,26894.454054945392,2,1,0,129206.69889556718,0
1545,15728608,Jones,753,Germany,Male,37,5,51707.71302581674,3,0,0,200000.0,0
1546,15691736,Garcia,709,Germany,Female,38,0,89336.70341589971,2,1,0,104873.89126419213,1
1547,15786165,Miller,543,Germany,Male,34,10,96111.27615054583,3,0,1,148165.47657323175,0
1548,15767015,Davis,816,Germany,Male,23,6,97251.23576172498,3,1,1,76796.50739128281,0
1549,15810297,Rodriguez,791,France,Female,25,6,34124.930029868556,3,1,1,11600.0,1
1550,15724929,Martinez,656,Spain,Female,30,4,54135.15953214432,3,1,1,55576.10394508723,0
1551,15766012,Smith,511,Germany,Female,35,3,18892.816184630028,4,1,1,200000.0,0
1552,15777928,Johnson,493,France,Male,53,10,98968.6398573125,4,0,0,200000.0,0
1553,15817534,Williams,675,France,Female,28,2,11996.03178743909,3,1,0,82391.3020146279,0
1554,15645946,Brown,579,Spain,Female,28,10,77488.87200927942,1,1,1,120441.60886378479,0
1555,15767424,Jones,478,Spain,Female,20,10,31723.854702464643,3,1,1,178839.54393783346,0
1556,15820430,Garcia,492,France,Female,44,10,17747.185112430845,1,0,0,104751.53109546272,1
1557,15702559,Miller,603,France,Male,36,7,23874.23837185018,3,1,1,137333.05594233697,0
1558,15740025,Davis,669,France,Female,26,10,44369.31299784447,2,1,0,200000.0,0
1559,15692655,Rodriguez,790,France,Female,38,7,132951.18387716808,4,1,0,124444.9546255568,0
1560,15781570,Martinez,698,Germany,Male,33,2,5131.711004237022,2,1,0,131277.54405526456,1
1561,15821435,Smith,611,Germany,Male,51,10,125960.85496121696,2,0,1,95160.77300524095,0
1562,15828226,Johnson,687,Germany,Female,32,10,84561.83202617502,4,1,0,59169.11773394926,0
1563,15712056,Williams,679,Germany,Male,55,4,44254.55718649188,4,1,1,154473.92368786427,0
1564,15725202,Brown,723,France,Male,40,7,6983.206672310745,1,0,1,179610.86546137382,0
1565,15757334,Jones,646,France,Male,35,9,83686.89407727304,1,0,0,58221.23203510792,0
1566,15793609,Garcia,753,France,Male,36,9,58661.16837279692,2,1,1,11600.0,0
1567,15672243,Miller,732,France,Female,41,5,34389.943801233036,1,0,1,11600.0,0
1568,15664313,Davis,658,France,Male,36,1,108519.65687485537,2,1,0,116598.79293708876,0
1569,15704944,Rodriguez,638,Germany,Male,29,0,54599.871885323526,3,1,1,96791.0062459944,0
1570,15741498,Martinez,741,Spain,Female,45,6,17028.3425384671,3,1,1,197954.81972671818,0
1571,15777856,Smith,578,Spain,Male,48,1,2229.9965588182167,3,1,1,87229.99749319453,0
1572,15722435,Johnson,499,Spain,Female,49,9,71217.26701874389,4,0,1,180826.63299517438,0
1573,15690878,Williams,498,Germany,Female,37,9,14750.054780981083,3,0,0,56421.98440417815,0
1574,15654143,Brown,570,Germany,Female,49,3,16461.300413142413,1,1,1,131054.58061295543,1
1575,15729059,Jones,715,France,Female,42,10,29865.836021596682,2,1,1,70172.0842450092,0
1576,15679415,Garcia,607,Spain,Male,36,5,69308.249454632,1,0,0,89138.04871416578,1
1577,15802872,Miller,670,France,Male,33,6,129061.95941259142,2,1,1,11600.0,0
1578,15774494,Davis,600,France,Male,48,6,12184.655497788684,3,1,1,28282.45125413836,0
1579,15658672,Rodriguez,601,France,Male,22,6,106860.42329489772,4,1,0,73275.9340400568,0
1580,15776796,Martinez,547,Spain,Male,52,3,46364.11142085469,2,1,0,72901.36968115356,1
1581,15715161,Smith,640,Spain,Male,40,10,96751.16667001776,1,0,0,147013.6540299388,0
1582,15676388,Johnson,632,Spain,Female,33,9,94262.14717776385,2,1,0,42663.07229216909,0
1583,15772411,Williams,691,Germany,Male,31,9,24910.621567860504,3,1,0,147519.56266828073,0
1584,15670664,Brown,678,Germany,Male,34,5,56680.96944652196,4,1,0,11600.0,0
1585,15819911,Jones,630,Spain,Male,46,2,146503.14248756738,1,1,0,131973.63467456505,1
1586,15686173,Garcia,499,Germany,Male,42,7,55795.729912889234,1,1,1,76910.0734878229,0
1587,15660112,Miller,757,Spain,Female,34,0,30639.163848622615,2,1,1,40319.05615529592,0
1588,15654028,Davis,641,France,Female,33,7,23257.680208866193,3,1,1,157391.9879503873,0
1589,15671867,Rodriguez,657,France,Female,42,4,7734.167139639327,2,1,1,199097.66152510874,1
1590,15783524,Martinez,810,Spain,Female,66,7,250000.0,1,1,1,163606.6265120369,0
1591,15700752,Smith,740,France,Female,66,3,53620.69445102524,2,1,0,103158.39629217896,0
1592,15721914,Johnson,694,Spain,Female,49,1,16186.676589223598,2,1,1,194793.15030782134,0
1593,15724215,Williams,649,Germany,Male,31,3,3868.2863504235534,3,1,1,130738.85745783747,0
1594,15709512,Brown,648,Spain,Male,46,10,70104.84632106344,2,1,1,91272.9358183552,0
1595,15686977,Jones,674,France,Female,31,7,96575.76549959084,4,1,0,28228.69750163317,0
1596,15756428,Garcia,690,Germany,Male,36,9,27913.03982823535,3,1,1,42826.75513142351,0
1597,15670037,Miller,821,France,Male,52,0,156270.76930689526,2,1,1,153612.1657459985,0
1598,15731045,Davis,850,Germany,Male,36,10,19910.584916672036,3,1,0,69139.52511826938,0
1599,15822806,Rodriguez,679,Germany,Male,36,4,70541.87753217707,1,1,1,35150.663775208035,0
1600,15768657,Martinez,434,Spain,Female,33,10,15257.178027825421,3,1,0,127678.83947491724,0
1601,15786336,Smith,554,Germany,Male,30,5,20468.92788733389,3,0,1,89684.89632240868,1
1602,15658112,Johnson,831,France,Male,36,3,46492.91118165108,4,1,1,91898.29200257635,0
1603,15806672,Williams,721,Spain,Male,46,3,1867.7644906636135,4,1,0,57101.60587644972,0
1604,15822520,Brown,692,France,Female,45,3,11838.002003497624,2,0,1,11600.0,0
1605,15728673,Jones,633,France,Female,41,2,9700.222491591152,4,1,0,32992.27806284184,0
1606,15641242,Garcia,531,France,Male,50,9,19873.935275323875,2,1,1,11600.0,0
1607,15679149,Miller,817,Spain,Female,21,4,75133.50108564463,1,1,0,154053.18543087936,1
1608,15689222,Davis,567,France,Male,39,5,119082.24764632057,4,0,1,200000.0,0
1609,15780991,Rodriguez,722,France,Female,31,2,637.67689188282,3,0,1,90147.43297981424,0
1610,15750210,Martinez,519,Spain,Female,58,10,14869.268348575335,1,0,1,11600.0,0
1611,15642166,Smith,628,Spain,Female,36,10,1285.840278807906,2,1,0,104610.04558871243,1
1612,15793019,Johnson,749,France,Male,46,2,98751.67472302122,3,1,1,183921.66041259313,0
1613,15748426,Williams,625,Spain,Male,48,8,11078.08671895314,4,1,0,103745.72795516903,1
1614,15713875,Brown,613,Spain,Male,35,1,73635.71637473397,1,0,1,132657.87677696935,0
1615,15709461,Jones,651,France,Male,48,5,1693.6116008142646,2,1,1,123719.62191000876,0
1616,15744619,Garcia,516,Spain,Male,49,7,25406.805762735436,2,1,1,90755.7087372688,0
1617,15758220,Miller,497,Germany,Male,46,7,22207.03505153447,4,0,1,118741.15451470239,0
1618,15818067,Davis,721,Germany,Male,33,0,19974.205147929682,4,1,1,50236.95375739515,0
1619,15831755,Rodriguez,607,France,Female,24,0,42219.04855134745,1,0,0,99934.38395055593,0
1620,15759943,Martinez,720,Germany,Male,60,7,24822.218586470713,3,1,1,101809.81090446902,0
1621,15664032,Smith,761,France,Female,36,0,25811.22285682146,1,0,1,11600.0,1
1622,15662390,Johnson,769,Spain,Female,49,2,10486.906937217014,2,1,1,92521.85148962482,0
1623,15814217,Williams,487,France,Female,34,8,26764.937737600343,3,1,1,45143.66209844047,0
1624,15779593,Brown,580,France,Female,59,2,67563.9568105059,3,1,1,11600.0,0
1625,15703948,Jones,703,France,Female,34,1,19510.631907661198,1,0,1,96705.80695835206,0
1626,15730724,Garcia,705,Spain,Female,40,0,97275.30763912434,2,1,1,23536.671488991356,0
1627,15674576,Miller,850,France,Male,62,0,9083.972743715914,1,1,1,79839.1885422688,1
1628,15741911,Davis,559,France,Male,23,9,93746.1542078779,1,1,1,104116.10731598026,0
1629,15650973,Rodriguez,766,France,Female,51,2,47825.291983832336,2,1,0,123040.43795583396,0
1630,15679686,Martinez,687,Spain,Male,38,5,27563.05477025165,3,1,1,192238.01812725727,0
1631,15795303,Smith,485,France,Male,46,6,1793.6260114297231,4,0,0,11600.0,0
1632,15816858,Johnson,595,Spain,Female,35,5,6766.237667187471,3,0,0,93143.51722693411,0
1633,15696518,Williams,676,France,Female,55,5,26743.826256884873,1,0,1,174105.45157247002,1
1634,15708574,Brown,479,France,Female,30,8,105157.24395987463,3,0,0,69592.73426613791,1
1635,15827861,Jones,442,Germany,Male,39,3,157132.2150605837,4,1,1,113295.67580956312,0
1636,15647586,Garcia,473,Spain,Female,48,4,132732.55736417504,2,0,0,72881.82964982586,0
1637,15667641,Miller,675,France,Male,30,0,16015.954178713717,3,1,0,39643.30983745456,1
1638,15720033,Davis,601,France,Female,40,3,14821.725743690236,4,0,1,200000.0,1
1639,15718293,Rodriguez,588,France,Male,28,9,67260.25430244902,2,1,0,103979.63853756632,1
1640,15693208,Martinez,591,Germany,Female,34,5,141133.38866805102,4,0,1,135415.81848489158,0
1641,15776290,Smith,507,France,Male,65,6,7155.779370068614,4,1,0,182284.62682034448,0
1642,15737267,Johnson,604,Spain,Male,52,10,23707.31535312165,4,1,1,129953.91911704888,0
1643,15739975,Williams,467,France,Male,45,1,90516.73843577756,3,0,1,160574.55939563614,0
1644,15815746,Brown,768,France,Male,42,9,33862.388495765,1,1,0,122141.15152573338,0
1645,15659176,Jones,819,France,Female,23,5,92373.03941244693,4,1,1,140755.89154967896,0
1646,15769104,Garcia,417,Germany,Male,37,2,6207.495937956129,2,1,1,61339.274226033085,0
1647,15778350,Miller,603,Germany,Male,48,6,75035.6557894194,2,1,0,110424.15033238182,0
1648,15776490,Davis,609,France,Male,34,8,24682.45876119748,2,1,0,75174.22645257108,0
1649,15667335,Rodriguez,632,Spain,Female,42,10,59054.216444378224,3,1,1,104569.13930899212,1
1650,15636652,Martinez,750,France,Male,28,3,17347.04164702843,1,1,1,11600.0,1
1651,15744598,Smith,603,Germany,Male,28,7,58866.42807008127,3,1,0,99427.52344630849,0
1652,15668535,Johnson,641,Germany,Female,61,9,60550.59896242687,4,1,1,113375.16853657903,1
1653,15659553,Williams,850,France,Female,60,5,27179.246252719207,1,0,1,66557.07956518838,1
1654,15667015,Brown,638,Spain,Female,38,2,173990.69301555186,2,1,0,130295.54713858064,0
1655,15800475,Jones,826,Spain,Female,31,2,24.45437385408394,3,1,0,80313.89055696345,0
1656,15821293,Garcia,700,France,Male,29,2,56074.71699284748,2,0,0,120732.40526540363,0
1657,15798587,Miller,594,Germany,Female,43,3,119690.8739929075,3,0,0,186389.0433358517,0
1658,15747175,Davis,577,France,Female,58,1,97414.88920369142,4,1,1,49472.28528848927,0
1659,15806274,Rodriguez,649,Germany,Female,32,4,41588.02442594114,1,1,0,51109.71612821594,0
1660,15823449,Martinez,537,France,Male,40,7,113049.48641662324,1,1,0,161879.49645387696,1
1661,15801074,Smith,563,Spain,Female,40,6,5710.6745519551005,2,1,0,55337.84684205948,0
1662,15770168,Johnson,607,France,Male,55,8,39206.1327874838,1,0,1,110559.27514194913,0
1663,15757346,Williams,679,France,Female,41,2,198990.35755215076,4,1,1,84294.45541000707,0
1664,15724033,Brown,832,France,Male,25,3,238720.72898357047,3,1,1,11600.0,0
1665,15677603,Jones,601,France,Male,46,7,56840.48426831612,3,1,1,92164.62074744441,0
1666,15701966,Garcia,696,Germany,Male,40,9,9175.213709763972,2,0,0,47927.82099826514,0
1667,15759590,Miller,487,France,Male,30,10,5991.265557357382,4,1,1,110657.56795890557,0
1668,15679630,Davis,756,Spain,Female,49,2,127838.64486350254,2,1,1,146410.40812929848,0
1669,15803247,Rodriguez,477,France,Female,35,0,106288.29499838011,2,0,1,45361.56113501067,0
1670,15766480,Martinez,729,Germany,Female,42,1,18946.10299831808,4,1,1,66357.85611326444,0
1671,15758945,Smith,641,Germany,Male,40,9,134090.9461501108,2,1,1,11600.0,1
1672,15822312,Johnson,637,Spain,Female,36,9,6993.365256567901,3,0,0,104444.33627732251,1
1673,15762903,Williams,619,Spain,Female,30,7,17441.806584253605,2,1,1,90545.08422656657,0
1674,15760897,Brown,519,Spain,Male,44,6,51658.97909401157,1,0,0,124250.60151427111,1
1675,15795431,Jones,525,Spain,Female,26,3,9356.849137919382,1,1,1,114963.2254168673,0
1676,15669238,Garcia,733,France,Male,48,7,225783.24854628998,1,1,0,111175.87651616386,0
1677,15813954,Miller,651,Spain,Male,30,2,12587.93895740312,4,1,0,67407.22298284377,1
1678,15658864,Davis,619,Spain,Male,27,0,14073.113832463538,1,1,1,151265.06870121707,0
1679,15715037,Rodriguez,694,France,Female,53,3,32179.4354996689,4,1,1,132042.14223453548,0
1680,15827885,Martinez,660,Germany,Male,39,5,75366.53940508176,2,1,1,123430.54518889662,0
1681,15820516,Smith,570,France,Male,19,5,6419.581931418543,3,1,1,91004.09044489409,0
1682,15763185,Johnson,850,Germany,Female,38,3,55047.441774681116,1,1,0,168516.527341793,0
1683,15822653,Williams,724,France,Male,45,7,5233.1154156622515,4,0,1,123559.37192504245,0
1684,15803871,Brown,662,Germany,Male,45,8,4975.614660260919,1,1,0,111111.83277384471,0
1685,15676446,Jones,598,Germany,Female,31,1,2113.832466241795,4,1,1,14354.744854273958,0
1686,15699356,Garcia,745,Spain,Male,32,2,39331.00432595816,1,1,1,160282.0804848359,0
1687,15799831,Miller,571,Germany,Female,40,7,28632.310472501216,1,0,1,200000.0,0
1688,15711731,Davis,562,Spain,Male,49,0,18361.932628018003,2,1,0,73752.21986718409,1
1689,15674644,Rodriguez,819,France,Female,25,0,37444.76660092404,1,0,1,73367.80382114992,0
1690,15696267,Martinez,653,France,Male,26,6,34842.57938899813,4,1,0,72642.24748005153,0
1691,15751555,Smith,573,France,Female,52,9,32111.429223580944,1,1,1,80119.9168049373,0
1692,15793050,Johnson,650,France,Male,51,6,9464.378965909904,1,0,1,57986.803794889944,0
1693,15821228,Williams,735,France,Female,29,6,113627.31874592404,3,0,0,200000.0,0
1694,15779873,Brown,712,Germany,Female,35,4,48382.44506205108,4,1,1,142915.17311709118,1
1695,15753135,Jones,747,Germany,Female,60,6,6807.680396613728,3,0,1,110849.95211307227,0
1696,15816622,Garcia,525,Germany,Male,47,8,14749.61110014992,1,1,1,146109.02285828453,0
1697,15708383,Miller,744,France,Female,38,5,72320.3309496276,3,0,1,143967.45705345052,0
1698,15700864,Davis,632,France,Male,50,5,74897.39414213585,1,0,1,48005.18764239659,1
1699,15681202,Rodriguez,658,Germany,Female,34,2,64683.882091998246,1,0,1,89666.1736141436,0
1700,15711500,Martinez,770,France,Male,40,6,78143.52635087562,1,0,1,114000.4884348499,0
1701,15828157,Smith,720,France,Male,35,5,45590.345834576656,4,1,1,137986.38800816276,0
1702,15783971,Johnson,685,France,Male,46,4,17038.028103077646,4,0,0,133854.71033929,1
1703,15665050,Williams,451,France,Female,46,2,22132.128975280884,1,1,0,100088.71784618052,1
1704,15660774,Brown,645,France,Male,41,2,35630.618982192354,2,0,0,11600.0,0
1705,15808548,Jones,571,France,Male,44,5,14119.665930419627,1,1,0,12873.452789791263,1
1706,15642259,Garcia,721,France,Male,50,5,95972.95691472018,3,0,1,70394.53019261145,0
1707,15791099,Miller,749,Germany,Female,43,4,68709.40518546135,2,1,1,161676.56129622602,1
1708,15792359,Davis,619,France,Female,41,2,195616.42709615882,3,0,0,102545.47267421932,0
1709,15747457,Rodriguez,583,France,Male,43,1,26829.167482657464,2,0,0,95415.79525771673,0
1710,15790252,Martinez,805,Spain,Female,51,3,102306.33048117725,1,0,0,62152.743771307854,0
1711,15794505,Smith,589,Spain,Female,29,3,75508.07438716502,4,0,1,87889.71631740776,0
1712,15642508,Johnson,530,France,Male,43,9,89171.13330900868,4,1,0,149822.1614715379,0
1713,15696015,Williams,566,Spain,Male,20,1,58261.405041017155,1,0,1,98050.65047157492,1
1714,15688630,Brown,594,France,Male,36,8,21464.962316205136,4,0,1,109230.00100074933,0
1715,15641889,Jones,563,France,Female,57,10,13980.605297557824,1,0,0,11600.0,1
1716,15668262,Garcia,734,Spain,Female,31,10,15894.163120498919,1,1,1,29819.48720007918,0
1717,15695106,Miller,430,Spain,Male,22,2,41849.207672602235,2,1,1,147093.5263034206,1
1718,15825394,Davis,561,France,Male,29,0,105869.31618163336,3,1,1,105010.7404583422,0
1719,15737581,Rodriguez,645,Germany,Male,46,4,29808.453175176088,1,1,1,86366.50266781136,0
1720,15669303,Martinez,671,Germany,Male,37,9,45670.88711259952,1,1,0,49348.06976067866,0
1721,15717902,Smith,819,France,Female,28,2,66175.54626887741,1,1,1,56348.98468659746,0
1722,15783348,Johnson,804,France,Female,51,5,96642.6884260556,4,1,0,84364.72444347768,0
1723,15718162,Williams,489,France,Male,43,0,52275.12092942314,1,0,1,71832.32155987667,1
1724,15789548,Brown,459,Spain,Female,27,9,49618.95854721143,3,1,0,121494.54184799743,0
1725,15678244,Jones,652,France,Male,36,3,219472.39093677813,2,1,0,161784.1335893155,0
1726,15699762,Garcia,582,Spain,Female,60,0,99175.95627601065,4,0,0,153057.29836108556,1
1727,15652204,Miller,530,France,Male,35,0,66103.62089747583,4,1,1,29610.283263914607,0
1728,15737922,Davis,651,France,Female,22,9,89172.35597080941,4,0,0,116072.13404762611,1
1729,15723403,Rodriguez,673,Germany,Male,43,7,250000.0,1,1,1,187232.0304140572,0
1730,15660533,Martinez,566,Germany,Male,42,9,35232.595139845595,1,0,0,110722.93154115933,1
1731,15728979,Smith,587,France,Female,52,10,61129.421354797574,3,1,1,153513.97836297448,0
1732,15663794,Johnson,573,France,Male,35,3,83942.3895963279,3,1,1,178679.64793505426,0
1733,15681144,Williams,608,Germany,Female,43,9,29366.52176454081,3,1,1,113325.17019839537,0
1734,15761617,Brown,704,France,Female,41,2,154984.76803491212,2,1,1,62283.57445392621,0
1735,15677122,Jones,542,France,Female,38,5,24080.911360579896,4,1,1,119680.84981975013,0
1736,15699374,Garcia,585,Germany,Female,42,10,13924.320900945391,1,0,1,18657.879342180153,0
1737,15824436,Miller,610,Germany,Male,45,9,56519.31605406514,3,0,0,113067.77143674891,0
1738,15684708,Davis,649,France,Female,44,8,4209.738974188033,2,0,0,127063.23438074926,0
1739,15715723,Rodriguez,677,Germany,Female,48,5,6770.516085838009,2,0,0,11600.0,0
1740,15660161,Martinez,850,Spain,Male,18,0,176137.39476279623,3,0,1,11600.0,0
1741,15740197,Smith,707,France,Female,24,7,16539.96592693153,1,1,0,145758.5603030451,1
1742,15668344,Johnson,709,Germany,Female,41,0,1685.4627308936908,3,1,1,11600.0,1
1743,15704271,Williams,623,France,Female,40,2,32183.911722445064,3,1,1,33096.00403315702,0
1744,15787428,Brown,552,France,Male,28,8,100999.89269735797,3,1,0,120624.6068503086,0
1745,15769646,Jones,597,France,Female,35,3,20271.941701386528,2,0,1,42718.54265709314,0
1746,15705433,Garcia,578,France,Male,30,7,27178.097434543684,2,0,1,97627.44419471825,0
1747,15746819,Miller,689,Spain,Female,44,8,8530.444197443236,2,0,1,139407.47379108658,0
1748,15676475,Davis,484,France,Male,30,7,21239.49379638996,2,1,0,136453.4227137229,0
1749,15741134,Rodriguez,709,Germany,Male,41,5,168214.02222591103,3,1,1,146562.98667284628,0
1750,15760869,Martinez,638,France,Female,49,8,104864.672735046,1,1,1,120600.2972048737,0
1751,15775577,Smith,723,France,Female,30,10,67324.98894927176,2,1,0,163285.2223243556,0
1752,15768694,Johnson,577,Germany,Female,25,5,77139.96564275137,3,1,1,64340.11381105361,0
1753,15676357,Williams,559,Spain,Male,31,4,55334.40224808701,4,1,0,90324.96987427797,1
1754,15720558,Brown,609,Spain,Female,30,7,6275.464209880683,4,0,1,94052.19807772385,0
1755,15721590,Jones,606,Spain,Female,39,3,6246.752941672258,2,1,0,11600.0,1
1756,15680250,Garcia,730,France,Female,21,2,38521.59503791237,4,0,0,100211.7421706583,0
1757,15760593,Miller,729,Spain,Male,55,3,45249.1098977752,1,1,1,161161.9211755141,1
1758,15775190,Davis,840,France,Male,26,8,178460.68565935577,3,1,0,116594.98583714558,0
1759,15749607,Rodriguez,600,Germany,Female,25,3,29998.865351564986,4,1,1,139799.24826880032,0
1760,15636998,Martinez,350,Spain,Male,39,6,124734.30596459545,1,1,1,89931.20376429465,0
1761,15718684,Smith,609,France,Female,37,0,231964.36180671246,3,0,0,150275.3722376056,0
1762,15784803,Johnson,673,France,Male,52,5,93055.87457754457,4,1,1,58119.70916849806,0
1763,15762924,Williams,721,Germany,Female,36,7,25456.394720248416,2,1,1,113912.45734112489,0
1764,15767265,Brown,680,Germany,Female,36,6,70007.09027729816,2,1,1,200000.0,0
1765,15645905,Jones,600,France,Female,45,4,39423.66746676726,4,1,0,148724.98243908412,1
1766,15796235,Garcia,821,Spain,Male,48,3,11083.291777356051,2,0,1,94027.13593278159,0
1767,15706321,Miller,546,Germany,Female,19,1,6945.959638885687,2,0,1,25437.516210850008,0
1768,15734218,Davis,622,France,Male,39,0,3632.990032687019,1,1,1,179671.0657097831,0
1769,15758767,Rodriguez,542,France,Female,60,0,19758.401888038887,3,1,1,200000.0,0
1770,15720833,Martinez,651,Spain,Male,32,4,58359.68654238116,2,1,1,200000.0,0
1771,15641916,Smith,808,France,Female,40,8,122586.88983562606,4,0,1,128226.05497612663,0
1772,15654225,Johnson,635,France,Female,49,6,19315.30678950976,2,1,0,11600.0,0
1773,15833349,Williams,636,Germany,Male,43,1,37859.91206248859,1,0,0,67584.80764348802,1
1774,15830756,Brown,480,Germany,Female,28,5,31631.938822078275,1,1,1,186832.3697131016,0
1775,15739830,Jones,621,Germany,Male,38,9,5757.254075390596,2,1,0,101930.82652931132,0
1776,15798804,Garcia,765,France,Female,26,6,71413.9511819429,4,1,0,115577.73966654127,0
1777,15817430,Miller,624,Spain,Female,28,7,36633.05679441142,4,1,1,93964.04597924794,0
1778,15732226,Davis,618,Spain,Male,50,10,124631.83930382346,1,1,0,106473.73018927859,1
1779,15791966,Rodriguez,760,France,Male,47,8,90226.79990254498,4,1,1,42396.603564762474,0
1780,15746387,Martinez,618,Germany,Female,56,2,16305.438863017233,1,1,1,18889.888888317044,0
1781,15720808,Smith,779,Spain,Male,48,1,18743.356245154944,4,1,0,11600.0,0
1782,15703876,Johnson,521,Germany,Male,37,6,38499.90521134704,2,1,0,81567.02850879793,1
1783,15768143,Williams,717,Germany,Male,28,7,6684.913576376057,2,1,0,11600.0,1
1784,15688549,Brown,814,France,Male,52,8,14458.769645968077,2,0,1,192091.7561385642,0
1785,15788208,Jones,750,Germany,Male,45,9,86044.45742722368,2,1,0,98258.68816989096,0
1786,15829294,Garcia,463,Germany,Male,46,4,8302.976855777193,3,1,0,64851.12626794261,0
1787,15683476,Miller,586,Germany,Male,44,8,39509.520337804686,4,1,1,130883.82497765923,0
1788,15684310,Davis,625,Spain,Female,50,0,25040.923959801665,3,1,1,64719.63218095558,0
1789,15709155,Rodriguez,750,France,Female,23,8,11215.392072293447,4,1,0,200000.0,0
1790,15702946,Martinez,516,France,Male,26,9,174952.140503337,3,1,1,109364.14282690018,0
1791,15683740,Smith,548,France,Female,30,4,87183.7500292494,1,1,1,130233.04207739764,0
1792,15819976,Johnson,489,Germany,Female,42,1,15508.89779258093,1,0,1,139672.58246479311,0
1793,15682240,Williams,567,France,Male,34,5,76921.58309516458,4,0,0,35637.194167722184,1
1794,15712851,Brown,524,Germany,Female,50,0,321.9214667246489,1,1,0,11600.0,0
1795,15740467,Jones,809,France,Female,38,6,16256.44576419537,4,1,0,171397.0670405907,0
1796,15637321,Garcia,585,France,Male,62,6,5714.349216953935,4,1,1,144595.8368573322,1
1797,15788564,Miller,719,France,Male,56,9,27589.490138966426,3,0,1,173178.5441070613,0
1798,15802183,Davis,651,Spain,Male,40,7,50793.522145391355,4,1,1,66367.99419110367,0
1799,15677136,Rodriguez,650,Germany,Female,25,0,9395.511706325166,1,1,0,178550.0975743143,0
1800,15726843,Martinez,590,Spain,Male,45,1,13660.942584734998,3,1,0,200000.0,0
1801,15784461,Smith,727,Germany,Female,27,10,24936.94705923626,3,1,1,68898.07005896092,0
1802,15760811,Johnson,665,France,Female,29,0,49817.57692287178,3,1,0,104135.49169232088,1
1803,15814519,Williams,659,France,Male,35,7,18605.84593717877,3,1,1,156962.51851116685,0
1804,15823606,Brown,590,Spain,Male,34,7,46002.74681679003,1,1,0,161111.86253952375,0
1805,15726726,Jones,607,Germany,Male,44,2,21481.497021708557,2,0,1,200000.0,0
1806,15726261,Garcia,708,France,Male,42,9,14910.945385726754,1,0,0,144707.70957518736,0
1807,15798736,Miller,673,Germany,Male,28,1,96568.27805243887,4,1,0,87950.89646413931,0
1808,15710315,Davis,662,France,Female,36,8,24142.286349134054,1,0,1,136665.22978722656,0
1809,15826135,Rodriguez,574,France,Female,25,4,125280.52804440982,4,1,0,11600.0,1
1810,15710020,Martinez,844,France,Male,43,8,18233.53034395776,2,1,1,184689.5037264897,0
1811,15832346,Smith,602,Spain,Female,20,1,39139.60977468031,3,1,0,90761.20448354316,1
1812,15762834,Johnson,646,France,Male,36,5,2754.295346841059,1,0,1,63449.66253159144,0
1813,15800506,Williams,631,France,Male,32,10,57014.40257926965,3,1,0,51093.48535760741,0
1814,15797640,Brown,845,France,Female,44,0,79352.69274675075,3,0,1,80397.43333068633,0
1815,15778661,Jones,620,France,Male,30,6,177741.31668470774,3,0,0,16810.547962638884,0
1816,15802985,Garcia,611,Germany,Female,30,3,90581.19466048214,1,1,0,85241.66223125128,0
1817,15666177,Miller,661,France,Female,42,6,18736.11215961353,2,1,1,82755.70301070959,0
1818,15698454,Davis,580,France,Female,43,8,40664.45551407264,1,1,0,61381.67891827349,0
1819,15766681,Rodriguez,661,Spain,Male,28,0,44808.95165180228,2,0,0,88654.4051372099,0
1820,15710844,Martinez,850,France,Male,44,0,2923.093221272485,2,0,1,104272.37609434086,0
1821,15813191,Smith,679,France,Male,63,10,3771.585428218254,4,0,0,52594.47054218368,0
1822,15663859,Johnson,676,France,Female,34,6,19711.915497238948,2,1,1,124693.47686562772,0
1823,15807881,Williams,578,Germany,Female,26,9,68211.77586105272,4,1,0,66438.44346059053,0
1824,15778955,Brown,820,Spain,Female,39,10,16810.969746353334,1,1,1,61973.3170199348,0
1825,15695848,Jones,843,France,Female,25,1,103623.38822288233,3,1,0,160440.31331444663,1
1826,15636037,Garcia,735,Spain,Female,36,7,51780.54956889276,2,1,1,131761.95957681918,0
1827,15725959,Miller,715,Spain,Female,33,3,31568.56525340115,3,1,0,196166.87989711628,0
1828,15792334,Davis,626,Germany,Male,45,6,38887.20471307237,2,0,1,111635.18554662599,0
1829,15770758,Rodriguez,689,France,Female,21,9,20130.635000199323,4,1,1,114667.15731077679,0
1830,15779181,Martinez,566,France,Female,23,1,182321.02291526197,1,1,1,151369.1324025081,0
1831,15718409,Smith,537,Germany,Male,42,7,9676.56709285142,4,1,1,51084.16324484723,0
1832,15811213,Johnson,501,Spain,Female,44,5,98447.56576010265,4,1,1,73271.33259544584,0
1833,15750555,Williams,691,Germany,Female,18,0,56683.594277160366,4,0,1,166958.94310276752,0
1834,15773165,Brown,512,France,Female,54,8,62163.6939574685,1,1,0,117655.56463199844,1
1835,15815866,Jones,600,France,Female,47,10,90336.80534256721,1,1,1,40433.47558434164,0
1836,15758399,Garcia,643,Germany,Male,32,1,7322.04291419119,3,1,0,182074.620854271,0
1837,15698490,Miller,749,Germany,Male,39,3,59398.542692728675,1,0,1,42276.75058966899,0
1838,15708211,Davis,592,France,Male,19,8,74865.81055667176,4,1,0,130840.15687698306,1
1839,15643679,Rodriguez,761,France,Male,46,7,208713.74834016306,4,1,0,100588.82170319675,1
1840,15655555,Martinez,743,France,Male,30,7,68828.88363848854,1,1,1,21356.491049065313,0
1841,15749284,Smith,542,Germany,Male,35,3,151571.30882729214,3,0,1,91332.2430800989,0
1842,15702491,Johnson,762,Germany,Female,37,0,94767.26765328363,4,1,0,130975.39115623414,1
1843,15789495,Williams,621,Spain,Male,51,9,104245.34788576596,2,1,1,108501.23061922216,0
1844,15803241,Brown,600,Germany,Male,43,3,124398.118696339,3,0,1,84692.42636232018,0
1845,15749976,Jones,622,France,Male,35,2,37874.57416878539,4,1,1,87764.54490657171,0
1846,15659462,Garcia,649,Germany,Male,33,10,62069.87214166393,2,1,0,137765.36242200862,1
1847,15786869,Miller,608,Spain,Male,41,2,6617.118900756909,4,1,1,135768.89438560157,0
1848,15712077,Davis,566,Spain,Male,38,0,22037.640519961686,4,1,1,96598.67061768114,0
1849,15721868,Rodriguez,574,Spain,Male,36,8,105765.67636952641,1,1,1,146271.52934033363,1
1850,15787101,Martinez,663,France,Male,39,2,190117.52262016764,2,1,0,167860.82255250454,0
1851,15735334,Smith,633,Spain,Male,36,3,5920.569963034686,4,0,1,112861.5973112305,0
1852,15661685,Johnson,702,Spain,Female,23,0,44110.02482011582,1,0,1,41237.43024245001,0
1853,15691974,Williams,655,Germany,Male,38,2,66325.48061636617,1,1,1,124618.70802055918,0
1854,15758388,Brown,657,France,Female,38,0,36291.74674965794,4,1,0,139132.13610945485,1
1855,15809738,Jones,709,Spain,Male,40,3,13260.949533776187,1,1,0,119525.95966348311,1
1856,15642415,Garcia,791,France,Male,28,9,2130.712483155348,3,0,0,56249.2906949875,0
1857,15666200,Miller,795,France,Male,31,6,151306.84786181108,3,1,0,72873.03899509003,0
1858,15727708,Davis,784,France,Female,55,9,13513.682562456528,3,0,0,169867.66650031833,0
1859,15661684,Rodriguez,737,Germany,Male,31,10,17769.890599399227,4,1,1,147336.0926262093,1
1860,15663843,Martinez,850,France,Female,44,7,51470.901222042776,3,0,0,156668.08975509947,0
1861,15810243,Smith,693,France,Female,31,7,27985.834746546774,4,0,1,168806.25629517,0
1862,15646347,Johnson,682,Germany,Male,20,0,27536.254599326283,3,1,0,52425.75895030808,1
1863,15660631,Williams,850,Spain,Female,37,10,4310.76067733744,1,1,1,19593.747780213685,0
1864,15778699,Brown,377,Germany,Male,45,5,240653.09820058802,1,1,0,159723.42282924202,1
1865,15757997,Jones,628,France,Male,35,7,16731.931610280048,1,1,1,11600.0,0
1866,15779962,Garcia,775,Germany,Male,19,9,5827.744259483695,1,1,0,200000.0,0
1867,15723788,Miller,748,France,Male,18,9,57217.707149926246,4,0,0,107498.59191628729,0
1868,15772214,Davis,850,France,Male,50,7,69757.8973116786,2,1,1,81581.91152202197,0
1869,15732370,Rodriguez,660,France,Female,38,8,1284.1004243877235,3,1,1,77453.45639789451,0
1870,15834552,Martinez,606,Spain,Male,45,7,15684.049166883946,2,1,0,68190.06983889038,0
1871,15676448,Smith,616,France,Female,41,4,10806.275939620406,4,0,0,126648.52561267985,0
1872,15710534,Johnson,681,France,Male,27,0,77736.7657075498,2,1,0,93734.17785489291,0
1873,15783156,Williams,812,France,Female,36,8,10151.942790441803,2,1,0,146731.1139431176,0
1874,15658013,Brown,813,France,Male,22,9,13409.084188901577,3,1,0,164792.8283808506,0
1875,15816649,Jones,644,Spain,Female,48,9,216503.1031481999,4,1,1,82014.59752624457,0
1876,15826219,Garcia,675,Spain,Female,42,9,60551.714828130534,1,1,1,128103.04931031844,0
1877,15713399,Miller,588,France,Male,46,9,24523.34720788477,1,0,1,116773.5971032268,0
1878,15686909,Davis,599,France,Male,51,4,70092.55137951918,2,1,1,82365.94673659324,0
1879,15768767,Rodriguez,754,France,Male,35,6,31412.392836853476,1,1,0,45616.63469398313,0
1880,15656644,Martinez,810,Spain,Male,31,6,11955.221215189102,4,1,1,54317.05622025895,0
1881,15687532,Smith,580,France,Male,37,10,33468.854068262735,3,0,0,165326.3663752406,0
1882,15810087,Johnson,674,France,Female,51,3,73925.8243534905,4,1,0,84699.4078513062,0
1883,15732485,Williams,625,Germany,Male,23,7,9821.26985638408,1,1,1,116309.34446925562,0
1884,15668358,Brown,736,France,Male,39,10,33231.12695845497,1,1,0,181919.80961523013,0
1885,15687870,Jones,611,France,Male,47,9,6353.108576996547,3,1,1,64952.48996232358,0
1886,15804888,Garcia,457,France,Female,42,8,92474.12199386643,4,1,0,124512.82190078052,0
1887,15794276,Miller,750,France,Male,49,3,85409.19067834836,2,1,1,124055.10467048167,0
1888,15819005,Davis,619,Germany,Male,23,1,55959.4952061225,2,1,1,78262.75055499561,0
1889,15683503,Rodriguez,630,Spain,Male,49,9,126300.4217149808,4,1,1,103124.40384861256,0
1890,15734588,Martinez,693,France,Male,32,3,25537.095032101763,4,1,1,200000.0,0
1891,15829090,Smith,685,France,Female,18,1,7076.842784504385,4,1,1,80285.95867116329,0
1892,15797870,Johnson,695,Spain,Female,35,0,185724.82513713193,3,1,0,77900.11288245002,1
1893,15762988,Williams,487,Spain,Female,30,0,35982.30687346073,2,1,0,57752.59514507578,0
1894,15640228,Brown,705,France,Female,37,10,32266.929699802116,2,1,0,95185.29034336422,0
1895,15773098,Jones,459,Germany,Female,23,3,3292.2250777725467,2,1,1,116805.33443459337,1
1896,15647459,Garcia,726,France,Male,37,8,42242.34229985302,2,1,1,182473.29542370728,0
1897,15785656,Miller,761,Germany,Male,33,8,51745.42065687755,3,1,0,111144.32469503625,0
1898,15767654,Davis,513,Spain,Male,58,6,32045.58500548283,2,0,0,138067.0054447477,0
1899,15813964,Rodriguez,682,Germany,Male,40,4,120624.94421355035,4,1,1,45440.830688738984,1
1900,15661033,Martinez,755,France,Male,41,5,67812.98158144332,2,1,0,11600.0,0
1901,15719578,Smith,605,France,Male,36,0,1969.3184543024995,3,0,0,154290.66228551877,0
1902,15717313,Johnson,717,Germany,Male,51,2,39106.50202179612,1,1,0,62418.171381908105,0
1903,15660987,Williams,371,Germany,Male,43,0,250000.0,3,0,1,11600.0,0
1904,15803832,Brown,759,Germany,Female,54,9,11141.410971692392,2,0,1,200000.0,0
1905,15788693,Jones,652,France,Female,49,4,48008.83697452451,3,0,0,176775.02600058605,1
1906,15653241,Garcia,624,Germany,Male,35,3,15975.502147518131,3,1,0,89344.65081676432,0
1907,15720132,Miller,748,Germany,Female,46,2,23219.645153511447,3,1,1,55519.69795353966,1
1908,15656165,Davis,822,France,Female,47,5,1710.6568006048335,3,0,0,35674.03786124957,0
1909,15805015,Rodriguez,698,France,Female,48,5,58224.31361133271,4,1,0,90578.05321186128,0
1910,15750274,Martinez,810,France,Male,43,8,72563.02637834442,1,1,1,139392.72079099133,0
1911,15771450,Smith,494,Germany,Female,25,3,74121.9276295098,3,0,1,99589.33028215208,0
1912,15802118,Johnson,716,Germany,Male,38,8,176240.69322191755,2,1,0,103249.2306800009,0
1913,15834590,Williams,636,Spain,Female,40,3,90970.20538728528,4,0,1,200000.0,0
1914,15774385,Brown,571,France,Female,39,7,11634.826289216411,1,1,1,12683.411451723048,0
1915,15717572,Jones,457,Spain,Female,50,7,13104.384523375442,4,1,0,127350.43424912532,0
1916,15720155,Garcia,711,Germany,Male,32,1,73048.71315257526,3,1,1,143240.672616418,0
1917,15796381,Miller,737,France,Female,40,9,75008.18729841507,2,0,1,90913.41179154889,0
1918,15804784,Davis,784,France,Male,38,7,6564.822765957811,2,1,0,182190.2266948552,0
1919,15827462,Rodriguez,767,France,Male,45,1,332.72087657918456,4,1,0,158106.58748864254,0
1920,15717481,Martinez,572,Spain,Male,57,10,25656.448372679213,2,1,0,127548.75058931294,0
1921,15804501,Smith,779,France,Female,45,7,59318.7455542907,2,0,0,72866.89856783122,0
1922,15771329,Johnson,789,France,Female,44,5,100744.31182989989,1,1,1,41149.188773258444,0
1923,15679461,Williams,624,France,Female,28,2,9035.949723935733,2,0,0,11600.0,0
1924,15819299,Brown,652,Spain,Male,23,10,84448.70743373221,2,1,0,180923.67988001497,1
1925,15686700,Jones,556,France,Male,41,6,57672.61042958074,4,0,0,200000.0,1
1926,15780925,Garcia,798,France,Male,37,5,9073.412690890915,4,1,1,136761.8377735544,0
1927,15757015,Miller,498,France,Male,43,2,103289.9075302092,4,1,0,111456.78578269709,0
1928,15635128,Davis,703,France,Male,32,4,135144.639159844,2,1,1,108244.44664135133,0
1929,15703362,Rodriguez,590,France,Male,53,3,15449.156110550088,4,0,0,116365.36797676022,0
1930,15682439,Martinez,539,Germany,Male,27,5,8049.0175763240495,2,1,0,158947.67181631003,1
1931,15646138,Smith,462,Spain,Female,37,0,171520.35068765347,1,1,1,11600.0,1
1932,15663143,Johnson,628,Spain,Female,35,0,1157.5137188421638,3,0,1,104113.61695262502,0
1933,15713685,Williams,523,Spain,Female,49,7,148211.2916020822,3,1,0,73217.26478633414,0
1934,15816701,Brown,655,France,Male,36,7,12181.654473508346,3,1,1,112645.21408423087,0
1935,15669133,Jones,826,Spain,Male,33,8,28824.262476741904,4,1,0,11600.0,0
1936,15643314,Garcia,669,France,Male,39,7,18433.893234701125,1,1,0,43214.935750250166,0
1937,15738703,Miller,849,France,Male,31,1,8344.547213310907,3,0,1,22035.195482667856,0
1938,15700057,Davis,551,Spain,Female,38,10,21730.046283298678,2,1,1,128861.15236138114,0
1939,15709346,Rodriguez,521,Spain,Male,37,4,38744.748338231126,1,1,0,86152.58035162318,1
1940,15764351,Martinez,547,Germany,Female,67,7,4926.243154184279,4,1,1,86680.9905581906,0
1941,15639711,Smith,643,Spain,Female,34,8,82820.54145853096,3,0,0,145459.6206165637,1
1942,15683870,Johnson,850,Spain,Male,38,5,80567.369612396,3,1,0,76302.72979752962,0
1943,15689217,Williams,483,Germany,Male,41,3,79846.24291702115,3,0,1,151192.73791297432,0
1944,15717105,Brown,711,Germany,Female,41,8,57989.62451142361,1,0,0,86553.19775307336,1
1945,15795433,Jones,580,Spain,Female,49,3,30372.550938027627,1,0,0,149032.58238141297,0
1946,15720310,Garcia,627,France,Female,58,5,89705.37180026254,2,1,1,156308.88953616624,0
1947,15825786,Miller,524,France,Female,30,4,95476.15911605701,1,1,1,101290.94155149214,1
1948,15737073,Davis,737,Spain,Male,43,0,16805.60483819346,1,1,1,190804.79463017563,0
1949,15792263,Rodriguez,645,France,Male,37,3,32787.7772413404,2,0,0,54836.908178368074,1
1950,15795689,Martinez,758,France,Male,42,9,11342.700737197365,3,1,0,67545.2104512871,0
1951,15794683,Smith,667,France,Male,50,2,14771.629783698114,3,0,0,11600.0,0
1952,15717911,Johnson,456,France,Male,55,7,13653.056780538847,1,0,0,96642.68124428093,0
1953,15761048,Williams,759,Spain,Male,47,6,87707.92309688016,2,0,1,27666.54274968017,0
1954,15827720,Brown,448,Germany,Female,42,9,14438.497622438732,3,1,0,175660.43273067457,0
1955,15741263,Jones,463,Germany,Female,49,0,39517.47931405712,4,1,0,91152.33276293679,1
1956,15791817,Garcia,558,Spain,Male,30,10,49476.17138698413,4,1,1,67558.64778083755,0
1957,15640756,Miller,559,Spain,Male,31,7,68262.41041541022,2,0,0,120069.25407210938,1
1958,15787478,Davis,789,Germany,Female,40,6,1471.8151675029026,2,0,1,137397.34302848115,0
1959,15807362,Rodriguez,632,Spain,Male,50,1,32289.087163643166,1,1,0,26308.340353193344,0
1960,15698890,Martinez,774,France,Female,36,9,17308.565198751865,4,0,0,70976.90188769458,0
1961,15685797,Smith,593,France,Female,37,3,89780.51922788062,3,1,0,140556.94183465285,1
1962,15655183,Johnson,681,France,Male,19,1,1872.0644675782617,2,1,0,106168.55921352959,0
1963,15818322,Williams,697,Germany,Male,62,8,11596.231084859968,4,1,1,153936.4267073217,0
1964,15664689,Brown,719,Germany,Female,36,7,18972.235112858747,3,1,0,111102.06769908844,0
1965,15815604,Jones,603,Germany,Male,18,0,4051.9034914792055,4,0,1,61305.31941908418,0
1966,15798655,Garcia,612,Germany,Male,40,0,25160.884502716464,3,0,1,120949.71628319792,0
1967,15703900,Miller,620,France,Male,43,7,68083.67848641713,4,1,1,147124.64264602732,0
1968,15680769,Davis,484,France,Female,36,4,11932.794937687248,3,1,1,190027.95196788115,0
1969,15809082,Rodriguez,641,Germany,Male,29,0,70216.54394099132,3,0,1,125138.18828537328,0
1970,15674101,Martinez,611,France,Female,47,10,37646.36768741795,2,0,1,92267.26214399967,1
1971,15760418,Smith,708,Germany,Male,46,3,21134.92740345363,3,1,1,65197.582587351004,0
1972,15817943,Johnson,659,Germany,Male,44,1,23007.105763155945,2,1,1,85750.17623445157,0
1973,15804233,Williams,783,Germany,Female,31,8,6182.171948290387,4,1,1,77271.12406035129,0
1974,15730949,Brown,657,France,Male,32,9,14369.506276255739,1,0,0,11600.0,0
1975,15683389,Jones,593,Germany,Male,35,5,65693.92106124737,1,1,0,62430.91100974302,0
1976,15670090,Garcia,655,Spain,Male,34,10,99295.96490769753,4,1,1,150040.93380865437,0
1977,15709043,Miller,722,Spain,Male,45,8,15434.948520262265,2,1,1,11600.0,0
1978,15657033,Davis,472,Spain,Male,35,0,44417.886304257154,1,1,1,179380.81364006991,1
1979,15696283,Rodriguez,578,Germany,Female,29,0,1767.200754200032,1,1,0,103126.69180539396,0
1980,15829157,Martinez,580,France,Female,43,10,4028.3136244325037,3,0,1,11600.0,1
1981,15757322,Smith,691,Germany,Female,62,3,166724.53776978562,2,0,1,21507.298023999596,0
1982,15683755,Johnson,702,Spain,Female,31,1,113412.12883150438,2,1,0,11600.0,0
1983,15640970,Williams,660,France,Female,31,0,4238.821268095393,3,1,0,90004.23516626195,0
1984,15793098,Brown,402,France,Female,37,5,86390.79773817668,4,0,0,90531.29946521092,0
1985,15746962,Jones,484,France,Female,46,7,5407.286730237556,1,1,1,132802.80938856574,0
1986,15810678,Garcia,626,Germany,Male,44,0,88159.8630112119,3,1,0,11600.0,1
1987,15747357,Miller,599,France,Male,37,10,122380.95258079442,4,0,0,142663.13353227446,1
1988,15691587,Davis,650,France,Female,34,10,8307.78124862176,4,1,0,58327.89980599831,0
1989,15684671,Rodriguez,603,Spain,Male,59,9,7963.440343814372,2,1,0,76358.21386313607,1
1990,15686928,Martinez,803,Germany,Female,50,9,130572.65634566009,4,1,1,121974.55485985987,0
1991,15743339,Smith,420,France,Male,56,5,17936.1238438352,3,1,0,93706.90918669337,0
1992,15789072,Johnson,680,France,Male,46,0,31995.061505376852,2,1,0,56362.661000908956,0
1993,15685463,Williams,732,France,Female,38,7,18151.871313121796,2,0,0,130446.43753225764,0
1994,15710499,Brown,720,France,Male,42,5,69182.09509333274,1,1,1,65911.96042700337,0
1995,15761720,Jones,728,France,Female,57,0,11854.932006150502,2,1,1,97504.04355628084,0
1996,15703179,Garcia,743,Germany,Female,44,8,34072.79892231551,4,1,0,41368.10128009075,1
1997,15831315,Miller,589,Spain,Female,21,0,95010.77669958846,4,0,0,153643.96227171383,0
1998,15643680,Davis,539,Germany,Male,53,8,142927.4003521456,4,1,1,12087.021963058956,0
1999,15790677,Rodriguez,446,France,Male,53,2,21750.026765498256,1,1,1,15264.106548516444,0
2000,15697370,Martinez,613,Germany,Male,51,7,6050.240157961672,3,1,1,53675.90150821288,0
2001,15685649,Smith,572,Spain,Female,25,7,82954.13940261296,1,1,0,187694.11147744383,1
2002,15706228,Johnson,766,France,Male,42,6,5868.858931420557,3,1,0,114920.40040011898,0
2003,15692262,Williams,621,France,Male,49,1,75544.70252549702,4,1,1,95772.17098441979,0
2004,15815460,Brown,546,Germany,Male,39,2,58396.131546484765,3,1,1,37107.4868899801,0
2005,15767599,Jones,531,Germany,Male,42,4,43085.343448701075,4,0,0,117706.03939235059,0
2006,15752434,Garcia,848,France,Female,44,4,140246.90919185264,4,0,1,77427.40895158114,0
2007,15765008,Miller,647,Germany,Male,30,1,19459.40528484259,4,0,0,62351.51878306339,0
2008,15759752,Davis,571,Germany,Male,43,0,4898.799028167494,3,1,0,163386.63393754384,1
2009,15791689,Rodriguez,662,Spain,Female,29,4,199781.50075562834,2,1,1,155246.28996495437,0
2010,15667922,Martinez,839,France,Female,37,4,29093.515407941377,1,0,1,11600.0,0
2011,15699483,Smith,611,Spain,Female,33,2,28404.293009599285,4,1,1,153176.6922782672,0
2012,15725429,Johnson,718,France,Female,47,7,4689.702380133161,3,1,1,70259.6456421669,0
2013,15736817,Williams,768,Germany,Male,45,5,68041.55208805177,3,1,0,107107.1242150688,0
2014,15791963,Brown,460,Germany,Male,44,1,63669.286849455544,1,0,1,11600.0,0
2015,15769063,Jones,586,France,Female,41,1,7850.0222526108155,3,1,1,136320.5370655078,0
2016,15791357,Garcia,756,Spain,Female,43,3,13316.03924725007,2,0,0,123335.7680795575,1
2017,15779303,Miller,580,France,Female,59,5,827.5337925184219,1,1,1,58662.345980204904,1
2018,15696152,Davis,691,Germany,Female,52,8,110240.66095252028,3,0,1,105510.64720751102,0
2019,15659428,Rodriguez,574,France,Female,29,7,14020.63409195755,1,0,1,11600.0,0
2020,15735336,Martinez,605,Germany,Male,33,7,130892.81252202291,2,1,1,46797.373447860016,0
2021,15792304,Smith,593,France,Male,36,1,42334.69119791167,2,0,0,15289.883001791313,0
2022,15811837,Johnson,713,Spain,Female,36,10,27704.721237274603,3,1,0,104477.44813691196,0
2023,15733113,Williams,670,Spain,Female,30,3,393.06548929065116,1,1,0,73077.09907279583,0
2024,15832109,Brown,659,Spain,Female,44,5,4840.540858812388,2,1,1,97233.73419086327,0
2025,15646255,Jones,850,France,Female,38,5,8639.401814134859,4,1,1,35004.21270714725,0
2026,15793635,Garcia,823,Germany,Male,41,9,5585.490241532016,1,0,1,11600.0,0
2027,15716543,Miller,451,France,Male,21,5,14799.380105328692,4,0,1,173638.18272616822,0
2028,15668264,Davis,605,Spain,Male,23,7,8396.381285978432,4,0,1,12883.989196306109,0
2029,15733420,Rodriguez,850,Germany,Female,33,7,54507.47135629892,1,0,0,11600.0,0
2030,15822120,Martinez,592,Germany,Male,45,6,17622.15682312043,3,1,1,155194.3706937644,0
2031,15786962,Smith,850,Germany,Male,43,4,63344.14245382698,2,1,1,99394.31160233951,0
2032,15729683,Johnson,607,France,Female,49,5,7279.7790788797665,3,1,1,164977.74242491403,0
2033,15671479,Williams,626,Germany,Male,31,5,11729.661974365332,1,1,0,170621.36052238633,0
2034,15746164,Brown,736,France,Female,45,2,77428.81305755196,4,1,1,11600.0,0
2035,15780987,Jones,640,Spain,Male,54,10,50266.60422498629,4,1,0,92935.79702801122,0
2036,15707317,Garcia,699,Spain,Male,48,2,5071.028261734024,4,1,1,115322.21381262434,0
2037,15776000,Miller,807,Germany,Female,26,6,160220.27786173188,3,1,0,113995.55677461077,0
2038,15744693,Davis,725,Spain,Female,50,5,71886.65436432282,3,0,0,87665.78866507192,0
2039,15767234,Rodriguez,664,France,Male,42,4,40220.18648254197,4,0,1,200000.0,1
2040,15713750,Martinez,817,Spain,Female,43,10,20996.771746430866,2,0,1,112467.61726645124,0
2041,15717788,Smith,737,France,Male,63,5,4932.553281800946,1,1,1,119153.01299101871,0
2042,15792419,Johnson,576,Germany,Male,41,5,22174.06925656124,3,0,0,61998.09443488423,0
2043,15797564,Williams,848,Germany,Male,45,3,19505.888801024936,4,0,1,11600.0,0
2044,15785696,Brown,714,France,Female,39,10,4080.6587296154134,4,1,1,145010.32827338026,0
2045,15758231,Jones,628,France,Male,36,4,76567.9461303632,1,1,0,92356.95087446035,0
2046,15818253,Garcia,447,France,Male,42,6,26835.86107342331,3,0,0,167746.04312598536,0
2047,15704918,Miller,512,Spain,Female,34,10,110144.0275071939,2,1,0,28634.055054494776,0
2048,15662982,Davis,820,France,Male,40,10,8596.585574989529,3,1,0,79435.17604094908,0
2049,15744800,Rodriguez,823,Germany,Male,35,0,19104.944734209414,2,1,1,50439.41458436298,0
2050,15636958,Martinez,658,Spain,Male,18,9,16358.343723577658,3,1,1,46371.82526027026,1
2051,15704928,Smith,472,France,Female,34,5,100183.88208155471,3,1,1,101325.24431312109,0
2052,15727049,Johnson,541,France,Male,48,4,35436.75622427518,2,1,0,11600.0,0
2053,15749596,Williams,487,Germany,Female,44,5,7647.1789355544415,3,1,0,101304.93727194004,0
2054,15654651,Brown,483,France,Male,36,0,22115.285643950414,4,0,1,114215.16487355268,0
2055,15739963,Jones,850,Spain,Male,39,3,143395.5718048376,4,0,1,200000.0,0
2056,15650684,Garcia,850,France,Female,30,7,40090.91474827044,3,1,1,70592.8980847267,0
2057,15635263,Miller,537,France,Male,32,3,1871.261129353599,2,0,0,146681.76324370317,0
2058,15803086,Davis,649,Germany,Female,39,9,2979.2729610112356,3,0,1,77553.33840716253,0
2059,15637522,Rodriguez,521,France,Male,36,7,13438.483547746682,4,1,1,137455.44926502532,0
2060,15825989,Martinez,648,Spain,Male,31,10,48553.768790532835,4,0,1,175686.56234937478,0
2061,15714163,Smith,813,Spain,Male,38,7,14069.14457144415,4,1,0,11600.0,0
2062,15643548,Johnson,757,France,Male,27,1,94894.1978597062,1,0,1,107761.06497727893,0
2063,15811174,Williams,730,France,Male,54,5,49634.54835339193,4,1,0,180972.09412437945,1
2064,15650911,Brown,630,France,Male,47,6,17885.959809533157,3,1,1,171043.50040135696,0
2065,15689832,Jones,776,France,Male,18,6,25038.376512688665,4,1,1,107181.24614227023,1
2066,15746424,Garcia,714,Germany,Male,47,0,23520.80347954115,4,1,0,142918.16647277283,0
2067,15795701,Miller,690,Spain,Male,35,3,18857.279734732245,2,1,0,79160.3800277916,0
2068,15746942,Davis,638,France,Male,33,6,49697.249228262925,3,1,1,142773.34697230574,0
2069,15693923,Rodriguez,681,France,Male,46,5,11261.927725933147,4,0,0,95540.14484985529,0
2070,15766630,Martinez,678,France,Male,37,2,17273.333727414567,1,1,0,67937.57426645509,0
2071,15708733,Smith,595,France,Female,35,9,4454.481842834211,4,1,1,135005.2840250029,0
2072,15813582,Johnson,572,Germany,Female,25,9,23583.1786806095,4,1,1,62217.014655139596,0
2073,15660565,Williams,550,Germany,Female,48,0,3327.533788865105,1,1,1,133575.4398782456,0
2074,15736359,Brown,556,France,Male,49,4,903.3865105212574,3,1,0,136153.0384367642,0
2075,15805117,Jones,631,France,Male,40,10,51920.052128620286,3,0,0,155697.66556977178,0
2076,15733861,Garcia,614,Spain,Male,27,7,8864.008564034735,4,0,1,94729.28734507505,0
2077,15673665,Miller,587,France,Female,42,2,1791.6030901807878,2,0,1,200000.0,0
2078,15748827,Davis,580,Spain,Male,45,4,3539.008437842505,4,1,0,33073.20912366072,0
2079,15751002,Rodriguez,679,France,Male,38,8,11107.850273407103,3,1,0,194637.75221621912,1
2080,15715420,Martinez,787,Spain,Male,47,7,63805.85826693698,2,0,0,164567.5730417123,1
2081,15639305,Smith,648,Germany,Female,40,10,596.6615026424162,1,1,1,141776.2236165065,0
2082,15830802,Johnson,642,France,Female,42,8,64826.33480906545,4,0,1,157571.2307235429,0
2083,15706701,Williams,556,Spain,Male,53,4,45448.15109254115,1,0,0,73592.54363639292,1
2084,15791523,Brown,627,Germany,Male,34,2,36067.997285827885,1,1,0,11600.0,0
2085,15797534,Jones,769,France,Female,23,10,120000.74716472317,4,1,0,68456.12126177302,0
2086,15666187,Garcia,753,France,Male,37,8,88476.73700999781,1,0,1,125827.21824234167,1
2087,15787689,Miller,746,Germany,Male,33,3,27130.480935641233,4,1,1,147583.5305041224,0
2088,15678187,Davis,743,Germany,Female,24,0,336.14160883364684,3,0,1,182822.96297854092,0
2089,15661560,Rodriguez,693,Germany,Male,45,10,61993.20409153999,3,0,1,83063.65668611671,0
2090,15660619,Martinez,690,Germany,Male,39,1,2445.131033671085,2,1,0,14348.136193581871,0
2091,15759279,Smith,674,Germany,Male,20,7,16290.241465622568,2,1,1,79822.23455494836,0
2092,15811024,Johnson,608,Spain,Female,54,1,33965.61918990179,1,1,0,114817.80123391301,0
2093,15777875,Williams,658,Germany,Male,31,5,5231.44139218876,2,0,0,31640.029868483005,0
2094,15664028,Brown,671,France,Female,32,4,56858.03020837612,3,1,0,200000.0,1
2095,15652380,Jones,713,Spain,Female,48,8,19383.889605411157,2,1,1,126456.31867938187,0
2096,15810915,Garcia,660,France,Female,43,7,22444.267134609534,1,0,0,83140.15580557201,0
2097,15676831,Miller,850,France,Female,49,0,52252.365694703905,2,0,1,117623.40818429059,0
2098,15721254,Davis,529,Germany,Male,18,2,25394.98709950649,3,0,1,99188.58661412608,0
2099,15762869,Rodriguez,725,France,Male,36,4,12716.86105183478,2,1,1,17790.548038389752,0
2100,15814038,Martinez,645,France,Female,40,7,9725.260849310613,1,0,0,165569.80575622787,0
2101,15761105,Smith,650,France,Female,52,6,64375.317652657504,3,0,1,161032.55663420036,0
2102,15719480,Johnson,568,Germany,Male,30,1,69431.83820422532,4,1,1,36791.06577941219,0
2103,15691658,Williams,751,Spain,Female,35,6,10889.161032551248,2,1,0,154323.24705680384,0
2104,15793164,Brown,715,Germany,Male,40,4,19210.128640134222,1,1,0,11600.0,1
2105,15654577,Jones,733,Germany,Male,46,5,156874.1505429683,2,0,1,82984.39385858926,0
2106,15792397,Garcia,666,France,Female,27,7,207480.22977984548,4,0,1,102321.46375992218,0
2107,15788953,Miller,617,France,Male,47,4,44010.94572793454,4,0,1,135744.72532624926,0
2108,15777235,Davis,643,France,Male,33,8,70723.49038579129,2,1,1,200000.0,0
2109,15831735,Rodriguez,693,France,Female,42,0,68966.57891064585,3,1,0,188539.0991193983,0
2110,15722999,Martinez,449,France,Female,37,4,25172.765359250443,3,1,1,96293.9427906788,0
2111,15814827,Smith,737,France,Female,41,0,2482.040587868447,3,1,1,11600.0,0
2112,15667744,Johnson,850,France,Female,41,0,67489.22757117226,4,1,0,84131.40665079048,0
2113,15661518,Williams,698,Germany,Female,51,0,7296.012785314175,4,1,1,113642.51049573939,0
2114,15698926,Brown,621,Spain,Female,36,4,17159.628668679743,1,1,1,146878.36032153852,0
2115,15810639,Jones,633,Spain,Male,35,8,18956.512539592157,2,0,1,200000.0,0
2116,15760534,Garcia,720,Germany,Male,49,1,21469.357036639805,1,0,1,49780.8245473743,1
2117,15770322,Miller,624,France,Male,53,5,31338.19438718712,3,1,1,102435.93073533666,0
2118,15800807,Davis,736,Germany,Female,35,4,34818.68846950894,1,1,0,132890.68588999813,1
2119,15816351,Rodriguez,632,France,Male,45,6,33036.31761727834,1,1,0,28404.790013098987,0
2120,15730661,Martinez,821,Germany,Male,30,6,8887.64951955533,4,1,1,122553.72759693167,0
2121,15732919,Smith,818,Spain,Female,45,2,52320.39015471429,3,1,0,106818.28374305995,0
2122,15669648,Johnson,616,Germany,Male,48,5,78086.11560814679,2,1,0,187614.0640157158,0
2123,15812738,Williams,641,Spain,Male,36,2,30970.74884771994,1,1,0,23968.339507964978,1
2124,15736061,Brown,647,Germany,Male,50,1,91106.72463289142,2,0,0,96882.62126717252,0
2125,15680495,Jones,649,Germany,Female,36,4,29372.452260094302,4,1,1,135979.28083479343,0
2126,15736122,Garcia,555,France,Male,39,3,42003.413098194105,3,1,0,95280.76275026702,0
2127,15760420,Miller,541,Spain,Male,42,3,3604.3341901593653,2,1,1,23805.547981433017,0
2128,15695874,Davis,774,France,Male,29,3,7940.742900134178,2,0,0,69205.4844383028,0
2129,15702251,Rodriguez,758,Spain,Male,25,7,72907.40235674819,2,1,0,111917.28642543088,1
2130,15699276,Martinez,757,France,Male,41,0,14329.363509926327,2,1,0,200000.0,0
2131,15779434,Smith,643,France,Female,31,2,4923.466854981289,1,1,1,27992.807974713418,0
2132,15787601,Johnson,839,Spain,Male,26,8,41995.12836792181,1,0,0,95665.66750555781,0
2133,15721077,Williams,647,France,Male,46,2,4957.434892117949,3,0,1,112029.7652188029,0
2134,15695969,Brown,736,Spain,Female,54,0,57612.3637162037,3,1,1,145577.3748120685,0
2135,15778262,Jones,511,France,Female,47,4,58426.18909051914,3,1,0,48304.38359918118,0
2136,15756352,Garcia,627,Spain,Male,27,3,30170.620693289235,4,1,1,116458.27169272426,0
2137,15752756,Miller,634,Germany,Male,40,9,57881.0282910162,1,1,0,200000.0,0
2138,15817907,Davis,643,Germany,Female,35,7,80315.58187416368,4,1,0,29991.436655517013,0
2139,15679340,Rodriguez,517,France,Male,30,10,11012.09522051465,1,0,0,108248.62969040866,1
2140,15667999,Martinez,720,France,Female,39,10,52424.46545703075,4,1,1,143497.7857472147,0
2141,15716791,Smith,752,Spain,Male,38,8,58939.1839325266,1,0,1,103397.60195373719,0
2142,15710969,Johnson,575,France,Male,36,9,10811.582921611736,2,1,1,108118.2168908622,0
2143,15755187,Williams,535,France,Female,48,4,64891.58181220488,1,1,0,138285.6020573664,0
2144,15711221,Brown,573,Germany,Male,51,0,63567.36220031983,1,0,0,104167.21604752228,0
2145,15746055,Jones,699,France,Male,35,3,8554.40226922245,1,1,0,142052.85416987003,0
2146,15654418,Garcia,590,France,Female,37,2,19094.336272683384,3,1,1,80199.7976050277,0
2147,15807914,Miller,636,France,Male,36,5,141640.20044392202,3,0,1,125480.65269314543,0
2148,15771950,Davis,542,France,Male,44,1,3690.0511064448547,4,1,1,62603.44799985837,0
2149,15714132,Rodriguez,847,Spain,Female,42,4,12999.892430674076,3,1,1,87786.21609496197,0
2150,15789173,Martinez,657,France,Female,31,7,43232.4575062773,1,0,1,97897.06842786015,0
2151,15743458,Smith,764,Spain,Male,37,10,173208.13927195102,4,1,1,57119.780117024886,1
2152,15706237,Johnson,699,France,Female,24,4,14862.710569428713,1,1,0,11600.0,0
2153,15742405,Williams,645,France,Male,23,4,84853.64917767457,4,1,0,28308.523243131145,0
2154,15670548,Brown,640,Germany,Female,27,7,22892.229987204755,4,1,1,86400.17472907912,0
2155,15689806,Jones,577,France,Female,36,10,21730.74268392271,4,1,0,160990.5678862902,1
2156,15817560,Garcia,604,Germany,Female,45,4,250000.0,3,0,0,120518.85937907672,0
2157,15650165,Miller,549,Spain,Female,31,3,84972.79552363775,2,1,0,157287.639864488,1
2158,15726926,Davis,538,France,Male,37,9,14286.116015743808,3,1,0,136103.98350386706,0
2159,15644449,Rodriguez,850,Spain,Male,41,8,10268.38250981855,2,0,1,156121.99678631293,0
2160,15660757,Martinez,677,France,Male,54,1,4391.36397027221,2,0,0,75251.91629276428,1
2161,15714273,Smith,796,France,Male,39,0,32956.76320075919,1,1,1,103584.29264617295,0
2162,15751493,Johnson,570,France,Male,40,3,20361.511783287657,4,1,0,88409.97157660809,0
2163,15717912,Williams,524,Spain,Female,32,9,23968.09014863199,1,1,1,98158.58795732628,0
2164,15832952,Brown,552,France,Female,57,2,28229.724832433443,1,0,1,16217.708732385276,0
2165,15783983,Jones,607,Spain,Male,46,8,235768.9599511841,4,1,1,129133.25291303941,0
2166,15766293,Garcia,653,Germany,Female,27,2,143.8348552700246,2,0,1,93903.8807811979,0
2167,15815782,Miller,634,France,Female,53,2,27761.912110767145,2,0,1,166806.79751636815,0
2168,15669309,Davis,572,France,Male,46,9,3358.992442073773,3,1,0,28183.58888959448,0
2169,15786011,Rodriguez,658,Spain,Male,41,6,55892.188264463315,3,0,1,11600.0,0
2170,15716139,Martinez,667,Germany,Male,45,1,2587.2381795246906,3,1,1,119058.43970316034,0
2171,15832178,Smith,720,France,Male,50,10,72799.63931236701,3,1,1,47309.15799794849,0
2172,15813288,Johnson,797,Spain,Female,31,7,101166.31920973265,2,1,0,122101.3385427017,1
2173,15725757,Williams,613,France,Female,35,5,176682.02931375155,4,1,1,133490.09723169246,0
2174,15634883,Brown,771,Spain,Male,38,10,6441.1631799700135,1,1,0,190212.8509406887,0
2175,15793094,Jones,656,Spain,Female,26,8,192903.92090109535,4,0,1,143017.33167538664,0
2176,15804704,Garcia,497,Germany,Male,46,7,26579.976093064484,1,1,1,145719.88362490345,0
2177,15766732,Miller,828,Spain,Female,36,3,50062.32282694412,1,0,0,11600.0,0
2178,15710862,Davis,850,Germany,Female,35,7,2.3770039734765134,2,1,0,57219.39640926442,0
2179,15794078,Rodriguez,711,Germany,Male,32,3,23122.31842765439,1,1,1,141535.08189220645,1
2180,15795530,Martinez,658,Germany,Female,38,10,21762.459996838144,3,1,1,92205.50837312412,0
2181,15774874,Smith,622,France,Male,40,4,35039.39876122998,3,1,0,179639.41045433047,0
2182,15698780,Johnson,603,Germany,Male,48,10,7112.314328057371,1,0,1,90675.74436081809,0
2183,15668599,Williams,771,France,Female,49,9,58589.13613848043,4,1,1,74648.8975978471,0
2184,15791285,Brown,648,France,Male,27,10,45280.21873261757,1,1,1,65795.92929187945,0
2185,15753875,Jones,817,France,Male,43,6,11943.822561651132,3,0,1,40868.074865139344,0
2186,15806909,Garcia,653,France,Female,51,5,205633.9223105879,1,1,1,108333.02592491859,0
2187,15800731,Miller,608,France,Male,36,4,280.43580176426457,1,1,0,110883.92533933771,0
2188,15766913,Davis,589,Spain,Male,37,1,20467.48742345629,1,1,1,11600.0,0
2189,15831335,Rodriguez,575,France,Male,35,4,15171.934858914336,2,0,0,71453.76791350858,0
2190,15761547,Martinez,701,Germany,Male,44,9,41053.49290887284,1,1,0,124306.06740935372,0
2191,15679874,Smith,520,France,Male,41,6,109641.55111879461,4,1,1,102620.79585907087,0
2192,15723995,Johnson,568,France,Male,48,10,53614.365505021924,4,1,1,101296.72350379566,0
2193,15695814,Williams,782,France,Female,37,5,2438.210305386536,3,1,1,63050.53202136031,0
2194,15781072,Brown,554,France,Female,51,5,99534.28000161407,4,0,1,60322.900336022314,0
2195,15754632,Jones,736,Germany,Male,44,4,15399.68519496242,2,1,0,74908.92255963522,0
2196,15691105,Garcia,443,Germany,Male,50,8,5844.913388697986,4,1,1,119527.60180853399,0
2197,15772312,Miller,795,France,Female,33,0,28330.481907069905,4,1,1,11600.0,0
2198,15641172,Davis,522,France,Female,54,3,114489.06556914776,3,0,0,51295.99507558965,1
2199,15703387,Rodriguez,562,Spain,Male,33,6,1759.7969580000636,3,1,1,200000.0,0
2200,15643712,Martinez,718,France,Female,33,0,49129.712201511924,1,1,0,200000.0,0
2201,15713743,Smith,677,France,Male,35,10,20210.55141892585,4,1,1,174732.11958594038,0
2202,15646717,Johnson,739,Germany,Female,33,3,48718.88427811669,3,1,1,113572.9529641409,1
2203,15673664,Williams,522,France,Male,57,5,15485.886762799846,1,1,1,18571.515144801786,0
2204,15657513,Brown,621,Spain,Female,44,9,170708.26500475197,2,1,0,79456.74647830187,1
2205,15738663,Jones,588,Germany,Male,43,7,6042.33976109119,1,1,0,78687.03798825109,0
2206,15667158,Garcia,538,France,Female,20,6,8598.405719575621,1,1,0,66708.46701179753,0
2207,15762937,Miller,709,France,Male,51,8,2337.166596500606,1,1,1,53940.721706429154,0
2208,15636571,Davis,744,Germany,Male,28,6,79236.73803703501,1,0,0,91409.3479237077,0
2209,15678355,Rodriguez,616,France,Female,38,2,4933.415065920264,4,1,1,38154.33034074965,0
2210,15770144,Martinez,802,Spain,Female,31,9,16191.273382097637,1,0,0,49943.63966324591,1
2211,15756465,Smith,571,Germany,Female,41,3,11508.491806356433,2,1,0,70248.21662198198,0
2212,15644827,Johnson,799,France,Male,54,2,21811.712293210083,1,1,1,86551.03353002445,0
2213,15757610,Williams,706,Germany,Female,29,8,72575.07440491278,2,0,0,121784.86558315961,1
2214,15788870,Brown,527,France,Female,31,10,149979.01131594306,3,1,0,40595.30408491269,0
2215,15740425,Jones,848,France,Male,40,10,105544.55295139264,1,0,1,74893.70090935582,0
2216,15648271,Garcia,605,Germany,Female,54,7,91994.7013110041,3,1,0,68177.27849316753,0
2217,15803054,Miller,770,Germany,Female,34,9,27018.78813863001,2,1,1,136497.45819658542,0
2218,15759000,Davis,664,Germany,Female,31,8,80928.65093782247,1,1,1,103423.55143116218,0
2219,15745279,Rodriguez,687,France,Female,40,9,75063.02942269844,4,1,1,11600.0,0
2220,15682922,Martinez,740,Germany,Female,39,9,14219.753602043098,1,1,1,23381.57566860963,1
2221,15813088,Smith,734,France,Female,28,1,15217.373009913448,4,1,1,110947.83351871894,0
2222,15781251,Johnson,615,Germany,Female,34,4,34556.840904679215,4,1,0,37435.48014773642,1
2223,15759956,Williams,703,Germany,Female,19,4,165491.51476245723,3,0,0,11600.0,0
2224,15722611,Brown,695,Germany,Female,38,6,5708.94915671991,3,1,1,73527.48537988981,0
2225,15821083,Jones,671,Spain,Female,26,3,222836.6088861212,4,1,0,47012.02925913179,0
2226,15663227,Garcia,629,Spain,Male,63,3,8653.992731246884,3,1,1,160479.12629061242,0
2227,15658691,Miller,671,Spain,Male,44,7,33238.7204025902,4,1,1,151765.33029857808,0
2228,15671089,Davis,846,Spain,Female,41,0,18118.258102281423,2,0,0,98300.29592824116,0
2229,15831512,Rodriguez,620,Spain,Female,44,5,27215.132980052153,2,1,1,82848.63413080986,1
2230,15745050,Martinez,770,Spain,Male,34,8,158306.49620204233,1,0,1,161993.94035812715,0
2231,15684740,Smith,588,Spain,Male,37,1,49956.754241792325,3,1,1,72410.34388212094,0
2232,15808497,Johnson,561,Germany,Male,44,4,17656.34060331737,2,1,0,132868.696846136,1
2233,15802882,Williams,850,France,Female,29,9,49500.500478803966,2,1,1,106246.45262588585,0
2234,15688663,Brown,704,France,Female,45,9,30088.067838435567,2,1,1,111073.78765297415,0
2235,15796333,Jones,706,Spain,Female,60,8,143551.9402381431,4,0,1,156280.6064630755,0
2236,15735978,Garcia,709,France,Male,24,10,21758.470120140053,3,1,1,35047.740312949,0
2237,15797564,Miller,790,Spain,Male,44,3,43910.579295157084,2,1,0,163441.98422440578,1
2238,15713736,Davis,690,France,Male,30,8,94663.61629138803,2,0,1,88597.14267697337,0
2239,15681657,Rodriguez,731,France,Male,45,7,159517.50271803734,3,1,0,100564.95202469995,0
2240,15654110,Martinez,544,Germany,Female,42,8,80264.33841390378,4,1,1,88041.74065862756,1
2241,15807961,Smith,748,Spain,Male,57,1,137081.34908302155,2,0,1,46811.49778190285,0
2242,15792658,Johnson,626,France,Male,56,9,31160.103874847504,3,1,1,193460.04717222264,1
2243,15744771,Williams,717,Spain,Male,24,4,72302.3438761116,4,0,0,11600.0,1
2244,15642727,Brown,478,Spain,Male,46,9,4971.663082331227,3,0,0,90536.1973304767,1
2245,15670661,Jones,713,France,Male,46,8,45047.13330676343,2,0,0,144124.3738932627,0
2246,15738011,Garcia,425,France,Male,50,4,679.7473959524956,3,1,1,91349.85705652644,0
2247,15782761,Miller,622,France,Male,43,3,15058.398307454874,1,0,1,200000.0,0
2248,15640306,Davis,479,France,Male,44,7,54764.844119951864,3,0,0,62759.521450338056,0
2249,15826250,Rodriguez,713,France,Male,28,5,9410.671605821355,1,1,0,21162.479217079177,1
2250,15745881,Martinez,656,France,Female,43,1,11166.077840403126,4,0,1,33869.18656846367,0
2251,15792882,Smith,572,France,Female,36,7,3185.259170344385,1,1,1,122246.51208707089,0
2252,15753118,Johnson,793,Spain,Male,45,4,68795.02623608563,4,1,0,200000.0,0
2253,15831698,Williams,560,Germany,Female,38,6,29705.382292373117,3,1,0,128499.8744736846,0
2254,15805556,Brown,350,Germany,Female,43,3,109440.35958606792,1,1,1,23567.376370473125,0
2255,15791597,Jones,701,France,Male,45,8,22491.168077127077,1,1,0,55910.976040364534,0
2256,15748646,Garcia,473,Spain,Male,45,1,28569.225492600246,2,1,0,171464.81352911505,0
2257,15663767,Miller,563,Spain,Male,31,9,34152.01668446505,3,0,1,53359.69340742265,0
2258,15701805,Davis,598,Germany,Male,63,8,98631.74659131111,3,1,1,50351.20758029864,0
2259,15638716,Rodriguez,507,Spain,Female,41,3,17278.725112025877,1,1,0,200000.0,0
2260,15830639,Martinez,600,Spain,Male,45,5,2647.8690601934954,3,1,1,28466.38939165816,0
2261,15670923,Smith,509,Germany,Female,39,4,49334.505239407314,4,1,0,131359.27716139494,0
2262,15707899,Johnson,666,Germany,Male,27,2,87349.12276061227,3,1,1,75480.05171232889,0
2263,15731254,Williams,527,France,Female,46,6,40625.52949785396,2,1,0,137069.27761255574,0
2264,15733906,Brown,653,France,Female,41,3,19318.291071619227,4,1,0,182422.1137371395,0
2265,15791100,Jones,766,France,Female,47,0,49776.08198286234,2,0,0,143151.59731148137,0
2266,15652374,Garcia,728,France,Female,32,7,235544.47388251222,3,1,1,11600.0,0
2267,15738356,Miller,641,France,Male,35,2,42670.69922233742,4,1,0,162009.75393379896,0
2268,15638314,Davis,551,Spain,Female,41,5,18932.621401533586,2,1,0,171370.84506646165,0
2269,15767041,Rodriguez,665,France,Male,39,1,13960.27481534938,3,1,0,101355.0704225386,0
2270,15749744,Martinez,580,Spain,Female,36,8,250000.0,2,0,1,119737.50925493622,0
2271,15726338,Smith,670,Germany,Male,41,3,94996.83528775717,1,1,1,59410.509528887975,0
2272,15686526,Johnson,478,France,Male,53,6,16389.489072751905,4,1,0,78759.48214361527,0
2273,15638328,Williams,730,France,Female,43,8,15220.804874817832,2,1,1,24965.551471618106,0
2274,15723754,Brown,653,France,Male,50,10,81397.96742964069,1,0,0,132675.93781568873,0
2275,15662325,Jones,850,Spain,Male,37,2,243231.69730370297,4,0,0,91519.44846158041,0
2276,15761571,Garcia,780,Spain,Male,39,2,31330.83317049446,2,1,1,108144.2606696697,0
2277,15735096,Miller,706,France,Female,41,2,12890.992502891208,4,1,1,119190.18152914665,0
2278,15774782,Davis,637,Spain,Female,34,4,13090.554481529945,3,0,1,38067.68087023924,0
2279,15670245,Rodriguez,577,Germany,Female,41,9,79814.15907795666,3,1,0,106532.14309519524,0
2280,15796998,Martinez,744,France,Female,54,5,46445.61895894108,1,1,0,22704.059483239093,1
2281,15738498,Smith,627,Germany,Male,56,2,50222.12732376385,4,0,0,11600.0,0
2282,15774601,Johnson,766,Germany,Male,52,9,10803.77350215459,1,1,0,151877.89297319643,0
2283,15728282,Williams,690,France,Female,42,8,6990.322501301697,3,1,1,11600.0,0
2284,15731148,Brown,690,Spain,Female,31,0,534.8929809635754,2,0,1,11600.0,0
2285,15788117,Jones,709,France,Male,63,6,123374.31886086188,4,0,0,11600.0,0
2286,15714575,Garcia,558,France,Male,33,10,21924.45355916304,1,1,0,82269.63391765184,1
2287,15698051,Miller,547,France,Male,54,8,70935.9257685305,3,1,0,78393.36892928675,0
2288,15744436,Davis,544,Spain,Male,42,4,107906.07449286773,2,1,1,34187.602820996064,0
2289,15825907,Rodriguez,754,Spain,Male,28,2,45635.52268448255,3,0,0,135252.11146491833,0
2290,15660139,Martinez,555,France,Male,24,9,27604.7011977106,3,1,1,97159.57895581829,0
2291,15712178,Smith,567,France,Male,52,3,1971.7694805783913,2,1,1,134305.22698790868,0
2292,15742124,Johnson,703,France,Male,33,7,20558.682180751246,2,0,1,123581.56504677545,0
2293,15657214,Williams,624,Spain,Female,26,2,19402.935239618742,4,1,0,170820.8706369652,0
2294,15641073,Brown,612,France,Female,36,4,41775.47644400476,2,1,0,11600.0,0
2295,15801305,Jones,603,Spain,Male,38,2,72210.39491948915,2,1,1,56536.41623156316,0
2296,15665950,Garcia,417,Spain,Male,42,5,62083.91608880881,3,0,1,133275.93865996017,0
2297,15830406,Miller,553,Germany,Female,42,0,101980.21013610282,3,1,1,11600.0,1
2298,15635779,Davis,768,France,Male,31,6,2398.9499772095683,3,0,1,67890.94123014112,0
2299,15770434,Rodriguez,596,France,Female,39,10,46443.908492031194,2,1,1,11600.0,0
2300,15667381,Martinez,459,France,Male,56,5,10474.809758232775,4,0,1,123784.68274496231,0
2301,15656238,Smith,549,Germany,Female,28,5,179748.7555154222,3,1,0,159708.61336575644,0
2302,15716491,Johnson,685,Germany,Male,43,2,26306.41204522857,3,0,0,73883.75589625566,1
2303,15688153,Williams,684,Germany,Male,28,0,48889.07796572662,2,1,1,73282.63783385583,0
2304,15777230,Brown,620,France,Female,34,10,21661.021170638363,2,1,1,179819.7063719913,0
2305,15793272,Jones,581,Spain,Female,50,0,12434.370902868988,1,1,0,83511.35748529938,1
2306,15777237,Garcia,509,France,Male,18,6,58217.68583519969,2,1,0,69058.72723762764,0
2307,15681421,Miller,686,France,Female,59,3,140056.9881147737,3,1,0,151846.16165894663,0
2308,15708372,Davis,733,Spain,Male,26,5,3066.112841375954,2,1,1,147035.93976732812,0
2309,15792640,Rodriguez,778,France,Female,18,3,87217.21377531449,1,1,0,124971.12002317456,1
2310,15825563,Martinez,538,Germany,Male,39,7,20896.58381948367,4,1,1,90037.206840277,0
2311,15792661,Smith,786,Spain,Male,34,8,6444.1644619737035,1,1,0,160717.5539159791,1
2312,15713316,Johnson,644,Germany,Female,32,1,62461.43107528187,4,0,1,100279.46022590825,0
2313,15824022,Williams,652,France,Male,45,0,4303.472490170856,4,1,1,82740.84077615006,0
2314,15659198,Brown,739,France,Male,29,0,65049.261806055205,3,1,1,101054.2441804688,0
2315,15798848,Jones,595,France,Male,44,6,28617.1009749999,2,1,1,140852.04790118616,0
2316,15698708,Garcia,433,France,Male,47,1,9000.49031396005,2,1,0,124684.47970094235,0
2317,15693784,Miller,720,Spain,Female,25,2,8550.818522774405,1,1,0,167069.25367126218,0
2318,15721765,Davis,684,Germany,Male,49,3,68956.47964125795,2,0,1,104867.27210771055,0
2319,15673912,Rodriguez,613,France,Female,46,8,88093.21007016808,4,1,0,53739.78410696532,0
2320,15690690,Martinez,712,Spain,Male,54,9,57858.469250702125,3,0,1,85106.63226401093,0
2321,15763405,Smith,732,Germany,Male,39,1,63799.44190484458,3,1,0,68985.69049395891,0
2322,15774580,Johnson,498,France,Male,30,9,94241.53824516329,4,1,0,80431.33993653941,0
2323,15671516,Williams,652,France,Female,51,1,27979.218024423786,4,0,0,82821.16993427953,0
2324,15744952,Brown,422,France,Male,39,0,9177.099777154202,4,0,0,125403.94743432435,1
2325,15679981,Jones,637,Spain,Male,57,7,23682.116780484357,4,1,0,91771.80601182378,0
2326,15803324,Garcia,612,Germany,Male,46,7,193847.18078573036,2,0,0,104811.56648400596,0
2327,15812555,Miller,699,Spain,Female,38,4,29754.668658084578,4,0,0,93660.30328500028,0
2328,15681015,Davis,542,France,Male,30,2,128778.84179854499,2,1,1,104202.39962668662,0
2329,15771686,Rodriguez,607,Spain,Female,37,0,60656.428343471016,3,1,1,108682.39287384244,0
2330,15815789,Martinez,350,France,Male,48,1,66921.81266624724,2,1,0,127640.71927953805,0
2331,15641753,Smith,705,Spain,Male,23,8,10549.165073685195,4,0,1,168043.1703543914,1
2332,15692318,Johnson,641,Spain,Male,34,7,23001.14099343329,1,1,1,166301.74079285463,0
2333,15728349,Williams,658,France,Male,22,9,65910.42234990494,1,0,1,75290.00331944112,0
2334,15802052,Brown,500,Spain,Male,28,10,53292.43426238034,2,0,0,11600.0,0
2335,15808326,Jones,689,Spain,Female,32,3,99245.53110594241,1,1,1,11600.0,0
2336,15779141,Garcia,815,Spain,Male,36,2,11785.567612829092,3,1,0,117976.70843216615,0
2337,15796684,Miller,631,France,Male,42,4,68977.65632674519,2,1,0,85088.77891781593,0
2338,15756601,Davis,715,France,Male,46,7,2012.0963414487683,1,1,0,189804.99762328173,1
2339,15749395,Rodriguez,562,Spain,Male,52,9,17819.495743831965,3,1,0,158733.7718875304,1
2340,15820365,Martinez,642,Spain,Male,55,5,49779.3699665713,2,1,1,11600.0,0
2341,15829831,Smith,496,France,Female,50,9,195712.9560049216,2,1,0,108242.09082205557,0
2342,15742779,Johnson,728,Spain,Male,35,10,227219.9718491977,2,1,1,45844.02819556293,0
2343,15646891,Williams,665,France,Female,41,3,28914.944212081624,2,1,1,120668.86316005324,0
2344,15810650,Brown,528,Spain,Male,33,7,72339.66731638872,4,0,1,161329.65605137678,0
2345,15809270,Jones,569,France,Male,41,3,45876.774392935105,1,1,1,11600.0,0
2346,15788845,Garcia,656,France,Male,37,4,61738.107956791224,2,0,0,127109.64559653107,0
2347,15720967,Miller,742,France,Male,27,1,65828.65964893364,2,0,0,200000.0,0
2348,15748616,Davis,797,France,Male,53,9,39628.31401736203,1,1,1,74852.92001078739,0
2349,15809813,Rodriguez,636,Germany,Male,56,3,84083.70884506665,1,0,1,122650.19239079225,1
2350,15814387,Martinez,513,Germany,Male,31,9,43912.83974617754,3,1,1,62453.8535970827,0
2351,15795408,Smith,673,France,Female,44,9,5302.239036121567,1,1,1,72865.53136336658,1
2352,15707190,Johnson,828,France,Male,31,2,226428.68209659515,2,1,0,82012.13198289444,0
2353,15698248,Williams,487,Spain,Female,38,7,18109.68640371234,4,1,1,83262.75762048758,0
2354,15638256,Brown,554,France,Male,33,7,166473.2712429578,1,1,1,62687.370211678,0
2355,15653345,Jones,711,Germany,Female,32,6,17309.306582220055,4,1,0,141840.89540778892,0
2356,15682970,Garcia,665,Germany,Male,40,5,95917.8782326804,2,0,1,11600.0,1
2357,15772115,Miller,595,Spain,Male,20,8,58492.411549966724,1,1,0,193486.6875492112,0
2358,15754337,Davis,672,Germany,Female,33,3,22070.427664622268,4,0,1,84303.7132459279,0
2359,15790285,Rodriguez,747,France,Male,79,3,139034.30851538375,3,1,1,129452.99337996136,0
2360,15754493,Martinez,640,Spain,Female,23,5,43751.01401010211,3,1,1,56459.04921998786,0
2361,15742573,Smith,631,Spain,Female,35,0,88528.0884094871,3,1,0,123381.37250043983,0
2362,15646751,Johnson,708,France,Male,41,1,79712.8028929695,3,1,0,175340.2768701614,1
2363,15734704,Williams,622,Spain,Female,37,1,2374.7176381430713,4,0,0,200000.0,0
2364,15693791,Brown,764,Germany,Female,31,9,15657.595660180961,4,1,0,162384.57521686985,1
2365,15787349,Jones,850,France,Female,48,3,31953.377277629508,4,0,1,126110.47146659365,0
2366,15705633,Garcia,560,France,Female,40,4,135168.30012949283,4,0,1,122942.3303040593,0
2367,15677270,Miller,524,Germany,Male,32,1,3224.8588715333294,3,1,0,46630.468490702115,1
2368,15779347,Davis,687,France,Male,47,7,10267.86327696596,4,0,1,11600.0,0
2369,15722806,Rodriguez,521,France,Female,33,4,48977.962629349975,1,1,0,67861.0068000331,1
2370,15831103,Martinez,519,France,Male,30,7,52878.26828314829,2,1,0,134292.96272764835,0
2371,15789343,Smith,445,France,Male,44,8,8955.233067478739,1,0,1,137738.43361454149,0
2372,15799742,Johnson,611,France,Male,25,10,148115.15846263792,4,0,1,11600.0,0
2373,15775109,Williams,646,Germany,Female,56,8,9729.958795899925,4,1,0,14170.533568138577,1
2374,15817923,Brown,598,France,Male,54,3,10065.662443111818,3,1,1,80188.63716387995,0
2375,15671986,Jones,789,Spain,Female,44,9,50467.96990624246,3,1,1,54606.69063506143,0
2376,15716531,Garcia,781,France,Male,33,1,27362.69703232181,2,1,0,40156.696856552546,1
2377,15762561,Miller,842,France,Male,28,10,1317.7972620664416,3,1,0,151618.48914372112,0
2378,15710755,Davis,654,France,Female,18,1,126605.49273969093,1,1,1,87975.33726213481,0
2379,15709990,Rodriguez,768,France,Female,55,4,3905.7456825915197,3,1,0,150345.64763862075,1
2380,15666003,Martinez,680,France,Male,29,9,8498.938107517117,3,0,0,11600.0,1
2381,15754105,Smith,670,Germany,Male,42,3,113701.82950053771,2,1,1,87677.86665670153,0
2382,15762436,Johnson,603,Spain,Male,40,5,16100.68409269855,4,1,0,56164.44318191379,1
2383,15668686,Williams,423,France,Female,22,8,85099.30862132832,3,1,1,106264.51639956125,0
2384,15745243,Brown,713,France,Male,32,6,9359.53045573374,4,1,0,11600.0,0
2385,15739713,Jones,765,France,Male,27,10,2469.1875709649576,1,0,1,200000.0,0
2386,15821500,Garcia,497,Spain,Female,46,3,13376.374345410133,4,0,0,72074.89263429817,1
2387,15802125,Miller,649,Spain,Male,47,6,67742.85317397231,3,1,1,121841.57426653344,0
2388,15772901,Davis,749,France,Male,36,1,54323.30715927594,4,0,0,157966.6780300068,0
2389,15797584,Rodriguez,614,France,Female,30,4,18598.08987847193,1,1,0,177183.19673019546,1
2390,15670643,Martinez,769,Spain,Female,40,10,50185.096059467796,3,1,1,68126.70954434005,0
2391,15723522,Smith,635,France,Female,50,8,54678.66189157895,1,1,1,165794.92935610708,0
2392,15700283,Johnson,597,Germany,Male,24,10,41583.99039612839,3,1,0,163717.23214035213,0
2393,15716173,Williams,775,France,Female,60,8,137073.28284127556,2,1,1,82994.54064532008,0
2394,15831155,Brown,556,Germany,Female,36,3,78902.00172903601,1,0,0,112535.29489116282,1
2395,15834250,Jones,577,Spain,Male,37,7,84633.9783069879,3,0,0,39013.60451985946,0
2396,15762158,Garcia,560,Spain,Female,55,4,27747.09176994904,1,1,0,74589.89677694628,0
2397,15829848,Miller,535,Spain,Male,38,2,57584.74250444741,3,0,0,120776.53209534979,0
2398,15660762,Davis,665,France,Female,37,5,10127.311355418393,2,0,1,184910.3593297659,0
2399,15652235,Rodriguez,598,France,Female,29,3,17545.64346691737,4,1,1,88022.31355502011,0
2400,15651616,Martinez,698,France,Female,33,2,34899.8997944047,4,1,1,76056.57956855863,0
2401,15715134,Smith,476,Spain,Male,31,3,84708.89541796043,2,1,1,98093.72009094727,0
2402,15683706,Johnson,537,Germany,Female,21,0,20543.89640435862,2,0,1,11600.0,0
2403,15807295,Williams,655,France,Male,18,9,28974.432696025793,4,0,0,29416.73869768255,0
2404,15711833,Brown,796,France,Female,36,7,157726.30782579593,1,1,0,68398.941678381,1
2405,15702990,Jones,687,Germany,Female,25,8,16710.598445986154,2,1,1,39686.3265178778,0
2406,15650616,Garcia,591,Spain,Male,45,5,48125.278861270184,4,0,1,11600.0,0
2407,15727180,Miller,501,Germany,Male,36,4,5298.239519740943,4,1,0,101886.67108058426,1
2408,15799429,Davis,585,France,Female,23,8,26523.877821262948,4,1,1,200000.0,0
2409,15674992,Rodriguez,645,France,Male,54,3,20030.592374557993,1,1,1,101333.83342035208,0
2410,15658313,Martinez,414,France,Female,34,0,657.9161295412072,1,0,0,11600.0,0
2411,15726260,Smith,528,Spain,Male,44,10,43999.22045009999,2,1,0,145180.90813878842,0
2412,15692595,Johnson,576,Spain,Female,55,6,20130.12313537624,1,1,1,131473.74572437635,1
2413,15792887,Williams,624,Spain,Male,38,0,14495.82592377277,1,1,0,137668.22958856574,1
2414,15823458,Brown,644,Germany,Male,39,8,111558.33255338985,1,1,1,33363.4775216486,0
2415,15642023,Jones,588,Germany,Female,53,3,13043.5911871975,1,0,1,132772.6638944426,0
2416,15652329,Garcia,700,Germany,Female,36,2,26000.51743566661,2,1,0,143549.2043036809,0
2417,15747020,Miller,662,Germany,Male,49,3,149218.8219538516,1,1,0,117527.32502761527,1
2418,15638960,Davis,612,Germany,Female,38,0,4185.768022424396,2,1,0,107808.9945874763,0
2419,15699710,Rodriguez,714,France,Male,40,5,139382.83860109802,2,0,0,95724.92129529627,1
2420,15728620,Martinez,706,Germany,Female,40,6,24732.42345559771,1,1,1,196788.39185916397,0
2421,15759059,Smith,504,France,Male,35,6,78253.727661199,1,1,0,89611.91679497104,0
2422,15797791,Johnson,646,France,Male,33,4,21994.826523360534,2,0,1,160883.6399936352,0
2423,15666512,Williams,739,Spain,Male,32,9,26854.235247893786,2,1,0,129513.91777241316,0
2424,15761490,Brown,755,Spain,Male,26,9,28792.977697057715,2,1,1,170290.07443705547,0
2425,15690356,Jones,687,Germany,Female,34,4,146692.77108519728,4,1,1,184788.39519007018,0
2426,15828112,Garcia,626,France,Female,36,5,39953.66021997384,1,0,1,137495.9087165117,1
2427,15744449,Miller,692,Spain,Male,43,9,12223.219157011974,4,1,0,118250.00548505137,0
2428,15795045,Davis,730,Germany,Male,38,7,47274.52341989575,4,1,0,200000.0,0
2429,15817175,Rodriguez,661,France,Female,49,8,110123.94353104067,1,0,1,119634.84676293992,1
2430,15826620,Martinez,672,Germany,Male,49,5,12064.16477030465,3,1,1,134135.72398460947,0
2431,15673069,Smith,625,France,Male,52,2,20590.885700710445,4,1,0,197102.834361847,0
2432,15783299,Johnson,516,France,Male,36,5,42368.90596536286,1,1,1,138394.53473545847,0
2433,15668495,Williams,632,Spain,Male,33,3,218142.45590768056,4,1,0,11600.0,1
2434,15710931,Brown,582,France,Male,25,3,31307.987090230534,1,1,1,11600.0,0
2435,15665609,Jones,582,France,Female,52,10,43895.46860725938,2,1,0,11600.0,0
2436,15805206,Garcia,793,France,Male,27,10,7269.124247125685,4,0,1,44007.746958833755,0
2437,15688855,Miller,745,France,Female,29,6,70972.9336658686,4,1,1,91834.44849500502,0
2438,15646925,Davis,480,France,Male,41,5,12414.787040857893,4,1,1,120638.55319951297,0
2439,15745937,Rodriguez,541,France,Female,35,7,19869.01182008562,1,1,0,32502.894065312124,1
2440,15746958,Martinez,613,France,Male,53,10,61818.77519113972,3,1,1,125492.76587912058,0
2441,15745546,Smith,585,France,Female,31,7,62355.26922171236,2,0,1,44497.32178046474,1
2442,15779884,Johnson,681,France,Male,39,2,19194.960713115946,3,1,1,154020.97336975546,0
2443,15651058,Williams,525,France,Male,20,10,94961.68210935737,4,1,0,165251.9021174011,0
2444,15665969,Brown,745,Germany,Female,51,3,79165.42751823585,1,0,0,156107.42964634323,0
2445,15689226,Jones,645,Germany,Male,22,1,47826.868513235895,4,1,1,81165.4167911188,0
2446,15775780,Garcia,615,France,Female,63,0,9843.186290703059,4,1,0,200000.0,0
2447,15702610,Miller,648,Germany,Female,37,6,117630.78505505236,3,1,1,30347.701169112348,0
2448,15760528,Davis,608,Spain,Male,36,7,37477.56904528052,4,0,1,61250.16084202693,0
2449,15749997,Rodriguez,446,Spain,Male,38,7,23612.63539691651,1,1,0,146504.3338641707,1
2450,15751094,Martinez,651,France,Male,28,5,131057.26151381747,2,1,1,98345.46664826757,0
2451,15706842,Smith,617,Spain,Female,45,6,178137.66571424293,3,1,0,189973.87091417387,1
2452,15698917,Johnson,554,France,Male,34,7,63149.49025854223,1,0,0,11600.0,0
2453,15645358,Williams,759,France,Female,35,3,78361.03082099823,4,1,1,104658.70517811508,0
2454,15833685,Brown,716,France,Female,51,7,14168.884958794473,2,1,1,30559.714103867824,0
2455,15670980,Jones,850,France,Male,21,5,14973.935505842728,2,1,0,82255.24618377682,0
2456,15769929,Garcia,733,Germany,Female,37,6,42105.52997781307,2,1,1,98964.6371005515,1
2457,15780158,Miller,585,Germany,Male,37,9,204328.148650434,1,1,1,88776.82258326552,1
2458,15760305,Davis,559,Germany,Male,40,6,67977.63430951347,2,0,1,45888.47182422309,1
2459,15691151,Rodriguez,600,France,Female,33,7,68519.1765615922,1,1,0,110569.154044488,1
2460,15800177,Martinez,583,France,Male,35,10,14893.185034832895,3,1,0,178890.8944751271,0
2461,15708396,Smith,660,France,Male,57,4,27217.5688199842,1,1,0,73868.89158637315,0
2462,15679715,Johnson,496,France,Female,43,1,20967.777327694213,4,1,1,200000.0,0
2463,15708671,Williams,714,Spain,Female,31,7,17995.272503134744,1,1,0,144093.81222265563,0
2464,15770923,Brown,659,Spain,Male,45,0,65671.04898428795,1,0,1,86995.10281881728,0
2465,15784875,Jones,703,Spain,Female,39,1,5259.921593126809,4,1,0,73750.36060317916,0
2466,15760143,Garcia,535,Germany,Male,46,4,9042.663886466891,3,0,0,128748.68657356178,1
2467,15824250,Miller,674,France,Female,36,3,26576.57245499186,1,1,0,66432.97674598187,1
2468,15644288,Davis,779,France,Female,30,10,18028.978980031985,4,1,1,142527.75258367095,0
2469,15687965,Rodriguez,563,France,Male,22,1,116843.88005885528,4,0,0,72595.54723297257,0
2470,15732145,Martinez,561,France,Male,50,3,11184.896700612835,3,1,1,56317.14176439128,0
2471,15766335,Smith,721,Spain,Female,45,6,14307.036914913826,3,1,1,94912.36402857302,0
2472,15810517,Johnson,553,France,Female,42,4,9805.904315690916,4,1,1,190927.86714202212,0
2473,15730275,Williams,626,France,Male,45,3,97719.86786734276,3,1,0,30871.52511729175,0
2474,15826637,Brown,797,Spain,Male,51,1,11286.028428357673,4,0,1,21707.90896144217,0
2475,15677430,Jones,562,Spain,Male,22,1,21699.258352927667,3,1,1,62052.16588553452,0
2476,15683206,Garcia,804,France,Male,39,0,55328.89711358864,4,1,1,22325.6524850992,0
2477,15645128,Miller,616,Germany,Female,20,9,4040.540643961689,2,0,0,129990.12812496978,1
2478,15703512,Davis,537,France,Male,35,5,84817.68156335283,3,1,1,90875.27415948127,0
2479,15660194,Rodriguez,710,Germany,Female,42,5,61251.421336569874,2,0,1,117837.97495607934,1
2480,15663584,Martinez,660,France,Female,35,3,15125.414491849451,4,1,1,119384.64343453207,0
2481,15634809,Smith,651,France,Female,56,8,24862.128253798986,3,1,1,72558.70361682007,0
2482,15723335,Johnson,573,Germany,Male,36,3,48388.456134960375,3,1,1,51293.7189805347,0
2483,15759584,Williams,660,France,Female,31,2,146363.9364321828,2,0,1,189720.687197259,0
2484,15703221,Brown,443,Germany,Female,39,10,49612.77608120184,2,1,0,118386.67938704169,0
2485,15795002,Jones,671,Spain,Male,28,9,14587.165319944703,1,0,1,11600.0,0
2486,15681081,Garcia,779,France,Male,30,8,32936.974344417744,2,1,0,96089.67609950091,0
2487,15785777,Miller,473,Germany,Female,48,0,29856.83977458784,4,1,1,42651.503321826756,0
2488,15805565,Davis,609,Germany,Male,48,1,38029.28416551648,4,0,1,122856.74496701795,0
2489,15776428,Rodriguez,562,France,Female,40,0,36599.479635196105,2,1,1,156139.93560046886,0
2490,15716039,Martinez,498,Germany,Male,45,6,22631.952167304516,2,1,0,59795.984274260736,0
2491,15733142,Smith,444,Germany,Male,59,0,102718.54134951091,4,1,1,142666.31955398768,0
2492,15707584,Johnson,531,Germany,Male,38,10,20032.1779273351,1,0,0,167816.52513515772,0
2493,15737349,Williams,625,Spain,Male,30,10,37746.059465394246,1,1,1,114770.36158357475,0
2494,15821596,Brown,764,Germany,Male,44,0,15113.607516964381,3,0,1,58513.60066741617,1
2495,15682833,Jones,497,Spain,Male,47,5,28528.928499780686,4,1,1,187650.45170666493,0
2496,15663903,Garcia,679,Germany,Male,48,5,57189.52281159583,3,1,1,188005.91260452254,0
2497,15828385,Miller,671,France,Male,50,10,70911.15697225038,1,1,0,97792.8076179805,0
2498,15806997,Davis,817,France,Male,48,4,82052.16216639275,2,0,0,101867.45747608313,0
2499,15653354,Rodriguez,707,France,Female,44,3,66746.72302042939,1,1,0,115821.01967789739,0
2500,15733054,Martinez,712,Germany,Male,45,7,31438.747520777928,1,0,0,76574.05449191542,0
2501,15779069,Smith,719,Germany,Female,43,2,1909.4185185986996,1,0,0,87690.23033822916,0
2502,15755839,Johnson,557,France,Female,23,0,37168.585735707136,1,1,1,62021.61803782269,0
2503,15690875,Williams,592,France,Male,21,0,2836.490198476086,4,0,0,169822.7016048886,0
2504,15726480,Brown,761,France,Male,28,4,169735.71349020465,4,0,1,11600.0,0
2505,15639497,Jones,444,France,Female,47,2,23737.261954398255,4,0,0,71580.4207685333,0
2506,15754570,Garcia,581,Germany,Female,34,2,35025.846115092754,1,1,0,157247.66225366367,0
2507,15750302,Miller,516,Spain,Male,40,10,6937.074701575158,3,1,1,100984.51650338448,0
2508,15711161,Davis,673,Spain,Female,54,1,250000.0,2,0,0,36266.72271600228,0
2509,15645301,Rodriguez,607,France,Male,49,8,33883.560515187746,3,0,0,70178.96486835896,0
2510,15830735,Martinez,712,Germany,Male,18,10,17711.75100881288,4,1,1,183419.22209601768,0
2511,15644317,Smith,639,Germany,Male,46,5,10724.595956043484,4,1,0,168718.375903384,1
2512,15653771,Johnson,495,Spain,Male,39,6,52481.21398769833,4,1,0,90008.29734198915,0
2513,15753015,Williams,500,Germany,Female,32,1,28661.586915176416,3,0,1,35982.77563656444,0
2514,15781837,Brown,649,France,Female,35,10,19087.184602257148,4,0,0,153288.75824867003,1
2515,15753866,Jones,572,France,Female,35,0,484.46932313302074,4,1,0,68018.75787764986,0
2516,15640384,Garcia,596,Germany,Male,25,7,1853.7959987365828,1,1,1,200000.0,0
2517,15759083,Miller,743,Germany,Male,41,9,59145.33480042627,4,1,0,56994.95961653045,1
2518,15670187,Davis,725,Spain,Male,60,3,32748.31830921663,4,1,1,127265.62210073796,0
2519,15665284,Rodriguez,829,France,Male,49,8,94487.49866644204,3,1,0,176873.28004586842,0
2520,15813538,Martinez,618,Spain,Male,18,8,70025.43933733884,2,1,1,122382.82568697285,1
2521,15764594,Smith,585,France,Female,41,10,42600.16560949312,4,1,0,112437.72055098464,1
2522,15719018,Johnson,691,Spain,Male,41,3,41161.75429011823,2,0,0,25940.784040120765,0
2523,15820788,Williams,593,Spain,Female,29,9,68392.26896323173,2,1,0,122837.55459303012,1
2524,15762412,Brown,597,Germany,Female,26,2,67577.7064072754,4,1,1,118910.93578240824,0
2525,15672669,Jones,629,Germany,Female,47,4,20362.14490086744,1,0,1,100815.90369141348,0
2526,15808359,Garcia,815,France,Female,40,5,5564.427822194709,4,1,0,57904.42847327315,0
2527,15652675,Miller,720,France,Male,34,9,73882.82704835261,3,0,0,90901.87692264459,0
2528,15670637,Davis,730,France,Male,45,3,12622.564031614616,4,1,0,138940.83644157476,0
2529,15830651,Rodriguez,810,France,Female,60,0,78334.50843524591,1,0,1,94224.36039251182,1
2530,15724975,Martinez,740,Germany,Female,41,6,48128.74064219484,4,1,1,131949.80553569752,0
2531,15717964,Smith,536,France,Male,41,4,22155.241086514212,3,1,1,116074.54409313729,0
2532,15725119,Johnson,738,Spain,Female,38,1,95619.77973326306,3,0,1,73799.31234848144,1
2533,15700052,Williams,751,France,Female,35,10,58747.980741932835,2,1,1,109472.68323971996,0
2534,15644984,Brown,715,Germany,Male,47,8,39384.79211615063,3,1,1,67366.31878217356,0
2535,15770111,Jones,630,Germany,Male,37,7,17898.07075411497,2,1,0,57325.47750608147,1
2536,15830286,Garcia,704,France,Female,43,9,214447.23824216667,1,1,1,138834.9244547761,0
2537,15696531,Miller,647,France,Male,54,6,91175.05126034476,3,0,1,119396.32859186767,0
2538,15733466,Davis,552,France,Male,46,8,7342.4547606153465,3,1,0,94093.29204246803,0
2539,15778003,Rodriguez,577,Spain,Male,26,9,82053.85075195025,2,1,0,139690.42177204852,0
2540,15659771,Martinez,720,Germany,Female,25,1,6402.385683946671,3,1,0,64740.42187889668,0
2541,15722070,Smith,559,France,Female,51,2,14234.177315556892,4,0,1,60642.27770379516,0
2542,15669196,Johnson,568,Spain,Male,37,8,157971.13986032188,2,1,1,17844.91193452962,0
2543,15826305,Williams,725,France,Male,41,5,101974.410314085,1,1,0,39788.583415547066,0
2544,15679635,Brown,663,Germany,Male,31,1,46570.65410195616,3,1,0,90289.41861279318,1
2545,15697735,Jones,707,France,Male,45,5,60053.5455818858,1,0,0,200000.0,0
2546,15708463,Garcia,527,Germany,Male,57,4,4694.080872411068,1,0,0,29286.97883273881,1
2547,15817964,Miller,704,Spain,Male,40,9,20201.34640334643,4,0,0,11600.0,1
2548,15666352,Davis,583,Spain,Male,45,4,19461.723322166377,2,0,1,84146.32168083187,0
2549,15675063,Rodriguez,548,France,Female,51,4,1660.7208144711574,2,0,1,106286.61524915975,0
2550,15712824,Martinez,599,France,Male,55,1,60887.00816228471,3,0,1,48442.45789441939,0
2551,15746622,Smith,786,Spain,Male,32,5,18376.26839521302,1,1,1,164802.37400668339,0
2552,15658828,Johnson,613,France,Male,43,6,50132.29768211082,2,1,0,52295.81524322322,0
2553,15641323,Williams,850,France,Female,51,8,1380.074942282721,3,0,0,85247.4014638872,0
2554,15821828,Brown,443,Germany,Male,54,4,82.24186768130602,4,0,0,104210.97332624122,0
2555,15655211,Jones,495,France,Male,34,10,9316.892426629633,1,0,1,179213.8695786902,0
2556,15817804,Garcia,782,France,Female,32,10,60682.071860138065,4,1,0,147721.97428698372,1
2557,15765115,Miller,807,Spain,Female,37,4,46338.706300607264,3,1,1,121201.10305903186,0
2558,15738813,Davis,563,France,Female,35,8,11213.853318839694,1,0,1,114676.73205503341,1
2559,15820923,Rodriguez,656,France,Male,36,5,37051.14954000312,4,0,0,139587.7643959009,0
2560,15814569,Martinez,721,Germany,Male,43,6,48276.746045115746,1,1,1,200000.0,1
2561,15771330,Smith,627,Spain,Female,33,3,139798.90483179636,3,1,1,11600.0,0
2562,15759467,Johnson,664,France,Male,54,3,71863.753825956,1,1,1,42383.851440686536,0
2563,15709122,Williams,651,Germany,Male,34,0,7299.4842046479625,4,1,0,44067.60546133039,1
2564,15829414,Brown,501,Spain,Female,32,10,15751.296581624005,2,1,0,200000.0,0
2565,15698911,Jones,615,France,Female,27,4,25832.64853893625,3,1,0,11600.0,1
2566,15664586,Garcia,651,France,Female,51,1,5562.8153056473975,1,1,1,21091.552690282202,0
2567,15753549,Miller,660,France,Female,26,4,40524.14165596738,1,1,0,96168.33518238353,0
2568,15640503,Davis,476,Germany,Female,43,4,118807.73380593017,1,1,0,175060.34114198864,1
2569,15797226,Rodriguez,725,Spain,Female,45,3,18291.385317529617,1,1,0,158271.97740704374,0
2570,15665657,Martinez,662,France,Male,18,9,208818.61387916873,1,0,1,83991.57640884678,0
2571,15803359,Smith,544,Spain,Female,25,8,14338.622522968231,4,0,1,59744.93390947482,0
2572,15780390,Johnson,829,Spain,Male,35,4,31958.182564859842,4,1,0,117695.52764650276,0
2573,15748701,Williams,615,France,Female,57,5,21006.23028379038,3,1,1,20055.19342207235,0
2574,15645740,Brown,621,Germany,Male,35,0,18416.76025220611,3,0,1,200000.0,0
2575,15800972,Jones,714,France,Male,33,4,23730.37464987544,4,1,0,121289.43910095183,0
2576,15816786,Garcia,838,Spain,Female,31,8,1647.447016655255,2,1,1,200000.0,0
2577,15658031,Miller,718,Germany,Male,31,10,37965.45386937747,4,1,1,81052.37321752877,0
2578,15684802,Davis,732,Germany,Female,32,5,67625.49723812271,2,1,1,84251.1225487649,0
2579,15813918,Rodriguez,549,Germany,Female,32,8,99678.78670465489,4,0,0,119535.3432507621,0
2580,15735870,Martinez,658,Germany,Male,31,3,19604.38923395143,3,1,0,91458.697025775,0
2581,15651949,Smith,596,Spain,Male,31,1,39970.32032044332,3,0,1,88843.98079637508,0
2582,15782594,Johnson,720,Germany,Male,35,8,111651.0987392946,1,1,0,16541.64710363651,1
2583,15666424,Williams,729,Spain,Female,48,3,80439.96415214989,2,1,1,92001.47149778872,0
2584,15812333,Brown,813,Germany,Male,27,10,31188.053215651762,2,1,0,11600.0,0
2585,15674710,Jones,434,France,Male,32,1,9006.972321162588,2,1,0,54629.58313207361,0
2586,15763557,Garcia,586,Spain,Male,33,0,40856.50816213914,1,1,1,74904.726816427,0
2587,15642569,Miller,780,Germany,Female,38,1,228762.10028393773,2,1,1,46120.57997027278,0
2588,15745321,Davis,509,Germany,Female,31,4,70837.80499681574,1,0,1,89906.98959924476,0
2589,15646473,Rodriguez,730,Spain,Male,59,2,94201.17252911875,1,1,1,87261.8309299532,0
2590,15799287,Martinez,763,France,Female,44,5,10459.667895121884,1,0,1,200000.0,0
2591,15662781,Smith,647,France,Female,48,3,117113.73732696168,1,0,0,149484.50263036363,0
2592,15817862,Johnson,507,France,Female,41,1,711.1644080146451,4,1,1,111420.65279654348,0
2593,15689701,Williams,637,Germany,Male,53,6,99101.81566475418,3,1,0,26873.79669996811,0
2594,15669864,Brown,795,Spain,Female,27,10,13664.030502125554,2,1,1,51129.306895757894,0
2595,15712815,Jones,803,Spain,Male,33,5,48737.49145255618,3,1,1,11726.65407976367,0
2596,15752009,Garcia,670,France,Female,30,7,17339.91246034026,2,0,0,125902.80060699882,1
2597,15783942,Miller,552,Spain,Female,37,9,7268.398572531154,3,1,1,58751.024851765964,0
2598,15720871,Davis,823,Spain,Female,54,4,14191.008245534416,1,0,1,127392.69270733782,0
2599,15695147,Rodriguez,732,Germany,Male,60,2,32020.933067037604,3,1,1,135967.11209198355,0
2600,15674524,Martinez,558,France,Female,48,3,126075.2507033716,1,0,1,75785.77929999713,0
2601,15677515,Smith,684,Germany,Male,38,4,24633.23837203356,3,1,1,68414.64132431312,0
2602,15731635,Johnson,679,Spain,Male,50,4,2874.546317924757,1,1,0,95652.26571217332,0
2603,15739394,Williams,586,Spain,Male,53,5,1202.746755982146,3,1,1,52720.23548197906,1
2604,15821351,Brown,684,Germany,Female,50,8,11777.927642624794,1,1,0,39969.08739055159,0
2605,15815515,Jones,760,Spain,Male,37,3,2671.5614430847004,2,1,1,11600.0,0
2606,15812006,Garcia,620,France,Male,37,6,23191.48623005309,4,0,0,13474.56323314205,0
2607,15754465,Miller,770,France,Male,32,6,24245.953451854763,1,0,0,102359.06643845649,0
2608,15790706,Davis,474,Spain,Female,36,5,179029.58039394018,3,1,1,123023.81314826608,0
2609,15803520,Rodriguez,850,France,Female,31,0,18281.06906512212,2,1,1,93616.52627398017,0
2610,15825148,Martinez,655,France,Female,38,8,45681.48050550289,1,1,0,52835.31266377147,0
2611,15679538,Smith,757,France,Male,38,5,85414.23531112794,3,1,0,149519.5559069353,0
2612,15795468,Johnson,671,Germany,Female,30,2,35976.90557355577,4,1,1,200000.0,0
2613,15827262,Williams,567,Germany,Female,65,10,59630.450238773905,4,1,1,102579.41243218807,0
2614,15816005,Brown,646,France,Female,41,1,183236.35943026468,3,1,1,83924.03910620305,0
2615,15662743,Jones,459,Spain,Female,51,2,19589.377993221427,1,1,0,119237.15238534904,1
2616,15774748,Garcia,718,Spain,Female,51,10,3855.423725761473,2,0,0,11600.0,0
2617,15772080,Miller,669,France,Female,58,0,28133.554470159277,3,1,0,141075.59621891053,0
2618,15731961,Davis,630,France,Male,29,2,38895.35390008003,4,1,0,44096.120752333416,0
2619,15757881,Rodriguez,725,Germany,Male,33,4,43373.41158832163,3,0,0,167042.9345181044,0
2620,15788965,Martinez,653,Germany,Female,20,3,67078.02147197127,3,1,1,20430.032084453793,1
2621,15676170,Smith,710,France,Female,22,9,114180.81744175726,2,1,0,67721.55914325641,0
2622,15732141,Johnson,746,France,Female,28,0,34673.887940224035,2,1,0,13764.129508019556,0
2623,15681453,Williams,595,France,Male,37,4,7739.543672882481,3,1,0,178542.44764582795,1
2624,15689425,Brown,566,France,Male,38,2,25826.12692370862,3,0,0,11600.0,0
2625,15657914,Jones,477,France,Female,70,9,8442.795264630284,2,1,1,82310.19061643345,0
2626,15808782,Garcia,662,Germany,Female,44,10,10063.18083191993,2,1,0,58074.76791827649,1
2627,15832592,Miller,695,Germany,Female,48,6,85.05840862560255,1,1,1,85456.06469527482,0
2628,15799845,Davis,517,Spain,Male,40,9,132757.82890737365,1,1,0,154157.40533338417,1
2629,15807453,Rodriguez,792,France,Male,25,10,68375.57551904683,1,1,1,118987.01292120502,1
2630,15834502,Martinez,567,Spain,Male,41,7,5283.364036000389,1,1,1,87640.10549629849,0
2631,15733325,Smith,439,France,Male,22,4,126352.99930904795,3,1,1,11600.0,0
2632,15647013,Johnson,799,France,Male,37,9,102149.05375134027,3,1,0,197778.90785606406,1
2633,15691611,Williams,452,Spain,Female,45,7,120336.21650142876,1,1,1,109367.49534464547,0
2634,15781096,Brown,746,Germany,Female,33,5,5119.022606994032,3,1,0,120705.0299199121,0
2635,15808142,Jones,722,France,Male,40,5,4163.270883123896,2,0,1,30121.367401411422,0
2636,15666973,Garcia,681,Germany,Female,32,4,3506.922641366543,2,1,1,168724.09439253874,0
2637,15691624,Miller,597,Spain,Female,27,10,170444.73207923275,1,1,1,26049.93414070383,0
2638,15705831,Davis,700,Germany,Female,43,9,54009.64838836647,3,0,0,200000.0,0
2639,15733673,Rodriguez,754,Spain,Female,49,5,9799.654314529631,2,1,1,130876.3048240785,0
2640,15816870,Martinez,551,Spain,Male,49,0,132366.21006356078,3,1,1,175313.37174681074,0
2641,15731376,Smith,747,Germany,Male,36,7,29274.319204467796,2,0,0,56576.69817662996,0
2642,15661317,Johnson,743,Germany,Male,18,4,76959.91878514478,3,1,1,91465.74286632358,0
2643,15662207,Williams,679,France,Female,39,7,50555.93363491105,2,0,0,14354.533587411264,0
2644,15734455,Brown,596,France,Female,51,2,52441.81553064652,2,1,1,141180.98281850037,0
2645,15665776,Jones,743,Germany,Male,25,9,28966.746455773773,2,0,1,135447.52860875265,0
2646,15775630,Garcia,700,Spain,Female,56,5,25122.228435929217,1,1,1,106039.00733748183,0
2647,15710975,Miller,548,France,Male,18,0,8832.117186057403,3,0,0,116495.23420150607,1
2648,15703854,Davis,613,Spain,Female,42,0,3670.5255466806884,1,1,1,62469.630814465854,0
2649,15827623,Rodriguez,731,France,Male,47,3,131548.55644277047,3,0,0,32431.48324483038,0
2650,15828320,Martinez,661,Germany,Male,53,9,137933.2636706658,2,1,1,187976.94886912787,0
2651,15704619,Smith,758,France,Male,43,5,51263.16088030526,4,1,0,105014.20636032749,0
2652,15697639,Johnson,615,France,Male,35,2,24556.157070664412,1,0,0,89529.58671588375,0
2653,15724420,Williams,550,Spain,Female,40,10,1270.5064261625537,2,0,0,115819.60866280225,1
2654,15641150,Brown,850,France,Male,32,10,29679.22476816033,1,0,0,53844.63919239882,1
2655,15751583,Jones,481,France,Female,19,4,53790.02416445591,4,0,0,200000.0,0
2656,15788851,Garcia,600,Germany,Male,36,9,17854.240750865654,3,0,0,170550.83579476696,0
2657,15658624,Miller,677,Germany,Male,43,10,20960.754998676635,3,0,0,57778.21996977595,0
2658,15740899,Davis,748,Spain,Female,49,3,31963.58505397366,4,1,0,118658.00614674907,0
2659,15771216,Rodriguez,714,Spain,Female,34,9,34151.700070928535,4,1,1,37698.89675391766,0
2660,15695030,Martinez,850,France,Male,53,2,67907.66455568736,3,1,1,90573.05448021038,0
2661,15788414,Smith,638,Germany,Female,37,8,34633.48853263585,4,1,0,11600.0,1
2662,15693955,Johnson,562,Germany,Female,43,3,93305.20385167572,2,1,1,200000.0,0
2663,15747734,Williams,628,Spain,Male,46,9,32964.01303330404,1,0,1,161995.5494585518,0
2664,15822206,Brown,618,Spain,Female,39,6,1621.6102957960507,1,1,1,61981.140851211225,1
2665,15650654,Jones,643,Germany,Male,38,4,7622.962295664518,1,0,1,82053.25648948282,0
2666,15735291,Garcia,551,Germany,Male,54,6,63321.105163076696,1,1,1,100359.3480077458,0
2667,15812750,Miller,728,France,Female,22,4,30061.38491597496,1,1,1,163600.16660090417,0
2668,15819094,Davis,687,France,Male,39,2,30922.159539418375,1,0,0,112530.2682115103,0
2669,15766345,Rodriguez,523,Germany,Male,20,5,190851.1057296412,3,1,0,60983.896258459325,0
2670,15634765,Martinez,746,Germany,Male,21,8,42368.745752370916,3,0,1,109679.11957873146,0
2671,15676026,Smith,568,Germany,Female,38,5,6216.993622152302,1,0,0,185969.6069211203,1
2672,15819418,Johnson,531,Germany,Female,33,3,28436.366806994924,1,0,0,131116.12478031684,0
2673,15776308,Williams,658,France,Male,59,0,41199.856306154375,4,1,1,116818.64251671941,0
2674,15770472,Brown,474,Germany,Female,36,2,1909.2752961828853,4,1,1,196480.7893773394,0
2675,15657022,Jones,708,France,Male,50,2,22675.8033488391,4,0,1,71687.3484056062,0
2676,15755177,Garcia,366,France,Female,39,1,171817.6044026214,1,1,0,118742.48290806121,1
2677,15663902,Miller,547,France,Female,26,9,69576.04405068044,4,1,1,50880.20632191958,0
2678,15724483,Davis,807,Spain,Female,21,1,23272.904206840427,1,1,0,57086.542448910695,0
2679,15645351,Rodriguez,581,France,Male,25,7,15198.145708743736,3,1,1,172997.018004596,0
2680,15738733,Martinez,598,Spain,Female,42,7,16644.6004698084,2,1,0,19188.579600286932,0
2681,15790795,Smith,777,France,Male,54,2,88133.69496998125,3,0,1,11600.0,0
2682,15763165,Johnson,570,France,Female,29,3,25677.04689511472,1,1,1,172934.18085167633,0
2683,15672089,Williams,726,Spain,Male,47,4,92631.18187186074,1,1,0,11600.0,1
2684,15799035,Brown,767,Germany,Male,37,10,119704.13771010333,3,1,0,174792.35464705844,1
2685,15655825,Jones,697,France,Male,28,8,31199.638812307247,3,1,0,121591.87049291327,1
2686,15707532,Garcia,505,France,Male,42,4,145269.38166910055,4,1,1,75719.9734523958,0
2687,15779730,Miller,589,Spain,Female,54,10,17830.275226931393,4,1,1,108813.2301604205,0
2688,15662982,Davis,850,France,Female,38,5,15056.64582402872,2,1,1,55190.84941204324,0
2689,15660637,Rodriguez,600,Germany,Male,47,6,5675.345664751358,4,1,1,37083.316910313624,0
2690,15665222,Martinez,850,France,Male,42,10,14105.154435058057,4,1,0,148985.03851607288,0
2691,15785551,Smith,820,France,Male,42,1,74064.0415974111,4,1,1,67490.85260768073,0
2692,15820990,Johnson,701,France,Female,30,3,25857.916991210277,2,1,1,200000.0,0
2693,15829715,Williams,679,Germany,Male,43,5,8017.997235207353,4,1,0,98052.58684800599,0
2694,15751962,Brown,603,Germany,Male,24,3,5660.199126314145,4,1,0,105916.32677302852,1
2695,15687954,Jones,641,France,Male,42,4,33690.92805303187,3,1,1,55388.829810577896,0
2696,15796585,Garcia,581,Spain,Female,52,2,38756.31684245422,3,1,0,121963.42555157373,0
2697,15798458,Miller,643,Spain,Male,57,1,79128.8468527868,4,1,0,109246.37953409996,1
2698,15637793,Davis,513,Spain,Male,28,0,62729.647195171056,3,1,0,67601.82817476749,0
2699,15798834,Rodriguez,508,France,Female,43,2,9142.982854231139,1,1,1,118619.29794817015,0
2700,15725138,Martinez,780,France,Male,31,9,16209.500693023321,3,1,1,88941.09576085562,0
2701,15739178,Smith,488,Spain,Male,40,8,59169.99692338342,2,1,0,86357.87688046375,1
2702,15830315,Johnson,738,France,Male,58,0,9957.485257598211,4,1,0,167003.9135819149,0
2703,15815397,Williams,460,France,Female,47,7,81284.54531453119,1,0,0,26774.875767253558,1
2704,15638233,Brown,712,Spain,Male,32,4,53553.39896570772,3,1,1,156829.76826017987,0
2705,15771846,Jones,629,France,Male,31,3,38430.43721128428,1,0,1,25975.87537813376,0
2706,15676682,Garcia,782,France,Male,39,4,51677.15067032865,1,1,0,92014.5333318644,1
2707,15724955,Miller,616,France,Female,39,10,5252.230881392707,4,1,0,119877.58707350674,0
2708,15785955,Davis,449,Spain,Male,40,6,39706.093227778176,1,0,0,86334.69178263636,0
2709,15663273,Rodriguez,631,France,Female,24,7,30010.148581752732,2,1,0,145887.78311229852,0
2710,15757413,Martinez,665,Spain,Female,58,1,35970.96066501711,1,1,1,128203.94727216844,1
2711,15817105,Smith,636,Germany,Female,59,5,20599.338468701888,4,1,0,42563.55283051656,0
2712,15762336,Johnson,707,Germany,Female,43,3,31572.222785575344,2,0,1,85750.49126882375,0
2713,15794276,Williams,593,France,Male,30,7,107385.91472969967,2,1,1,111738.3252210081,0
2714,15686001,Brown,523,France,Male,32,3,21144.828527348174,2,1,1,165543.91576113054,0
2715,15789146,Jones,550,Germany,Male,29,2,2298.8262642345117,2,1,1,155875.74944308994,0
2716,15814904,Garcia,598,France,Female,28,4,14818.086566053953,1,1,1,100155.95604058163,1
2717,15641701,Miller,597,Spain,Female,32,3,30290.119550725005,3,1,0,195380.08617242714,1
2718,15791105,Davis,850,France,Female,43,4,38123.85133261859,3,1,1,11600.0,0
2719,15691094,Rodriguez,775,Germany,Male,40,8,27856.39678367482,3,1,1,56271.83655808238,1
2720,15731324,Martinez,718,France,Female,54,10,87611.21455584263,3,0,0,91098.96128077433,0
2721,15813358,Smith,694,Spain,Female,23,2,123357.02113120617,3,0,0,119488.75838874624,0
2722,15664713,Johnson,679,France,Female,30,1,33354.55381701653,4,1,0,133867.18702372216,0
2723,15698538,Williams,680,France,Female,18,1,3945.6557819710656,3,0,1,28852.886038454657,0
2724,15788288,Brown,666,Spain,Female,40,8,27321.54606910835,4,0,0,92472.01072746962,1
2725,15807665,Jones,654,Germany,Male,55,6,9998.149126729644,3,0,0,129556.61536708933,1
2726,15695522,Garcia,440,Germany,Male,34,9,16668.600420537336,3,0,1,41804.74529845848,1
2727,15698132,Miller,613,Germany,Male,52,3,89457.95804715903,2,1,1,93542.94450809358,0
2728,15801898,Davis,625,Germany,Male,45,5,38317.290350658484,1,0,1,139487.71834283433,0
2729,15642390,Rodriguez,575,France,Male,47,9,88185.34615001173,2,1,0,200000.0,0
2730,15662684,Martinez,594,France,Female,44,5,212117.97989401448,3,1,0,68072.40623709965,0
2731,15757889,Smith,680,Spain,Female,57,2,39398.03316874446,4,0,1,119455.56852204724,0
2732,15724172,Johnson,726,France,Male,36,8,121670.15900549169,3,1,1,122740.81770471785,0
2733,15735617,Williams,679,Germany,Male,45,3,57516.2262079711,3,0,0,43181.0009315856,0
2734,15718190,Brown,724,France,Male,57,0,5369.155364213672,1,0,0,150632.02833678818,1
2735,15782205,Jones,726,France,Male,28,1,27055.55734176441,2,1,0,96294.24542631806,0
2736,15722942,Garcia,620,France,Male,36,4,53784.82593070865,1,1,1,126188.93707398615,0
2737,15729041,Miller,702,Germany,Female,44,7,61083.363633758134,2,1,0,83242.56955367068,0
2738,15810531,Davis,475,Germany,Male,30,6,98544.06001960573,2,0,1,86636.87285540695,0
2739,15775816,Rodriguez,611,France,Male,29,8,50707.7620954688,3,0,1,75262.68678291372,0
2740,15749655,Martinez,599,France,Male,59,0,4720.688233081422,2,1,0,47410.57724926079,1
2741,15682957,Smith,803,Spain,Female,30,1,7683.381177044453,2,1,1,11600.0,0
2742,15775540,Johnson,683,France,Female,35,9,19898.820991529185,1,0,1,104569.66647789426,1
2743,15760028,Williams,516,Spain,Male,41,3,17410.098704700733,2,1,1,68261.34898398348,0
2744,15698629,Brown,709,Spain,Female,43,6,12526.081674535237,1,0,0,51545.822019579915,1
2745,15823580,Jones,740,Spain,Female,33,0,48024.69809335267,2,1,1,131705.26450615437,0
2746,15793812,Garcia,641,Spain,Male,36,4,28080.520285272614,1,1,0,108476.0124135522,1
2747,15727203,Miller,719,France,Male,28,1,57757.351237192124,3,1,1,34189.00167428475,0
2748,15664558,Davis,400,Spain,Male,33,1,24466.986885684877,2,0,0,98377.42027358933,0
2749,15739399,Rodriguez,380,Spain,Male,45,1,16015.901877489545,1,1,1,75320.41492753629,0
2750,15759519,Martinez,532,Spain,Female,48,8,39977.764840722004,1,1,0,118314.44378838135,1
2751,15760905,Smith,664,France,Male,49,10,5088.352978329336,3,1,1,166348.96887417944,0
2752,15771113,Johnson,803,Spain,Male,38,9,223963.61771160472,3,1,0,54893.39193167272,0
2753,15812915,Williams,537,Spain,Male,37,4,53301.92117063117,1,1,0,79297.83247969091,0
2754,15677135,Brown,564,Spain,Male,25,7,6514.680508408193,1,0,1,127820.1875322208,0
2755,15793944,Jones,658,France,Female,35,9,48697.131130829075,1,1,0,66836.92391912587,0
2756,15713417,Garcia,600,France,Male,40,5,3867.3944538188466,2,1,0,109091.71394984607,0
2757,15673881,Miller,595,Spain,Male,49,10,35283.85879271606,2,1,0,77096.71499915625,0
2758,15744389,Davis,607,Germany,Female,19,0,17185.329107986254,1,1,1,153437.99378357377,1
2759,15789562,Rodriguez,781,France,Male,35,9,60325.961651775215,3,1,1,126594.94773204609,0
2760,15783304,Martinez,761,Spain,Male,18,8,33380.9892556185,3,1,0,76102.23803660739,1
2761,15695665,Smith,652,France,Male,22,6,77059.74058524174,4,0,0,91275.27698752815,1
2762,15762498,Johnson,815,France,Male,52,10,13052.534867988954,4,1,0,26877.413008735137,1
2763,15800818,Williams,700,France,Male,25,1,53381.71485350666,3,1,1,93018.07161148354,0
2764,15817835,Brown,765,France,Male,40,7,58211.81395393097,2,0,1,48664.69600553141,0
2765,15816653,Jones,563,France,Male,49,1,32458.146460814492,3,1,1,112625.3375548155,0
2766,15732263,Garcia,584,France,Female,34,1,97704.15360272804,3,1,0,127657.70453215264,0
2767,15772653,Miller,583,France,Male,26,3,7929.131751551111,1,1,0,98019.32424484457,0
2768,15791863,Davis,641,Germany,Female,40,7,71026.39421981302,3,1,0,118457.48871694924,0
2769,15808274,Rodriguez,655,Spain,Male,54,6,7077.468486332031,4,1,1,115514.38961575922,0
2770,15825234,Martinez,682,Germany,Female,48,1,8533.748424516922,2,1,0,148138.87302684126,0
2771,15757859,Smith,847,France,Female,36,9,11250.206759506449,4,1,1,11600.0,0
2772,15827232,Johnson,722,France,Male,33,5,54099.07667778868,2,0,0,141487.76511856576,0
2773,15720807,Williams,598,Spain,Female,50,10,50945.602045366635,4,1,0,189470.20815863422,0
2774,15641512,Brown,649,Spain,Female,24,10,29519.276450297184,1,1,1,132620.4996003328,0
2775,15823387,Jones,800,France,Male,48,3,18877.727435362027,1,1,1,41073.148797291055,0
2776,15681459,Garcia,728,France,Female,33,9,47437.094902726174,2,1,1,161550.0608553983,0
2777,15669566,Miller,799,Germany,Male,24,0,7785.281823256872,1,1,0,83052.42909256223,1
2778,15790901,Davis,601,Spain,Male,21,7,49531.727942740785,2,1,1,83927.31695960708,0
2779,15771652,Rodriguez,578,France,Female,55,7,601.1917936347999,3,1,1,126709.43545158861,0
2780,15651755,Martinez,580,Germany,Male,36,5,7801.644058505355,2,1,1,116216.61584324072,0
2781,15694367,Smith,609,Germany,Female,30,9,61537.43468102695,4,1,1,154434.62258436877,0
2782,15742814,Johnson,543,Spain,Female,38,6,103561.77856471251,2,1,0,14190.732339580514,1
2783,15673673,Williams,679,France,Female,33,2,3930.522048616892,3,1,1,80905.0648506543,0
2784,15747592,Brown,681,Spain,Male,33,8,50911.61402626512,3,0,1,33982.534788920224,0
2785,15704121,Jones,783,France,Female,34,3,3195.2499741535316,3,1,0,11600.0,1
2786,15644105,Garcia,473,Germany,Male,39,10,105585.6964848435,1,1,0,61373.45152184006,1
2787,15826377,Miller,555,Germany,Male,46,1,24851.472857896217,1,1,0,118427.81870093397,1
2788,15830053,Davis,730,France,Male,23,3,67580.34428414596,4,1,0,171020.88670078438,0
2789,15730059,Rodriguez,668,Germany,Female,52,1,9482.546228919819,1,1,1,186483.2758530809,0
2790,15823540,Martinez,654,France,Male,29,3,98790.25768166211,2,0,1,98823.04841209315,0
2791,15782579,Smith,776,France,Female,41,1,28033.226201903955,3,1,0,66044.00451635863,0
2792,15680440,Johnson,549,France,Male,38,10,11713.842498975802,1,0,1,117990.62248220369,0
2793,15759802,Williams,577,Germany,Male,30,7,42484.108006533395,1,1,0,182467.95833338815,1
2794,15823953,Brown,565,France,Female,50,5,16995.20096581906,4,0,1,104940.00401991064,0
2795,15724091,Jones,448,Spain,Male,31,7,16917.215827924083,1,1,0,179486.88083188434,0
2796,15661408,Garcia,663,France,Male,53,10,6082.703679135167,1,0,1,151540.90160926688,1
2797,15810674,Miller,597,France,Female,45,0,12033.4080348195,3,0,1,142550.00655314792,0
2798,15787842,Davis,576,France,Male,31,8,79940.6037915688,4,0,1,107290.4325031612,0
2799,15704721,Rodriguez,558,Germany,Female,27,10,37072.623004792746,3,1,0,200000.0,1
2800,15673316,Martinez,648,France,Male,49,1,21920.564483871625,1,0,1,136314.97089839907,0
2801,15819767,Smith,570,France,Male,27,7,132517.2313087694,2,1,0,116069.67193997987,0
2802,15690021,Johnson,672,France,Male,37,3,79823.01604656226,3,1,0,153100.55609345593,1
2803,15814819,Williams,695,France,Male,45,1,18572.9100923403,2,1,0,11600.0,1
2804,15740034,Brown,620,Spain,Female,43,0,5867.862327138994,2,1,0,76778.03554257027,0
2805,15727551,Jones,613,Germany,Male,36,3,10187.994996415018,3,1,1,62810.711044649026,0
2806,15768135,Garcia,668,France,Female,31,9,56222.45277046282,4,1,0,58342.244556254074,0
2807,15779965,Miller,647,France,Male,46,0,41398.735389440466,2,1,1,128075.09736559135,0
2808,15812478,Davis,783,Spain,Male,20,7,197584.2123853631,3,1,0,200000.0,0
2809,15711573,Rodriguez,681,France,Female,41,1,679.2926929761065,1,1,0,66830.6947371295,1
2810,15728073,Martinez,759,Spain,Female,26,7,104694.57488825242,3,1,1,74991.54387877608,0
2811,15699548,Smith,711,France,Female,30,9,718.599679689837,1,1,0,82713.6640593952,0
2812,15733591,Johnson,518,France,Female,42,0,27648.32988585416,4,0,1,107409.86792243998,0
2813,15718682,Williams,594,Germany,Male,31,6,124198.57627737703,2,0,0,59141.31572725408,1
2814,15827006,Brown,645,Spain,Female,50,6,53707.99631848025,4,0,0,43843.250053837815,0
2815,15712396,Jones,736,France,Male,46,4,43769.39738325823,4,1,1,116955.03064098605,0
2816,15665443,Garcia,842,France,Male,32,2,18807.402118974576,2,1,1,27061.236161246838,0
2817,15759049,Miller,601,France,Female,36,5,169257.60510648097,1,1,1,60904.98880153747,0
2818,15754631,Davis,655,Spain,Male,27,10,9209.638699424488,3,1,1,191638.05910980646,0
2819,15814432,Rodriguez,729,Germany,Female,43,4,15727.833857810001,1,1,1,80337.91400970716,0
2820,15710874,Martinez,644,France,Male,54,8,30161.277409567465,2,0,0,33521.48001848854,0
2821,15672245,Smith,814,France,Male,27,3,6750.862262029138,1,1,0,159633.5537807938,0
2822,15816082,Johnson,515,France,Male,40,8,27543.09596882225,1,1,0,94643.00528821707,0
2823,15678552,Williams,717,France,Female,42,9,2006.8914016993767,1,1,0,60424.559642886554,0
2824,15822523,Brown,716,France,Male,26,5,128929.29329364884,2,1,0,102822.78945137908,1
2825,15735102,Jones,765,Germany,Male,28,8,19440.661372669718,4,1,0,11600.0,0
2826,15793718,Garcia,656,France,Female,20,2,50229.134842664644,3,0,0,121545.98055416727,0
2827,15760190,Miller,739,France,Male,44,0,102214.1734253198,4,1,1,46213.56672136781,0
2828,15650599,Davis,625,Germany,Male,35,5,85277.12717766654,3,1,1,134474.5888958209,0
2829,15714353,Rodriguez,569,France,Female,31,3,103332.49544365962,2,0,1,200000.0,0
2830,15733207,Martinez,555,France,Female,59,10,63703.430086831846,2,1,0,200000.0,0
2831,15789585,Smith,505,France,Male,20,9,10767.688047169071,1,1,1,156713.89677187474,0
2832,15690135,Johnson,605,France,Female,51,3,22828.595342332665,3,1,1,200000.0,0
2833,15717168,Williams,681,Spain,Male,18,3,35875.243482087615,4,1,1,121902.44404163699,0
2834,15780245,Brown,629,Germany,Male,33,0,20545.270335802416,3,1,1,57821.33388002718,1
2835,15742857,Jones,669,France,Female,22,4,155315.24213534853,3,1,0,22287.67498703467,0
2836,15823615,Garcia,773,France,Female,30,8,82211.03188142063,2,1,1,90812.85724606401,0
2837,15692607,Miller,598,France,Male,33,2,80210.49688246776,3,0,0,11600.0,1
2838,15824386,Davis,850,Germany,Male,31,1,22400.7823842509,1,0,1,26353.540858354958,1
2839,15678143,Rodriguez,725,Germany,Male,41,1,70291.90486094668,4,1,1,154169.89350920494,0
2840,15657989,Martinez,630,France,Male,47,9,47602.71618387048,3,1,0,92234.3144475163,0
2841,15728582,Smith,628,France,Female,37,6,23517.338993625854,3,1,0,54279.46788022323,1
2842,15814582,Johnson,549,France,Male,42,5,18428.695472145206,1,1,0,101400.22627587097,1
2843,15720059,Williams,647,Germany,Male,54,1,77755.84754713393,4,1,1,42692.95707811709,1
2844,15778731,Brown,433,Spain,Female,32,0,45416.12703631688,4,1,1,163873.00521760745,0
2845,15698630,Jones,775,Spain,Female,48,6,1884.8538066440824,1,0,1,68391.43784591848,0
2846,15753848,Garcia,368,France,Male,64,10,1096.896513616639,2,1,0,72241.82794335503,1
2847,15690333,Miller,654,Germany,Female,57,5,92248.72967628624,4,0,0,97299.78966200617,1
2848,15790532,Davis,535,Germany,Female,55,4,4705.601392306153,2,0,1,78331.37567903032,0
2849,15814363,Rodriguez,579,Spain,Male,46,4,36632.02048403398,1,0,1,185606.62645955136,0
2850,15679240,Martinez,592,France,Female,50,9,46909.413189206214,3,0,0,196508.68598147735,1
2851,15812160,Smith,842,Germany,Female,34,2,123824.38300273503,3,1,0,105781.38288457585,0
2852,15655169,Johnson,539,France,Male,38,10,36131.515350582675,1,1,0,200000.0,0
2853,15795413,Williams,741,Germany,Male,37,4,10785.363219854376,4,0,0,132849.20760405512,1
2854,15692406,Brown,766,France,Female,32,5,15100.580804346622,2,1,1,102409.03699289473,0
2855,15743423,Jones,416,Spain,Male,40,10,2504.4915617615284,1,1,1,159536.36822004608,1
2856,15638356,Garcia,588,Spain,Male,33,6,12555.124964615477,3,1,0,110276.84503851747,0
2857,15661646,Miller,798,France,Male,39,6,84407.88308792013,3,1,1,105388.16749469646,0
2858,15701862,Davis,518,Germany,Female,25,9,70709.72116439452,4,1,1,93799.75818847818,0
2859,15701514,Rodriguez,769,France,Male,33,9,4274.783071622778,4,1,1,63210.44031316638,0
2860,15643308,Martinez,648,France,Male,52,7,32657.637276197565,2,0,0,62592.320680599296,1
2861,15643496,Smith,643,France,Male,40,4,17964.106204427462,2,1,0,11600.0,0
2862,15783711,Johnson,656,France,Female,52,3,52483.78768835964,2,1,1,13046.162145761671,0
2863,15718588,Williams,684,Spain,Male,32,6,162648.1933805028,1,0,1,51689.69931750312,0
2864,15716544,Brown,554,France,Male,36,1,49805.50483537498,2,1,1,11600.0,1
2865,15817286,Jones,623,Germany,Male,41,7,68461.94171614852,1,0,0,75381.42242691366,1
2866,15664327,Garcia,687,Spain,Male,37,3,25385.539803360258,1,1,0,38659.80359666777,1
2867,15771600,Miller,667,Spain,Male,25,9,1661.6985083551906,4,0,1,122935.25700695996,0
2868,15739157,Davis,684,Spain,Female,44,0,27072.72706942449,1,1,1,134857.62016218703,1
2869,15644098,Rodriguez,578,France,Female,29,1,35748.74264149465,4,1,0,57590.58209007549,0
2870,15691049,Martinez,713,Spain,Female,38,0,33930.66191452534,2,0,0,190042.1417693799,1
2871,15736206,Smith,662,France,Male,18,4,13298.839767465079,1,1,0,69311.68812746445,0
2872,15795480,Johnson,491,Spain,Male,32,0,32217.152734960026,2,1,0,149126.0930613113,0
2873,15722801,Williams,596,Germany,Female,37,10,63291.138782128466,1,1,1,64918.91411468752,0
2874,15675923,Brown,560,Spain,Male,44,8,18660.292715272128,1,0,1,128621.81974891451,0
2875,15830769,Jones,559,France,Female,26,10,50256.46171732634,4,0,0,108134.73194562753,1
2876,15788330,Garcia,602,Germany,Female,30,10,8316.550519407087,2,1,0,75537.50561431708,1
2877,15689749,Miller,711,Spain,Female,56,3,16289.704203247846,1,1,1,167459.80727637955,0
2878,15725998,Davis,587,Spain,Male,58,9,107677.19080713387,3,0,1,89131.5656663855,0
2879,15815340,Rodriguez,672,France,Male,44,2,49258.24763845727,1,1,0,89605.23599449916,1
2880,15673389,Martinez,656,Spain,Male,51,8,4487.456373999192,2,1,1,145723.32726284108,0
2881,15828620,Smith,572,France,Female,35,3,15369.538913818476,4,1,1,15260.482922300114,0
2882,15656329,Johnson,615,Germany,Female,45,0,250000.0,3,0,0,144901.8669377854,0
2883,15729683,Williams,736,Germany,Female,45,1,15742.719398379399,2,1,1,136414.58473828685,0
2884,15757323,Brown,664,France,Male,29,3,43435.655523912086,1,1,1,75576.88528706273,0
2885,15702658,Jones,704,France,Female,40,10,39963.989527229634,4,1,0,89862.29371617617,0
2886,15768755,Garcia,777,Spain,Female,36,0,25738.63332877173,4,0,0,34523.82126641643,0
2887,15799870,Miller,693,France,Male,42,5,1718.0713903399119,2,1,1,200000.0,0
2888,15802409,Davis,457,France,Male,33,6,16727.291343296234,1,1,1,29408.630747073214,0
2889,15714704,Rodriguez,677,Spain,Female,24,0,153253.31570218215,3,1,0,41905.47153367756,0
2890,15791172,Martinez,588,Spain,Male,39,5,968.873001049079,2,0,1,200000.0,0
2891,15711467,Smith,831,Germany,Male,47,2,62883.361557038086,3,1,1,200000.0,0
2892,15797330,Johnson,689,France,Male,47,6,111629.461086277,4,0,1,43104.73670138818,0
2893,15702297,Williams,590,France,Female,21,10,71855.52071150247,4,1,1,155071.25163610585,0
2894,15803574,Brown,706,Germany,Male,40,1,19522.635734573523,4,0,1,137962.0286151399,0
2895,15751837,Jones,659,Germany,Male,45,1,36747.22057873553,3,1,1,71009.4429694663,1
2896,15813375,Garcia,478,Germany,Female,40,10,101076.5657469241,1,1,1,78650.15963865141,0
2897,15743379,Miller,736,Spain,Female,47,3,185367.91266253788,2,1,1,95188.1390880431,0
2898,15653635,Davis,609,France,Female,24,10,5103.245840639588,2,1,1,178755.88376509232,0
2899,15776479,Rodriguez,792,France,Male,27,7,6639.428967331267,2,1,0,180371.92014456767,1
2900,15801525,Martinez,637,Spain,Female,44,2,155963.51376811462,3,1,1,62490.405627022046,0
2901,15661434,Smith,793,Germany,Female,35,7,103030.76183626476,1,1,0,112405.58381774524,1
2902,15829111,Johnson,692,Germany,Female,50,6,11854.21557306157,4,1,0,74211.08682411883,0
2903,15750327,Williams,747,Spain,Male,42,4,175501.61901512888,4,0,0,11600.0,0
2904,15779618,Brown,600,Spain,Male,30,3,11722.994009438991,3,0,1,143251.19772502987,0
2905,15654475,Jones,685,Germany,Male,29,9,4634.021730928399,2,1,0,87265.82534378984,0
2906,15674974,Garcia,477,France,Female,20,9,57267.22225673404,1,1,1,50464.03635087461,0
2907,15724066,Miller,637,Spain,Male,45,1,38804.272226629386,1,1,1,97802.68013330903,0
2908,15781053,Davis,501,Germany,Male,37,8,13699.809508824439,1,1,1,47962.55811001061,0
2909,15751924,Rodriguez,535,France,Male,48,3,131747.77640808013,1,1,1,198926.67760978424,1
2910,15802425,Martinez,560,Germany,Male,41,4,25895.858691690602,1,1,0,165139.12053387405,0
2911,15734684,Smith,716,France,Male,40,1,25784.085626536707,2,1,1,144100.79453183463,0
2912,15639712,Johnson,635,Spain,Female,47,1,49959.96124692132,4,0,1,56057.29021652269,0
2913,15820015,Williams,653,France,Female,38,1,13119.891159046532,2,0,1,88740.59099186408,0
2914,15646689,Brown,632,Spain,Male,35,9,44196.925902503324,4,1,0,37785.635086646886,0
2915,15789436,Jones,758,Spain,Male,38,1,22626.668157776672,2,1,0,98873.83471932184,1
2916,15717219,Garcia,650,Spain,Male,47,8,59373.62336793908,4,1,0,67584.02531724333,1
2917,15735085,Miller,674,Germany,Female,29,4,14231.50132539175,2,1,1,100547.74399189872,0
2918,15644198,Davis,592,Spain,Male,48,10,10256.705128823052,3,1,0,152374.27360525337,0
2919,15742141,Rodriguez,764,France,Female,39,5,14371.689405450636,1,0,0,114214.35972049541,0
2920,15652915,Martinez,772,France,Female,35,3,137392.71893911535,1,0,0,79489.74997208858,0
2921,15747777,Smith,646,Spain,Male,40,1,94599.63298961762,2,1,1,49015.516273037865,0
2922,15832223,Johnson,591,France,Female,50,2,88274.88563876474,2,0,1,11600.0,0
2923,15749516,Williams,488,France,Female,50,2,75864.51436791674,1,1,1,165372.62830591688,0
2924,15658307,Brown,563,France,Male,42,10,50660.835131630134,3,1,0,122413.87565089724,0
2925,15833038,Jones,433,France,Male,45,10,5179.172772093551,4,0,1,185631.88434950035,0
2926,15708047,Garcia,558,Spain,Female,39,9,19626.352281849107,4,1,1,69406.5526701988,0
2927,15738494,Miller,685,Germany,Male,33,7,41261.8342359456,3,1,0,11600.0,1
2928,15636625,Davis,644,France,Male,43,7,5588.47976550788,1,0,1,132568.98274553815,0
2929,15754256,Rodriguez,850,Spain,Male,34,5,1528.959976737571,2,0,1,37041.785214126685,0
2930,15825470,Martinez,612,France,Male,28,10,4904.271642928826,4,1,0,185713.0137483798,0
2931,15714675,Smith,605,Spain,Male,34,9,5718.361341685341,4,1,1,36029.01420065965,1
2932,15726799,Johnson,756,France,Female,22,10,5800.764320519063,4,1,1,94863.28501843582,0
2933,15699031,Williams,457,Germany,Female,26,7,10546.683869930463,1,0,1,128462.00131927528,0
2934,15738797,Brown,501,France,Female,59,2,34567.10572766912,2,1,0,120465.90550121074,0
2935,15827301,Jones,716,France,Female,50,6,16805.160274328755,1,1,1,95231.6977468149,0
2936,15668450,Garcia,630,Spain,Female,36,4,98352.98710844935,1,1,0,86318.56333422239,0
2937,15803478,Miller,632,France,Female,44,8,104429.59627001068,4,1,1,162538.7228319245,0
2938,15781053,Davis,556,Spain,Male,29,8,126442.77277573314,2,1,1,85246.65989890104,0
2939,15825338,Rodriguez,673,Germany,Female,45,4,31853.386048277836,1,0,1,113398.16388411226,0
2940,15662368,Martinez,569,France,Male,41,5,74370.26226414728,1,1,0,181316.63870707137,1
2941,15702701,Smith,657,Germany,Female,31,0,44699.90536656563,3,0,0,112594.80427095214,0
2942,15801734,Johnson,534,France,Female,35,3,7796.0135458397335,3,1,0,25437.82744055499,0
2943,15703724,Williams,631,Germany,Female,35,0,50488.68674955454,2,1,1,151477.38443259822,1
2944,15781761,Brown,850,Spain,Male,47,3,90706.70698429787,4,1,0,92449.16129305233,1
2945,15683470,Jones,607,France,Male,38,0,21380.98673382717,1,1,1,148344.35003136058,0
2946,15753721,Garcia,636,Germany,Male,23,9,68654.1660106752,3,1,0,62004.63722264738,0
2947,15788899,Miller,629,France,Male,34,3,74475.58025681681,2,1,0,72285.68903779,1
2948,15729888,Davis,667,Germany,Male,31,5,51582.73996062096,4,1,0,103874.64119783073,0
2949,15641245,Rodriguez,696,France,Male,24,8,107396.42514778189,3,1,1,67777.1601912592,0
2950,15671329,Martinez,675,France,Female,31,1,7822.244850578481,4,0,1,78206.53069802874,0
2951,15776679,Smith,677,Spain,Male,18,1,92708.33831903436,4,1,1,183313.45330290304,0
2952,15743681,Johnson,631,France,Female,29,5,47174.241740772464,3,1,1,90981.22682776027,1
2953,15700299,Williams,660,Germany,Male,40,10,96779.97833683857,1,1,1,11600.0,0
2954,15650631,Brown,628,Germany,Male,43,9,38036.79706451109,3,1,1,150189.39810683718,0
2955,15779900,Jones,468,Germany,Female,44,5,19872.059524471275,3,1,1,143953.07753862243,0
2956,15829320,Garcia,850,Germany,Female,48,2,113745.41102630508,1,1,0,183000.26460851086,0
2957,15826277,Miller,722,Germany,Male,50,1,104942.87816175229,2,0,1,82683.30114563732,0
2958,15794405,Davis,552,France,Female,28,2,15576.725132745187,1,1,0,61875.4277605274,1
2959,15744060,Rodriguez,673,Spain,Female,25,3,68150.03310714713,1,1,1,141036.11441071774,0
2960,15744986,Martinez,515,Spain,Female,39,3,4786.722489074667,4,1,1,107516.47496076548,0
2961,15703528,Smith,600,France,Female,44,6,4495.028296799624,2,1,1,170637.81610888647,0
2962,15771671,Johnson,501,France,Male,30,3,35811.01190246276,4,1,0,157033.83794963773,0
2963,15690108,Williams,644,Spain,Female,41,9,1820.835135899451,4,0,1,113996.0432942621,0
2964,15712831,Brown,491,Spain,Female,57,5,28436.25258050716,3,0,1,38770.691115795955,0
2965,15815489,Jones,688,Spain,Female,25,5,78210.70950432446,1,0,1,146349.51309164832,1
2966,15676694,Garcia,718,Spain,Female,39,9,110125.0769660943,1,1,1,138697.10939956445,1
2967,15697141,Miller,567,France,Female,49,2,14703.886207552303,4,1,1,139294.67797089522,0
2968,15831751,Davis,666,Spain,Male,37,8,4005.2332578017854,1,1,1,48880.37517547743,1
2969,15787491,Rodriguez,562,Spain,Male,43,9,49801.12326407044,2,1,0,135431.42034218018,1
2970,15803535,Martinez,701,France,Female,48,4,15382.868926527715,1,1,0,11600.0,1
2971,15648030,Smith,581,France,Female,35,9,1186.3731095438152,4,1,0,54362.62153573657,0
2972,15809608,Johnson,728,France,Male,28,8,7032.000190508085,1,1,0,101096.4292631574,0
2973,15775932,Williams,468,Germany,Male,37,9,139318.76478458976,4,1,0,128349.94782652354,0
2974,15692377,Brown,549,France,Female,28,5,104002.61104555131,2,0,1,141212.9170482209,1
2975,15640071,Jones,539,France,Male,33,5,88485.44038041317,3,1,1,33641.649313156435,0
2976,15663456,Garcia,670,France,Male,43,8,20735.90481255958,4,0,0,173406.14232027845,1
2977,15771930,Miller,705,France,Male,40,9,62679.644196339024,4,0,0,57113.91326119475,0
2978,15710858,Davis,678,France,Female,48,4,157344.9484369973,1,1,1,76993.41956760857,0
2979,15799611,Rodriguez,599,Spain,Male,41,2,41918.02390937914,3,1,0,82017.98111413719,0
2980,15733736,Martinez,370,France,Male,31,2,20255.474243852135,2,1,1,11600.0,0
2981,15767325,Smith,653,Spain,Female,29,1,80304.53456910788,3,0,1,52994.4051539345,0
2982,15815962,Johnson,728,Spain,Female,45,1,28135.558015157956,4,1,1,113196.82717284423,0
2983,15719332,Williams,850,Spain,Male,41,5,43059.79701816882,2,1,0,181500.17956949474,1
2984,15790725,Brown,607,Germany,Male,37,7,38958.280590216855,2,1,0,123706.77158413251,1
2985,15661988,Jones,583,France,Female,42,10,12257.81920466285,3,1,0,155720.14123503424,0
2986,15781858,Garcia,682,France,Female,31,7,33.381852364792856,4,1,0,35148.1427672559,0
2987,15668389,Miller,624,France,Male,18,7,250000.0,3,0,0,116799.03286905639,0
2988,15656223,Davis,777,Spain,Male,49,9,26963.97901490235,1,0,1,107266.66697476117,0
2989,15712586,Rodriguez,569,France,Female,45,6,16690.941014873806,4,0,0,85088.07183617551,0
2990,15825466,Martinez,625,Germany,Female,38,1,72596.41688547774,2,1,0,90158.81429121437,0
2991,15810927,Smith,737,Spain,Male,30,9,44888.74964377129,3,0,1,11600.0,0
2992,15668653,Johnson,680,Spain,Male,36,10,106205.16091514463,1,1,0,122808.6869856788,0
2993,15684413,Williams,766,Spain,Male,21,1,75957.24430274092,2,1,1,104739.13330575087,1
2994,15665049,Brown,606,Germany,Male,40,9,16548.220095659017,1,1,0,97041.2649738383,1
2995,15762648,Jones,776,France,Male,19,6,44854.348294764364,4,1,1,152966.28185582015,0
2996,15795928,Garcia,483,Germany,Male,40,3,34928.28718483406,1,1,1,169604.9242469078,0
2997,15718647,Miller,487,France,Female,31,5,155147.68963476174,2,1,0,78417.59824302897,0
2998,15751461,Davis,777,Spain,Male,37,8,13693.569933801085,1,1,1,200000.0,0
2999,15823092,Rodriguez,650,Germany,Female,27,4,16692.198820340254,3,1,0,142261.5793070265,1
3000,15780146,Martinez,742,France,Female,54,9,126554.78033106499,4,1,1,11600.0,0
3001,15638073,Smith,659,Spain,Female,42,3,30607.018273626836,1,0,1,116113.03598149706,0
3002,15754914,Johnson,649,France,Female,32,2,30555.73880547795,1,1,0,178824.428975754,1
3003,15774003,Williams,517,Spain,Female,37,6,101326.74510571717,2,1,1,114098.40275617302,0
3004,15800539,Brown,647,Spain,Female,55,6,17552.4355531176,3,1,1,27845.793705230943,0
3005,15681452,Jones,786,Spain,Male,29,6,59684.2353769019,3,1,0,75758.19429774197,1
3006,15688822,Garcia,655,France,Male,27,4,63921.003589404376,3,1,0,78908.43456158857,0
3007,15728410,Miller,718,France,Male,27,9,29205.52272553897,3,1,1,45061.98505557856,0
3008,15772071,Davis,715,Spain,Male,32,7,20320.316332917497,1,0,0,106526.39416080805,1
3009,15801199,Rodriguez,548,Spain,Male,53,10,68650.28006926402,3,1,0,186170.42463617935,1
3010,15687674,Martinez,735,France,Female,33,1,14780.588927054609,4,1,1,28819.143952551807,0
3011,15718422,Smith,618,France,Male,34,3,85548.59465408213,3,1,0,70638.6194654381,0
3012,15657886,Johnson,624,France,Female,41,0,26927.95617307916,2,1,1,200000.0,0
3013,15827004,Williams,850,Spain,Male,38,5,927.4139886208048,3,1,1,53770.94412681931,0
3014,15717971,Brown,709,France,Female,48,5,42113.82569674563,2,1,0,40475.38663836427,0
3015,15659724,Jones,586,France,Male,47,2,10809.500118346834,4,1,0,107875.25433192957,0
3016,15764951,Garcia,656,Germany,Female,42,0,31420.923764443363,3,1,0,13128.202082820557,1
3017,15705155,Miller,653,France,Male,36,4,82600.43406641044,4,1,0,63040.01465413709,0
3018,15729390,Davis,818,Spain,Female,48,0,10536.857154747117,1,1,1,151269.93985900882,0
3019,15697414,Rodriguez,653,France,Male,31,2,11666.81759313674,3,1,1,11600.0,0
3020,15642601,Martinez,850,France,Female,30,7,32108.065293770127,4,0,1,63957.92040406999,0
3021,15657038,Smith,520,Germany,Male,34,9,32361.020812159004,4,1,1,11600.0,0
3022,15677565,Johnson,646,France,Female,50,8,30226.597935174086,2,1,0,173123.65552145257,0
3023,15767770,Williams,573,France,Female,30,2,59289.12573386431,4,1,1,56901.22430770953,0
3024,15790953,Brown,600,France,Female,32,8,15673.790657583264,4,1,1,95693.66003783967,0
3025,15743501,Jones,602,France,Male,40,6,15090.929624636701,3,1,1,70875.46056549242,0
3026,15660803,Garcia,578,Spain,Female,38,7,1130.7446350305952,1,0,0,29942.92621565165,0
3027,15785389,Miller,823,France,Male,35,5,24041.880029218733,4,1,0,126992.61694444246,0
3028,15794983,Davis,792,Spain,Male,43,4,10893.698497292306,4,1,1,80850.315926994,0
3029,15780752,Rodriguez,690,Germany,Male,34,9,44775.20347129385,2,0,1,116855.17819708146,0
3030,15822288,Martinez,602,France,Male,49,7,9993.981461260728,1,1,0,135466.02415014984,0
3031,15639707,Smith,581,France,Female,41,1,112466.93508947619,4,0,0,122173.5209464406,0
3032,15752268,Johnson,724,Germany,Male,49,6,94528.51484535221,3,1,0,107392.48197075617,0
3033,15729450,Williams,680,France,Male,31,0,72444.65533201305,3,0,0,86269.00095161074,0
3034,15637441,Brown,635,France,Female,37,6,82649.68876340828,2,1,1,16922.683127520853,0
3035,15703522,Jones,704,France,Female,20,5,160425.57116482622,1,1,1,123479.1753024564,0
3036,15678221,Garcia,739,Germany,Female,52,3,19269.07751580452,1,0,0,85994.08341084546,1
3037,15677423,Miller,634,Germany,Female,61,2,195250.38618902216,4,1,1,180397.23636412047,0
3038,15760338,Davis,571,France,Female,36,8,110601.88716577341,2,1,0,162745.12526002148,0
3039,15779167,Rodriguez,517,Germany,Female,42,5,22462.393571148317,3,1,1,174709.24902672702,0
3040,15651671,Martinez,675,Spain,Female,40,5,99782.19651612994,4,0,1,126555.45084371978,1
3041,15642133,Smith,850,France,Male,26,0,113799.49319853848,3,1,1,163685.2952021262,0
3042,15802725,Johnson,538,Spain,Male,51,4,1837.779959821463,1,1,0,101631.00136004246,0
3043,15773410,Williams,759,Germany,Female,36,6,104358.51430551716,2,1,1,200000.0,0
3044,15773384,Brown,582,Spain,Female,18,3,28391.373759322112,1,0,1,11600.0,1
3045,15701757,Jones,602,France,Male,31,1,83391.4923247199,3,1,0,160175.36857294416,0
3046,15779649,Garcia,741,Spain,Female,25,8,5892.126390909688,3,1,1,49220.30622025517,0
3047,15697026,Miller,624,Germany,Female,40,5,9448.400426588321,1,1,0,89509.11698073355,1
3048,15680205,Davis,674,Germany,Male,40,8,192631.42621178195,3,1,1,74633.68911359865,0
3049,15788926,Rodriguez,672,Germany,Male,50,7,26908.17220250662,4,1,1,33135.576779995754,0
3050,15767105,Martinez,582,France,Female,57,0,80087.21329907335,4,1,1,50673.105373854276,0
3051,15803155,Smith,739,Spain,Male,58,1,69363.5638442191,3,1,0,11600.0,0
3052,15727175,Johnson,643,Germany,Male,28,1,77100.47635687928,4,1,1,23084.16826161163,1
3053,15775231,Williams,511,France,Female,45,1,72328.20821101776,4,1,0,11600.0,0
3054,15737904,Brown,560,France,Female,46,3,122646.90428644385,4,1,0,72668.41066338654,0
3055,15765836,Jones,350,France,Female,33,6,44896.37803659364,4,0,0,38718.49203365828,0
3056,15800416,Garcia,655,Germany,Female,41,6,27708.82556370686,2,1,1,48728.094221483974,0
3057,15654277,Miller,780,Germany,Female,42,0,129666.83963026933,2,1,1,192641.78297345765,0
3058,15708599,Davis,545,France,Female,34,7,22076.85861114521,2,1,0,50509.074465837664,0
3059,15782689,Rodriguez,708,France,Male,51,3,49807.13384727507,3,1,0,11600.0,0
3060,15815731,Martinez,693,Germany,Female,41,7,96626.33063227544,4,0,0,200000.0,0
3061,15798265,Smith,574,Germany,Female,37,9,123857.28741988742,2,1,0,178670.3854318154,0
3062,15775507,Johnson,803,France,Female,26,8,149219.95799131843,1,1,1,161121.78264939404,1
3063,15642498,Williams,622,France,Male,50,6,53930.59260628632,4,1,0,79112.8078844894,0
3064,15798646,Brown,850,France,Male,39,2,63684.07622771516,3,1,1,19711.111551760376,0
3065,15684335,Jones,486,Spain,Male,39,2,34410.041352329274,4,0,1,11600.0,0
3066,15676402,Garcia,623,Germany,Female,30,4,16766.119233852576,1,1,0,11600.0,1
3067,15730646,Miller,634,Spain,Female,47,6,815.5921605697753,3,1,0,118119.75162705376,0
3068,15639949,Davis,645,France,Female,27,6,12554.055765646155,1,0,0,26455.830724577798,0
3069,15824737,Rodriguez,721,Spain,Male,18,8,195499.61276937136,2,1,0,106885.82308279078,0
3070,15768317,Martinez,850,Germany,Male,31,0,82093.36272801597,4,1,1,105935.32793286859,1
3071,15675387,Smith,695,France,Male,42,2,32603.715445418384,3,1,1,33090.170504261885,0
3072,15653283,Johnson,652,France,Male,42,0,21048.568573673587,3,1,1,70650.37416053828,0
3073,15815700,Williams,540,Germany,Female,40,5,3325.3894454209203,1,1,0,39275.86651429228,1
3074,15738466,Brown,460,Spain,Female,37,9,509.4296647876238,3,1,1,101117.86570074059,0
3075,15781566,Jones,767,France,Male,40,6,70337.2172078307,1,0,1,92338.83653079534,0
3076,15681901,Garcia,595,France,Male,67,1,211933.9619742565,2,1,1,167556.72666910366,0
3077,15651675,Miller,850,Germany,Male,41,8,14640.01824718942,1,1,0,72829.60624367655,0
3078,15736906,Davis,736,Spain,Male,34,4,16047.244270567173,1,1,0,139097.242467242,0
3079,15665284,Rodriguez,684,Germany,Female,37,2,136418.92538796333,3,0,0,107101.2538214695,0
3080,15758904,Martinez,689,France,Female,36,6,46072.92999151756,2,1,0,170998.65260948817,1
3081,15779963,Smith,690,France,Female,39,6,9546.593742947134,2,1,1,82762.36087353034,0
3082,15749961,Johnson,580,France,Female,29,0,2338.15290742719,2,1,1,23356.15360093981,0
3083,15773601,Williams,474,Spain,Male,46,5,41457.02988124415,2,0,0,40126.507351989094,1
3084,15814004,Brown,594,Spain,Male,41,2,30124.871915549928,3,1,0,55051.74268740842,1
3085,15701309,Jones,648,Germany,Male,31,6,28290.002846609063,3,0,1,187196.38723406516,0
3086,15700030,Garcia,585,France,Female,49,4,174116.52703697528,3,1,0,160454.52517574243,0
3087,15685203,Miller,521,Spain,Female,19,3,15250.060374250019,2,1,0,117859.6260716735,0
3088,15768213,Davis,575,Germany,Female,60,9,33470.61416987845,1,1,1,68799.98215670591,1
3089,15746089,Rodriguez,753,Spain,Male,57,6,11998.212314366201,2,0,1,200000.0,0
3090,15788343,Martinez,724,Germany,Female,56,6,19414.852596569493,2,0,0,11600.0,0
3091,15786318,Smith,667,Spain,Male,34,7,72598.93014826489,2,1,1,74432.64969248394,0
3092,15784419,Johnson,708,Spain,Male,41,4,10988.742409788414,1,1,0,191385.63568255387,0
3093,15662830,Williams,536,France,Male,32,3,56425.40984521451,4,0,0,120493.1853190666,1
3094,15800195,Brown,570,Spain,Male,43,0,6942.673061924086,1,1,1,200000.0,1
3095,15757390,Jones,681,France,Female,39,3,10571.418760566068,4,1,0,89213.5459243378,1
3096,15731841,Garcia,549,Spain,Female,34,10,1168.2068897329655,3,1,1,43116.5201710678,0
3097,15661530,Miller,660,Spain,Male,34,9,49775.43517510859,4,0,0,90023.62675190237,0
3098,15652924,Davis,523,France,Male,39,0,231887.1880462218,2,1,1,121434.18862714595,0
3099,15823388,Rodriguez,485,Germany,Male,68,6,53424.8192212777,2,1,0,11600.0,0
3100,15722498,Martinez,723,Germany,Male,52,5,128406.51751509651,4,0,1,83358.08128436595,0
3101,15696894,Smith,752,Spain,Male,39,6,37370.44447101507,2,1,1,92870.4920827471,0
3102,15663657,Johnson,586,Spain,Female,37,7,57016.48745717845,4,1,0,93892.51026790588,0
3103,15677493,Williams,497,Germany,Male,45,5,129869.93690836808,2,0,0,47919.921501852186,0
3104,15716514,Brown,429,Spain,Female,32,1,4508.217907010029,3,0,0,11600.0,0
3105,15772262,Jones,834,France,Male,36,1,45495.195734270776,1,1,0,41777.24823397584,0
3106,15725138,Garcia,661,France,Male,19,8,42845.57666701094,3,1,0,51719.92718638689,0
3107,15640906,Miller,589,France,Male,39,5,1685.672702542325,3,1,0,165446.61804759997,0
3108,15641947,Davis,613,Germany,Female,40,5,8491.948732576795,4,1,0,122835.53023178695,0
3109,15794974,Rodriguez,458,France,Male,33,0,40187.12139126089,3,0,0,200000.0,0
3110,15789933,Martinez,711,Germany,Male,43,7,34425.41004933909,1,1,0,102829.95396868326,0
3111,15725608,Smith,850,France,Female,40,10,21066.641613148528,4,1,1,125569.16140988201,0
3112,15781026,Johnson,571,Spain,Male,33,7,59819.683997513894,3,1,1,114510.01386325863,0
3113,15763952,Williams,850,France,Female,47,3,22332.477225074617,2,0,1,47556.713304581135,0
3114,15799039,Brown,638,Germany,Male,37,6,73238.47983170657,3,1,0,153469.79829983093,0
3115,15654048,Jones,816,Germany,Female,28,8,82836.25082849675,4,1,1,135584.53502593838,0
3116,15636938,Garcia,680,Spain,Male,21,10,51722.48999913419,2,1,1,175691.76298808894,0
3117,15696634,Miller,680,Germany,Male,53,0,16354.48705889217,3,0,1,108265.63149606327,0
3118,15732454,Davis,834,Spain,Male,40,4,81140.87637717558,3,1,1,121402.31156938197,0
3119,15773195,Rodriguez,728,Spain,Male,39,7,14503.392117988362,2,0,1,153005.763625237,0
3120,15789155,Martinez,687,Germany,Female,38,6,18049.17629219726,2,0,1,119436.88477044957,0
3121,15653076,Smith,455,France,Female,51,9,46927.517137659124,2,1,1,60830.44880207704,0
3122,15812434,Johnson,499,Spain,Male,40,3,58405.455396813,2,1,1,155405.25411569863,0
3123,15690320,Williams,695,Germany,Male,54,2,23204.28644705936,2,1,1,200000.0,0
3124,15679231,Brown,796,France,Male,40,0,44749.420500075,1,0,1,99564.61691095591,0
3125,15679834,Jones,662,Germany,Female,18,2,14250.190712398042,1,1,0,138500.53161721703,0
3126,15721146,Garcia,590,Spain,Male,51,1,79192.21037004856,1,1,0,26962.722446367712,0
3127,15832843,Miller,466,Spain,Male,42,4,242223.1368841044,3,1,0,48638.27326191026,0
3128,15685271,Davis,571,Spain,Female,33,0,59927.37286266502,1,0,1,151840.20349945192,0
3129,15703786,Rodriguez,663,France,Male,36,3,19236.469789727144,2,0,0,84482.01029447853,0
3130,15813619,Martinez,564,France,Male,35,7,21443.652951049535,1,1,0,95582.37973101171,0
3131,15647742,Smith,553,France,Male,26,8,1550.0532710879722,1,1,1,130001.81644370905,0
3132,15761070,Johnson,644,France,Female,47,0,52057.735399307036,3,0,0,61021.68543968076,0
3133,15718059,Williams,794,Spain,Male,34,2,45817.181828739034,2,1,1,154178.3654212236,0
3134,15648959,Brown,718,France,Female,30,5,154599.63151874836,3,1,1,128119.45444769383,0
3135,15746274,Jones,678,Germany,Male,81,4,25719.4762856412,4,1,0,163400.15665732726,0
3136,15703275,Garcia,668,Germany,Male,27,0,135096.52222980672,1,1,1,193165.0489313134,0
3137,15756275,Miller,705,Spain,Female,38,1,71407.4825504835,4,0,0,130869.6427944391,0
3138,15700235,Davis,638,France,Male,18,1,16984.0873748714,1,1,1,116629.34502639197,0
3139,15730713,Rodriguez,608,France,Male,51,6,828.469516156361,4,1,1,67682.34791814303,0
3140,15712860,Martinez,723,France,Male,36,5,64852.15391232749,3,0,1,118171.3042061614,0
3141,15778598,Smith,627,France,Male,47,5,34293.46030061051,4,1,0,99858.46261548909,0
3142,15703888,Johnson,531,Spain,Female,29,0,163319.33749645384,3,0,1,91476.27846090858,0
3143,15727871,Williams,794,Spain,Male,22,0,1117.6564259111572,4,1,0,106871.79871549126,0
3144,15708673,Brown,463,France,Female,31,3,36897.27200642291,2,1,1,124240.5824211034,0
3145,15823000,Jones,801,Spain,Female,52,9,77752.96165700912,1,1,0,69691.78188033811,0
3146,15665253,Garcia,700,France,Female,44,5,77978.2970864022,2,1,1,100414.37978428323,0
3147,15704804,Miller,553,Spain,Female,22,10,55746.15055706216,1,0,1,116695.88672634226,0
3148,15683379,Davis,652,France,Female,18,5,25074.5065155434,4,0,0,179795.49986956804,0
3149,15782668,Rodriguez,607,Spain,Male,35,4,3480.511936565137,1,0,1,127475.6112113863,0
3150,15701865,Martinez,730,France,Male,49,3,17959.55342499165,3,1,0,118367.06788744067,0
3151,15825308,Smith,728,France,Male,31,1,52656.00436405013,4,1,1,137466.5210908605,0
3152,15734760,Johnson,696,France,Female,49,6,73714.52834270628,1,0,1,200000.0,0
3153,15645402,Williams,724,France,Female,40,5,85017.442197094,1,1,0,129795.52208086941,0
3154,15672425,Brown,638,Germany,Male,56,6,74378.99076192948,2,1,0,123090.68439057928,1
3155,15698480,Jones,826,France,Female,32,2,19562.710064072948,4,1,0,181037.19296122924,0
3156,15653310,Garcia,772,Germany,Female,38,0,59223.05750435342,1,1,1,142516.51039401934,0
3157,15778493,Miller,602,Germany,Male,32,0,173815.59022664954,1,0,1,11600.0,0
3158,15698472,Davis,731,Germany,Male,48,3,7338.1624193503785,4,0,0,36420.60092513619,0
3159,15643885,Rodriguez,722,Spain,Male,44,3,65719.41159792674,1,1,0,129775.76930710141,1
3160,15796247,Martinez,624,France,Female,22,6,26380.028873296764,1,0,0,29566.342367294565,1
3161,15713309,Smith,616,Germany,Male,45,6,12744.202756612172,3,1,0,130475.01167373463,0
3162,15796607,Johnson,771,Spain,Male,24,3,19286.25176456285,1,0,1,159246.79774091567,0
3163,15640376,Williams,648,Germany,Female,29,6,9104.40021892796,1,1,0,105116.50108571208,1
3164,15776657,Brown,676,Germany,Female,46,7,84462.591678512,3,0,0,98870.28803172345,0
3165,15731070,Jones,790,Germany,Male,26,8,24507.169589197398,4,0,0,94765.09327030089,1
3166,15730936,Garcia,850,France,Male,35,5,138725.00691456787,1,0,0,121383.03708005424,1
3167,15652735,Miller,597,Germany,Male,46,3,169640.71408414296,3,1,1,22131.884300650534,0
3168,15780613,Davis,627,Spain,Female,43,9,168692.27542964497,2,1,1,135941.07484116792,0
3169,15635383,Rodriguez,657,France,Female,42,1,8463.04526272772,4,1,1,160503.15176828057,0
3170,15749188,Martinez,659,Spain,Female,46,8,21261.92022649844,1,0,1,177297.34013314376,0
3171,15822374,Smith,687,France,Male,52,6,18581.080210188364,3,0,0,13308.071660237489,0
3172,15662226,Johnson,600,France,Male,26,5,127989.25685545373,2,1,0,181909.22888267704,0
3173,15641425,Williams,523,Spain,Male,42,3,4522.238728167706,4,1,1,107255.47304743067,0
3174,15653091,Brown,825,Spain,Male,48,3,44411.33887578821,1,0,0,123054.87438825582,1
3175,15805635,Jones,711,Spain,Male,46,1,33215.59548302799,4,0,1,114164.67418949949,0
3176,15663720,Garcia,608,Spain,Female,37,0,187049.79236054013,2,1,0,75604.72261291704,0
3177,15735019,Miller,693,France,Male,36,4,165248.41556689606,1,1,0,33962.607035914494,1
3178,15716418,Davis,833,Germany,Male,47,5,27582.259442383624,4,1,0,29842.36799220879,0
3179,15787937,Rodriguez,571,France,Female,41,9,29113.757074833786,3,1,1,137562.2709107111,0
3180,15648167,Martinez,671,France,Male,49,8,24268.851716935827,4,1,1,30398.436831085943,0
3181,15786028,Smith,511,France,Female,40,0,77835.66579138866,3,0,0,105170.94624163942,1
3182,15808625,Johnson,638,Germany,Male,35,4,5278.087784341241,3,0,1,143259.30107803852,0
3183,15725781,Williams,711,Germany,Male,21,10,6173.2203847920455,3,1,1,62622.65323643263,0
3184,15658250,Brown,538,Spain,Male,36,4,60986.9538159327,4,1,1,200000.0,0
3185,15816403,Jones,631,Germany,Female,26,8,841.3777298883526,3,1,0,87086.50433671224,1
3186,15676573,Garcia,729,France,Female,20,10,55589.40034382679,1,1,1,113495.5836853397,0
3187,15653260,Miller,708,Germany,Male,30,10,6888.218687330021,3,1,0,86412.89894723031,1
3188,15655855,Davis,534,France,Male,46,3,77132.34159839492,1,1,0,56489.64614138259,0
3189,15829840,Rodriguez,687,France,Female,36,2,67284.20154634234,1,1,0,163524.15765156742,0
3190,15814237,Martinez,705,Spain,Male,40,2,10060.560341121058,1,1,0,66151.96629683525,0
3191,15792064,Smith,660,Germany,Female,45,5,70720.8475775125,1,1,1,69543.45992695718,0
3192,15723266,Johnson,758,Spain,Female,38,10,78087.31799469012,4,1,1,19377.130983067298,0
3193,15817252,Williams,591,Germany,Female,32,0,129889.51309676442,1,1,1,82972.74786500187,0
3194,15738452,Brown,691,Germany,Female,34,0,64448.340158893516,1,1,0,62226.25102359609,1
3195,15798332,Jones,533,Spain,Male,46,0,101096.8236425646,3,1,0,200000.0,1
3196,15772526,Garcia,489,France,Male,38,6,50733.74557435765,3,0,1,142879.8754261075,1
3197,15768225,Miller,728,France,Male,18,4,49110.359284372156,3,0,1,61185.77872422885,0
3198,15706549,Davis,652,France,Male,35,10,56249.45157587084,1,1,1,113508.66814364055,0
3199,15695603,Rodriguez,603,France,Female,44,8,26073.386475013656,1,1,1,68965.18591808445,0
3200,15814833,Martinez,543,France,Male,40,10,12975.71140122019,1,1,0,61016.34035382116,1
3201,15757377,Smith,732,Spain,Female,28,2,26663.335506999963,1,1,0,11600.0,1
3202,15817381,Johnson,499,Germany,Female,31,5,44995.06607215752,2,1,0,50916.800200136815,0
3203,15667845,Williams,749,Germany,Male,19,6,58560.01042224155,2,1,1,150922.14529704663,0
3204,15787474,Brown,695,France,Male,44,2,30505.01461490372,3,1,0,101490.83229257764,1
3205,15710541,Jones,504,France,Male,45,8,20032.1202491039,4,0,0,93554.18263867924,0
3206,15692430,Garcia,662,France,Male,37,1,14177.26948475828,3,0,1,73803.81175917911,0
3207,15772913,Miller,850,Germany,Male,35,6,10117.989801228778,1,1,0,76744.01482720354,0
3208,15641312,Davis,768,France,Male,28,9,32348.490309783672,1,1,0,168579.2736070265,0
3209,15787058,Rodriguez,567,Germany,Female,42,3,61275.2914960223,3,1,1,113866.73630768295,0
3210,15786712,Martinez,721,Germany,Female,22,8,88553.20775434867,3,1,1,141538.1046408678,0
3211,15806520,Smith,508,Spain,Male,46,6,21179.82341809516,4,0,1,116011.84059640102,0
3212,15833495,Johnson,512,France,Male,44,7,47229.9153747469,3,1,0,146748.25851532622,1
3213,15672593,Williams,643,Spain,Female,50,10,32476.425166650857,4,0,0,148403.8399496669,0
3214,15772645,Brown,705,Germany,Male,39,9,169456.78549582348,1,1,0,71367.35348770385,0
3215,15794813,Jones,731,Germany,Male,33,2,107020.2827465213,4,1,1,128509.18844353966,1
3216,15720047,Garcia,732,France,Female,43,5,106969.53585224111,3,1,0,147272.93098988896,0
3217,15714859,Miller,699,France,Female,46,3,43280.01043075798,1,1,1,76076.66801863017,0
3218,15672313,Davis,488,France,Female,27,3,28708.917046019145,4,0,0,84208.45990519837,0
3219,15641132,Rodriguez,643,Spain,Male,38,1,52757.11503403847,2,1,1,188803.89584385883,0
3220,15645718,Martinez,746,France,Male,41,10,8696.985584842567,1,0,0,168096.30921607927,1
3221,15700396,Smith,694,Spain,Male,43,9,107267.41862532163,3,1,0,95224.68129348593,1
3222,15765956,Johnson,668,France,Female,35,8,15820.04446842819,4,0,1,122048.66813364139,0
3223,15767572,Williams,682,France,Male,45,10,87694.02790047342,2,1,0,135536.9639910835,0
3224,15638737,Brown,681,Germany,Male,29,0,17726.79299604191,3,0,1,120874.95036519322,0
3225,15772303,Jones,453,France,Female,59,0,36909.27208063907,2,1,1,76053.47929538385,0
3226,15744074,Garcia,765,Spain,Female,32,6,73981.11772693219,1,1,1,174755.80085223145,0
3227,15759749,Miller,638,Spain,Female,43,9,25022.227029491416,4,1,1,64593.207052890175,0
3228,15723689,Davis,720,Germany,Male,33,6,22158.642800076897,3,1,0,179312.4309601154,0
3229,15830705,Rodriguez,419,Germany,Male,39,3,109405.80092894562,3,1,1,121837.74957995203,1
3230,15667982,Martinez,816,Germany,Female,28,7,3569.9127194839803,3,1,1,100084.1732192109,0
3231,15764553,Smith,534,Spain,Female,49,4,92110.85027775563,2,0,1,99437.61799437659,0
3232,15651673,Johnson,850,France,Male,30,5,131692.4620987766,4,0,1,122475.46714209337,0
3233,15654676,Williams,850,Spain,Male,39,3,41409.52365648081,4,1,1,158250.99648712052,0
3234,15702445,Brown,517,Germany,Female,38,2,59531.542124301326,1,0,0,157680.01276375586,0
3235,15674503,Jones,731,Spain,Male,31,1,98825.40448397688,4,1,0,152689.7829682612,0
3236,15645807,Garcia,548,Spain,Female,18,7,28593.213888992108,3,1,0,11600.0,1
3237,15821335,Miller,586,Spain,Male,49,10,105510.67720274805,2,1,0,11600.0,0
3238,15759263,Davis,588,Germany,Male,40,4,23281.56758999363,2,1,1,11600.0,0
3239,15640508,Rodriguez,694,France,Female,21,9,18298.14121463206,4,1,0,126764.67885024106,0
3240,15768265,Martinez,682,Germany,Male,19,5,204320.43069225058,3,0,0,148590.66592390492,0
3241,15760178,Smith,529,Germany,Female,35,5,1582.1705038079565,1,1,0,151591.79304328695,0
3242,15697589,Johnson,693,Spain,Male,38,3,19250.840117933625,4,1,0,151366.0603001095,0
3243,15829044,Williams,629,France,Male,36,8,30675.2334506479,2,1,0,112797.05594593192,0
3244,15715287,Brown,467,Germany,Female,53,6,18617.302972416073,2,0,1,143203.16459384124,0
3245,15745056,Jones,606,France,Female,22,9,16575.63018133015,3,0,0,188019.80155877868,1
3246,15740089,Garcia,816,Spain,Female,41,7,23155.82815932761,4,1,0,85447.54063777057,0
3247,15689002,Miller,609,France,Male,45,6,25379.958297941757,3,0,1,136817.83384233457,0
3248,15790824,Davis,466,Germany,Male,45,3,3714.8494667714367,3,1,0,66214.67885162348,0
3249,15666454,Rodriguez,731,France,Female,47,8,74636.54379299247,4,0,1,171471.76181904727,0
3250,15808544,Martinez,557,France,Male,40,1,9210.97844599278,3,1,0,18073.681495275057,0
3251,15687358,Smith,671,Spain,Female,41,4,2094.333647973329,2,1,1,46543.0326537842,0
3252,15749959,Johnson,632,France,Male,35,1,44626.16629621688,2,1,0,92660.74498772269,0
3253,15753654,Williams,826,France,Female,23,7,55220.49867285736,4,0,0,111472.46441455567,1
3254,15691083,Brown,632,France,Female,42,8,71414.01084193523,2,1,1,45958.13183240993,0
3255,15635885,Jones,535,Germany,Male,34,2,4593.941241287377,4,1,1,200000.0,0
3256,15668293,Garcia,603,Germany,Female,31,4,9420.501956777045,4,0,1,200000.0,0
3257,15766799,Miller,527,France,Male,42,8,10064.052477604626,2,1,1,72670.40529318686,0
3258,15832739,Davis,629,Germany,Male,43,5,45025.824568437914,2,1,0,85134.19336011236,1
3259,15660772,Rodriguez,826,France,Male,31,2,110237.27556648881,3,1,1,64861.43177561053,0
3260,15643040,Martinez,774,Spain,Female,41,5,61281.45586726355,2,1,0,137816.63713993985,0
3261,15654697,Smith,850,Spain,Male,38,8,18895.470841921604,1,1,1,24743.179249346053,0
3262,15781828,Johnson,697,Spain,Female,40,10,95920.64917878112,4,1,0,180952.03756569294,1
3263,15773678,Williams,664,Spain,Male,51,10,55401.86965408582,4,1,1,173370.94928560095,0
3264,15644354,Brown,550,France,Male,43,9,58309.29773201132,4,1,1,136501.16378160033,0
3265,15690028,Jones,676,France,Female,42,6,157748.28956198244,4,1,0,93514.33262254809,0
3266,15661421,Garcia,636,Germany,Male,30,3,150152.59110132058,3,1,0,22912.05805087615,1
3267,15726653,Miller,727,France,Female,31,3,24361.37073988381,4,1,1,15299.032343547602,0
3268,15789891,Davis,537,France,Female,43,0,50507.41040488738,3,1,0,43696.623210079764,0
3269,15667596,Rodriguez,655,France,Female,23,2,11283.605801800202,3,1,0,153184.0850970212,0
3270,15780710,Martinez,492,France,Male,35,8,26543.955712476512,1,1,0,155402.16459570132,1
3271,15732358,Smith,683,Germany,Male,31,0,15969.851228878957,2,1,1,62153.57589407725,0
3272,15815090,Johnson,717,France,Female,37,1,22893.078201291213,2,1,0,165922.18465075706,1
3273,15775261,Williams,487,France,Female,36,1,56259.061439962235,3,1,0,140310.85516104495,0
3274,15730267,Brown,516,Germany,Male,40,7,11801.6366364254,1,1,1,11600.0,0
3275,15766319,Jones,520,France,Female,43,5,9942.610669013187,4,1,0,63139.513901096165,0
3276,15796604,Garcia,632,Spain,Male,48,6,23848.463951679772,4,1,1,70124.11082339872,0
3277,15716437,Miller,510,France,Male,49,10,5164.684607769288,3,0,1,157579.29632050483,0
3278,15756834,Davis,787,Germany,Female,36,3,84071.87522226696,2,1,0,122723.46983346264,0
3279,15795764,Rodriguez,693,France,Male,33,10,159101.39647607654,3,1,1,175743.22743969533,0
3280,15817816,Martinez,709,France,Male,31,3,80807.2048731746,1,1,1,183213.7220281214,0
3281,15792149,Smith,491,France,Male,35,3,37901.147805145665,2,0,0,157042.80758786493,0
3282,15784562,Johnson,779,Germany,Male,29,5,56063.85614010937,4,1,1,98304.60912681746,0
3283,15678334,Williams,714,Spain,Female,43,3,81886.30979642134,4,1,0,105004.4317971048,0
3284,15680907,Brown,581,Germany,Male,49,0,3533.377841602904,3,0,1,124543.97656948303,1
3285,15811711,Jones,495,France,Female,23,0,27074.895519741684,1,0,0,85155.85513911769,0
3286,15643948,Garcia,642,France,Female,39,7,7761.421633186461,1,0,0,11600.0,1
3287,15635189,Miller,603,France,Male,54,1,4756.373909917977,1,1,1,139838.358318931,0
3288,15647365,Davis,607,France,Male,24,8,71142.32822721462,1,0,0,122176.93952322064,1
3289,15824839,Rodriguez,579,France,Male,53,9,97621.36545048408,2,1,1,171493.13445967512,0
3290,15704217,Martinez,722,Spain,Female,30,7,4375.802491679491,1,1,1,36735.65611393796,0
3291,15801790,Smith,389,Germany,Male,32,0,9849.540059675825,3,1,0,46580.46504246043,0
3292,15755589,Johnson,792,Germany,Male,45,9,12475.733364409409,1,1,0,200000.0,1
3293,15725955,Williams,749,Germany,Male,44,10,97229.13569563752,4,1,1,11600.0,1
3294,15730250,Brown,671,Spain,Female,37,7,122420.42320982902,2,0,1,36154.159784146366,1
3295,15660158,Jones,635,France,Female,31,8,72403.18550366073,2,1,1,128910.74452483059,0
3296,15693644,Garcia,758,Spain,Female,26,3,79574.1916999095,3,0,0,11600.0,0
3297,15652701,Miller,645,Spain,Female,38,6,20979.912103618466,4,1,0,31935.01812104463,0
3298,15743691,Davis,622,France,Male,36,3,26239.020646345863,3,1,1,124025.00333189942,0
3299,15810770,Rodriguez,763,France,Female,31,2,16459.191832494314,3,0,0,63558.158155313606,0
3300,15778904,Martinez,850,Spain,Male,36,10,158958.87410325042,3,0,1,79056.47407787538,0
3301,15794683,Smith,552,Spain,Male,41,0,65034.54217599342,1,1,1,115298.19604307701,0
3302,15668468,Johnson,692,France,Female,49,1,20877.82684226765,1,0,0,141669.80882924126,1
3303,15740002,Williams,541,Germany,Male,40,6,7290.3391395163735,1,1,0,145130.22580394743,0
3304,15718848,Brown,700,France,Male,37,5,10833.832029481802,3,1,1,105965.99063119323,0
3305,15711577,Jones,572,France,Female,30,7,11413.057385183243,3,1,1,111158.2337845045,0
3306,15807529,Garcia,771,France,Male,31,10,47701.071254692586,3,1,0,183390.14536722578,0
3307,15716159,Miller,639,France,Male,41,2,116629.71566025051,1,1,1,142613.4632594838,0
3308,15772090,Davis,654,Germany,Female,41,5,101505.05273092729,1,1,0,148063.4601511553,0
3309,15707118,Rodriguez,813,Spain,Male,36,5,3613.3502460043023,3,1,0,110799.72394688713,0
3310,15821589,Martinez,576,Spain,Female,48,1,61731.356509362166,3,1,1,138009.09051989438,0
3311,15783732,Smith,718,France,Female,39,0,9177.284207657518,1,0,0,142849.35035415262,1
3312,15806392,Johnson,586,Spain,Male,34,1,18579.17032658131,3,1,1,48139.19949159824,0
3313,15667204,Williams,769,France,Male,32,8,39241.93182908134,1,0,1,98118.86921110225,1
3314,15823741,Brown,828,France,Female,31,5,91916.8364581612,1,0,0,15692.527771084802,1
3315,15793190,Jones,623,Spain,Female,43,2,13508.188322929234,3,1,1,167454.84617709182,0
3316,15763897,Garcia,430,France,Male,32,9,103506.36366606623,3,1,1,11600.0,0
3317,15722571,Miller,581,France,Male,40,6,66352.44923165468,3,0,1,126908.64046457745,0
3318,15766763,Davis,850,France,Male,30,0,56083.27338937916,4,1,1,161442.99034661442,0
3319,15803020,Rodriguez,590,France,Female,37,7,7130.323575977483,4,1,1,20685.154101842898,0
3320,15776161,Martinez,827,Spain,Male,38,9,32144.18190993711,4,1,1,30395.999156430742,0
3321,15634757,Smith,589,Spain,Female,62,6,16088.072552621197,2,1,1,104517.92823543574,0
3322,15758552,Johnson,586,Spain,Female,25,2,44353.94515103091,2,0,0,15360.078240082556,0
3323,15702096,Williams,727,Spain,Female,47,3,55981.48963505858,4,1,1,103633.50259278477,0
3324,15710831,Brown,715,Germany,Female,31,10,3380.089967990084,3,1,1,200000.0,0
3325,15739250,Jones,735,Spain,Male,52,6,51667.495275548514,4,1,1,101993.64170212469,0
3326,15673149,Garcia,650,France,Male,32,3,34469.24089087757,2,1,1,165824.8716047545,0
3327,15663397,Miller,753,Spain,Female,49,4,91221.87403237939,1,1,0,120339.6785316852,1
3328,15820970,Davis,746,France,Male,41,0,78815.5088008937,4,1,0,132192.3104444999,1
3329,15656049,Rodriguez,764,Spain,Male,25,4,26634.15115985252,1,1,0,11600.0,0
3330,15802272,Martinez,587,France,Female,40,9,186913.3092728211,1,0,0,92177.4140874091,0
3331,15807488,Smith,753,Germany,Male,44,9,44204.28344597825,4,1,0,140298.6245674512,0
3332,15722562,Johnson,597,Germany,Female,44,3,165721.36039211068,1,0,0,160936.25794838724,1
3333,15697880,Williams,634,Spain,Male,36,2,63517.02503268845,1,0,0,192223.11577627665,1
3334,15689679,Brown,632,Spain,Male,64,8,26174.519918875765,4,1,1,62234.97467380132,0
3335,15747384,Jones,550,France,Male,58,0,13314.193507350557,4,1,1,79039.35423209505,0
3336,15737534,Garcia,476,Germany,Female,42,9,31312.645714147995,1,1,0,70023.00314603545,0
3337,15775202,Miller,772,France,Female,25,4,137481.27841959815,1,1,1,62066.81434243325,0
3338,15815774,Davis,579,France,Male,28,9,6976.142120455231,1,1,1,122344.69619415143,0
3339,15744471,Rodriguez,623,France,Male,36,1,30838.660902864696,2,0,0,111394.59922344908,1
3340,15773853,Martinez,576,France,Female,38,4,21299.80565699604,2,0,0,147428.31679736613,0
3341,15683383,Smith,624,Germany,Male,30,4,100973.22498946653,3,1,1,11600.0,0
3342,15820941,Johnson,599,Spain,Male,33,9,81496.85603577076,4,1,1,68857.6835915651,1
3343,15789626,Williams,777,Spain,Male,19,10,40163.53964698277,1,0,1,194164.60929321198,0
3344,15688400,Brown,590,France,Female,18,0,26812.99737888384,1,1,0,111756.22964817827,1
3345,15733298,Jones,821,France,Male,39,3,57629.17216506328,1,1,1,84810.0867326649,0
3346,15685541,Garcia,763,France,Male,54,6,152968.0780634388,2,0,1,134757.81946977423,0
3347,15664118,Miller,602,France,Female,23,0,5332.601193754888,4,0,1,39597.99216321484,1
3348,15822200,Davis,681,France,Male,36,9,114546.38585362468,3,0,0,173943.50867987837,0
3349,15776123,Rodriguez,701,France,Female,38,1,17423.32863552827,2,0,1,81186.03583565689,0
3350,15684892,Martinez,734,Germany,Male,42,3,211.28640062108263,4,1,1,11600.0,0
3351,15761290,Smith,744,Germany,Male,33,9,67546.72414891081,1,1,1,177217.63350200097,0
3352,15721263,Johnson,668,Germany,Male,27,1,77658.79199633152,4,1,0,164056.54688962016,0
3353,15707556,Williams,554,France,Female,45,1,18174.82209853246,2,1,1,75788.07359751333,1
3354,15657348,Brown,714,Germany,Male,19,0,75354.7199871344,2,0,1,166148.99348857702,0
3355,15702592,Jones,626,Spain,Male,42,1,79978.93282641245,2,1,1,148170.62226268812,0
3356,15693412,Garcia,371,France,Female,30,2,56243.28156689763,2,1,0,186770.67399540934,1
3357,15752964,Miller,689,France,Female,41,3,1970.3415319274282,1,0,0,94776.74139797983,1
3358,15780897,Davis,576,France,Male,50,0,55043.53009905688,1,0,1,110729.39210647122,1
3359,15768271,Rodriguez,604,France,Male,32,0,134711.67507318448,2,0,0,195616.63939100457,0
3360,15831351,Martinez,650,France,Male,35,6,48420.69352602626,1,1,1,11600.0,0
3361,15637261,Smith,494,France,Female,34,4,22858.197599022016,2,1,1,85847.83629871022,0
3362,15721118,Johnson,663,France,Female,61,6,41446.2251626234,3,0,0,165442.58940345197,0
3363,15709169,Williams,618,France,Female,37,9,249145.35631311577,4,0,0,36886.20736491077,1
3364,15649639,Brown,562,Germany,Female,37,8,31988.106662399412,3,1,1,109933.13069757851,0
3365,15761100,Jones,654,France,Female,38,0,92116.02996231132,1,1,1,74867.76169111519,0
3366,15812412,Garcia,480,Germany,Male,52,7,7455.998010021275,1,0,0,29211.075523527557,1
3367,15646711,Miller,657,France,Male,32,9,2906.933736769088,4,1,0,76566.25650627463,1
3368,15656612,Davis,697,France,Female,46,3,24726.935098835518,1,0,1,111155.76088244448,0
3369,15643389,Rodriguez,680,Spain,Male,31,8,7411.810811888109,2,1,0,151254.47672325824,0
3370,15774146,Martinez,728,Germany,Male,30,1,20063.261647839,4,1,0,200000.0,1
3371,15789057,Smith,766,France,Male,42,8,62838.41769535534,3,1,1,69729.93437001156,0
3372,15696311,Johnson,641,Germany,Female,51,7,29483.33753573657,3,1,0,132367.8020323453,0
3373,15669120,Williams,759,Germany,Male,35,5,19372.48719203634,1,1,1,173857.68934593356,0
3374,15688511,Brown,641,France,Male,35,4,111052.06226225042,3,1,1,121485.52804989672,1
3375,15652953,Jones,580,France,Female,45,2,473.677908286199,1,1,0,44761.240132158826,0
3376,15819004,Garcia,610,Spain,Male,38,0,84108.05098417726,1,1,0,166395.66222178692,0
3377,15649884,Miller,676,France,Female,45,5,48546.42688003537,3,1,0,182888.001717638,0
3378,15787452,Davis,758,France,Male,22,9,2378.4702774999105,3,0,1,142153.6535732746,0
3379,15789938,Rodriguez,650,France,Female,28,4,1737.5497030974504,2,1,0,77464.0125280034,0
3380,15825349,Martinez,582,Spain,Male,38,7,9431.104454642678,1,1,1,95180.58960138021,0
3381,15639677,Smith,794,Spain,Female,43,0,189503.26325105023,2,1,1,11600.0,1
3382,15814128,Johnson,506,Spain,Female,37,9,4480.314341074838,2,1,0,115157.28798709158,0
3383,15662967,Williams,583,Spain,Female,39,0,67134.11855136201,4,1,1,161369.72332432558,0
3384,15813874,Brown,739,Spain,Female,45,6,25674.13728593698,3,1,0,33738.79774835761,0
3385,15645604,Jones,826,Germany,Male,26,7,13501.647155834975,3,1,1,103067.31814385312,0
3386,15648549,Garcia,698,Spain,Female,45,9,42783.83432531522,3,1,1,66275.6556253425,0
3387,15729442,Miller,674,Spain,Female,49,0,22958.154872054394,2,1,1,179092.29858822067,0
3388,15750821,Davis,620,France,Female,35,8,18566.39472629997,4,0,1,147135.39365029387,0
3389,15713212,Rodriguez,704,Germany,Female,30,6,13696.997940117977,3,1,1,161643.60713154636,0
3390,15686744,Martinez,662,Germany,Male,47,6,30607.6166220561,3,1,1,103879.69797993898,1
3391,15690909,Smith,574,Spain,Female,56,7,9292.688519912468,4,1,1,129040.03495959121,0
3392,15770167,Johnson,619,Spain,Male,40,7,95509.47858873414,1,0,1,34380.451151448404,0
3393,15684687,Williams,563,Spain,Female,30,0,44792.88958625582,4,0,0,102074.99884293364,0
3394,15668830,Brown,651,Spain,Male,38,3,3247.276342660235,4,0,0,53934.64336093959,0
3395,15817549,Jones,666,Germany,Male,30,10,30536.31009334268,3,1,1,52483.62368056568,0
3396,15797329,Garcia,813,France,Female,46,8,49657.2864374203,1,1,1,37229.39592364004,0
3397,15678074,Miller,590,France,Female,38,2,98884.16073950766,2,1,0,25283.855527044507,0
3398,15684039,Davis,631,Germany,Female,29,5,1187.9846442131172,1,0,1,63578.80497237241,1
3399,15815090,Rodriguez,775,France,Female,40,3,30465.623057344947,3,0,0,118940.11777556021,0
3400,15694313,Martinez,830,France,Female,32,0,61181.72313142606,1,1,1,97249.39749199948,1
3401,15772490,Smith,697,France,Female,25,2,10915.750768063592,3,1,0,200000.0,0
3402,15711777,Johnson,624,Spain,Male,46,2,12509.416911982691,4,0,1,168645.6315407437,1
3403,15698909,Williams,602,France,Female,41,2,33635.25385769753,4,1,1,137051.17837011087,0
3404,15681335,Brown,465,Spain,Female,34,10,107921.91338476405,4,1,0,123128.11910080646,0
3405,15762804,Jones,557,Spain,Female,51,5,25397.42867390185,2,1,1,72953.54381106423,1
3406,15729630,Garcia,660,France,Female,31,8,33129.582173598836,4,0,0,163745.92705248998,0
3407,15776914,Miller,631,France,Female,34,6,50496.875433044384,1,1,0,75017.00521641696,0
3408,15727095,Davis,712,Spain,Male,42,6,18610.06618975296,4,1,1,128560.53214492998,0
3409,15759751,Rodriguez,630,Germany,Female,47,0,100902.64225073384,3,0,1,197535.06689743447,0
3410,15798436,Martinez,577,France,Male,42,8,163324.00230934427,3,0,0,44675.86872209048,0
3411,15642861,Smith,684,France,Female,33,3,52535.03611417776,1,0,0,58535.07976798841,0
3412,15815813,Johnson,850,France,Male,36,7,50871.368361827044,4,1,1,27119.901969279017,0
3413,15763377,Williams,618,France,Female,32,0,55974.043737587774,4,1,0,11600.0,1
3414,15649451,Brown,663,France,Female,35,7,10777.190769600043,1,0,0,104465.44337800902,0
3415,15716370,Jones,734,France,Female,36,8,65907.94620294299,2,1,0,145866.4804357917,0
3416,15740710,Garcia,592,Germany,Male,43,4,21307.171816768307,3,1,1,152343.46404674524,0
3417,15724311,Miller,777,Spain,Male,32,6,250000.0,3,1,1,68323.36931033357,0
3418,15689471,Davis,492,Germany,Female,48,10,69750.14053297677,4,1,0,142213.30086031792,1
3419,15761490,Rodriguez,609,Spain,Female,38,9,43825.44910660225,1,0,1,175664.9661959182,0
3420,15697697,Martinez,618,Spain,Male,30,1,121654.98082709336,1,1,1,168274.62174604143,0
3421,15752488,Smith,665,Germany,Male,42,0,175394.97013493412,4,0,0,27040.405150776656,0
3422,15705512,Johnson,452,France,Male,37,10,85207.89994275503,2,1,0,71626.14902828383,0
3423,15658169,Williams,785,France,Female,34,5,70651.89111905951,1,1,1,104802.493877705,1
3424,15669894,Brown,691,Spain,Female,53,8,3128.7166188189185,1,0,0,71963.4574820078,1
3425,15709415,Jones,762,Spain,Female,35,0,61211.4990514435,2,1,0,48252.8694259016,0
3426,15731738,Garcia,811,France,Female,34,9,20455.190065811596,1,1,0,184107.88391253352,0
3427,15686233,Miller,575,France,Male,48,0,132900.82217150155,4,1,0,74883.25396441805,1
3428,15644487,Davis,400,Spain,Female,44,3,47306.986603209094,3,1,1,76998.0094844169,1
3429,15825333,Rodriguez,764,France,Male,46,9,23153.661786003322,3,1,1,147313.2129068954,1
3430,15819980,Martinez,621,France,Male,33,5,20698.41825878696,4,1,1,63020.16645193245,0
3431,15700916,Smith,536,Spain,Male,41,8,40465.107905950965,4,1,0,87566.46786812328,0
3432,15699689,Johnson,707,Germany,Male,25,1,33814.300755911354,4,1,0,33800.091341919644,0
3433,15794839,Williams,850,Germany,Male,19,4,24786.591982237955,2,1,0,155472.02649052872,1
3434,15824603,Brown,639,Spain,Male,33,6,11688.345124847443,4,1,0,124230.82137960385,0
3435,15832702,Jones,745,Germany,Male,39,3,79597.66756991894,2,1,1,200000.0,1
3436,15730600,Garcia,551,Germany,Male,63,5,28406.048576242072,2,1,0,107701.06352243046,0
3437,15684414,Miller,481,France,Female,51,5,5206.71768599308,4,0,1,193567.64705056604,1
3438,15816174,Davis,741,France,Male,28,3,4463.622013984958,4,1,0,103841.92807666589,0
3439,15693245,Rodriguez,704,Spain,Male,47,3,13598.0718417493,1,1,1,137936.9345877392,0
3440,15679502,Martinez,603,France,Male,25,8,40173.721508924136,1,1,1,138492.1932925665,1
3441,15808620,Smith,820,France,Female,54,10,8007.163405546676,3,0,1,145874.48171062366,0
3442,15773525,Johnson,473,France,Female,33,0,12104.66327187658,2,1,0,135022.3118610228,1
3443,15650890,Williams,526,France,Female,33,4,34827.97153409896,2,1,0,121300.88343998583,0
3444,15707294,Brown,595,France,Female,49,10,12279.709123211775,2,1,0,117618.62604449345,1
3445,15833254,Jones,614,Germany,Male,33,8,97619.07364712801,3,0,1,157353.4539620499,0
3446,15773042,Garcia,796,France,Male,56,8,44580.94973675273,2,0,0,95127.31237650997,0
3447,15720038,Miller,654,France,Male,33,8,4486.745880669817,3,1,0,87953.69590066028,0
3448,15681005,Davis,630,Germany,Female,47,1,7534.504701125279,2,0,1,64102.011212832884,0
3449,15725772,Rodriguez,522,Spain,Female,40,6,10856.461297050131,3,1,1,91330.91017184331,0
3450,15643770,Martinez,758,France,Male,45,9,49698.3370559193,3,1,1,142954.48677629273,1
3451,15684481,Smith,536,Germany,Male,28,7,5582.926543832905,1,0,0,109306.56732542648,1
3452,15694473,Johnson,522,Germany,Male,20,0,2212.7333741617435,4,0,0,163020.99332211004,1
3453,15666776,Williams,609,Germany,Male,29,1,65182.36159080511,3,1,1,75345.10002642185,1
3454,15772255,Brown,666,France,Female,34,0,32516.519570114066,4,1,0,85151.36250454104,0
3455,15744757,Jones,577,Spain,Female,37,8,94455.31373737761,2,1,1,41699.272540274826,0
3456,15706455,Garcia,720,Germany,Female,34,9,78717.49160516611,4,1,0,141608.6755493144,1
3457,15698648,Miller,621,Spain,Male,18,10,15976.370102765113,2,1,0,11600.0,0
3458,15684280,Davis,755,France,Male,32,4,10675.707668133664,4,1,0,177299.08014786057,0
3459,15661251,Rodriguez,700,Germany,Female,39,3,36315.5043021452,3,0,0,162505.38651796622,1
3460,15762397,Martinez,829,Spain,Female,36,7,4174.739919454467,3,0,1,187241.71738492852,0
3461,15723270,Smith,605,France,Male,35,2,50100.84057556248,1,1,1,120460.19314565722,1
3462,15780241,Johnson,734,France,Male,34,7,612.7094494215407,3,0,0,200000.0,0
3463,15724508,Williams,471,Germany,Female,39,2,81254.29012933164,4,1,1,164540.52676786284,0
3464,15730621,Brown,850,France,Male,28,5,110681.67270680856,4,1,0,157003.29126177888,0
3465,15827618,Jones,729,Germany,Male,36,3,250000.0,1,0,0,125483.96964116067,1
3466,15712604,Garcia,620,France,Male,34,7,21087.904416413578,2,1,1,23235.144692025468,0
3467,15663405,Miller,624,France,Female,26,6,41268.402585330114,4,1,1,100632.88474080082,0
3468,15783904,Davis,625,Germany,Male,37,4,99374.60370225807,4,1,1,81400.99779724664,0
3469,15783536,Rodriguez,834,France,Female,19,2,31007.756235941226,1,0,0,90815.0389885262,1
3470,15809029,Martinez,739,Spain,Male,32,4,19968.588558273852,3,0,1,96488.43829619032,0
3471,15796933,Smith,605,Spain,Male,42,3,2502.867828532269,2,1,0,143728.02923921988,1
3472,15665397,Johnson,526,Germany,Female,43,7,25049.822348033173,4,1,1,106734.18241769916,0
3473,15643372,Williams,769,Spain,Female,39,10,4108.862929271511,4,1,0,36910.531701478816,0
3474,15645695,Brown,733,Spain,Female,41,4,22548.97126656358,3,1,1,17560.00428022472,0
3475,15812245,Jones,720,France,Male,45,9,21005.998881108015,3,1,0,139826.12537705325,1
3476,15765867,Garcia,641,Spain,Male,40,9,52089.96986123897,4,1,0,51678.065964768255,0
3477,15734913,Miller,620,France,Female,50,4,22791.363208346844,2,0,1,11600.0,0
3478,15652171,Davis,818,France,Male,18,1,24239.27017130691,1,1,0,102830.3629948036,1
3479,15645792,Rodriguez,827,Germany,Male,47,8,16868.17818129759,1,1,1,131567.02618097304,0
3480,15697426,Martinez,714,Germany,Male,18,5,46822.30439754493,1,1,1,104237.49182065958,1
3481,15808426,Smith,746,France,Male,32,10,24661.57670587773,1,1,1,64122.482652722494,0
3482,15798001,Johnson,673,France,Male,46,0,148394.20983088686,4,0,1,200000.0,1
3483,15676672,Williams,513,Germany,Female,45,2,111267.97781343573,4,1,0,32690.45810319799,1
3484,15674799,Brown,552,France,Female,29,3,13519.421115364594,1,1,1,126491.56888414572,0
3485,15636863,Jones,764,Spain,Female,38,9,25873.40374597685,1,0,0,131642.4552019131,1
3486,15792186,Garcia,777,Germany,Female,33,9,50335.74578948756,2,1,0,114097.4725482343,0
3487,15772390,Miller,755,France,Male,47,1,822.3064831009746,4,1,0,126243.38065481813,0
3488,15721397,Davis,684,France,Male,38,10,12900.4609831814,3,1,0,157931.5580210243,1
3489,15663535,Rodriguez,759,Germany,Female,32,9,16775.720576148124,2,1,0,65398.69787137423,0
3490,15770052,Martinez,644,France,Female,42,3,25741.428378349956,4,1,0,128464.57517283052,0
3491,15675185,Smith,712,France,Male,44,1,110052.11394547623,4,1,0,91546.65955956305,0
3492,15746684,Johnson,629,France,Male,37,5,5064.387379559257,3,1,0,54096.77238252934,0
3493,15719973,Williams,544,France,Male,45,9,3405.0062933495615,2,1,1,39212.084000423645,0
3494,15794707,Brown,736,France,Male,54,8,54594.48464982845,3,0,1,83182.4873161625,0
3495,15789674,Jones,777,Germany,Male,18,0,22666.701746111612,3,0,1,124137.1489122147,0
3496,15745634,Garcia,850,Spain,Male,51,4,9783.750915487437,2,1,0,87957.5148067527,0
3497,15677206,Miller,676,Germany,Female,53,8,60500.51997343391,1,1,0,132862.66225840364,1
3498,15834010,Davis,545,Spain,Male,43,10,13915.673967144543,3,1,1,137821.42589861422,0
3499,15729676,Rodriguez,617,France,Female,35,6,41694.05405000108,4,1,0,89611.8527655073,0
3500,15708471,Martinez,636,France,Male,23,10,26276.36502372563,2,1,1,128506.20573752574,1
3501,15640012,Smith,664,Germany,Female,39,5,22409.455881879516,3,1,0,200000.0,0
3502,15717977,Johnson,697,Germany,Male,34,6,63852.570721536984,4,1,0,159313.32883313322,0
3503,15821718,Williams,686,Germany,Female,25,8,47519.39474705448,1,1,0,11600.0,0
3504,15828989,Brown,727,Germany,Male,32,2,36061.074548379336,4,0,1,200000.0,0
3505,15730657,Jones,669,Germany,Female,38,7,6853.153216849016,3,0,0,141658.21972560586,0
3506,15772470,Garcia,427,France,Female,41,0,44051.07647333438,4,0,0,51296.52883795112,0
3507,15721318,Miller,672,Germany,Male,28,9,59004.99581357567,1,1,0,72923.46120418425,0
3508,15688847,Davis,658,Germany,Male,18,5,84315.789079732,4,1,1,170370.17279831885,1
3509,15677658,Rodriguez,705,Spain,Male,36,8,17791.270603085755,4,1,1,132907.65976538474,0
3510,15783383,Martinez,613,Germany,Male,29,0,15347.4016123062,4,1,1,139383.77673472406,0
3511,15693159,Smith,672,Germany,Male,34,4,69069.8296184321,3,1,1,49404.983679285295,0
3512,15652145,Johnson,705,Germany,Female,18,7,31504.270407224667,1,1,1,87544.19241084448,0
3513,15803092,Williams,633,Spain,Male,35,9,26031.624644646377,3,0,1,74448.50787639995,0
3514,15730640,Brown,717,Spain,Female,42,10,8754.63822880273,1,0,1,146526.76065967942,1
3515,15782398,Jones,657,Spain,Female,34,5,28471.69747955422,3,1,1,104291.94277331061,0
3516,15638430,Garcia,665,Germany,Female,40,5,64754.57197401371,2,1,1,107120.4374334146,0
3517,15751258,Miller,357,France,Male,36,2,29942.11009251491,3,1,0,108690.47761933693,0
3518,15651689,Davis,535,Germany,Female,19,7,103072.37240719018,1,0,0,83141.02426562816,0
3519,15778279,Rodriguez,535,Germany,Male,39,0,210.90077116878913,4,1,0,30619.120035112806,1
3520,15665939,Martinez,671,Spain,Male,31,3,9920.502013359253,1,1,0,143969.86715000783,0
3521,15771156,Smith,777,France,Male,25,7,47675.82650827177,3,1,0,130245.61179183915,1
3522,15699935,Johnson,638,Germany,Female,45,5,55734.29847147713,3,0,1,97315.8802733663,0
3523,15816626,Williams,734,France,Female,41,10,16127.58835838733,3,1,0,98660.46041862882,0
3524,15771137,Brown,714,Spain,Male,32,8,142272.08867334778,1,1,1,78876.93179206722,0
3525,15705050,Jones,663,France,Male,37,0,20071.897316264796,4,0,0,159398.34588845156,0
3526,15639250,Garcia,707,Germany,Male,40,1,26482.60337802739,2,0,0,113529.42789127708,0
3527,15765178,Miller,674,France,Female,22,0,187279.65645963317,2,1,1,66592.64985905087,0
3528,15668225,Davis,635,France,Female,27,10,32618.53573950363,4,0,0,117145.51594516326,0
3529,15824830,Rodriguez,689,Germany,Male,28,3,47449.34225431774,2,1,1,46889.04086221754,0
3530,15670236,Martinez,794,France,Male,43,8,38845.837166793404,4,0,1,82657.34869467768,1
3531,15810276,Smith,697,Germany,Female,54,3,9770.649428343953,1,1,0,111308.888167148,1
3532,15749200,Johnson,671,Spain,Male,44,8,238391.4423878708,1,1,0,125471.90484804918,1
3533,15683936,Williams,562,Spain,Male,40,5,3044.492011579201,4,1,1,65412.62056352803,0
3534,15703250,Brown,791,France,Female,28,4,205206.4576637294,2,0,1,75892.09015952754,0
3535,15656656,Jones,509,Spain,Male,46,9,31555.185790853695,2,1,0,101887.09059721133,1
3536,15704630,Garcia,479,France,Female,35,3,10511.761666987442,1,1,1,38758.025869006044,0
3537,15656809,Miller,687,Spain,Male,28,9,9131.928015985299,1,1,1,46297.007420964044,0
3538,15716156,Davis,561,Spain,Female,46,1,53294.6945548047,4,0,0,84233.74529187974,0
3539,15787060,Rodriguez,758,France,Female,52,7,62033.20254904062,4,1,0,33969.435337669245,0
3540,15717878,Martinez,481,France,Male,46,2,114480.7310462141,1,0,0,90335.68674783973,0
3541,15825192,Smith,746,France,Female,62,0,13493.359404346515,1,1,0,109041.01105485171,0
3542,15687383,Johnson,732,Spain,Male,31,10,28388.44673782951,1,1,1,36408.94079554087,0
3543,15818454,Williams,661,France,Male,34,9,177354.88032873216,1,0,1,104977.52479927665,0
3544,15827114,Brown,440,Germany,Male,30,6,27931.04438743959,2,1,0,11600.0,0
3545,15809873,Jones,477,Germany,Male,30,7,30770.55934038309,1,0,0,97840.15702948903,1
3546,15695637,Garcia,673,Spain,Male,52,6,17021.151046246094,3,1,0,96176.13520177326,0
3547,15642812,Miller,626,Spain,Female,27,3,102378.2047679086,1,1,1,92550.26178264209,0
3548,15678965,Davis,722,France,Male,33,7,22755.505215363235,1,1,1,179758.49344743777,0
3549,15712881,Rodriguez,643,Germany,Male,51,9,50467.034757155605,2,1,0,171607.52458247682,1
3550,15826022,Martinez,634,Spain,Female,42,3,10081.294607094524,2,1,1,26572.24341775215,0
3551,15820958,Smith,407,Spain,Female,28,4,47822.143485653854,1,1,0,116527.11017611572,1
3552,15834521,Johnson,732,France,Male,38,7,135878.5906340199,1,1,0,66063.7988468743,0
3553,15788106,Williams,585,France,Male,22,1,74991.41131276732,3,1,0,145696.92518247332,1
3554,15829763,Brown,610,France,Male,36,9,3504.622660554104,2,1,0,74882.77679305049,0
3555,15821072,Jones,543,France,Male,39,7,50251.14159176483,4,0,1,135612.07770395282,0
3556,15768995,Garcia,495,France,Female,40,4,40898.482345907396,4,0,0,121147.00678680491,1
3557,15715950,Miller,797,France,Male,57,4,20667.900772261823,2,1,1,79537.68867759818,0
3558,15803057,Davis,729,Germany,Female,46,6,92480.82757374947,4,1,1,81655.68995181765,0
3559,15748418,Rodriguez,731,France,Female,27,3,78440.647187998,1,0,1,125037.74661773613,0
3560,15757655,Martinez,628,Germany,Female,40,2,52292.372945252886,1,1,0,112568.86259846565,1
3561,15818567,Smith,476,France,Male,38,5,68164.40558740872,4,1,1,29450.56143065756,0
3562,15801494,Johnson,850,Spain,Female,57,5,10731.64591654466,3,1,0,200000.0,1
3563,15700864,Williams,692,Spain,Female,34,9,126515.35428698035,4,0,0,136149.57452903537,0
3564,15769434,Brown,663,Germany,Female,40,5,55135.869748808705,3,0,1,111010.20993043693,0
3565,15787864,Jones,614,Spain,Female,41,6,31538.424774983538,4,1,1,141937.36702652945,0
3566,15702013,Garcia,445,France,Male,28,3,10728.28900182134,3,1,1,37336.57655586032,0
3567,15657979,Miller,764,Spain,Female,23,2,57405.36428653635,3,0,1,30406.5635621517,0
3568,15812411,Davis,544,France,Female,36,2,5085.969155544574,3,1,1,15686.373638662248,0
3569,15672813,Rodriguez,704,France,Male,45,2,19264.576140334553,1,1,1,11600.0,0
3570,15638346,Martinez,727,France,Female,25,1,42640.168396931644,4,0,1,108420.28575637925,0
3571,15659597,Smith,683,Germany,Female,38,5,51936.3601321158,1,1,0,79415.49581190739,1
3572,15782651,Johnson,696,France,Female,32,0,874.1052446320487,2,0,1,111472.94259560361,0
3573,15669144,Williams,784,Germany,Female,19,5,442.451217954369,2,1,1,95611.47796684517,0
3574,15645253,Brown,570,France,Male,41,7,5908.868814375147,2,1,1,167250.5201461545,0
3575,15733841,Jones,666,Spain,Female,43,5,73121.85617015936,1,1,1,97095.06451000368,0
3576,15713533,Garcia,627,Germany,Female,45,1,41862.71668136752,2,1,1,11600.0,0
3577,15736714,Miller,466,France,Female,46,6,46877.48910803161,2,0,1,66368.39755293971,0
3578,15651317,Davis,678,France,Female,38,2,46245.025454103314,3,1,1,200000.0,0
3579,15810083,Rodriguez,775,Spain,Male,43,8,1875.6068316153312,4,1,1,48894.274476367806,0
3580,15789980,Martinez,787,France,Male,40,10,9453.98585482774,3,0,1,130928.4029030467,0
3581,15784760,Smith,835,Germany,Female,18,7,65073.0946035444,4,0,1,162602.11552674876,0
3582,15780050,Johnson,472,Germany,Female,24,5,51883.114154534735,2,1,1,117059.09820970683,0
3583,15695952,Williams,812,France,Male,31,0,29465.50400189141,3,1,1,20580.780927783853,0
3584,15706027,Brown,668,France,Female,39,1,1030.5242698152597,2,1,1,93458.08817230699,0
3585,15802310,Jones,810,France,Female,41,7,26965.064851696898,3,1,0,11600.0,1
3586,15720722,Garcia,610,France,Female,45,5,14247.900819042727,4,0,0,148604.966641169,0
3587,15749491,Miller,596,France,Female,45,0,59745.572849531556,1,1,0,100932.35084608952,1
3588,15817323,Davis,528,France,Male,40,8,87056.24168276785,1,1,0,200000.0,1
3589,15800284,Rodriguez,727,France,Female,43,7,35039.4731544516,1,1,0,133853.2681891453,1
3590,15775732,Martinez,701,France,Female,54,1,25835.947225453816,2,1,1,11600.0,0
3591,15709239,Smith,538,Spain,Female,43,9,15944.35491003988,2,0,0,78642.77528039478,0
3592,15704796,Johnson,433,Germany,Female,38,4,4859.188307130747,2,0,1,11600.0,0
3593,15711519,Williams,691,Spain,Male,43,2,23240.721241453753,3,1,1,185546.6807527659,0
3594,15698802,Brown,702,France,Female,47,0,56665.15876366037,2,1,0,27394.978114568978,0
3595,15740450,Jones,551,France,Female,54,6,54842.33678983394,4,1,1,153238.4079587226,0
3596,15740624,Garcia,531,Spain,Female,28,8,26617.575647526442,2,1,1,144023.24021937145,0
3597,15812293,Miller,715,Germany,Female,22,10,169037.95527513433,1,1,1,65180.34484232343,0
3598,15782828,Davis,835,France,Female,41,6,140732.88049563294,2,1,0,168044.48714745522,0
3599,15785213,Rodriguez,600,France,Female,24,2,104233.06597077029,4,1,0,107577.03003482545,0
3600,15694660,Martinez,562,Germany,Female,36,5,28617.164810402322,3,1,0,200000.0,0
3601,15696670,Smith,679,Spain,Male,57,2,68625.90867312074,4,0,0,21065.27943273593,0
3602,15734534,Johnson,713,France,Male,39,3,132253.6407929945,4,1,0,175713.90056410886,0
3603,15796047,Williams,613,Germany,Male,39,0,66901.3072516906,1,1,1,135157.0631751845,1
3604,15798828,Brown,850,Germany,Male,34,1,18972.372842918747,1,1,0,51979.45375766876,0
3605,15771705,Jones,740,Spain,Female,54,0,3521.551983362875,4,1,0,181867.49840367617,0
3606,15657387,Garcia,611,Spain,Male,43,9,158519.0925293894,3,0,1,56980.93104716087,0
3607,15794343,Miller,490,France,Female,34,1,244152.85714617308,2,1,1,182364.2420237745,0
3608,15729077,Davis,781,Germany,Female,53,3,59149.89387226609,1,1,0,39465.37437066653,1
3609,15636884,Rodriguez,769,Spain,Male,40,5,18942.594307723706,4,1,1,121661.60910603552,0
3610,15800298,Martinez,619,Germany,Male,34,10,100134.66313364067,1,0,1,109541.77904117956,0
3611,15814112,Smith,685,Spain,Male,18,7,153366.19049178896,2,1,1,200000.0,0
3612,15702136,Johnson,634,Spain,Female,40,9,35305.83746853423,3,1,0,99156.44569407227,0
3613,15797379,Williams,702,France,Male,34,8,18672.839683739607,2,0,0,11600.0,1
3614,15803918,Brown,547,France,Female,35,9,26074.088638056226,3,1,1,83999.97139803227,0
3615,15709566,Jones,533,Spain,Female,35,6,3835.8494939089624,2,1,1,28089.755672293686,0
3616,15803111,Garcia,731,France,Female,20,3,41697.30801450725,1,1,1,200000.0,1
3617,15753608,Miller,743,France,Male,64,6,23809.414989944937,2,1,1,93023.31443185151,0
3618,15685185,Davis,600,France,Male,32,0,107941.83388244704,4,1,1,47817.57425758165,0
3619,15672994,Rodriguez,575,Spain,Male,45,10,16117.288165511794,2,1,0,77259.76928795749,1
3620,15642063,Martinez,764,France,Male,36,9,420.27807409669856,4,0,1,200000.0,0
3621,15734725,Smith,578,Germany,Female,18,10,66810.97942141572,4,1,0,198204.55525302974,1
3622,15645118,Johnson,655,France,Male,37,10,371.79646565048245,1,1,0,133474.97146265258,0
3623,15783188,Williams,642,France,Male,40,5,39479.72184551898,4,1,0,46720.0948466299,0
3624,15755853,Brown,503,France,Male,33,0,9999.371536288676,1,1,1,101031.89699539541,0
3625,15801942,Jones,669,France,Female,53,7,47141.89629626004,3,0,0,44467.31035694115,1
3626,15802462,Garcia,659,Spain,Male,56,3,11025.119116878315,3,1,1,134892.50840540786,0
3627,15826723,Miller,686,Spain,Male,41,7,34845.423834628986,2,0,0,43358.86832310937,0
3628,15697095,Davis,665,Spain,Female,43,7,20403.59037693932,2,0,1,163303.0679992026,0
3629,15670629,Rodriguez,850,France,Male,27,1,10078.576617633638,1,1,0,58012.835581963926,0
3630,15728149,Martinez,766,Germany,Male,27,5,46631.49129247767,1,1,1,103556.5470711034,1
3631,15808523,Smith,653,France,Male,32,9,4289.8043590725365,2,1,0,122969.05037101699,0
3632,15734729,Johnson,663,France,Female,59,3,141626.4819004116,2,1,1,88419.43488764347,0
3633,15783532,Williams,826,Germany,Male,33,2,75283.08417788657,2,1,1,151604.4425052168,1
3634,15713605,Brown,736,Germany,Male,52,8,123768.19115494049,4,0,1,103173.05837688208,1
3635,15818069,Jones,527,France,Female,31,9,2169.768074159942,3,1,0,93881.53358967487,0
3636,15674360,Garcia,744,France,Male,29,8,107.0999186283094,2,1,1,112067.02367350088,0
3637,15688914,Miller,774,Spain,Female,33,1,22152.768401338195,4,1,0,115473.10786068908,0
3638,15703272,Davis,811,France,Male,33,4,47944.32670262908,1,1,1,139871.0983806831,0
3639,15716881,Rodriguez,609,Spain,Male,31,9,14011.863005046116,2,1,0,11600.0,0
3640,15650036,Martinez,602,Spain,Female,54,9,39850.52735328874,1,1,1,160739.53487804288,1
3641,15829721,Smith,555,Germany,Female,38,6,46570.42517722638,1,1,1,65723.78570638006,0
3642,15813449,Johnson,680,France,Male,37,8,8221.743761981339,3,0,0,15747.785193018019,1
3643,15710371,Williams,723,Spain,Female,39,7,73239.27039269825,1,0,0,27926.49221907431,0
3644,15701279,Brown,598,France,Female,48,9,137724.9822297893,4,1,0,180836.38439257638,0
3645,15718157,Jones,635,France,Male,39,3,51100.30625730676,3,1,0,135804.40218936454,0
3646,15762981,Garcia,444,Spain,Female,42,2,147680.38604077126,2,1,0,11600.0,0
3647,15811408,Miller,800,France,Male,49,0,14127.018564383445,4,0,1,107032.75390035831,0
3648,15736267,Davis,493,France,Male,28,0,1859.8941498459815,1,1,1,71410.73718219223,0
3649,15806277,Rodriguez,687,Germany,Male,30,8,14213.434578330369,2,1,1,95877.97167457467,1
3650,15703405,Martinez,673,Germany,Female,40,3,52222.009549968076,2,1,0,11600.0,0
3651,15805006,Smith,654,France,Male,31,7,45519.772274960604,1,1,1,127228.94031544877,0
3652,15726305,Johnson,656,France,Female,36,3,15558.158863996832,4,1,1,130660.9605658462,0
3653,15655914,Williams,548,France,Male,27,5,26216.426842037305,4,1,0,90186.72473796047,0
3654,15809853,Brown,617,France,Male,30,3,22914.44386574747,2,1,1,95454.48982651145,0
3655,15752563,Jones,746,Spain,Female,50,1,150214.1845970756,1,1,0,48678.73134318419,0
3656,15674981,Garcia,776,Germany,Female,35,0,18868.52866419512,1,1,1,83692.7770616618,1
3657,15651899,Miller,607,Germany,Male,34,7,10728.57389053338,2,1,0,171300.07226171295,0
3658,15636613,Davis,493,France,Male,30,5,41690.9312309882,1,1,1,85249.15121598414,1
3659,15754836,Rodriguez,572,France,Female,30,0,6666.5050222624395,3,1,1,157721.4353345771,0
3660,15678616,Martinez,835,France,Male,28,4,35450.60705210319,4,0,1,67477.12480613292,0
3661,15777412,Smith,578,France,Female,26,2,58068.767069533766,4,1,1,111606.11746214231,0
3662,15728935,Johnson,640,France,Female,31,1,143466.5141545712,4,1,0,111845.78303971364,1
3663,15813172,Williams,791,France,Female,37,2,111400.64906454574,3,0,0,82146.15267966913,0
3664,15645722,Brown,597,France,Female,45,1,92010.4956978507,2,0,1,186666.59327598687,0
3665,15774441,Jones,633,Spain,Female,38,9,25033.268738022878,4,0,0,125474.9281500269,0
3666,15657454,Garcia,729,Spain,Male,28,1,112203.70367063765,1,1,1,153697.73317750334,0
3667,15713841,Miller,821,Germany,Male,33,0,63051.66058270183,2,0,1,51758.997379231274,0
3668,15766603,Davis,585,France,Male,32,2,29127.454484781178,2,0,1,196775.10011756455,0
3669,15726177,Rodriguez,789,Spain,Male,32,2,41514.64472543338,4,1,1,83879.05524653185,0
3670,15729642,Martinez,621,Spain,Female,35,3,28644.88071526847,1,0,0,151098.8693574897,1
3671,15783112,Smith,561,France,Male,47,2,10956.809835691916,2,1,0,74614.46633340126,0
3672,15814189,Johnson,674,Germany,Female,45,7,30045.487577508196,4,0,1,51709.7778846961,0
3673,15640346,Williams,534,Spain,Female,54,3,82359.50182371093,1,1,1,183799.89579211216,0
3674,15808091,Brown,697,Germany,Female,30,9,15502.386941429411,1,1,0,67267.37053162466,0
3675,15772743,Jones,850,France,Female,27,0,51129.875594768724,2,1,1,114423.0100055211,0
3676,15676961,Garcia,760,France,Female,35,1,40290.40383153862,3,1,0,62408.58257459824,0
3677,15785473,Miller,639,Germany,Male,50,6,126354.5383375875,3,1,0,11600.0,0
3678,15733348,Davis,755,France,Female,18,5,68554.45047730987,4,0,1,107625.62145728598,0
3679,15755508,Rodriguez,556,Spain,Male,40,8,22423.178012074266,4,1,1,190954.27038087876,0
3680,15642199,Martinez,573,Germany,Female,35,5,41245.59535630677,3,1,0,51811.35823881598,0
3681,15681695,Smith,642,France,Male,45,1,121075.18916994832,1,0,1,60136.815363642716,0
3682,15802900,Johnson,658,Germany,Male,43,7,12840.22557657212,2,1,0,109421.04910271784,0
3683,15749252,Williams,520,Germany,Male,45,8,32168.667217842918,1,0,1,117009.08836767565,0
3684,15792091,Brown,619,France,Female,43,4,12530.91641615601,2,1,1,66436.68141947562,1
3685,15784367,Jones,635,France,Female,67,5,27100.717967173525,1,1,0,24108.78607342871,0
3686,15755558,Garcia,804,Spain,Male,56,3,2999.3504721168592,2,0,0,124590.55728163153,0
3687,15750200,Miller,520,Germany,Male,47,10,104361.76986973095,3,1,1,66704.20579693577,0
3688,15818835,Davis,511,France,Male,34,1,191397.31033256924,3,0,1,150154.91492633178,0
3689,15767843,Rodriguez,667,France,Male,35,4,41944.3179612481,3,1,0,47687.46538986489,0
3690,15787726,Martinez,765,Germany,Male,50,4,40380.106648979796,3,0,0,76134.41071310424,0
3691,15642638,Smith,705,Germany,Male,50,0,155977.99117237952,2,1,1,46815.77805267351,0
3692,15666380,Johnson,680,France,Female,30,4,24981.236619388386,2,0,0,98742.65663644156,0
3693,15793408,Williams,621,Germany,Male,19,0,48522.93442877324,3,1,1,54309.81637719485,0
3694,15788847,Brown,717,France,Female,20,2,90780.41431284414,2,1,0,134171.00764712875,0
3695,15796077,Jones,732,France,Male,50,10,35235.097570127306,1,1,1,90432.90994231844,0
3696,15831995,Garcia,624,Germany,Female,52,8,12519.192589243,4,0,0,113818.28556645711,0
3697,15772018,Miller,555,France,Female,39,3,83752.58898958292,2,1,0,111142.53395144845,0
3698,15653402,Davis,555,Spain,Male,42,8,15813.368073413107,2,1,0,41233.96165630841,0
3699,15659974,Rodriguez,737,France,Male,56,5,92823.19438760035,1,1,1,198571.94395652507,0
3700,15696118,Martinez,495,Germany,Male,59,0,144670.5701089921,3,1,0,173208.0079895356,0
3701,15655140,Smith,817,France,Male,45,2,39488.37581375914,1,1,0,54679.3076749677,1
3702,15698520,Johnson,604,France,Male,38,2,2527.7097275582432,3,0,1,19515.344140267014,0
3703,15780647,Williams,680,Spain,Male,34,3,155745.85535966285,1,1,1,90368.703262248,0
3704,15705757,Brown,720,France,Male,36,9,88988.86935122866,3,1,1,48029.62879717872,0
3705,15694102,Jones,581,Germany,Male,31,3,6241.853563255901,1,1,1,77879.8359128157,0
3706,15802249,Garcia,604,Germany,Male,45,7,49629.92969838923,4,0,0,80519.43833572595,0
3707,15807935,Miller,663,Germany,Male,37,2,18961.52818797149,4,1,0,11600.0,0
3708,15745261,Davis,564,Spain,Male,30,10,20048.512400288433,2,1,0,32966.12641119376,0
3709,15662318,Rodriguez,543,Germany,Female,50,3,43411.65291415207,4,1,1,25002.31080086781,0
3710,15768910,Martinez,552,Germany,Female,44,2,62218.91237386693,1,1,0,138303.27047596168,0
3711,15781522,Smith,770,Spain,Female,41,6,564.8701651565896,4,0,1,75007.50636390541,0
3712,15636954,Johnson,689,Spain,Male,37,5,8283.416714471618,1,1,0,146742.92607046923,0
3713,15767606,Williams,570,France,Male,43,0,116549.99365615073,3,0,0,14150.625647187291,1
3714,15711051,Brown,737,Germany,Male,35,9,34159.05078528873,4,1,1,113876.30947299153,0
3715,15643158,Jones,576,France,Male,66,0,33851.57732453851,4,1,0,119641.89148968017,0
3716,15721438,Garcia,454,France,Female,61,5,91727.56456265123,3,0,1,107757.62844482715,0
3717,15771172,Miller,719,France,Male,30,2,6927.1936853236475,4,1,1,136658.86918515727,0
3718,15684700,Davis,814,Spain,Female,36,8,62529.520807788154,2,0,0,55809.074955064214,0
3719,15830060,Rodriguez,705,Germany,Female,30,1,35283.830440436075,1,1,1,141834.1742149759,0
3720,15746771,Martinez,461,Germany,Female,20,2,67660.17381028889,2,0,0,53585.32028350538,0
3721,15775243,Smith,647,France,Male,56,8,56857.36432144161,3,1,0,72468.79017260068,1
3722,15760662,Johnson,622,France,Male,37,5,54903.2839363293,4,1,1,131768.39718763967,0
3723,15822556,Williams,687,Spain,Male,28,0,96910.2523332436,1,1,1,174158.44774123142,0
3724,15765146,Brown,565,France,Male,21,1,40012.12062321026,2,1,1,11600.0,0
3725,15634942,Jones,616,France,Female,41,6,26199.734746650694,2,0,1,36964.31704231586,0
3726,15809623,Garcia,507,France,Male,42,5,11063.226104114634,3,1,1,110111.91318637312,0
3727,15716904,Miller,672,Germany,Female,43,0,21077.9601113976,4,1,1,163417.5757911765,0
3728,15828117,Davis,511,France,Male,49,9,101983.59517460394,1,0,1,11600.0,0
3729,15634740,Rodriguez,693,France,Male,47,1,20584.69962219589,4,0,1,11600.0,0
3730,15766032,Martinez,574,Germany,Male,26,5,211418.06150444667,4,0,1,197979.04380471958,0
3731,15754221,Smith,350,France,Male,28,5,46823.16513136589,3,0,0,200000.0,0
3732,15719978,Johnson,729,Spain,Female,48,5,84361.26685679649,3,0,0,110837.92371919936,0
3733,15734533,Williams,699,France,Female,32,8,33987.99019130748,1,0,0,71938.41080347839,0
3734,15796328,Brown,785,France,Female,24,1,53146.010272707186,1,0,1,90060.62437602348,0
3735,15791553,Jones,440,Germany,Male,25,9,227962.9033586393,3,1,1,11600.0,0
3736,15716134,Garcia,584,Spain,Male,48,9,34684.35734309567,3,0,1,98083.12070667077,0
3737,15690380,Miller,663,Spain,Female,48,10,15282.743770471348,1,1,0,11600.0,0
3738,15672374,Davis,707,Germany,Male,40,8,52473.57513295092,2,1,1,46889.762831315355,0
3739,15693080,Rodriguez,503,France,Female,29,8,126041.57245881097,2,1,1,84736.35710475071,1
3740,15830027,Martinez,693,France,Male,38,9,867.4114852611796,4,1,0,112996.43255855794,0
3741,15661364,Smith,592,France,Male,37,8,245014.68827168216,1,0,1,159111.36557902393,0
3742,15778957,Johnson,464,Spain,Male,34,8,39323.289543716564,1,0,0,11600.0,0
3743,15829596,Williams,574,Spain,Female,45,2,80333.18505543785,4,1,1,200000.0,0
3744,15805094,Brown,701,Spain,Male,34,9,6290.737634203193,1,1,0,100374.56587138993,1
3745,15690170,Jones,468,France,Male,44,8,17230.41996083862,2,1,1,15381.057739392767,0
3746,15719692,Garcia,713,Germany,Male,42,9,188960.35085815733,1,0,0,156332.17048319423,1
3747,15654821,Miller,678,Germany,Female,24,8,16977.173123374938,3,1,0,128176.34619072838,0
3748,15691771,Davis,624,Germany,Male,58,2,26569.70955879419,1,1,0,38126.964096314245,0
3749,15709567,Rodriguez,486,Germany,Female,44,3,16473.91795349114,1,1,1,42077.88495723559,0
3750,15812514,Martinez,494,Spain,Female,23,3,31599.55462679293,4,0,1,147248.56638712002,0
3751,15810369,Smith,610,France,Female,24,3,8661.363667714748,3,1,1,63562.7098881245,0
3752,15719356,Johnson,537,France,Male,54,6,35550.05406157388,4,1,1,44136.756727320724,0
3753,15712590,Williams,616,France,Female,40,4,17722.42034001121,1,1,1,105434.63361318079,0
3754,15824016,Brown,740,France,Male,44,6,84403.91765762569,3,0,0,26381.399275121352,0
3755,15784625,Jones,622,France,Female,42,5,24695.454236482423,2,0,0,196849.30186651493,0
3756,15766981,Garcia,619,France,Female,49,6,78684.30682823856,2,1,1,114041.26333736845,0
3757,15714990,Miller,620,France,Male,50,7,51326.85581024544,1,0,1,114711.25866334209,0
3758,15725370,Davis,751,Germany,Female,30,5,123310.66645162097,2,1,1,21092.03879043841,0
3759,15670030,Rodriguez,779,Spain,Female,44,8,83201.04410141088,1,1,1,59698.51397730176,0
3760,15726623,Martinez,692,Spain,Male,24,3,115691.698312826,4,0,0,162733.20490468276,0
3761,15753020,Smith,663,France,Female,28,4,37289.657803125745,1,1,0,61222.83214202039,1
3762,15804649,Johnson,672,France,Male,35,8,122348.77942575581,3,1,0,46115.98168213234,0
3763,15766814,Williams,792,France,Male,21,8,8405.523413687422,3,1,0,45025.59926251878,1
3764,15790516,Brown,697,Spain,Male,31,1,4410.94270578333,1,1,0,46347.02359948491,1
3765,15661023,Jones,802,Germany,Female,18,1,37329.70167589661,2,0,0,99878.3889317467,1
3766,15636310,Garcia,608,France,Male,38,8,87448.83946293477,4,1,1,57299.59678402929,0
3767,15769304,Miller,516,Spain,Female,55,5,11923.983169674519,1,1,1,80415.43761336053,0
3768,15785269,Davis,583,France,Female,39,7,173071.1777676818,2,0,0,150921.3976378055,0
3769,15710623,Rodriguez,593,Spain,Female,39,7,10243.18955265445,3,1,1,99454.49163487277,0
3770,15793982,Martinez,810,France,Female,35,7,61670.02312107054,4,1,0,189407.56055589305,0
3771,15679391,Smith,723,France,Male,48,4,123325.83476934544,2,0,1,56895.26564669453,0
3772,15821364,Johnson,586,Germany,Female,38,10,168137.1101018365,1,1,0,24100.608000552704,0
3773,15660688,Williams,730,Spain,Male,28,10,54148.55546587567,4,1,0,166477.12913844603,0
3774,15651461,Brown,637,Spain,Female,40,9,42690.217520817605,4,0,1,113821.70143988781,0
3775,15642286,Jones,813,Germany,Male,54,3,4762.867686199142,2,0,0,98177.65862986077,1
3776,15725690,Garcia,616,France,Male,24,2,1000.3295418108677,2,1,0,84943.39542627928,0
3777,15766881,Miller,496,France,Female,29,3,212582.16032194448,1,1,1,47562.386448447556,1
3778,15680701,Davis,631,Spain,Male,37,7,16035.556990850322,3,0,1,11600.0,0
3779,15833170,Rodriguez,616,Germany,Male,35,3,3749.116221421343,4,1,0,150682.55254060694,1
3780,15700695,Martinez,515,Spain,Male,43,7,38661.41409806659,1,1,1,152491.44963616927,0
3781,15795363,Smith,708,France,Male,29,7,18741.765897719724,3,1,1,41480.996702475095,0
3782,15683253,Johnson,792,Germany,Male,33,0,22126.719954034645,2,0,0,17403.85215814662,0
3783,15648495,Williams,537,France,Female,39,10,21829.480580904652,3,1,0,62220.88702168177,0
3784,15701020,Brown,747,Germany,Female,39,10,14296.804653678006,2,1,1,16229.0462929504,1
3785,15759676,Jones,589,Spain,Male,65,8,171603.1449111002,3,1,1,172477.33471461874,0
3786,15737667,Garcia,647,Germany,Male,46,2,15409.261214281547,1,0,1,29252.128675613596,0
3787,15764953,Miller,637,France,Female,23,5,40714.88569934418,2,1,1,147475.9691880498,0
3788,15825685,Davis,647,France,Male,28,2,13631.42688034363,4,1,1,48104.399184609676,0
3789,15673237,Rodriguez,697,France,Female,25,8,71744.86190457776,1,0,1,145080.33351625322,0
3790,15821789,Martinez,547,Spain,Male,55,0,13004.522490422469,1,1,1,129443.35077634588,0
3791,15729673,Smith,779,France,Male,28,6,47680.81603716945,3,0,0,191297.37850333552,0
3792,15713120,Johnson,700,Spain,Male,44,4,89776.27906429172,1,1,0,30943.498879516323,0
3793,15740835,Williams,733,Germany,Female,43,2,15847.454096100122,3,0,1,26700.56548590539,1
3794,15738253,Brown,571,Spain,Female,24,10,81289.05076133889,3,1,1,62138.58919992582,0
3795,15707407,Jones,538,Spain,Male,34,6,4852.393970092346,2,1,1,200000.0,0
3796,15824628,Garcia,768,Germany,Male,36,0,6187.836184774924,1,0,0,55981.91718398732,0
3797,15793738,Miller,534,Spain,Female,23,5,25589.95421462642,1,0,0,96376.32189203092,1
3798,15757415,Davis,664,France,Female,56,6,26121.83362879832,4,1,0,110811.75558173479,0
3799,15713665,Rodriguez,751,Germany,Male,40,8,36333.182639802755,1,1,1,80486.57551615748,0
3800,15637056,Martinez,637,Spain,Female,54,8,1198.6594043199214,4,1,0,164097.60624424406,0
3801,15655480,Smith,767,France,Female,61,6,6229.4453833026655,1,1,1,97780.31718117703,0
3802,15816772,Johnson,622,Germany,Male,40,4,516.4064473908602,3,1,1,162156.44641335434,0
3803,15827828,Williams,522,Spain,Male,42,6,154526.5496178451,4,1,1,192703.31746520236,0
3804,15778665,Brown,687,Spain,Female,31,10,18796.494668516454,3,1,0,111825.99764141963,0
3805,15702946,Jones,669,France,Male,52,0,58248.83100295771,4,1,0,79987.2038767302,0
3806,15739548,Garcia,850,Germany,Female,38,6,46880.90626602044,1,0,1,132496.71394963513,1
3807,15671195,Miller,555,France,Male,34,9,64496.27771005002,4,1,1,168201.19585563662,0
3808,15670906,Davis,624,Germany,Female,31,3,107215.95293354108,3,1,0,65346.75114284293,1
3809,15796060,Rodriguez,576,France,Male,39,1,13273.069581337244,3,0,1,143595.51460020524,0
3810,15820894,Martinez,635,Germany,Male,45,5,27734.697551229398,1,1,1,108801.27441960854,0
3811,15748215,Smith,631,France,Male,41,6,19907.91887969436,3,1,1,102127.26686608246,0
3812,15786757,Johnson,562,France,Male,43,10,4303.226813033154,1,1,1,11600.0,0
3813,15652956,Williams,696,France,Male,36,6,1622.313834254618,2,0,1,150236.22961604502,0
3814,15656792,Brown,628,France,Male,44,7,72363.67522078536,3,0,1,107434.47510634211,0
3815,15640744,Jones,784,Germany,Female,43,4,6918.7253553029195,2,1,0,101005.40955849287,1
3816,15794072,Garcia,585,Spain,Female,51,9,774.1629499545854,2,0,1,59144.63151816775,0
3817,15817645,Miller,836,France,Female,47,10,28849.15025821028,4,1,0,14519.116957497783,0
3818,15676464,Davis,677,France,Male,40,9,19450.103318184923,2,1,1,45492.7597130082,0
3819,15819084,Rodriguez,777,France,Male,43,10,3419.690412460398,4,1,0,45892.49031671176,0
3820,15785177,Martinez,661,Germany,Male,27,7,2648.5017994108352,3,1,1,172177.6879359748,0
3821,15760040,Smith,571,France,Female,51,3,122182.17987355533,1,1,0,49773.233904627225,0
3822,15683058,Johnson,623,France,Male,36,9,140399.17085254085,1,1,0,67157.90359636054,1
3823,15734769,Williams,511,France,Female,37,0,32917.05490668603,4,0,0,132193.55427549095,0
3824,15716637,Brown,638,France,Male,34,7,94287.49132103473,4,1,0,180251.69041909088,0
3825,15642618,Jones,667,France,Female,30,3,80495.118986262,2,1,0,123641.62154161741,0
3826,15636986,Garcia,654,France,Male,30,4,43298.07542906348,4,0,1,200000.0,0
3827,15827994,Miller,783,Germany,Male,28,3,69475.5834997231,2,0,0,166377.93218444154,1
3828,15780746,Davis,635,Germany,Female,36,6,133351.208092779,2,1,0,156232.667359279,0
3829,15736841,Rodriguez,460,France,Female,47,9,41770.72821058372,4,1,0,143986.33498757822,0
3830,15746033,Martinez,850,Germany,Female,38,2,35838.112422278406,2,1,0,141117.16590403934,1
3831,15714620,Smith,580,France,Male,45,1,177.49544018708278,3,0,0,46806.363557871766,0
3832,15675112,Johnson,746,Spain,Male,43,9,39059.83668736399,3,1,0,53709.833883363695,0
3833,15814607,Williams,499,France,Female,34,1,85050.5117727726,4,0,1,102745.83227432909,0
3834,15656428,Brown,674,Germany,Male,51,6,71795.96920264316,2,0,1,200000.0,0
3835,15702628,Jones,570,Germany,Male,48,10,51894.177895548906,4,1,1,56490.11311318931,0
3836,15756270,Garcia,367,France,Female,47,9,1244.5995698389193,3,0,1,76958.48737222847,0
3837,15791192,Miller,621,Spain,Female,43,5,129756.93151206698,2,1,0,54545.7770383465,0
3838,15658647,Davis,644,France,Female,35,1,28027.584423147793,4,1,0,108953.6427647316,1
3839,15816550,Rodriguez,628,Germany,Female,35,7,42377.30316264755,1,0,1,121987.50861484327,0
3840,15724704,Martinez,674,France,Male,38,5,25352.360982793136,2,1,1,68988.84494528314,0
3841,15686521,Smith,623,France,Male,52,7,21453.02502186409,3,1,1,134560.8372839925,0
3842,15734043,Johnson,656,Germany,Female,50,5,35728.128626116115,1,1,1,119003.53223895078,0
3843,15792777,Williams,667,France,Female,24,3,34130.02921731905,3,0,1,50211.565936375235,0
3844,15801862,Brown,646,France,Female,41,7,22035.02525266132,3,1,0,180389.22100720444,0
3845,15771519,Jones,632,France,Female,18,3,81444.8422281174,4,1,0,112631.94481017828,1
3846,15802348,Garcia,560,Germany,Male,34,5,2597.0602939305263,3,1,0,200000.0,0
3847,15752927,Miller,709,France,Male,32,4,6222.782906300749,1,0,0,174970.57159142804,0
3848,15653939,Davis,621,France,Male,44,3,4307.296819407944,4,0,0,104780.84960658426,0
3849,15787987,Rodriguez,613,Germany,Female,28,6,41619.64389041679,4,0,0,85114.4293910994,1
3850,15792617,Martinez,701,France,Male,23,7,26595.359782934265,2,0,0,191260.59956211213,1
3851,15712551,Smith,671,France,Female,34,5,30078.022447004118,1,1,0,63692.53343111613,0
3852,15634878,Johnson,580,France,Male,38,0,42989.33173813504,1,1,1,23198.46439969346,0
3853,15685753,Williams,775,France,Male,21,6,19575.753592827947,3,1,1,92642.6025801176,0
3854,15783285,Brown,531,France,Male,50,3,10113.54551249337,4,1,0,11600.0,0
3855,15777618,Jones,546,Spain,Female,36,1,18324.154375371334,1,0,1,114965.47139952086,0
3856,15687489,Garcia,716,France,Male,39,2,250000.0,1,1,0,107019.11914770192,0
3857,15716044,Miller,825,France,Female,50,9,152550.38656861606,3,0,1,35160.391076320215,0
3858,15684449,Davis,592,France,Male,31,3,156905.3401130806,2,1,1,142805.28560432838,0
3859,15693255,Rodriguez,691,France,Male,53,6,1400.9708467293026,1,1,1,147478.96575971085,0
3860,15691224,Martinez,530,Germany,Male,39,8,4685.384363528978,3,1,1,11600.0,0
3861,15662412,Smith,557,France,Female,46,9,2339.356489036115,2,1,1,157119.67535277863,0
3862,15712444,Johnson,763,France,Male,43,10,84497.56126869589,2,1,1,150058.82336041276,0
3863,15756827,Williams,686,France,Female,45,5,237616.24094421192,2,0,0,108135.48751646219,0
3864,15645105,Brown,766,Spain,Male,39,9,39152.308675161126,2,0,1,56111.56225842353,0
3865,15719363,Jones,758,France,Male,34,4,60337.42601675487,1,1,0,72767.43844211426,0
3866,15802650,Garcia,441,France,Male,58,8,21710.441883186384,1,0,0,128242.57976417396,1
3867,15761041,Miller,530,Germany,Male,38,7,72493.9621357215,3,0,0,59338.82609468649,0
3868,15646192,Davis,677,France,Female,28,7,53367.78232369478,1,1,1,194822.37965914715,0
3869,15776560,Rodriguez,480,Spain,Female,53,7,80712.64616527264,1,0,0,143159.8446233865,0
3870,15778540,Martinez,544,Germany,Female,35,7,34659.75602663451,1,1,1,200000.0,0
3871,15701226,Smith,792,France,Male,21,7,10784.67579049737,2,1,1,67256.43836002768,0
3872,15834573,Johnson,595,Germany,Male,30,9,32286.784325626984,1,1,0,70799.92847383597,0
3873,15798466,Williams,721,Spain,Male,19,9,18705.060930899926,4,1,1,47671.207172103524,0
3874,15775438,Brown,647,Germany,Male,31,6,59225.984403300325,3,1,0,133284.70790299715,0
3875,15754958,Jones,582,Spain,Male,56,1,7358.323314740032,1,1,1,154523.21769235237,0
3876,15677329,Garcia,483,France,Female,43,1,20166.69504120767,4,1,0,88020.8297391973,0
3877,15713073,Miller,673,France,Female,38,10,329.9437085911966,4,0,1,57983.511028475026,0
3878,15642670,Davis,795,Spain,Female,33,4,84512.17622119709,2,1,1,73385.12443519989,1
3879,15751525,Rodriguez,584,France,Male,37,5,26096.545551146417,3,1,1,200000.0,0
3880,15772969,Martinez,656,Spain,Male,50,8,74847.26593020036,2,0,1,125733.39059311818,1
3881,15806834,Smith,498,France,Male,20,0,5134.8118391812895,4,1,0,200000.0,0
3882,15645992,Johnson,582,Spain,Male,68,10,10770.914917805963,1,0,0,85636.12120629947,0
3883,15741354,Williams,684,France,Female,30,6,95012.33581391165,4,1,1,64854.849434779186,0
3884,15785805,Brown,724,France,Male,36,6,45250.24272407226,3,0,0,47400.0864232042,0
3885,15729356,Jones,705,Spain,Female,37,7,295.88759982038005,4,1,1,162061.06028281848,0
3886,15710571,Garcia,446,France,Female,37,0,117761.54961139595,4,1,0,132215.11792937326,0
3887,15780712,Miller,604,France,Male,32,9,205213.3900788776,2,1,0,179392.86857681343,0
3888,15818001,Davis,553,France,Female,47,3,54115.0582417281,4,1,1,47203.999913202446,0
3889,15711666,Rodriguez,619,Germany,Female,50,9,65065.49033207235,2,1,0,63930.868582518044,0
3890,15655883,Martinez,638,Spain,Male,48,4,7170.477834734801,2,1,1,46171.43531507761,0
3891,15688791,Smith,756,France,Female,39,1,72675.00527676132,1,1,1,86744.47918371185,0
3892,15683113,Johnson,679,France,Male,33,1,5212.195676553549,4,0,0,108359.98772669538,0
3893,15756717,Williams,791,France,Female,37,10,110249.53018651779,1,1,1,112374.1791732158,1
3894,15643207,Brown,580,Germany,Male,38,3,35140.28476398987,3,1,0,62521.900167824024,1
3895,15734920,Jones,508,France,Male,29,2,7609.712210351209,2,1,0,189035.99890409654,1
3896,15767055,Garcia,795,France,Male,40,6,4644.837406747028,2,0,0,100095.30219328437,0
3897,15832308,Miller,693,France,Female,56,6,29001.16349062683,3,1,1,166907.02604375704,0
3898,15654412,Davis,575,Germany,Male,37,1,267.65129720537556,2,0,1,11600.0,0
3899,15789996,Rodriguez,693,Spain,Male,43,4,162501.18623648383,1,1,1,71462.9917790511,0
3900,15676471,Martinez,733,Germany,Male,32,4,9357.721203747738,1,0,0,200000.0,0
3901,15667557,Smith,661,France,Male,47,7,27194.845912732944,3,1,0,102212.1632071877,0
3902,15695990,Johnson,577,Germany,Female,32,7,46655.448537316384,4,0,1,63637.0614898949,0
3903,15644809,Williams,605,Spain,Female,34,10,56168.23345753379,2,0,0,144123.02147482126,0
3904,15833302,Brown,679,France,Female,44,3,41598.56977404894,4,1,1,96787.63039556063,0
3905,15793894,Jones,669,France,Female,29,9,9836.656894368978,1,0,1,198277.44751306385,0
3906,15656633,Garcia,771,France,Female,43,0,31914.013751912433,1,1,0,23272.81001535141,0
3907,15715409,Miller,622,Germany,Female,49,5,19474.40563390222,2,0,1,15227.697416235547,0
3908,15705914,Davis,553,Germany,Female,40,6,4681.471688885577,3,1,0,22195.726984679393,0
3909,15694368,Rodriguez,850,Germany,Male,47,0,24512.29224424561,1,1,0,140603.39169250947,0
3910,15778123,Martinez,667,France,Male,26,7,46931.0541332791,4,0,0,75754.54136631328,1
3911,15724435,Smith,733,France,Female,43,8,5382.105019591041,1,1,1,105040.23503292669,0
3912,15822373,Johnson,702,Spain,Female,34,7,9014.825392072558,2,1,1,104197.5284457201,0
3913,15745643,Williams,668,France,Female,42,2,4511.2589043732305,3,0,0,163042.11511951894,0
3914,15750787,Brown,627,Spain,Male,54,8,55.9428758084005,1,1,0,191646.05530207924,1
3915,15811766,Jones,369,Germany,Female,18,9,137784.36276699885,2,1,0,181719.46090823674,0
3916,15829345,Garcia,543,France,Female,32,2,91095.15431906882,1,1,0,93705.55088641665,0
3917,15644952,Miller,682,France,Male,18,3,13168.678524142691,1,1,0,111265.19171483822,0
3918,15735461,Davis,378,Spain,Male,26,5,43094.03982936936,4,1,0,200000.0,0
3919,15703089,Rodriguez,657,France,Male,34,6,80874.07386039644,1,0,0,183316.57688365362,0
3920,15783296,Martinez,716,Spain,Female,47,7,22827.712434458506,1,0,1,84516.09744666217,1
3921,15758455,Smith,733,France,Female,47,6,67171.45627224677,3,0,0,164120.99110386742,0
3922,15687719,Johnson,709,Germany,Female,46,2,101497.66934938323,4,1,1,48036.83814078722,0
3923,15824068,Williams,745,Spain,Male,44,10,34522.92479501719,3,1,0,11600.0,0
3924,15735686,Brown,810,Spain,Female,25,10,109481.91855840488,2,0,0,11600.0,0
3925,15658384,Jones,759,France,Male,47,1,11784.340620057937,1,1,0,60638.22367391599,1
3926,15663056,Garcia,669,Germany,Male,32,10,115856.31443557392,4,1,0,94123.3288361738,0
3927,15702506,Miller,636,France,Male,43,1,81863.16520522827,3,1,1,147578.71065434537,0
3928,15764538,Davis,661,France,Female,29,8,91649.52545568977,3,1,1,182688.98748723522,0
3929,15781266,Rodriguez,622,France,Male,37,6,225.41721187658,2,1,0,18633.712449262282,0
3930,15787847,Martinez,761,France,Male,38,6,54476.38978340175,2,1,1,108240.61375498257,0
3931,15798878,Smith,707,France,Male,42,4,25595.65647773561,2,1,0,161463.68942609988,1
3932,15801270,Johnson,611,France,Male,30,5,46388.337354649106,3,1,0,138815.02530368685,1
3933,15799998,Williams,782,Spain,Female,45,6,4368.2874631226305,1,1,0,17129.274603868587,0
3934,15756860,Brown,620,Germany,Male,25,8,13490.487209688112,2,1,1,93776.14999331758,0
3935,15746270,Jones,555,France,Female,56,9,21637.92970745441,3,1,0,41366.412010460335,0
3936,15826876,Garcia,648,Spain,Female,31,3,63368.59684443399,2,0,1,118034.14698239585,0
3937,15758786,Miller,567,France,Male,19,5,40250.24344679715,1,1,1,180671.52486442873,0
3938,15796424,Davis,743,France,Female,38,0,736.8369083915735,2,1,1,12245.212665451676,0
3939,15651168,Rodriguez,565,Germany,Male,34,6,20381.546741001068,4,1,1,109392.48929165059,0
3940,15772864,Martinez,638,France,Female,29,3,140637.7489183733,3,1,1,125400.35118380774,0
3941,15672935,Smith,743,Germany,Male,52,1,9913.434173630774,3,0,1,179454.64235105438,0
3942,15756531,Johnson,578,France,Female,46,3,13510.265728819464,2,0,0,147488.42972927738,0
3943,15724173,Williams,691,France,Female,43,7,18364.043416283606,2,1,1,130549.75540332725,0
3944,15754865,Brown,552,France,Male,29,1,15597.91645540909,1,1,0,57170.00052111022,0
3945,15767263,Jones,674,Spain,Male,33,0,6489.784215727243,2,1,0,146455.0315145117,0
3946,15659837,Garcia,706,Germany,Male,32,0,18746.3255439303,2,1,0,50835.02511013985,1
3947,15634761,Miller,645,Germany,Male,20,6,38764.64078179542,1,1,0,102053.49687828113,0
3948,15777819,Davis,653,Germany,Female,41,6,56239.54599038808,4,1,0,156465.0275335183,0
3949,15797595,Rodriguez,694,France,Female,42,3,51480.83356909475,1,1,1,100538.24981944641,1
3950,15739461,Martinez,621,Germany,Female,40,4,8877.201008612923,1,1,1,97357.61585116849,0
3951,15781911,Smith,738,France,Male,41,4,47663.84047023284,1,1,0,137562.0374657347,0
3952,15742109,Johnson,787,France,Male,27,6,22183.641329662758,3,1,1,11600.0,0
3953,15773918,Williams,557,Germany,Male,30,2,86252.51092238082,2,1,0,200000.0,0
3954,15649345,Brown,826,France,Male,35,4,22503.09981784135,4,1,1,47559.96214073691,0
3955,15680703,Jones,619,France,Female,52,6,187684.23235578608,3,1,1,42434.88042965396,0
3956,15756136,Garcia,849,Spain,Female,50,10,47702.421233193956,2,0,1,13730.297021129372,0
3957,15718829,Miller,621,Germany,Male,44,6,28016.47000606974,3,1,0,141728.41382808433,0
3958,15822052,Davis,720,Germany,Male,59,8,34969.55513857413,3,0,0,23470.710219861052,0
3959,15705728,Rodriguez,720,France,Female,44,3,9676.392262605046,2,1,0,134156.36703811647,0
3960,15690673,Martinez,611,France,Female,45,0,56993.26603491286,4,1,0,64020.26556616288,0
3961,15709365,Smith,657,Germany,Female,53,4,164933.37425085466,3,1,0,111621.12661819589,1
3962,15777911,Johnson,793,Germany,Female,45,10,36176.02080027938,1,0,0,94210.3313703571,1
3963,15781323,Williams,617,Germany,Male,55,3,243662.28003934963,3,1,1,24636.086154215518,0
3964,15803387,Brown,608,Spain,Female,39,2,8153.152255173092,3,0,0,104602.72125755894,1
3965,15811083,Jones,534,Spain,Male,32,6,50761.901997275294,2,1,0,53030.86777341381,1
3966,15814440,Garcia,806,France,Male,38,8,56646.90841476762,3,1,1,127759.43810557907,0
3967,15680756,Miller,601,Spain,Female,41,3,18678.163039980987,4,1,0,90265.79363098665,0
3968,15641618,Davis,769,Germany,Male,29,5,21659.67174568675,3,1,0,122958.55491324267,0
3969,15814362,Rodriguez,589,Germany,Male,31,0,145450.46600547567,3,0,0,52781.04504349047,0
3970,15724280,Martinez,766,France,Male,34,0,47329.664948678066,3,1,0,79955.51590512336,1
3971,15746658,Smith,730,Germany,Female,28,2,76054.35570994712,3,1,0,135692.85534974805,1
3972,15688840,Johnson,627,Spain,Male,33,4,64728.62427861459,2,0,1,179301.55001948826,0
3973,15693210,Williams,576,Spain,Male,46,5,47206.507582771126,1,0,1,73923.27482215193,0
3974,15723683,Brown,584,Spain,Male,46,8,2452.7682278910493,1,1,0,122563.52888245488,0
3975,15797571,Jones,583,France,Female,24,8,54337.80208184564,2,1,1,27439.173477078642,1
3976,15685563,Garcia,756,France,Male,42,9,21149.353164946988,3,1,1,68974.1852480545,0
3977,15834377,Miller,666,France,Female,38,10,31651.870059619614,3,0,0,25344.369159199952,0
3978,15810431,Davis,538,France,Male,49,0,95343.04503023432,2,1,0,91687.96077998502,0
3979,15661519,Rodriguez,624,Germany,Female,36,1,173218.8902397109,1,1,0,129232.86438236159,1
3980,15788410,Martinez,636,France,Male,26,10,59254.60150799966,4,0,0,130753.88842713537,0
3981,15662592,Smith,436,Germany,Female,34,7,13197.007196163979,3,1,1,180250.02538961754,1
3982,15697153,Johnson,630,France,Female,27,4,19113.459408687107,2,1,0,52548.51819094714,0
3983,15823835,Williams,722,France,Male,18,2,7431.415459796668,3,0,1,11600.0,0
3984,15788114,Brown,636,France,Female,38,8,43458.735536464286,1,1,0,66574.85855699968,0
3985,15800879,Jones,675,Spain,Female,44,1,132903.35446447594,3,1,1,95544.70989501066,1
3986,15715413,Garcia,698,France,Male,40,6,83283.24486988294,1,1,1,11600.0,0
3987,15689705,Miller,615,France,Female,26,9,39223.49648535234,4,1,0,41547.719696007756,0
3988,15807301,Davis,723,Spain,Female,25,7,141850.36615271858,4,1,1,82068.8588834911,0
3989,15740724,Rodriguez,795,Spain,Male,41,1,113529.92712876704,3,1,0,175560.86726226506,0
3990,15653610,Martinez,497,Germany,Male,55,0,22398.457550184976,2,1,0,140104.94950746052,0
3991,15667004,Smith,615,France,Female,51,2,39900.89402432126,1,0,1,191426.20028376637,1
3992,15819058,Johnson,850,France,Female,36,7,17546.13860365411,3,0,0,31495.89641553069,0
3993,15771467,Williams,667,Spain,Female,41,3,440.52349935337156,1,0,1,121820.49957395991,0
3994,15771245,Brown,646,Spain,Female,48,4,30000.004386886703,2,1,1,103714.34514852421,0
3995,15781883,Jones,624,Germany,Male,37,8,69336.807516515,3,0,0,11600.0,0
3996,15748152,Garcia,777,France,Male,25,3,50279.32692603328,2,1,0,54122.04614202105,1
3997,15808822,Miller,556,France,Female,18,8,130740.82928829028,1,0,0,88267.36978070707,0
3998,15725820,Davis,742,France,Female,40,5,57882.17221216363,3,1,0,152328.95239949838,0
3999,15767898,Rodriguez,622,Germany,Male,37,6,7614.292190121716,2,1,0,43609.1951142078,0
4000,15814369,Martinez,575,France,Female,21,7,15518.080320273955,4,0,0,120774.9956725631,0
4001,15755381,Smith,626,Spain,Female,24,9,6696.0807777931395,1,1,0,47008.863956407986,1
4002,15764316,Johnson,645,France,Female,36,9,79172.78709811432,3,1,0,175957.15465565573,0
4003,15667043,Williams,600,Germany,Male,33,0,150487.1092862273,4,0,1,72971.75647732288,0
4004,15804803,Brown,761,France,Male,53,8,12826.298879760032,2,1,0,79435.57766097938,1
4005,15696970,Jones,575,Germany,Female,53,1,72519.99800240075,4,0,0,104238.83644622883,1
4006,15726724,Garcia,664,France,Female,30,2,28724.00544798261,1,1,1,11600.0,0
4007,15679362,Miller,703,Spain,Male,54,0,21941.883663391603,3,1,0,83309.16879950982,1
4008,15658080,Davis,662,Germany,Female,55,9,216699.30349630478,4,0,1,127612.76987068185,0
4009,15762483,Rodriguez,727,France,Male,41,10,21223.18461738222,2,0,0,77354.36405564426,1
4010,15706456,Martinez,606,Spain,Male,29,2,54092.14155766844,4,0,1,78867.69707172658,0
4011,15728832,Smith,712,Germany,Male,40,1,62378.48931757716,3,0,1,11600.0,0
4012,15720318,Johnson,715,Spain,Male,18,6,74146.67775411953,4,0,1,85611.27004741295,0
4013,15777854,Williams,746,Spain,Female,33,6,99027.73614871614,3,1,1,138306.23702276344,0
4014,15733140,Brown,461,Spain,Female,41,5,41757.047553702505,2,1,0,180538.94637024822,0
4015,15649974,Jones,700,France,Male,42,9,46367.1843315349,3,1,0,40377.41410443225,0
4016,15664398,Garcia,740,France,Female,34,10,62090.200286231135,2,1,0,187002.37303847537,0
4017,15823946,Miller,608,Spain,Female,39,3,8060.54358303901,4,0,1,200000.0,0
4018,15733428,Davis,595,France,Male,28,2,11160.329072160905,3,0,1,99364.45935800718,0
4019,15755194,Rodriguez,579,France,Female,53,6,72261.89607183004,1,1,0,53869.67495223035,0
4020,15728237,Martinez,546,Spain,Female,53,10,7249.285235044846,2,1,1,102976.21670263744,1
4021,15745624,Smith,716,France,Female,46,2,58312.60550846908,4,1,1,114964.58986663386,0
4022,15688642,Johnson,850,Germany,Female,36,8,1647.5522840306564,4,1,1,95626.39730831144,0
4023,15709959,Williams,594,Spain,Male,30,9,20590.331044007442,2,0,0,11600.0,0
4024,15712958,Brown,603,Spain,Male,47,7,54271.63576752357,1,0,0,102334.8974144428,0
4025,15650813,Jones,651,France,Female,40,6,61330.348819233746,2,1,0,118304.04688788866,0
4026,15740028,Garcia,489,France,Female,28,1,49728.40897864867,3,1,0,143531.60525802558,0
4027,15640444,Miller,580,France,Male,49,9,29128.586264980157,4,0,1,200000.0,0
4028,15828789,Davis,644,France,Male,34,2,14696.515271179134,2,1,0,15785.520307542436,1
4029,15701454,Rodriguez,560,France,Female,30,7,47505.00647095198,3,0,0,161803.60354898006,0
4030,15760339,Martinez,769,France,Male,48,10,10226.687626293671,4,0,1,66750.21374286176,0
4031,15680570,Smith,520,Germany,Male,31,2,3107.929931084624,4,1,0,46846.82707802613,1
4032,15652110,Johnson,740,Germany,Male,40,7,989.864608802543,3,1,0,140762.15847711673,0
4033,15787679,Williams,796,Spain,Male,51,3,15580.482278060548,2,0,0,166202.40466548363,0
4034,15689177,Brown,688,Germany,Male,50,4,1521.223449903401,2,1,0,113812.07979852796,0
4035,15784645,Jones,636,France,Female,42,8,14331.376246111615,4,0,1,78638.22324555542,0
4036,15791273,Garcia,674,Germany,Male,27,10,17082.669305453957,2,1,1,80834.9097657163,0
4037,15701516,Miller,605,Spain,Female,34,9,21150.910807868535,1,1,0,200000.0,1
4038,15701657,Davis,446,France,Female,63,1,62497.3835603423,2,1,0,81065.00820147115,0
4039,15722299,Rodriguez,552,Germany,Female,48,2,29108.208050938112,2,1,1,142133.61428964167,0
4040,15740841,Martinez,648,France,Female,36,0,210998.61030724883,4,1,0,91897.59902784158,0
4041,15757708,Smith,555,France,Female,26,7,147210.96485643293,4,0,0,103039.59989509193,0
4042,15639957,Johnson,608,Spain,Male,20,10,199600.1030013297,3,1,0,172547.4274011266,0
4043,15688722,Williams,697,Spain,Male,51,8,26570.9437652204,4,1,1,200000.0,0
4044,15672944,Brown,664,Germany,Male,51,9,2260.4651432103396,2,1,1,69077.31927516169,0
4045,15636859,Jones,755,Germany,Male,38,8,98412.06222101509,1,1,1,65206.71808051568,1
4046,15661966,Garcia,679,Spain,Male,34,2,28536.42229152087,3,1,0,113680.51932719059,1
4047,15790646,Miller,685,Spain,Female,50,4,51244.15037861353,4,1,1,72821.12917887021,0
4048,15746317,Davis,578,France,Male,24,8,92711.76288148286,3,1,1,11600.0,0
4049,15661256,Rodriguez,516,Germany,Male,58,4,46736.284373829956,2,0,0,23162.628261183636,0
4050,15716025,Martinez,608,France,Female,46,0,66761.60378949811,3,1,0,115145.46134042484,0
4051,15663922,Smith,577,France,Male,26,0,14300.726489271292,4,0,1,102757.2299836795,0
4052,15655410,Johnson,633,France,Female,46,3,10849.057961301856,3,1,1,11600.0,0
4053,15686991,Williams,543,Spain,Male,32,6,40514.31192399499,2,0,0,86757.8545777309,1
4054,15753183,Brown,734,Spain,Male,25,6,50798.07083244011,4,0,0,147438.44840938327,1
4055,15762529,Jones,576,Spain,Female,46,6,102701.01732650527,2,0,0,144721.15007522923,0
4056,15669375,Garcia,613,France,Female,27,5,86129.9506789812,4,1,0,73964.40271314993,1
4057,15816842,Miller,647,Germany,Male,25,0,225734.353505957,4,1,1,130957.51196907717,1
4058,15793421,Davis,762,France,Female,43,10,169592.15039998372,1,0,0,20351.5574280321,0
4059,15710998,Rodriguez,825,France,Female,37,2,48843.16008478338,1,1,0,148239.13481867514,0
4060,15742294,Martinez,832,Spain,Male,49,4,35005.684603447655,4,1,0,89765.77968388675,1
4061,15692107,Smith,521,France,Female,35,3,71489.89494136393,2,1,1,140159.76445514386,0
4062,15720498,Johnson,612,Spain,Female,35,10,15148.082882185385,3,0,1,119345.49022250187,0
4063,15652737,Williams,593,France,Female,18,3,21722.257179349173,4,1,1,142866.29755997634,0
4064,15725489,Brown,687,France,Female,44,8,72862.86897346393,1,1,0,200000.0,0
4065,15756720,Jones,680,Germany,Female,38,6,149757.33455973188,1,0,1,200000.0,1
4066,15681979,Garcia,591,France,Male,50,8,112860.13878349417,2,1,1,22750.36522720936,0
4067,15789228,Miller,583,France,Female,46,6,3782.383941059549,4,1,0,80567.30659772837,1
4068,15697093,Davis,550,France,Female,42,9,13192.841854118917,3,0,0,181188.45495301954,0
4069,15821295,Rodriguez,384,Germany,Male,31,2,15961.93226190345,1,1,0,52240.95666235184,0
4070,15692885,Martinez,520,Spain,Female,34,10,24159.627999269786,2,1,0,200000.0,0
4071,15651525,Smith,736,Spain,Male,44,9,3667.569655278419,4,1,0,107800.16014850659,1
4072,15682193,Johnson,796,Spain,Male,38,3,13125.609804627818,2,0,1,48868.438558153444,0
4073,15696863,Williams,784,Spain,Female,53,8,62964.2144167609,4,1,0,108497.60043064841,0
4074,15688938,Brown,740,Spain,Female,52,0,14015.548806182424,3,1,1,61949.191875316275,0
4075,15708685,Jones,548,Germany,Female,36,2,142834.880901446,2,1,1,84946.55756628282,0
4076,15695550,Garcia,531,Germany,Male,39,10,27498.58987367294,2,1,1,114831.20883830838,0
4077,15798676,Miller,468,France,Male,31,3,5250.570910838084,2,1,1,64100.02579045234,0
4078,15661274,Davis,591,Spain,Female,37,3,92471.23834438456,4,1,0,107834.31367446517,1
4079,15638815,Rodriguez,658,France,Female,48,6,123550.74500143086,1,0,1,64482.74248735308,0
4080,15775967,Martinez,549,France,Female,33,10,131633.0675095292,4,1,0,78276.4579283011,1
4081,15821534,Smith,693,Spain,Female,35,3,34053.933849355606,3,1,0,36206.76787853561,0
4082,15697109,Johnson,715,France,Male,27,9,126606.80739647934,4,1,1,83522.58209153735,0
4083,15691736,Williams,602,Spain,Female,33,7,61754.08895485608,2,0,1,144410.18950922627,0
4084,15767774,Brown,515,Germany,Male,45,0,10883.909707030112,2,0,1,114967.02363507997,0
4085,15827671,Jones,788,France,Male,36,2,38091.906995955906,3,1,1,174313.58915406704,0
4086,15662774,Garcia,653,Germany,Male,27,9,28356.00592272253,1,1,1,100348.34067686411,0
4087,15654734,Miller,844,Spain,Female,41,9,29987.70592213822,3,0,1,127473.683147089,0
4088,15652801,Davis,659,France,Male,38,5,26664.56097707788,1,1,0,137603.08649065308,0
4089,15671211,Rodriguez,666,Spain,Male,50,2,9635.215048320446,2,1,0,85526.01182596372,1
4090,15808639,Martinez,553,Spain,Male,37,7,24717.502485209243,3,0,1,11600.0,0
4091,15773690,Smith,607,France,Female,29,6,35872.132968592945,1,1,1,36619.0404295877,0
4092,15805453,Johnson,494,France,Female,48,4,16820.813314190855,3,1,0,200000.0,0
4093,15666483,Williams,515,France,Male,29,1,9730.881978594958,2,1,1,138291.40762667573,0
4094,15659074,Brown,724,France,Male,25,10,11047.012178983234,4,0,0,56090.33003661417,0
4095,15817487,Jones,621,France,Male,28,4,10719.740947511878,4,1,1,200000.0,0
4096,15801695,Garcia,607,Germany,Male,32,8,29597.296085462225,1,1,1,50810.83688092154,0
4097,15688733,Miller,575,France,Male,20,10,11727.891744535787,2,1,1,11600.0,0
4098,15789761,Davis,611,Spain,Male,21,4,63173.2311716388,3,1,0,119515.32223524607,0
4099,15647430,Rodriguez,763,France,Female,46,2,20445.631802185937,2,1,0,108312.66240204165,0
4100,15827284,Martinez,664,France,Male,37,6,140160.0659577232,3,1,1,47165.58519416704,0
4101,15731266,Smith,531,Germany,Female,37,2,3239.1515644331207,3,1,0,102178.88483608175,0
4102,15767075,Johnson,753,Spain,Female,38,7,18549.755942758413,4,1,1,71406.33196854562,0
4103,15649795,Williams,822,Germany,Male,44,4,67037.45505010738,2,0,1,107115.38227726558,1
4104,15810538,Brown,699,France,Male,30,4,57724.75906773471,1,1,1,84830.84036290014,0
4105,15785981,Jones,739,Spain,Female,44,5,27290.88968828994,3,1,0,191243.68381706643,0
4106,15737120,Garcia,772,France,Male,40,10,102087.14186609982,3,1,1,138985.48909756233,0
4107,15654213,Miller,484,France,Male,29,9,3702.3546885275155,1,1,1,191365.7772715033,0
4108,15809465,Davis,836,France,Male,45,5,35575.54201271338,1,0,0,124593.36335886076,0
4109,15777624,Rodriguez,759,Spain,Female,39,2,11183.046970017602,1,1,1,17172.75518822648,0
4110,15710842,Martinez,698,France,Female,28,10,23415.72667643903,2,1,0,35857.197536347565,1
4111,15637347,Smith,637,Germany,Male,29,6,60042.57282701961,1,1,0,200000.0,0
4112,15689845,Johnson,516,Germany,Male,43,8,5210.965598413424,3,1,1,11600.0,0
4113,15638468,Williams,616,Spain,Male,49,0,2237.92764011225,4,1,0,96660.06985176011,0
4114,15797919,Brown,694,France,Male,41,3,27307.98393162378,4,0,0,11600.0,0
4115,15810398,Jones,539,France,Male,47,3,15833.005365756206,4,1,0,135093.527681028,1
4116,15763283,Garcia,643,France,Female,51,0,63741.22783954919,4,1,0,33267.236862950274,0
4117,15705956,Miller,531,France,Male,36,5,3389.889707219536,3,1,1,104601.73798255844,0
4118,15685976,Davis,611,Germany,Male,40,1,169818.60887741807,2,1,0,120719.68337224568,1
4119,15748999,Rodriguez,514,Germany,Male,45,10,48478.27122354119,2,1,1,152467.73538426575,0
4120,15759179,Martinez,504,Spain,Male,27,10,34784.09008996322,3,1,1,96746.22688112158,0
4121,15795790,Smith,684,Spain,Female,49,5,26598.178209996666,4,0,1,26261.11786730308,0
4122,15715631,Johnson,592,Spain,Male,52,0,69116.16072164699,3,1,0,157727.97823167167,0
4123,15728176,Williams,601,France,Male,31,9,22027.97261230983,4,1,1,180133.54649288504,0
4124,15786121,Brown,586,Spain,Male,67,4,75017.49791538811,4,1,0,139314.23200839828,0
4125,15665033,Jones,850,France,Male,46,5,62013.25957947773,3,1,0,140703.8172648786,0
4126,15783582,Garcia,710,Germany,Female,37,9,40075.49442546759,2,0,1,136066.0000962152,0
4127,15663938,Miller,721,Germany,Male,18,1,109763.9453599956,3,1,0,117766.53240490235,0
4128,15675594,Davis,572,Spain,Male,38,0,21231.31002194225,3,1,1,83551.19901596477,0
4129,15689952,Rodriguez,700,France,Male,43,6,2979.547900262156,4,1,1,147882.6627837355,0
4130,15704163,Martinez,627,Spain,Female,42,0,23596.36624667726,2,0,1,184957.25222079197,0
4131,15686557,Smith,571,Spain,Female,25,6,104106.22279351753,3,1,0,56449.18064605032,0
4132,15695842,Johnson,842,Germany,Female,32,0,4023.404072863462,3,0,1,147478.50229117536,0
4133,15785767,Williams,707,Spain,Male,45,8,72017.040380112,1,1,1,115232.89160707848,0
4134,15771829,Brown,702,France,Female,44,4,87222.50775043631,3,0,0,11600.0,0
4135,15681209,Jones,552,France,Male,48,5,27926.680462205455,1,1,0,87268.49639792142,1
4136,15799161,Garcia,522,Spain,Male,40,6,10815.805524108244,4,0,0,50088.72523365095,0
4137,15821342,Miller,644,Germany,Female,38,0,21965.234489717594,2,1,0,130736.34903092403,0
4138,15786637,Davis,592,Germany,Male,44,7,25414.08108426782,2,1,0,80904.02814996366,0
4139,15815798,Rodriguez,711,France,Male,39,5,134603.09039458734,1,1,1,28525.353625283286,0
4140,15687472,Martinez,717,France,Male,23,1,16747.243264915312,3,0,1,115937.52614920594,0
4141,15822221,Smith,656,France,Male,54,0,179883.6466956459,4,1,0,66322.65042043943,0
4142,15698712,Johnson,732,France,Male,48,0,5760.467293383153,1,0,0,98910.19689416629,1
4143,15819228,Williams,669,France,Female,43,3,182539.54947305785,2,1,0,152451.2821936276,0
4144,15786610,Brown,562,France,Male,25,2,12636.296147222962,4,1,0,93339.12512973067,0
4145,15751497,Jones,630,Germany,Female,47,10,9181.704570682801,4,0,0,13859.683759726846,0
4146,15639028,Garcia,663,Germany,Female,34,5,6397.37545498697,3,1,1,105956.90685649226,0
4147,15662208,Miller,742,France,Male,47,9,19008.786673951054,4,1,0,54315.96496977342,0
4148,15813506,Davis,672,Germany,Male,44,7,47928.81638400912,3,1,0,68528.25427574314,0
4149,15662753,Rodriguez,592,Spain,Female,35,0,54880.14241289093,2,1,0,108373.06036188011,1
4150,15645910,Martinez,746,France,Female,49,6,23098.209907494736,1,1,0,87383.99462806225,0
4151,15828196,Smith,688,Spain,Male,27,7,13117.489765561539,1,1,1,154997.1087405735,0
4152,15811345,Johnson,804,Spain,Male,39,4,250000.0,2,1,0,144199.1237895051,0
4153,15724908,Williams,658,France,Female,55,7,15775.768740916765,3,1,1,162543.42263592675,0
4154,15741586,Brown,546,France,Female,43,10,23764.118444113476,4,0,0,11600.0,0
4155,15636806,Jones,767,France,Female,48,0,32790.59768228899,4,0,0,73623.4638416511,0
4156,15727371,Garcia,592,Germany,Female,39,1,67274.52542712286,2,0,1,11600.0,0
4157,15721867,Miller,679,France,Female,38,3,8249.318115266205,3,1,1,18396.993746257605,0
4158,15665733,Davis,668,France,Male,26,0,15471.4524218481,1,1,0,117242.17311622004,1
4159,15687030,Rodriguez,654,Germany,Female,37,4,250000.0,1,1,0,71945.8358296029,0
4160,15668472,Martinez,633,France,Female,45,9,87193.92885708259,1,1,1,141118.04257503524,0
4161,15738149,Smith,484,Spain,Male,28,2,29337.95707221898,1,0,1,117424.10805908413,0
4162,15683669,Johnson,549,France,Female,29,1,5753.101046917407,2,1,0,11600.0,0
4163,15824259,Williams,762,Spain,Male,43,6,100760.90337120788,1,0,1,105839.47023126607,1
4164,15746819,Brown,692,France,Male,47,1,76393.86751528822,2,1,0,143861.8665576534,0
4165,15787281,Jones,840,France,Female,59,8,43456.96522105246,2,0,1,89780.68799822361,0
4166,15790642,Garcia,546,France,Male,36,5,25914.093229039405,4,0,0,185735.7387464668,0
4167,15733536,Miller,646,Spain,Male,36,7,137143.53751817695,2,1,1,11600.0,1
4168,15777582,Davis,766,France,Male,47,2,17524.76689392068,4,1,1,70243.88680568257,0
4169,15792097,Rodriguez,593,Germany,Male,44,4,19350.384446955235,3,0,1,60085.33712736189,0
4170,15709309,Martinez,601,Spain,Female,36,2,104186.32854565124,1,1,0,98678.98860671469,0
4171,15695817,Smith,620,Germany,Male,38,8,49220.77766959329,3,1,0,125662.75982247626,1
4172,15821509,Johnson,605,France,Male,32,0,150695.25567742423,3,1,1,150216.0227178969,1
4173,15684031,Williams,703,Spain,Male,27,7,51783.453088004724,4,1,0,67198.94405672667,0
4174,15716754,Brown,471,Spain,Male,37,5,1677.368045738287,4,1,1,64813.64821014419,0
4175,15742650,Jones,814,France,Female,54,6,9727.567502287031,4,1,0,102746.32120784583,0
4176,15804132,Garcia,554,Germany,Female,31,1,16550.95868832304,2,0,0,95980.12014341082,1
4177,15811843,Miller,438,Spain,Male,24,6,100968.44822532935,1,1,0,114087.28389802577,0
4178,15773333,Davis,648,Spain,Male,28,0,88850.09318839914,4,1,0,148138.53780833102,0
4179,15826288,Rodriguez,612,France,Female,44,6,78110.31998285872,4,1,0,80762.35132665528,0
4180,15711842,Martinez,632,Spain,Male,43,10,40320.0069315654,2,1,1,40228.99578907736,0
4181,15798467,Smith,681,France,Male,51,7,7480.712963785722,1,1,0,83080.27434244027,1
4182,15748290,Johnson,714,France,Female,49,1,7032.1605831756,3,1,1,40915.0939331305,0
4183,15681075,Williams,818,France,Male,41,9,6739.005751438234,4,1,0,200000.0,0
4184,15731364,Brown,580,France,Male,45,1,96417.45889698375,3,1,1,84539.12326583886,0
4185,15741558,Jones,727,Germany,Male,31,2,7631.754920224688,2,1,1,67965.70295279461,0
4186,15753054,Garcia,720,Germany,Male,45,9,82650.5317967363,1,1,1,74578.97397867109,1
4187,15821425,Miller,385,France,Male,37,3,93135.78701657483,4,1,1,153793.42816007152,0
4188,15760913,Davis,566,France,Female,47,7,5548.485574856047,2,1,0,160365.23452800856,0
4189,15819928,Rodriguez,521,France,Male,43,2,116141.00296646968,2,1,1,113713.56284166177,0
4190,15641608,Martinez,694,Spain,Female,34,5,113913.24239726175,3,0,1,84256.41086407189,0
4191,15708820,Smith,683,Spain,Female,27,9,50834.81185113506,2,1,1,77777.44617184893,0
4192,15831018,Johnson,685,France,Female,33,10,35975.5447360489,2,1,0,11600.0,0
4193,15799514,Williams,619,Spain,Female,40,7,52107.66509681058,1,0,0,152557.0736546075,1
4194,15667032,Brown,629,France,Female,30,9,25944.24778865298,1,1,1,191487.16451829037,1
4195,15657693,Jones,647,Germany,Male,37,1,44416.79100873483,1,1,1,56009.72328300157,0
4196,15798657,Garcia,609,Spain,Female,49,3,174542.86664516697,2,1,1,119124.30217479522,0
4197,15658591,Miller,727,France,Male,50,0,6011.851891398529,4,1,0,150464.87727117186,0
4198,15710053,Davis,543,Germany,Female,43,10,13315.00546399892,1,1,1,65749.68664027963,0
4199,15653592,Rodriguez,571,France,Female,52,7,37126.35190688079,4,1,1,91807.25779957707,0
4200,15724872,Martinez,662,France,Female,26,0,14961.326056487687,2,0,1,140763.65831617464,1
4201,15714962,Smith,613,Germany,Male,51,8,246471.92589744602,1,1,1,125716.03695076551,0
4202,15670683,Johnson,539,Spain,Female,25,5,63696.58833686349,4,1,1,136031.2860965661,0
4203,15776707,Williams,703,France,Male,39,2,28455.977152011397,1,1,1,15308.335928431683,0
4204,15742874,Brown,592,Spain,Female,30,7,116519.28714147335,1,0,0,109075.4421708514,0
4205,15650843,Jones,565,Spain,Male,46,1,7800.357888579539,4,1,1,60736.88349350585,0
4206,15759534,Garcia,632,France,Female,23,10,16977.196083632152,4,1,0,71526.11685198682,0
4207,15640541,Miller,560,France,Female,21,2,156102.50100120468,4,1,1,138771.55860332632,0
4208,15747602,Davis,646,Germany,Male,32,6,40706.10858091005,2,1,1,14221.620876348548,0
4209,15813236,Rodriguez,614,Germany,Male,31,10,126702.57585193656,3,0,1,147405.7332315258,0
4210,15669665,Martinez,598,France,Male,33,0,207410.8627561042,3,1,1,68675.98908088414,0
4211,15792719,Smith,599,Spain,Female,32,8,22332.021230624287,2,0,1,173131.92567091482,0
4212,15810443,Johnson,749,Spain,Female,45,9,42958.314834311604,4,0,0,89507.13547463236,0
4213,15681720,Williams,686,France,Male,38,8,93766.17904032202,4,0,1,200000.0,0
4214,15719305,Brown,479,Germany,Male,54,2,15923.636439213367,2,1,0,11600.0,1
4215,15787299,Jones,738,France,Female,41,3,29597.6481588175,3,1,1,11600.0,0
4216,15763159,Garcia,701,France,Male,47,1,8321.604593339944,2,1,0,169834.11120103672,0
4217,15661678,Miller,695,Spain,Female,44,9,52854.85739693527,4,0,1,168443.77068481472,1
4218,15830479,Davis,738,Spain,Male,30,10,210.1613308985274,4,1,1,17063.979468417427,0
4219,15679207,Rodriguez,651,France,Male,33,0,29829.006455112718,1,0,0,52658.88805809773,0
4220,15719167,Martinez,712,Germany,Male,48,10,132355.9815297254,3,0,1,81484.5818549281,0
4221,15673723,Smith,603,Germany,Male,21,7,113798.35658734119,4,1,0,114457.10017540566,0
4222,15830775,Johnson,734,France,Male,43,10,81423.3373068907,2,1,1,160577.32513968082,0
4223,15666035,Williams,671,France,Male,37,8,7608.579854223781,2,1,0,94867.14297611687,0
4224,15677911,Brown,512,Germany,Male,31,8,36725.555201995994,3,1,1,174118.24307710657,0
4225,15702070,Jones,753,Germany,Female,36,9,63494.78902916134,2,1,1,137735.35541251578,0
4226,15809928,Garcia,637,France,Female,55,4,5333.267258400784,3,0,1,112906.0073890175,0
4227,15701895,Miller,623,France,Male,21,4,7950.018198376559,2,1,1,56364.941833395904,0
4228,15730860,Davis,605,France,Female,26,4,2044.5208915546873,2,1,1,172761.13549026864,0
4229,15803527,Rodriguez,613,France,Female,19,5,19509.637856161742,4,1,0,31167.21411524882,0
4230,15673007,Martinez,672,Germany,Female,34,3,104909.7487353909,3,0,0,48087.34142039368,0
4231,15832326,Smith,551,France,Female,32,1,35410.58159157988,4,1,0,147680.57031688467,0
4232,15678129,Johnson,493,France,Female,40,1,95958.29787052659,3,1,1,97268.25714719857,0
4233,15711829,Williams,543,Spain,Male,34,5,4367.853936090808,4,0,0,163644.01855654822,0
4234,15766166,Brown,688,France,Male,43,4,2886.8971983335573,4,1,0,69715.84217882168,0
4235,15774485,Jones,633,France,Male,31,3,81456.79988932484,1,1,1,196657.06343688344,0
4236,15727946,Garcia,761,Spain,Female,59,5,34432.87955444707,4,1,1,71212.93947363173,0
4237,15789946,Miller,643,Germany,Female,45,3,31831.636228308274,4,1,0,93729.62672606275,0
4238,15681755,Davis,734,Germany,Male,44,9,32279.724962675355,2,0,0,171367.90372787468,1
4239,15742644,Rodriguez,580,France,Male,45,3,23988.256398709662,2,1,1,85689.63073559428,0
4240,15688712,Martinez,606,France,Female,28,5,108755.83270429743,3,0,0,107699.13409240417,0
4241,15779653,Smith,650,Germany,Male,36,10,36802.43449968052,1,0,1,40233.6822794219,0
4242,15662930,Johnson,635,Germany,Male,36,3,182266.8098954892,3,1,0,32006.0293311508,1
4243,15747513,Williams,625,France,Male,34,8,93711.18836171496,2,1,1,200000.0,0
4244,15647469,Brown,562,France,Female,35,6,66888.73866060865,3,1,1,79234.57544703761,0
4245,15693836,Jones,491,Spain,Male,47,5,50558.64764865615,2,1,0,169936.2751811116,1
4246,15660453,Garcia,713,France,Male,38,2,90142.09927228355,2,1,0,93914.0113070439,0
4247,15665881,Miller,701,France,Male,41,10,106739.55610168277,3,1,0,65096.476511006476,0
4248,15708004,Davis,588,France,Male,22,3,7149.707743609631,2,1,0,76885.11379118316,0
4249,15650051,Rodriguez,687,Spain,Male,21,1,22294.123398352534,2,1,0,23676.09135398481,1
4250,15710823,Martinez,633,Spain,Male,29,2,81853.03609917096,1,1,1,61718.65167258535,0
4251,15723682,Smith,760,Spain,Male,55,10,12506.834382099069,1,1,1,183305.24527232198,1
4252,15640053,Johnson,518,France,Male,59,0,44118.391857669085,2,1,0,200000.0,0
4253,15721780,Williams,637,France,Female,48,8,75808.88020653259,2,1,1,148309.30453333692,0
4254,15806990,Brown,629,France,Male,35,9,12676.13572339845,4,0,0,139995.8891031597,1
4255,15828738,Jones,666,Germany,Female,43,2,25709.403846481266,4,0,1,77213.66733486518,0
4256,15698363,Garcia,803,Germany,Male,51,7,123323.29130202133,2,0,1,47528.907351864895,0
4257,15673472,Miller,637,Spain,Male,57,3,22003.010808627685,1,1,1,113359.5115831214,0
4258,15731168,Davis,724,France,Female,27,10,46408.03653192409,2,1,0,68682.74979330073,0
4259,15758351,Rodriguez,635,Germany,Male,41,7,28444.357135248938,1,0,0,107122.66896541571,0
4260,15758367,Martinez,757,Germany,Male,35,6,104792.37892149862,1,0,0,124695.62020443736,0
4261,15759483,Smith,725,France,Male,44,3,27595.1961893114,4,1,1,52785.385094958045,0
4262,15796547,Johnson,616,France,Female,39,6,22254.047977053026,2,1,0,138792.08646449976,0
4263,15762991,Williams,609,Germany,Female,28,7,9514.009396399411,1,1,0,11600.0,0
4264,15824301,Brown,698,Spain,Male,42,9,21480.88869116599,2,1,1,150031.90072448328,0
4265,15831829,Jones,584,France,Female,32,2,55365.66012323313,3,1,1,98622.8114830374,0
4266,15659974,Garcia,669,Spain,Male,38,4,9667.760106474927,3,0,1,43012.67533037615,0
4267,15638244,Miller,614,Germany,Female,39,10,61102.459339062385,4,1,1,58834.891980791945,0
4268,15793675,Davis,686,France,Male,55,2,535.205791487811,3,0,0,92459.20794604586,1
4269,15668666,Rodriguez,633,France,Female,42,6,22860.530926180825,3,1,0,137682.96814838305,0
4270,15648724,Martinez,580,France,Male,38,5,31361.87037029853,2,1,0,104982.35673320988,0
4271,15790494,Smith,760,France,Male,46,0,5052.952240077805,4,0,1,146649.1944557299,0
4272,15703033,Johnson,673,France,Male,30,9,57616.0670227054,4,1,1,61306.5532925978,0
4273,15690347,Williams,644,France,Female,40,4,5421.422478852765,3,1,0,92579.77241524316,1
4274,15684683,Brown,691,Spain,Female,45,3,4713.434610523121,2,1,0,131829.66011192577,1
4275,15774385,Jones,482,Germany,Male,44,1,22938.001528587298,2,1,0,161975.21365267204,0
4276,15784467,Garcia,850,Spain,Female,33,0,67027.51871029922,4,1,1,37090.3951610735,0
4277,15773873,Miller,652,France,Female,42,6,165762.39792684308,2,1,0,11600.0,0
4278,15710855,Davis,453,France,Female,45,6,74809.44215345556,2,1,0,71357.5468320183,0
4279,15670793,Rodriguez,769,France,Male,29,5,31368.41119489005,4,1,0,58966.120858279435,0
4280,15644813,Martinez,574,Spain,Male,32,4,15913.755571923482,2,1,0,143719.80199108526,0
4281,15745688,Smith,754,France,Male,35,8,17934.83022061819,1,1,0,46449.26890718878,1
4282,15828743,Johnson,662,France,Male,62,1,16682.71437017354,4,0,1,189660.36674010157,0
4283,15822420,Williams,492,Germany,Female,31,10,16308.865194524633,3,1,0,112192.22241906589,1
4284,15787216,Brown,676,Germany,Female,42,10,3579.9554385277743,1,1,1,93248.68240757367,0
4285,15796986,Jones,668,Spain,Female,35,2,12451.659988789048,1,1,0,63732.781937544976,0
4286,15810916,Garcia,765,France,Male,29,8,5710.392635473773,4,1,1,19208.81634581936,0
4287,15736573,Miller,702,France,Female,45,1,370.05485952833334,3,0,0,66078.04534460277,0
4288,15728385,Davis,526,Spain,Male,24,2,16815.73115853281,4,1,1,109358.76208453794,0
4289,15760283,Rodriguez,750,Germany,Female,53,5,21707.99731458315,2,1,1,114982.76071983104,0
4290,15722495,Martinez,608,France,Male,28,9,131162.53785430282,4,0,0,53769.61117636117,0
4291,15821062,Smith,822,France,Female,32,6,250000.0,2,0,1,197741.52005456592,0
4292,15793365,Johnson,614,Spain,Female,44,1,43308.115303136554,3,0,1,186818.13188302028,0
4293,15712562,Williams,628,Spain,Female,46,7,115623.44459904946,4,0,1,166856.54650580388,0
4294,15718990,Brown,567,Germany,Male,41,8,48146.32788343866,3,1,1,118616.67374397915,0
4295,15657203,Jones,600,Spain,Male,33,0,34415.73464989906,3,1,1,43093.65836622796,1
4296,15783694,Garcia,573,Germany,Male,23,5,2181.047892269845,1,1,0,70249.53486443411,1
4297,15773829,Miller,767,France,Male,38,3,2281.056001201899,4,1,1,107956.60829762358,0
4298,15802451,Davis,516,France,Female,30,9,1564.082914663583,4,1,1,153166.29768456367,0
4299,15654312,Rodriguez,730,Germany,Female,63,10,8130.671338675799,1,1,1,65547.9874516655,0
4300,15743316,Martinez,732,France,Male,40,9,4000.994295662965,3,0,0,132317.79753992357,0
4301,15790206,Smith,787,Spain,Female,26,4,10825.694027498883,4,1,1,41033.49033371818,0
4302,15763329,Johnson,654,Germany,Female,35,5,36616.21927747578,3,1,0,94393.05766560842,0
4303,15784275,Williams,547,Spain,Male,46,5,34978.47437537642,3,0,1,93965.49097915887,0
4304,15697829,Brown,632,Germany,Male,50,6,21093.658611085182,4,0,1,47148.47551861767,0
4305,15770641,Jones,709,France,Female,35,8,54826.98241287446,3,1,0,140844.0051389749,0
4306,15718891,Garcia,658,France,Female,37,3,24872.734093251802,1,1,1,109083.17953740981,0
4307,15785696,Miller,686,France,Male,44,8,12438.468471933287,3,1,0,92069.96807816521,0
4308,15809137,Davis,786,Spain,Male,29,0,58907.63387550168,3,1,0,71907.62816147409,1
4309,15640324,Rodriguez,708,France,Male,42,8,196113.88906877374,4,1,1,49589.84580636525,0
4310,15793087,Martinez,669,Spain,Female,41,7,83222.47646546512,3,0,1,161626.0464106477,0
4311,15715652,Smith,465,Spain,Male,44,1,26726.177548218384,3,1,0,13545.296976971906,0
4312,15718198,Johnson,571,Germany,Male,38,6,23553.671963289307,4,1,0,130699.56602670635,1
4313,15701334,Williams,609,France,Female,23,6,1970.7697545663816,2,1,1,11600.0,0
4314,15777971,Brown,452,France,Female,41,1,53511.8332546657,2,1,0,145561.7182712568,1
4315,15702925,Jones,539,France,Female,30,7,12591.554001567836,3,1,1,126879.82563636829,0
4316,15658418,Garcia,623,France,Male,56,5,57524.44844023762,1,1,1,69632.0085831205,0
4317,15675297,Miller,639,France,Male,56,5,71391.11942519894,4,1,0,153019.52889501202,1
4318,15785376,Davis,700,France,Female,27,10,105928.27604624788,4,1,1,124676.93892677204,0
4319,15790916,Rodriguez,629,Germany,Female,30,4,39731.318415107475,2,0,0,80324.96605467991,0
4320,15690443,Martinez,674,France,Female,18,10,88591.25595101868,1,1,0,151061.2067191702,1
4321,15763100,Smith,608,France,Female,46,7,64220.348154201,2,1,0,95761.78277111886,0
4322,15833386,Johnson,654,Germany,Female,33,9,21768.994166416276,2,1,0,42396.7234194543,0
4323,15741698,Williams,695,Spain,Male,41,8,5626.4653636658295,3,1,0,174918.5588596658,0
4324,15727366,Brown,797,Germany,Male,33,4,13864.806117413225,4,1,0,18241.245935670187,1
4325,15819248,Jones,598,France,Female,22,0,93080.51663233658,3,0,0,120326.54449892395,0
4326,15720346,Garcia,664,Spain,Female,41,10,38223.75715676679,3,0,0,162507.53772466845,0
4327,15663084,Miller,736,Germany,Male,51,5,54765.26724608388,1,1,1,77824.42203521608,0
4328,15643773,Davis,506,Spain,Female,38,0,82013.97672430812,4,1,0,55132.55227771746,0
4329,15735357,Rodriguez,849,France,Male,28,4,54987.07260358679,1,1,0,101016.76264567446,0
4330,15742727,Martinez,767,Spain,Female,37,5,96916.06172581406,1,1,1,11600.0,1
4331,15765324,Smith,478,France,Male,44,2,4515.90985045897,3,0,0,193449.8457046168,1
4332,15740684,Johnson,687,Spain,Male,36,0,116986.7739202967,2,0,1,76449.82478615263,0
4333,15638298,Williams,593,France,Female,28,1,83731.33897807874,4,1,0,83171.23721268827,0
4334,15760912,Brown,610,Spain,Male,59,10,116656.09786052923,2,0,1,153504.19030268764,0
4335,15785732,Jones,685,Spain,Male,23,2,65625.81086192862,4,1,1,162918.58706708637,0
4336,15785987,Garcia,755,France,Male,61,2,16037.375811141139,2,1,1,108290.81087810513,0
4337,15653751,Miller,603,Spain,Female,38,1,6045.108021225271,3,1,0,28641.202934191722,0
4338,15764666,Davis,604,France,Female,47,5,6942.311021100668,4,1,0,122791.35646960979,0
4339,15688123,Rodriguez,687,France,Female,41,6,34547.95454234041,2,1,1,124632.5439141705,1
4340,15680342,Martinez,707,France,Female,30,4,24791.62995825367,2,1,0,105221.4554416742,1
4341,15741213,Smith,549,Spain,Female,52,6,53097.25517437941,4,0,1,134991.82610706994,0
4342,15770630,Johnson,822,France,Male,45,2,34986.202080617026,1,0,1,120331.45313043703,0
4343,15701243,Williams,585,Germany,Male,38,10,6694.858540915713,1,0,0,11600.0,0
4344,15698413,Brown,746,Germany,Male,46,4,112.40181549157674,4,1,0,42953.71469440254,0
4345,15817834,Jones,695,Spain,Female,37,2,6866.251601101367,3,1,0,107456.80775996191,0
4346,15816987,Garcia,710,Spain,Female,18,3,7934.486657966959,4,0,0,90732.18821648073,0
4347,15697834,Miller,587,France,Male,21,5,63633.736747645584,4,1,1,98021.58358142717,0
4348,15650019,Davis,477,France,Male,38,3,16793.29392858243,2,1,1,86875.67470346087,0
4349,15790403,Rodriguez,647,France,Male,35,3,4915.7661343198515,3,0,1,87165.97916239886,0
4350,15747094,Martinez,648,Germany,Male,38,6,70402.26013258121,1,1,1,59457.067786202606,0
4351,15664701,Smith,554,France,Female,35,5,141077.19336354957,2,0,1,77733.48273637662,0
4352,15795635,Johnson,741,France,Female,27,0,5294.826459475466,2,1,1,119736.89827177298,0
4353,15778276,Williams,644,Spain,Female,25,7,164921.76115722288,1,0,1,26511.204983510324,0
4354,15753076,Brown,569,France,Male,30,0,150052.0744048404,2,1,1,55464.94393740072,0
4355,15643858,Jones,708,Germany,Female,46,8,37024.27122130207,3,1,0,78623.570139619,0
4356,15669283,Garcia,711,France,Male,30,3,17532.192297554397,2,1,0,97057.20147461418,1
4357,15725930,Miller,578,France,Male,49,6,7430.347224317122,1,1,1,116163.05612886955,0
4358,15830463,Davis,773,France,Female,28,4,86821.97210106233,1,1,0,200000.0,0
4359,15677963,Rodriguez,850,France,Male,50,9,46410.566981044285,3,1,0,72813.32435448201,1
4360,15830177,Martinez,540,Spain,Male,33,2,52676.96802055559,3,1,1,163769.9389040745,0
4361,15669142,Smith,631,France,Male,35,7,98619.77928473044,4,1,0,17377.685621050885,0
4362,15792210,Johnson,683,France,Female,36,9,29344.331151874525,4,1,0,200000.0,0
4363,15719302,Williams,850,Spain,Female,44,1,22951.871600088776,1,0,0,134146.84905268095,0
4364,15828717,Brown,576,Spain,Female,41,10,71838.2832335529,3,0,0,11600.0,1
4365,15713134,Jones,556,Spain,Female,40,9,17635.58288086017,1,1,1,67595.83642903244,0
4366,15822249,Garcia,555,Spain,Male,38,2,19869.32930681532,3,1,1,69908.96722630081,0
4367,15762228,Miller,772,Spain,Male,33,4,23989.870480150446,1,1,0,11600.0,1
4368,15768545,Davis,579,France,Male,49,4,97021.56054137646,3,1,0,122860.96788622948,0
4369,15680604,Rodriguez,564,Spain,Female,39,4,75505.75192247408,3,1,0,95569.41211601313,0
4370,15684414,Martinez,673,Germany,Male,44,6,17224.46582552025,4,1,1,122782.79972465197,0
4371,15788300,Smith,680,France,Female,41,7,7751.607827862267,4,1,0,101648.86516179574,0
4372,15825653,Johnson,757,France,Male,34,7,24944.291131503174,4,1,0,42109.1716270691,0
4373,15743548,Williams,659,France,Female,62,10,48981.73115684175,3,1,1,200000.0,1
4374,15701270,Brown,674,France,Female,51,2,56388.71406487382,3,1,0,36246.92744142566,0
4375,15733605,Jones,639,France,Male,33,7,11184.067235052771,4,1,1,41708.79010172248,0
4376,15677600,Garcia,519,France,Female,59,9,14344.246319782924,4,1,0,175359.749442555,0
4377,15829488,Miller,630,Spain,Male,48,1,133035.35350856435,2,1,0,81842.06456812705,0
4378,15739203,Davis,656,Spain,Male,28,3,24311.513795393035,1,1,1,30926.15649160149,1
4379,15811281,Rodriguez,605,Germany,Male,47,1,18854.27980753416,4,1,0,11600.0,0
4380,15642414,Martinez,493,Spain,Female,43,4,59488.74396885935,1,1,0,127100.80385327162,0
4381,15696446,Smith,536,France,Male,40,2,31544.039004414048,2,1,0,25814.976156848395,1
4382,15767853,Johnson,646,Spain,Male,49,9,14171.35314511051,3,1,0,43814.67920991099,0
4383,15809472,Williams,743,Germany,Female,42,9,26322.109420309036,3,1,1,122959.50115561749,0
4384,15709203,Brown,818,France,Male,18,10,7785.652785132124,1,0,0,20609.803511365404,0
4385,15773949,Jones,631,France,Male,25,2,16394.913952082323,1,1,0,13957.09845351422,0
4386,15816248,Garcia,578,France,Female,30,4,27103.99520334064,1,1,0,200000.0,1
4387,15682459,Miller,612,France,Male,58,3,36489.92355836733,2,1,1,87250.75831185315,1
4388,15760157,Davis,545,France,Male,45,5,67673.42455383748,1,1,1,104766.78597722806,1
4389,15655302,Rodriguez,728,France,Female,44,4,24302.06471170843,4,1,1,63746.31763756503,0
4390,15805138,Martinez,850,France,Male,40,9,39450.387858365335,4,0,1,144979.66464853197,0
4391,15808025,Smith,580,France,Male,29,4,150803.17684582577,2,1,1,195786.1213887359,0
4392,15727932,Johnson,530,Spain,Male,24,2,85274.3985267311,2,0,0,87746.1956724496,0
4393,15779543,Williams,750,France,Female,48,3,13525.440701226655,1,0,1,115086.93369088399,1
4394,15825989,Brown,681,France,Male,55,2,12007.068197759052,1,0,1,82430.2304659294,0
4395,15786628,Jones,683,Germany,Male,45,2,54338.60777754077,1,1,1,34455.355168572685,0
4396,15797229,Garcia,808,Spain,Male,34,9,45234.159886795394,3,1,1,80229.07426132857,0
4397,15697955,Miller,513,France,Male,34,8,39579.1375549343,3,1,0,122557.17618305272,0
4398,15810700,Davis,510,Spain,Female,45,9,8371.890425753658,4,0,1,135877.6262121853,0
4399,15735374,Rodriguez,633,France,Male,37,5,22519.27829852222,3,1,1,140497.97591457775,0
4400,15812650,Martinez,656,France,Female,37,9,71224.85115910794,1,1,1,33726.51989178428,0
4401,15726104,Smith,614,France,Male,33,1,64293.1519295163,2,1,0,32780.20660629452,1
4402,15748545,Johnson,850,Germany,Male,32,0,9026.586638094723,2,1,0,109337.25609905725,1
4403,15744452,Williams,618,France,Male,37,2,27831.25299359879,4,1,1,110347.79604576112,0
4404,15679697,Brown,594,Germany,Male,23,2,29233.791296004223,3,1,1,65266.53364515755,0
4405,15779944,Jones,662,France,Male,45,3,35522.99206119437,2,1,0,11600.0,0
4406,15796582,Garcia,747,Germany,Female,20,3,30916.687667401155,3,0,0,97509.45702226272,0
4407,15650125,Miller,577,France,Female,49,4,34829.21927692571,2,1,1,152248.06378355838,0
4408,15697035,Davis,635,France,Male,33,3,83870.97323964933,1,1,0,136314.0330458949,1
4409,15812742,Rodriguez,749,Germany,Female,37,1,24671.201093095584,1,1,0,163843.4365788532,1
4410,15654593,Martinez,755,Germany,Female,44,10,40150.92370155604,2,1,1,148927.39452014794,1
4411,15645377,Smith,671,France,Male,36,0,46667.64070249468,3,0,1,47775.25561910997,0
4412,15719597,Johnson,850,Spain,Male,31,9,142629.279020761,1,1,1,130786.68625447135,0
4413,15826924,Williams,848,Germany,Female,41,6,53172.33372468072,2,0,0,127286.77075563656,0
4414,15782347,Brown,509,France,Male,60,8,7002.383839335195,3,1,1,167447.4811852397,0
4415,15757410,Jones,480,Spain,Female,46,8,43668.46653832656,2,1,1,192695.45248082443,0
4416,15792730,Garcia,729,Germany,Female,31,10,54223.47797630135,3,1,0,38349.90901710832,0
4417,15772288,Miller,786,France,Male,35,0,477.35385401749835,2,0,1,54930.8394536248,0
4418,15642017,Davis,627,France,Female,34,8,3914.615035263167,2,1,1,80389.03896896652,0
4419,15809558,Rodriguez,599,Germany,Male,28,0,959.0438809932683,1,1,0,129944.97631087927,0
4420,15782638,Martinez,567,France,Male,44,0,2472.7990547704208,4,1,1,22498.530285978006,0
4421,15803400,Smith,533,France,Male,35,1,4697.133707536719,3,1,0,31037.41753955274,0
4422,15671646,Johnson,763,France,Male,42,9,158285.11164190527,1,0,1,200000.0,0
4423,15822823,Williams,611,Germany,Male,18,10,11579.007537101577,1,1,0,73030.30595814926,0
4424,15803218,Brown,680,France,Male,45,10,11442.850401872363,4,1,0,87499.93336964629,0
4425,15684578,Jones,467,Spain,Female,33,5,97392.41933997997,1,1,1,161445.3994924081,1
4426,15797926,Garcia,750,France,Male,28,8,69869.08943526115,2,0,0,36276.33673513279,0
4427,15638434,Miller,708,France,Male,25,4,56322.10368877367,4,1,1,17062.36544051151,0
4428,15668750,Davis,515,Spain,Male,29,8,27386.181801251536,2,1,0,145293.77450384296,0
4429,15826914,Rodriguez,675,Germany,Male,34,8,1583.6672192132667,1,1,1,145890.86863937494,0
4430,15746832,Martinez,650,France,Male,47,7,87590.35344021014,3,1,1,60389.59588273463,0
4431,15719678,Smith,604,France,Female,34,10,98590.83368036567,2,1,1,110179.54589064427,0
4432,15819133,Johnson,359,France,Male,48,6,32869.03209869852,1,1,0,184669.6994088195,0
4433,15673004,Williams,583,Germany,Female,41,2,51765.55217913432,4,1,0,94423.7798999204,0
4434,15823401,Brown,680,France,Male,57,9,32471.283566745435,2,1,1,71868.26284750164,0
4435,15673180,Jones,595,Germany,Female,33,2,17560.12597243822,1,0,0,11600.0,0
4436,15725055,Garcia,627,Germany,Male,43,3,38858.566082463,2,1,1,200000.0,0
4437,15787992,Miller,799,France,Male,51,8,58333.66466950949,1,1,0,39823.21346596244,0
4438,15710317,Davis,642,France,Female,45,2,8394.696544028671,4,1,1,144066.90920398632,0
4439,15746037,Rodriguez,440,France,Male,37,7,37827.303599693216,3,1,1,48390.3730685659,1
4440,15786140,Martinez,631,France,Female,34,7,74796.47012186133,3,1,0,53224.06164403306,0
4441,15730344,Smith,659,Germany,Female,19,5,32274.147940815958,3,1,1,154800.08473477807,0
4442,15680077,Johnson,567,Germany,Male,36,1,8533.156593556321,4,1,1,101846.34342139005,0
4443,15694744,Williams,723,Spain,Female,29,5,101905.39344226861,3,0,1,61023.890366564454,0
4444,15792238,Brown,503,France,Female,33,3,56021.25113648009,4,1,1,86546.62000759994,0
4445,15788086,Jones,636,Spain,Male,39,6,50055.3876201132,3,0,1,179560.16896056157,0
4446,15728128,Garcia,502,France,Male,23,10,52730.43490877926,1,0,0,103997.70237606934,1
4447,15685603,Miller,620,France,Female,29,0,14055.869659091206,4,1,1,142320.1270781312,0
4448,15692251,Davis,720,Germany,Male,42,2,33894.56458017729,2,1,0,106536.63607363307,1
4449,15826631,Rodriguez,633,Spain,Male,26,7,19725.326594867056,4,0,1,53823.08288171385,0
4450,15801191,Martinez,627,France,Female,38,0,89646.2549130355,1,0,0,166867.68176548422,1
4451,15778830,Smith,652,Germany,Female,24,9,44429.3773171231,3,1,0,156367.7154299533,0
4452,15788738,Johnson,657,Spain,Female,44,2,63167.35552810626,1,0,0,200000.0,0
4453,15660313,Williams,719,Spain,Female,45,2,53984.82666960149,1,0,1,89996.89441519516,0
4454,15664708,Brown,719,France,Male,51,7,33055.34107483874,1,1,1,147090.51729103384,0
4455,15700060,Jones,792,Spain,Male,51,0,81700.69054605928,1,1,0,113148.8906677427,0
4456,15782263,Garcia,666,Spain,Female,41,9,47773.258445083746,3,1,1,97662.46087990006,0
4457,15765031,Miller,483,Germany,Male,21,4,12859.936502299277,1,0,1,181141.80003935812,0
4458,15736356,Davis,735,Spain,Female,39,6,17177.212641533195,1,1,0,139896.15752850613,0
4459,15772888,Rodriguez,784,Spain,Male,43,3,87713.77252278743,4,1,1,105318.5607668494,0
4460,15761081,Martinez,850,France,Male,40,9,141707.3447255327,1,1,1,115079.42975345731,1
4461,15792801,Smith,795,France,Female,55,2,39704.05730948748,3,1,0,28985.406844841782,1
4462,15770815,Johnson,600,France,Male,51,9,24350.626026040965,4,1,1,123238.25906618757,0
4463,15663486,Williams,668,France,Male,39,5,49043.04661057763,4,1,0,137754.4455416756,0
4464,15637310,Brown,622,France,Male,46,4,33034.645249825124,1,1,1,79088.61644925672,0
4465,15652977,Jones,609,Germany,Male,24,1,92161.47839483542,2,0,1,164856.54983148162,0
4466,15649690,Garcia,638,France,Male,40,5,89486.46043026965,3,1,0,101381.37053763025,0
4467,15692217,Miller,778,Germany,Male,26,10,30454.422382849923,3,1,0,100255.30899832386,0
4468,15744740,Davis,491,Spain,Female,37,2,81630.77745991139,4,1,0,79414.25732313289,1
4469,15810720,Rodriguez,549,France,Female,32,8,10718.875465673775,1,1,1,34416.73804438276,0
4470,15644616,Martinez,771,Spain,Male,32,2,23413.37956976028,3,1,1,44813.22025886194,0
4471,15830099,Smith,795,France,Male,30,8,4147.443486642916,2,1,0,108142.12950583825,0
4472,15768947,Johnson,584,Spain,Female,34,5,82459.44281489172,2,1,1,108690.2087659631,0
4473,15812809,Williams,815,Spain,Female,33,7,184932.6173539107,2,1,0,90597.55489064565,0
4474,15737444,Brown,747,France,Male,45,8,42991.30455263694,4,1,1,152808.21104492026,0
4475,15796555,Jones,623,France,Male,36,7,72727.86670272458,4,1,1,95911.22583610057,0
4476,15712679,Garcia,406,France,Male,38,10,25674.299544078825,3,1,0,110522.67770452035,0
4477,15774386,Miller,483,Spain,Male,41,1,41225.816997574984,3,0,1,144540.75549107345,0
4478,15687476,Davis,584,Spain,Female,41,2,21336.151694773256,2,1,0,117579.7248257429,0
4479,15703689,Rodriguez,725,France,Female,28,7,59675.9431980529,3,1,1,35153.42833751482,0
4480,15646899,Martinez,726,Germany,Female,36,4,14134.389946203482,3,1,0,200000.0,0
4481,15661730,Smith,603,France,Female,41,9,8317.031792703769,3,1,1,45193.96666640135,0
4482,15702970,Johnson,626,France,Male,30,3,114413.94535519747,3,0,0,78849.15994336818,0
4483,15713560,Williams,646,Spain,Female,29,5,99858.62633800588,3,1,1,184639.8366052665,0
4484,15667522,Brown,628,France,Male,27,5,90078.39551015761,1,1,0,94352.07966479994,0
4485,15776830,Jones,666,Spain,Male,41,6,86170.26681342047,4,0,0,35655.34736754234,0
4486,15776782,Garcia,646,Spain,Female,36,4,65375.07928347332,4,0,0,92297.94143321886,0
4487,15797519,Miller,482,Spain,Male,37,0,103876.06447258084,3,1,0,118470.66235994056,0
4488,15768474,Davis,629,France,Male,21,7,11799.683241009814,1,1,0,55830.18811936316,0
4489,15808386,Rodriguez,647,France,Female,39,0,102166.16934931668,1,1,1,157783.4110235024,0
4490,15768284,Martinez,748,France,Male,40,3,124924.91610204785,2,0,0,200000.0,0
4491,15712205,Smith,566,Germany,Female,41,2,62939.71978849779,3,1,1,120149.42703825794,0
4492,15668474,Johnson,670,Germany,Male,53,2,45733.5313637886,3,0,1,175164.09352052142,0
4493,15645330,Williams,706,France,Female,31,5,13463.975963458544,1,1,1,151104.41436863376,0
4494,15729704,Brown,635,Spain,Male,43,7,100555.77179963038,1,0,0,11600.0,0
4495,15756651,Jones,474,France,Male,42,4,42998.758250970655,2,1,0,42173.90613940985,0
4496,15655185,Garcia,751,France,Male,43,5,47166.30777875848,4,1,0,127306.8303673245,1
4497,15720376,Miller,724,France,Female,35,5,46641.50346947619,1,1,1,83952.29096771257,0
4498,15772937,Davis,672,France,Female,46,0,100787.47311378978,1,1,1,35708.00463180255,0
4499,15760976,Rodriguez,654,France,Male,31,6,7365.706659325077,3,1,0,139197.767681659,0
4500,15833124,Martinez,471,France,Male,34,0,3182.803250320847,3,1,0,170600.1141321392,0
4501,15785130,Smith,727,Spain,Male,37,6,12679.091287289362,1,0,1,88402.24036314314,0
4502,15725720,Johnson,798,Spain,Female,36,7,33840.05119353925,4,0,0,33489.213321825126,0
4503,15700544,Williams,538,France,Male,42,3,31688.836382178946,2,1,1,56791.37682985948,0
4504,15648291,Brown,784,Germany,Male,41,7,35875.169565103766,2,0,0,31351.598303253326,1
4505,15798608,Jones,763,Germany,Female,41,5,6070.839228754647,4,0,0,89402.04687729554,0
4506,15667878,Garcia,535,France,Female,52,5,78725.8411774766,3,1,1,117249.1039537309,1
4507,15736570,Miller,610,Germany,Male,36,10,17985.688084027774,4,0,0,118943.65213237579,1
4508,15785547,Davis,510,Germany,Male,49,10,122224.71024902852,2,1,0,11600.0,1
4509,15647652,Rodriguez,643,Germany,Female,28,8,91617.6268724904,1,1,1,11600.0,0
4510,15700818,Martinez,694,Germany,Female,37,5,3278.276408685467,3,0,1,68262.07033453844,0
4511,15718642,Smith,517,Germany,Male,38,10,2752.5920581998444,3,1,0,200000.0,1
4512,15656246,Johnson,688,France,Male,25,4,49574.76789628548,4,1,1,85030.4804691968,0
4513,15696623,Williams,713,Spain,Male,39,9,4021.259889657261,1,1,0,174978.50988142856,1
4514,15802799,Brown,715,France,Female,40,9,42412.67777134923,4,1,0,200000.0,0
4515,15832573,Jones,695,Spain,Female,44,5,4123.646410113583,4,1,0,65604.2822058987,0
4516,15676893,Garcia,527,France,Male,43,7,32633.710593449083,3,1,0,11600.0,0
4517,15800734,Miller,637,France,Male,26,8,27159.403691609667,3,1,1,141720.61172386422,0
4518,15767212,Davis,685,Germany,Male,50,9,44693.940096540544,4,1,0,122026.43535950377,0
4519,15801850,Rodriguez,796,France,Female,34,9,22017.969074216526,2,1,0,105875.86394083148,0
4520,15676122,Martinez,650,Spain,Male,32,10,7543.888203295481,3,0,1,93710.2254357471,0
4521,15660277,Smith,692,France,Male,43,7,92294.7605488666,4,1,0,137528.70947340573,0
4522,15783961,Johnson,556,Germany,Female,47,7,17783.83087744411,2,1,1,145935.02327428717,0
4523,15634776,Williams,534,France,Female,34,6,3492.3181911761117,4,1,0,200000.0,0
4524,15726870,Brown,521,France,Female,38,0,34716.87682642691,2,0,1,21162.967535185366,0
4525,15669600,Jones,607,France,Male,48,3,105053.69453937665,4,0,1,191717.4747828375,0
4526,15818986,Garcia,850,Germany,Female,29,3,16475.244000871688,3,1,0,11600.0,0
4527,15777786,Miller,609,Germany,Female,18,2,29960.34576140731,4,1,1,91728.83043113363,0
4528,15740012,Davis,686,Germany,Female,44,3,25755.729921371036,3,1,0,200000.0,0
4529,15709827,Rodriguez,705,Spain,Male,48,1,2479.893933774545,4,1,1,200000.0,0
4530,15679416,Martinez,540,Germany,Male,23,2,101379.26751726243,1,0,1,138990.2132302023,0
4531,15719693,Smith,606,Spain,Female,38,2,71123.30047224446,4,0,1,153848.17661232338,0
4532,15685321,Johnson,712,France,Female,34,9,5033.515080408491,4,0,0,42865.93569098119,0
4533,15764489,Williams,692,France,Female,40,0,7087.734435979252,3,1,0,91723.84343550159,0
4534,15668521,Brown,450,France,Female,18,6,531.9124036647481,3,0,1,145492.2905514726,0
4535,15707757,Jones,709,France,Male,26,3,212438.5380543278,4,1,0,91076.39415727876,0
4536,15706171,Garcia,594,Germany,Male,43,7,26908.144935170036,3,1,0,146004.21235845823,1
4537,15675930,Miller,597,Germany,Female,37,8,133242.2133847614,3,1,1,126965.54593007964,1
4538,15659220,Davis,690,Germany,Female,54,1,27248.711240474095,1,0,0,200000.0,1
4539,15669277,Rodriguez,802,Germany,Female,44,1,5479.6040890226395,3,1,1,148065.80911536352,0
4540,15653521,Martinez,629,Spain,Female,29,1,21028.2403690971,3,1,0,159608.259984772,0
4541,15638775,Smith,767,Spain,Male,46,7,27084.1449551305,4,1,0,95015.40995771026,0
4542,15743971,Johnson,505,France,Male,56,1,9716.530264869025,4,1,1,108654.21799264573,0
4543,15661002,Williams,663,France,Female,38,5,2749.630457669269,3,0,0,96915.07605176912,0
4544,15816119,Brown,595,France,Male,43,4,19027.766786454045,4,1,1,185736.35113663063,0
4545,15704907,Jones,678,France,Female,47,9,38749.68010817456,2,1,1,69379.3249266154,0
4546,15803238,Garcia,620,Germany,Female,37,8,14740.443166365469,1,0,1,101341.39614772056,0
4547,15811488,Miller,515,Germany,Male,18,1,159325.2367990523,4,1,0,11600.0,0
4548,15723393,Davis,561,France,Female,44,0,32833.51054595998,2,1,1,83539.74176273079,0
4549,15793636,Rodriguez,485,Germany,Male,46,1,6978.72196614404,3,1,0,16113.438385928486,0
4550,15705135,Martinez,519,Germany,Female,53,9,26678.561073140707,3,0,0,107061.92486596557,0
4551,15821858,Smith,698,France,Male,27,4,61498.7448699714,4,0,1,11600.0,0
4552,15738193,Johnson,624,France,Female,28,7,33388.43876578797,4,1,0,150867.86011107388,0
4553,15776252,Williams,673,Spain,Female,32,7,20116.04476475801,1,1,1,62541.97525194713,0
4554,15765662,Brown,831,Germany,Male,37,1,5619.2561887594175,2,1,0,62619.3366213772,0
4555,15784298,Jones,620,France,Female,44,4,30768.188059460274,4,1,1,122647.63551059387,0
4556,15673796,Garcia,713,France,Female,27,1,5123.026949244445,2,0,1,30178.84842734167,0
4557,15744505,Miller,652,France,Female,48,6,23171.843491368454,3,1,1,86628.42926075304,0
4558,15766063,Davis,850,France,Female,47,9,6177.59719672574,2,1,0,151198.46380546782,1
4559,15733905,Rodriguez,350,Spain,Male,48,7,56375.33168899017,2,1,1,69091.07907939814,0
4560,15748505,Martinez,578,France,Male,35,4,74053.0032481326,4,0,0,135499.52896063364,0
4561,15701993,Smith,715,France,Male,18,10,13951.661456439577,3,1,1,112423.11395798402,0
4562,15779468,Johnson,574,France,Female,55,0,3882.723227204847,3,1,0,198567.60352568177,0
4563,15692604,Williams,706,Spain,Male,33,6,21311.238388158672,2,1,0,160194.26713352898,1
4564,15670133,Brown,643,France,Male,46,2,41109.0203149487,3,1,1,200000.0,0
4565,15818489,Jones,736,France,Male,40,1,73037.55365453067,1,1,0,54486.2009637246,1
4566,15639588,Garcia,536,Germany,Male,50,5,25783.352613885112,3,1,0,118706.47263413278,0
4567,15666900,Miller,667,France,Female,38,1,22781.010581628554,2,1,0,133710.76171196596,1
4568,15636083,Davis,696,France,Male,39,9,119481.6742528241,2,1,0,40763.74219813506,0
4569,15691010,Rodriguez,663,France,Female,40,7,29863.345169067496,3,0,1,83837.28291729723,0
4570,15756552,Martinez,664,Spain,Male,43,2,29639.584089484983,1,1,0,200000.0,0
4571,15782509,Smith,770,Spain,Female,26,1,26381.56179456686,3,0,0,142004.34509265888,0
4572,15759957,Johnson,482,France,Male,57,7,22566.52083157296,1,0,1,159693.3150715847,0
4573,15662400,Williams,662,France,Male,38,5,65186.49133854041,4,0,1,109837.69077874985,0
4574,15726251,Brown,529,France,Male,44,3,16549.149086402056,1,0,0,71890.12538762979,1
4575,15699489,Jones,725,Spain,Male,54,4,23803.160770618542,4,1,1,65703.92495170768,0
4576,15654079,Garcia,566,Germany,Male,38,9,16584.509112749744,1,1,0,11600.0,1
4577,15782940,Miller,402,Spain,Male,29,6,42235.596013119204,1,1,1,11600.0,0
4578,15762417,Davis,728,Germany,Male,28,3,161435.26157307217,1,0,1,116963.15897296075,1
4579,15809200,Rodriguez,623,Spain,Male,34,10,24738.993706242967,4,0,0,200000.0,0
4580,15762028,Martinez,685,Spain,Female,42,6,172420.19500554775,1,1,1,11600.0,0
4581,15777563,Smith,792,Spain,Male,43,5,53456.36916621178,2,0,0,106294.32282578317,0
4582,15658937,Johnson,687,France,Female,50,4,79346.07197676151,1,1,0,62010.728988041585,0
4583,15776928,Williams,666,France,Female,23,2,20248.504655450117,1,1,1,151698.49521497052,0
4584,15721212,Brown,645,Germany,Male,41,0,12707.342880230479,2,1,1,11600.0,0
4585,15646044,Jones,535,Germany,Male,45,7,42996.72899249869,1,1,0,24696.39330736721,1
4586,15680891,Garcia,628,Germany,Male,44,10,234162.64027915866,2,1,0,86979.84548512749,0
4587,15688349,Miller,847,France,Male,18,6,61926.44290727501,1,0,1,192078.62249950226,1
4588,15671929,Davis,612,Germany,Female,35,5,57226.213655630076,4,0,1,16953.463049703874,0
4589,15781873,Rodriguez,634,France,Male,47,3,29901.16176630679,4,0,0,90235.15833132088,0
4590,15707429,Martinez,775,Germany,Male,30,4,105798.97317127249,2,1,1,54429.09194072623,0
4591,15741066,Smith,495,France,Male,27,4,59695.8137446667,4,0,1,26716.24357246654,0
4592,15765786,Johnson,712,France,Female,44,1,56178.53214848874,3,1,0,112456.22519619096,0
4593,15721653,Williams,491,France,Female,41,5,17303.18506644901,4,1,0,97335.86346861713,0
4594,15785255,Brown,689,Spain,Female,41,10,158187.90355137578,4,1,0,11600.0,1
4595,15694324,Jones,647,France,Female,32,4,14409.971406651995,2,1,1,33878.929893473076,0
4596,15726638,Garcia,711,France,Male,25,0,37084.00916166663,3,1,0,16619.15509295871,0
4597,15782197,Miller,548,France,Male,48,8,20742.1229074102,2,1,0,43049.51384252997,1
4598,15701562,Davis,596,Germany,Male,72,6,9969.84090750596,3,1,1,39656.040951788156,0
4599,15654154,Rodriguez,716,France,Male,22,10,7779.6997154375285,3,1,0,200000.0,0
4600,15776482,Martinez,599,Spain,Male,49,1,17328.446860943368,2,1,1,66802.65522410219,0
4601,15789294,Smith,725,Germany,Male,37,5,58394.810505728114,4,0,1,49613.43723893671,0
4602,15635489,Johnson,670,France,Male,42,0,184010.00182049893,1,0,0,198776.02679246583,0
4603,15666404,Williams,605,Germany,Male,38,1,95957.03949122864,3,1,0,62896.1871596844,1
4604,15719626,Brown,618,France,Female,60,6,12296.775623118352,2,1,1,110442.70419205833,0
4605,15753241,Jones,650,Spain,Female,30,2,4082.894175337808,4,0,0,81177.42167410716,0
4606,15752850,Garcia,627,France,Male,32,6,58026.61196990835,3,1,1,186707.89419905285,0
4607,15716540,Miller,723,Spain,Male,39,5,1524.738504689127,2,0,1,86793.3549872588,0
4608,15757348,Davis,612,Germany,Male,44,4,97993.31865444678,3,1,1,57097.474337597676,0
4609,15660651,Rodriguez,592,Spain,Female,52,9,87305.20897529981,2,1,0,61072.01818074644,0
4610,15712391,Martinez,741,France,Female,43,8,78921.26955180513,1,1,1,121531.56717284351,0
4611,15719128,Smith,607,France,Male,41,9,40195.040409088,3,1,1,133651.85485872687,0
4612,15773520,Johnson,595,Germany,Male,34,4,181594.7838825447,1,1,1,150872.42877522085,0
4613,15680822,Williams,401,Germany,Male,44,4,30658.27630026554,2,1,0,66621.70497974358,0
4614,15680765,Brown,546,France,Male,31,7,215373.66450190984,1,1,0,35035.22589913645,1
4615,15769439,Jones,566,France,Female,41,6,106799.11321096763,1,1,1,86683.16647085952,0
4616,15751728,Garcia,595,France,Male,36,0,6764.760155096825,2,1,0,124634.24425605425,0
4617,15716088,Miller,577,Germany,Female,29,9,112640.98191933037,2,1,0,173722.77979507757,0
4618,15810944,Davis,748,France,Male,54,1,18182.62527303407,1,1,1,85311.95518598086,0
4619,15709879,Rodriguez,572,France,Female,29,3,73104.90422281044,2,0,1,154776.22814115311,0
4620,15738847,Martinez,579,France,Male,35,8,10.459077160927704,4,1,0,27199.00290510246,0
4621,15756934,Smith,665,France,Male,23,6,16137.655128550252,2,1,0,98297.8286339692,1
4622,15657533,Johnson,539,France,Female,37,1,71033.60303736979,2,1,1,15097.21018865431,1
4623,15723718,Williams,806,Spain,Female,43,10,179401.62364914766,1,1,1,83463.8680157174,0
4624,15690235,Brown,730,France,Female,29,7,9374.499977719384,4,1,1,163962.5003084312,0
4625,15686515,Jones,533,Spain,Female,20,0,30754.868200080793,3,1,0,146424.87407945673,1
4626,15729378,Garcia,751,France,Female,35,7,44235.93255818182,1,1,1,47466.16822062355,0
4627,15660593,Miller,772,France,Male,37,4,152417.16814072867,4,0,0,65042.83233825185,0
4628,15820519,Davis,535,France,Female,36,0,30189.914528744805,3,1,0,27099.51675222574,0
4629,15738694,Rodriguez,533,Germany,Female,54,2,135553.78609835514,3,1,0,78525.53568951259,0
4630,15820986,Martinez,588,Germany,Male,42,10,191264.67544410191,4,1,0,150174.75573913826,1
4631,15776235,Smith,508,France,Male,41,6,142049.33453879657,3,1,0,11600.0,0
4632,15782575,Johnson,571,France,Female,42,6,69061.45343513237,3,0,1,149897.8881435375,0
4633,15730158,Williams,609,Spain,Female,42,7,6746.939728932485,4,1,1,11600.0,0
4634,15697477,Brown,700,Spain,Male,34,10,46117.121087913976,4,1,0,11600.0,0
4635,15791591,Jones,658,France,Female,29,10,70025.09724345963,4,0,1,11600.0,0
4636,15696722,Garcia,635,Germany,Female,63,3,154950.22749417328,1,1,1,76361.71979404561,1
4637,15767662,Miller,601,France,Male,37,5,75244.87483462068,4,1,0,48315.93439437526,0
4638,15744643,Davis,519,France,Female,39,6,38710.81129494016,1,1,1,173228.8122022404,0
4639,15763069,Rodriguez,709,France,Male,39,7,11480.952902680374,1,1,1,115837.10913712632,0
4640,15779930,Martinez,706,France,Male,31,2,30537.461526442727,4,1,0,40830.945892429205,0
4641,15753092,Smith,588,Spain,Female,40,4,50847.12528542624,3,1,0,99067.03117182617,0
4642,15760757,Johnson,539,France,Female,26,7,19622.44673069632,1,0,1,64688.789807672685,0
4643,15662832,Williams,805,Germany,Male,46,5,30481.720716468848,1,1,1,85155.89987540766,0
4644,15694380,Brown,674,Spain,Female,36,0,875.6420537796822,3,0,0,94565.41668868148,0
4645,15680435,Jones,689,France,Male,50,1,105608.58440808713,3,1,0,164178.747827169,0
4646,15657227,Garcia,694,France,Female,44,2,1769.230795002873,2,1,1,200000.0,0
4647,15666690,Miller,529,Spain,Female,42,6,26321.522872532943,2,1,1,155217.09522593644,0
4648,15806841,Davis,799,France,Female,31,9,35766.981251145524,1,1,1,53969.80031610469,0
4649,15738539,Rodriguez,609,France,Female,39,2,179529.6443670709,4,1,1,90257.17596732976,0
4650,15830977,Martinez,732,France,Female,46,8,136794.33378327716,1,1,0,73414.12271978287,0
4651,15710963,Smith,795,France,Male,40,8,51973.80245738139,1,1,1,11600.0,0
4652,15722831,Johnson,658,Spain,Male,25,10,43859.95095243513,1,0,0,102681.52350680527,0
4653,15769791,Williams,531,Germany,Male,48,7,22829.177023974997,3,0,0,140843.54956597305,1
4654,15724867,Brown,400,France,Female,46,8,2097.766099227169,3,1,1,11600.0,0
4655,15732320,Jones,646,Germany,Male,23,7,15578.742203568236,4,0,1,53704.211011592255,0
4656,15695312,Garcia,675,Spain,Male,40,8,94102.62324781614,2,1,0,46137.35863384051,0
4657,15729478,Miller,591,France,Female,47,3,52244.4556351701,4,1,1,116067.29878162807,0
4658,15832728,Davis,663,France,Female,33,3,84215.11996365034,3,1,0,128354.62041758507,0
4659,15665551,Rodriguez,693,Spain,Female,25,4,90692.05832479057,4,1,1,200000.0,0
4660,15788221,Martinez,749,Spain,Male,28,6,3211.321728327883,3,1,1,102584.4834125557,0
4661,15702738,Smith,627,France,Male,37,8,20559.795652783163,1,1,0,148698.4731151647,0
4662,15746143,Johnson,645,France,Male,48,3,56348.64282051427,2,0,1,93073.59030709269,0
4663,15830293,Williams,632,France,Male,28,6,95896.19491603869,3,1,1,76770.26956449676,0
4664,15696444,Brown,653,France,Male,28,5,80831.447975387,3,1,0,77160.1154025684,0
4665,15661592,Jones,598,Germany,Male,35,8,27421.71339967251,2,1,0,127496.02027813427,0
4666,15781867,Garcia,598,France,Male,45,8,134488.06044932103,1,1,1,78685.2639901939,0
4667,15664711,Miller,604,France,Female,56,8,17884.994319938363,1,1,1,16304.288428335873,0
4668,15764958,Davis,665,France,Male,39,4,23562.323282425314,4,0,0,102420.01358913074,0
4669,15784907,Rodriguez,565,Spain,Male,32,2,10009.258199208449,1,1,0,115493.44313248755,0
4670,15762735,Martinez,604,France,Female,31,5,12868.67118683967,3,0,1,92369.74178951363,0
4671,15800184,Smith,830,France,Female,52,1,437.5651738400003,3,1,0,94839.4360150819,0
4672,15635908,Johnson,739,Spain,Female,26,6,18443.935544923483,4,0,0,118647.20148187275,0
4673,15638451,Williams,554,Germany,Male,40,6,18305.262219831526,2,1,1,75023.27792437845,0
4674,15646962,Brown,736,France,Female,52,1,3482.2480268602294,3,1,0,122118.80278265783,0
4675,15745674,Jones,712,France,Female,37,5,20811.988817866728,1,1,1,110565.05826197065,0
4676,15729369,Garcia,639,France,Female,28,3,17932.649928549712,1,0,0,114127.10614603218,0
4677,15811474,Miller,579,Germany,Male,44,6,80236.10093030521,3,1,1,156334.7647498615,0
4678,15802637,Davis,567,France,Male,40,7,8494.755270563777,3,1,0,126441.9804484998,0
4679,15688932,Rodriguez,672,France,Female,43,9,64564.208677815324,1,1,1,11600.0,1
4680,15686309,Martinez,565,France,Female,44,10,6962.316549126438,4,1,1,140729.64679724374,0
4681,15653291,Smith,759,France,Female,44,0,34282.15399868253,3,1,0,170933.12481812428,0
4682,15663686,Johnson,788,Germany,Female,41,4,66663.07739693901,3,1,1,171308.73069853758,0
4683,15674989,Williams,645,France,Female,45,8,46628.08016976393,2,1,0,179667.81985523505,1
4684,15709418,Brown,763,France,Female,52,1,51905.560026866195,4,1,1,122142.08629807514,0
4685,15637244,Jones,608,Spain,Female,31,3,11556.942516211588,2,1,1,108831.23317425119,0
4686,15676739,Garcia,578,Germany,Male,36,7,87839.71433972848,3,0,0,71637.86976363733,0
4687,15821235,Miller,760,France,Male,46,4,151947.1045968007,1,1,0,18103.125205134478,1
4688,15696862,Davis,807,Germany,Female,38,7,8383.635335893363,1,1,0,122509.26413128331,0
4689,15781112,Rodriguez,846,France,Female,26,9,109582.22897150296,3,1,0,96364.24958205609,0
4690,15683044,Martinez,683,Germany,Male,42,9,25349.284082350365,3,0,0,50132.64819644865,1
4691,15737663,Smith,736,Germany,Female,34,0,60004.884706950375,2,1,0,147454.49773499102,1
4692,15768668,Johnson,681,Germany,Female,60,6,35333.97339424172,1,1,0,57166.79115171579,0
4693,15760446,Williams,790,Germany,Male,48,5,78833.84741793445,1,0,0,132429.99554157982,1
4694,15734177,Brown,693,France,Male,50,1,2316.99236108553,2,1,0,99325.25157775707,0
4695,15636415,Jones,730,Germany,Female,39,6,19554.948451726785,4,1,1,173670.5375232186,0
4696,15727629,Garcia,536,France,Male,42,2,2432.5598533981815,1,1,0,196947.63275963493,0
4697,15758091,Miller,626,France,Female,35,3,142107.4588198338,2,1,1,140892.58030392538,0
4698,15718983,Davis,731,Spain,Male,30,10,9325.580247288583,4,1,0,46944.86740143375,0
4699,15689878,Rodriguez,722,Germany,Female,29,5,27631.447053117736,1,0,0,85407.46597796705,1
4700,15675845,Martinez,739,Spain,Female,60,2,51283.820748595776,3,1,1,132424.14672346239,0
4701,15828586,Smith,662,France,Male,42,0,30948.505050592863,2,0,0,82984.69230517637,0
4702,15694874,Johnson,584,France,Male,25,9,38452.010631773606,4,0,1,165131.71611710393,0
4703,15807725,Williams,644,France,Female,48,0,11408.907610118338,2,1,1,93365.28626335776,0
4704,15700220,Brown,654,Germany,Female,65,5,3469.060710087666,4,1,1,129740.9683320371,0
4705,15636522,Jones,674,France,Male,23,3,14879.104911853035,4,1,1,137895.34278631513,0
4706,15740723,Garcia,553,France,Male,45,6,19074.479747851914,1,1,1,133327.06542305506,0
4707,15711474,Miller,623,France,Male,27,8,26876.782436732417,4,1,0,52345.60532000858,0
4708,15715734,Davis,641,Germany,Male,50,7,17545.30720840166,2,0,1,185668.26091510162,0
4709,15636695,Rodriguez,425,France,Male,18,2,1823.3956053143409,2,0,1,110074.98730256844,0
4710,15647507,Martinez,733,Spain,Female,39,6,4969.362070039896,1,1,0,84809.95476143858,0
4711,15756361,Smith,666,France,Male,43,0,56015.04365555597,3,1,1,14933.648613244106,0
4712,15790025,Johnson,676,France,Female,25,1,3261.783112729448,4,1,0,15530.496829084339,0
4713,15665583,Williams,598,France,Female,43,8,2365.77668506575,4,1,0,65199.16328636752,1
4714,15708505,Brown,708,Spain,Male,34,9,83508.8464851569,1,1,1,63639.69655505281,0
4715,15705423,Jones,566,France,Female,56,7,2105.905803873876,1,1,1,26926.480650876707,0
4716,15743802,Garcia,582,France,Female,24,6,3560.4821790080837,1,0,1,69770.45403359496,0
4717,15716891,Miller,712,Spain,Male,48,10,39871.26608640139,4,1,0,157350.88478608432,0
4718,15751108,Davis,685,France,Male,38,9,29245.538184325953,2,0,0,121897.61940831644,0
4719,15713115,Rodriguez,522,Germany,Male,51,1,166843.41260664508,3,1,1,32271.020675770807,0
4720,15785548,Martinez,807,France,Male,52,1,138109.47309174616,2,1,1,159413.80022937604,0
4721,15816605,Smith,574,France,Male,36,6,53972.649827223904,1,1,0,158169.96159391152,1
4722,15773348,Johnson,636,France,Female,38,6,3729.0349186858134,4,1,0,11600.0,0
4723,15685118,Williams,824,France,Male,48,5,34977.38940434163,2,1,1,179847.10158682632,0
4724,15826360,Brown,444,Spain,Female,44,9,2305.693475269255,3,0,0,137578.8044224619,0
4725,15703814,Jones,479,Spain,Male,37,4,119264.17462018544,1,0,0,158689.8991929732,0
4726,15768100,Garcia,694,Germany,Female,30,5,53937.98556979312,3,0,0,44135.95623088905,0
4727,15765572,Miller,402,Spain,Female,42,8,42653.629046435315,4,1,1,81079.96220067624,0
4728,15724611,Davis,445,France,Female,27,3,27922.410695583378,1,1,1,72221.53392295189,0
4729,15834172,Rodriguez,767,France,Male,45,9,35638.611362266056,1,0,0,59049.110824382275,0
4730,15795617,Martinez,609,Germany,Male,50,0,25565.83972775036,1,1,0,61569.774701060414,0
4731,15832069,Smith,850,Germany,Female,30,8,5246.587765161686,3,0,1,47250.74813820159,0
4732,15679418,Johnson,546,France,Female,34,7,54085.76032977824,4,1,1,135182.4951790762,0
4733,15638740,Williams,618,Germany,Female,32,10,250000.0,1,1,0,110917.41196672783,0
4734,15725778,Brown,704,France,Male,49,1,5966.948182328039,2,1,0,163519.36559493322,0
4735,15710547,Jones,697,Germany,Female,39,3,250000.0,1,1,0,11600.0,1
4736,15638619,Garcia,624,Spain,Female,35,2,114935.80450931702,1,0,0,123152.33608130134,1
4737,15645053,Miller,585,Germany,Female,45,2,112302.97177467599,1,1,0,64992.090156939914,0
4738,15828630,Davis,673,France,Male,34,5,88966.68816842184,2,1,0,72694.63278233405,0
4739,15728465,Rodriguez,787,Germany,Female,36,6,128558.19507134352,2,0,1,83670.40043571441,0
4740,15644880,Martinez,726,Germany,Male,27,7,14146.304305592324,4,1,0,200000.0,0
4741,15678366,Smith,586,France,Female,47,6,28737.235936243487,3,0,0,57852.31002074671,0
4742,15757632,Johnson,550,France,Female,28,8,32678.529130640203,1,1,0,133494.19637611255,0
4743,15766808,Williams,580,Spain,Male,53,1,3520.0630636433825,3,0,0,200000.0,1
4744,15697545,Brown,522,France,Female,41,9,198047.75287158482,3,1,1,30979.08772591487,0
4745,15730269,Jones,664,France,Male,37,3,58469.318583411536,1,1,1,97026.98448272537,0
4746,15688920,Garcia,731,France,Female,38,1,30034.77112976803,1,1,1,24493.399924398895,0
4747,15738025,Miller,642,Germany,Male,56,10,243077.30631538876,2,1,0,55934.08156310007,0
4748,15738600,Davis,821,Spain,Male,25,2,15886.258189889837,4,1,1,126464.4184013014,0
4749,15694730,Rodriguez,827,Germany,Female,26,9,20550.565727930396,2,1,1,97145.94736424356,0
4750,15656471,Martinez,680,France,Male,48,0,10588.861691958833,3,1,1,11600.0,0
4751,15639641,Smith,720,Germany,Female,29,7,10321.182916799762,1,1,0,132204.61831562998,1
4752,15786955,Johnson,559,Germany,Male,31,4,10442.323249053368,3,1,0,200000.0,0
4753,15747537,Williams,613,Germany,Female,34,4,47187.83491767473,2,1,0,132552.93348283996,1
4754,15645044,Brown,777,France,Female,50,7,17416.5182563496,3,1,0,71021.79499448063,0
4755,15708390,Jones,592,Germany,Male,47,10,151545.0877000341,1,1,1,42459.3097779323,1
4756,15754331,Garcia,798,France,Female,37,8,84838.64322769245,4,1,0,103095.14577951997,0
4757,15662188,Miller,761,France,Male,43,8,8789.493242316468,3,1,1,39143.414351300264,0
4758,15687655,Davis,725,Germany,Male,42,9,89782.56656210312,4,1,1,171169.2597005294,0
4759,15816163,Rodriguez,532,Spain,Male,28,8,21206.233004865633,3,0,0,87318.14007479776,0
4760,15720948,Martinez,618,France,Female,29,1,12923.523620834112,1,1,1,11600.0,1
4761,15701689,Smith,714,Spain,Male,18,6,76179.37691337416,1,1,0,72791.41658009042,1
4762,15778299,Johnson,551,France,Male,53,6,97244.85225397644,4,0,1,65448.586219612436,0
4763,15668999,Williams,630,Germany,Female,32,3,161508.27861318836,1,0,0,146243.20445780843,1
4764,15693273,Brown,725,France,Male,39,4,27255.257175159997,4,0,0,125656.76646127325,0
4765,15750816,Jones,593,France,Male,44,5,41289.53555882192,2,1,0,107926.83677040359,1
4766,15701499,Garcia,565,Germany,Male,29,6,47714.844664136384,4,1,1,62586.175699652915,0
4767,15791823,Miller,469,Germany,Male,30,1,49403.31544892845,3,1,1,11600.0,0
4768,15825704,Davis,611,Spain,Male,29,9,25721.27720872781,4,1,0,178987.06972031776,0
4769,15770957,Rodriguez,727,Germany,Male,18,1,8264.38912729199,4,1,1,99900.68673664625,0
4770,15773284,Martinez,562,Germany,Male,38,1,3652.51166437343,3,1,1,186329.1745245149,0
4771,15809000,Smith,651,Spain,Male,62,4,118216.84825755689,1,0,0,120520.80642611193,0
4772,15649526,Johnson,627,France,Male,33,5,22828.79199730155,1,1,0,43182.80620973219,0
4773,15747745,Williams,583,France,Female,33,10,9964.47508152453,2,1,1,129122.03722850906,0
4774,15744855,Brown,733,France,Female,35,5,205438.44480595097,1,1,1,23174.863738242682,0
4775,15734899,Jones,814,France,Male,42,2,81204.20305074757,2,0,0,11600.0,0
4776,15635471,Garcia,750,Germany,Female,47,3,198649.42897730134,2,1,1,142839.16759933982,0
4777,15731690,Miller,580,France,Female,30,6,16342.330936735923,2,1,1,63451.11235868538,0
4778,15635616,Davis,849,France,Female,43,6,31110.93421876145,1,1,0,175502.8382643034,0
4779,15644705,Rodriguez,750,France,Male,38,5,82693.78414734952,3,0,1,38147.475176828615,0
4780,15744919,Martinez,604,Germany,Female,41,0,40135.927669386016,1,1,0,194369.98230705986,1
4781,15799132,Smith,572,France,Male,43,9,21922.415722250662,3,0,0,159624.47100627102,0
4782,15717011,Johnson,762,France,Female,29,5,8624.101855190745,1,1,1,139806.35447449156,0
4783,15657850,Williams,667,Germany,Male,33,0,41250.02285524659,2,1,1,88876.9805090169,0
4784,15809190,Brown,564,Spain,Male,43,10,45613.36060371183,3,1,0,110250.05138580818,0
4785,15794735,Jones,635,France,Male,37,4,63782.01364775426,1,1,0,156606.75426444938,0
4786,15789844,Garcia,609,Germany,Female,46,5,78157.7191778533,1,1,0,118183.30626632969,0
4787,15642626,Miller,567,France,Female,36,6,6284.32299832693,4,1,1,150395.93598313307,0
4788,15720549,Davis,751,Spain,Male,49,7,49436.76981467009,3,0,0,117062.74372075277,0
4789,15809477,Rodriguez,728,France,Male,19,8,76035.02276082351,2,0,1,71245.21131362925,0
4790,15784970,Martinez,733,Spain,Female,42,5,24633.384294480322,2,0,1,200000.0,0
4791,15726431,Smith,732,Spain,Female,26,10,16118.318985797165,3,1,0,200000.0,0
4792,15727310,Johnson,558,Spain,Female,50,6,32663.20688841322,1,0,0,171471.47618862713,1
4793,15721266,Williams,589,France,Female,37,3,18559.45996310211,2,1,1,113292.74378201464,0
4794,15783931,Brown,795,Germany,Male,35,9,35652.68213260445,1,0,0,96615.66021583682,0
4795,15778529,Jones,660,France,Male,30,6,18444.105805289506,4,0,0,161231.51083627832,1
4796,15719780,Garcia,502,Spain,Male,45,9,27469.800504273524,2,0,1,93970.13544838864,0
4797,15735723,Miller,671,Spain,Male,44,0,123336.63620376239,1,1,0,30418.527208471583,0
4798,15654627,Davis,715,Spain,Female,36,2,124208.72577597963,2,0,0,88989.99019250151,1
4799,15770132,Rodriguez,702,Germany,Male,45,0,242546.66780679554,1,1,0,149359.40948115388,1
4800,15698212,Martinez,556,Germany,Male,41,10,33288.60598433638,4,0,1,114198.26866813679,0
4801,15705445,Smith,838,Germany,Male,39,7,9198.474245016776,4,1,0,99555.43813260936,1
4802,15741839,Johnson,499,France,Male,46,2,109923.25475080531,4,0,0,56043.43767069888,0
4803,15815505,Williams,661,France,Female,57,6,45421.49642554392,1,0,0,21726.071486042652,0
4804,15809101,Brown,823,Germany,Male,41,1,68860.80163383446,2,1,1,72936.9833939028,0
4805,15764901,Jones,709,Spain,Male,41,4,8872.32452204074,2,0,1,120081.33248003105,0
4806,15804180,Garcia,733,Germany,Female,48,2,19260.935543064432,1,1,0,65615.25078819442,1
4807,15640270,Miller,544,Spain,Male,29,9,16094.219550203845,4,1,0,106050.88916534663,0
4808,15812869,Davis,684,Spain,Male,37,2,41021.333633132825,4,1,1,133667.647252791,0
4809,15707835,Rodriguez,646,Germany,Female,35,4,250000.0,3,1,1,144289.42866620742,0
4810,15790091,Martinez,536,France,Male,42,7,47382.45217394687,1,1,1,113020.3930805664,1
4811,15716584,Smith,736,Germany,Female,41,1,42532.60874268139,4,0,1,20335.313385781337,0
4812,15740735,Johnson,568,France,Female,56,10,71165.06583425302,3,1,0,119660.4335614015,1
4813,15645353,Williams,579,France,Male,53,3,19935.537103296156,4,1,1,90099.01169189547,0
4814,15680820,Brown,693,France,Male,23,3,14597.310446901005,2,0,0,11600.0,0
4815,15761251,Jones,635,Spain,Female,42,10,91021.58165470502,3,1,0,82322.92309377118,0
4816,15641954,Garcia,666,France,Male,46,4,161638.04013657314,1,1,0,200000.0,1
4817,15723437,Miller,629,Germany,Female,39,5,27357.830055050126,2,1,1,107215.10518913236,0
4818,15732095,Davis,791,Spain,Male,33,8,2107.0022214321457,2,0,0,133310.273377901,1
4819,15663529,Rodriguez,557,Germany,Female,52,4,9871.397617450106,3,1,0,186918.22268009942,0
4820,15806768,Martinez,603,Germany,Female,42,9,97239.00339440748,2,0,1,113090.52003054242,0
4821,15736550,Smith,698,Germany,Female,28,7,6485.20800531288,3,1,0,102234.83381760107,0
4822,15819796,Johnson,551,France,Male,48,4,71986.06882734782,1,1,1,16286.095780675736,0
4823,15664095,Williams,546,France,Male,43,2,48411.44262832631,4,1,0,97709.66897614083,0
4824,15666309,Brown,663,Spain,Male,32,5,64865.30660579032,2,1,0,81070.30033679411,0
4825,15834488,Jones,736,France,Female,31,3,14825.415346807735,1,1,0,122250.62086028345,0
4826,15772970,Garcia,749,Germany,Male,31,4,925.0006386181054,4,1,1,74158.60169867142,1
4827,15791072,Miller,659,Germany,Female,50,7,2028.3116812795977,3,0,0,65945.15995668372,1
4828,15670444,Davis,582,France,Male,44,10,64521.88588066661,3,1,0,11600.0,0
4829,15647863,Rodriguez,677,Spain,Male,48,10,47517.903639002754,1,1,0,150942.70712295358,0
4830,15711311,Martinez,706,Spain,Male,41,3,91770.87886445517,4,1,0,39259.16208186121,0
4831,15730587,Smith,676,France,Female,32,6,25478.598686432462,3,1,1,135343.30013551936,0
4832,15741218,Johnson,773,Spain,Female,31,2,40546.03757474928,4,1,1,168621.14426893322,0
4833,15822378,Williams,548,Germany,Male,49,3,76509.55681776039,3,0,1,54409.553307386195,0
4834,15701775,Brown,580,France,Female,43,7,34323.53507996381,4,1,1,192343.0546066438,0
4835,15666383,Jones,759,Germany,Male,36,7,250000.0,1,1,0,105762.30892547045,0
4836,15648254,Garcia,502,France,Female,39,8,67912.89762028586,1,0,1,122838.26799123519,0
4837,15639705,Miller,596,Germany,Female,48,3,57491.66460802653,2,0,0,76898.08021520992,0
4838,15660102,Davis,576,France,Male,44,9,80856.41744780031,2,1,1,68631.68897527743,0
4839,15734938,Rodriguez,493,Germany,Male,38,3,75071.83925404144,1,0,1,11600.0,0
4840,15801203,Martinez,631,Germany,Male,38,4,12403.536422532534,2,1,0,200000.0,1
4841,15748101,Smith,724,Spain,Male,33,4,11810.422794564258,3,0,1,11600.0,0
4842,15784126,Johnson,665,Germany,Female,39,2,46579.64384124176,2,1,1,11600.0,0
4843,15683995,Williams,729,France,Female,36,0,28639.325177739043,2,1,1,90709.18615243594,0
4844,15796848,Brown,769,Spain,Female,38,9,102621.13474473635,4,1,1,92908.42387267173,0
4845,15830124,Jones,611,Germany,Female,33,0,17131.721111278188,3,1,1,11600.0,0
4846,15801110,Garcia,850,Germany,Male,25,7,20088.057302959067,1,1,0,72850.46182521961,0
4847,15682008,Miller,615,France,Male,48,3,9094.907230759365,3,1,0,62375.28165359555,0
4848,15697661,Davis,628,Spain,Female,44,10,200157.51400700826,4,0,0,81723.90800285137,1
4849,15781628,Rodriguez,579,Spain,Female,36,9,6167.542842217943,2,1,1,153593.44071225508,0
4850,15717324,Martinez,704,Spain,Female,35,10,203433.81824881263,3,1,0,182113.27669147536,0
4851,15646958,Smith,620,Spain,Female,25,1,61275.59980427757,4,1,0,195420.82641730786,1
4852,15762730,Johnson,642,France,Male,49,5,4668.928667007538,1,0,0,132475.77752069422,0
4853,15636789,Williams,629,Spain,Male,51,8,8244.639527234727,2,1,1,14640.609298148032,0
4854,15711845,Brown,627,France,Female,38,4,19798.355531183646,4,1,0,128622.72836117233,1
4855,15669700,Jones,665,France,Male,42,2,15078.642922470544,4,1,0,125560.7856349154,0
4856,15786899,Garcia,604,Germany,Female,29,3,180834.08675191397,4,1,0,123203.0173470499,1
4857,15769280,Miller,609,Germany,Male,39,1,47510.74515406924,1,1,0,147753.9274421428,0
4858,15692222,Davis,757,France,Male,32,6,3865.1122703026895,1,1,1,59197.109280366305,0
4859,15798502,Rodriguez,620,France,Male,32,3,37264.633233822744,4,0,0,25769.97212779586,0
4860,15760872,Martinez,688,France,Female,36,3,113719.22125002995,3,1,0,31749.96801267477,0
4861,15792163,Smith,561,France,Female,34,7,26908.283995541588,1,1,1,60648.29385242811,1
4862,15648989,Johnson,605,France,Male,37,9,54850.26253422473,3,1,1,81267.5988671185,0
4863,15704065,Williams,526,France,Male,49,4,74182.69972671586,3,1,1,117912.85118972376,0
4864,15768265,Brown,835,France,Male,18,2,10230.13898485052,4,1,1,63222.4656163215,0
4865,15814190,Jones,787,Spain,Male,33,5,96724.04497295179,4,1,1,179292.57721805084,0
4866,15726285,Garcia,709,Spain,Male,45,7,29784.797479198238,2,1,1,101679.22110833168,0
4867,15696663,Miller,850,France,Male,40,9,2917.941266906659,1,1,0,63497.52035081156,0
4868,15832410,Davis,727,Spain,Male,31,0,105558.32980853316,1,1,1,166152.5855032765,0
4869,15715859,Rodriguez,632,Germany,Male,60,8,41546.17400643806,1,0,0,76561.28727505567,1
4870,15696355,Martinez,687,France,Male,65,3,11052.396881465356,4,1,1,61276.528685318845,0
4871,15719376,Smith,786,France,Male,38,4,19095.976415768397,1,1,0,180060.38723407104,0
4872,15776761,Johnson,561,France,Male,29,9,42125.64550558904,4,1,1,112305.11462693707,0
4873,15796490,Williams,532,France,Male,36,2,23434.14794693595,1,0,1,200000.0,0
4874,15658010,Brown,690,France,Female,27,8,13288.335325222057,3,0,1,29046.931707323514,0
4875,15758718,Jones,591,Germany,Male,43,5,32630.058916347243,4,1,1,16543.598229682306,0
4876,15765810,Garcia,424,Germany,Female,44,0,10231.163746251885,2,1,0,115678.6019501594,1
4877,15652015,Miller,525,Spain,Male,48,8,14076.993644805325,2,1,1,200000.0,0
4878,15748252,Davis,618,France,Female,42,10,87646.37901012617,1,0,0,58880.240062059805,0
4879,15694102,Rodriguez,654,Germany,Female,41,4,12973.601896798595,3,0,1,107166.37027331919,0
4880,15719116,Martinez,657,Germany,Male,28,2,59432.44933571071,3,0,0,68081.96729885454,1
4881,15690960,Smith,850,Spain,Female,26,3,14415.434317129444,1,0,1,76501.16427153771,1
4882,15700799,Johnson,629,France,Male,18,4,11938.142929666841,2,1,1,129440.04303967362,0
4883,15798528,Williams,677,Spain,Male,39,0,14461.200100039994,1,1,0,45460.518554750444,1
4884,15710842,Brown,487,Spain,Male,47,9,31583.601772054637,3,1,1,11600.0,0
4885,15650924,Jones,646,Germany,Male,50,2,7907.581327926386,1,1,0,120218.50263888974,1
4886,15747655,Garcia,683,Germany,Male,47,6,5636.745242827174,1,1,0,84102.7355632729,1
4887,15641570,Miller,512,France,Male,35,8,70681.357589312,1,1,1,151818.33911451494,1
4888,15662120,Davis,556,Spain,Male,57,5,1178.872381068231,3,1,0,157122.7890412905,0
4889,15686527,Rodriguez,698,France,Female,29,3,24346.030352068672,2,1,1,39203.42592761648,0
4890,15825522,Martinez,595,Germany,Male,29,3,25211.90301889696,4,0,0,88041.00440718277,1
4891,15746502,Smith,639,France,Male,46,8,111765.64527003387,1,1,0,131016.9469432288,0
4892,15728024,Johnson,704,France,Male,53,0,74469.7828912904,4,1,0,147655.96765605206,0
4893,15636302,Williams,850,Germany,Male,56,5,35736.596278427765,4,0,0,183678.29611046833,1
4894,15728384,Brown,627,Spain,Male,48,3,32678.34457765763,2,0,1,136047.84283306083,0
4895,15657801,Jones,826,France,Male,46,2,41689.6251104177,2,1,0,146964.5667597793,0
4896,15810263,Garcia,454,Spain,Male,47,10,22144.941335479652,3,1,0,149347.8721593654,0
4897,15797789,Miller,664,Germany,Male,36,0,60328.33975105596,4,0,0,200000.0,1
4898,15827608,Davis,616,France,Female,30,4,57929.44894294142,4,1,1,11600.0,0
4899,15819990,Rodriguez,596,France,Male,41,3,42742.69317040525,1,1,1,200000.0,1
4900,15640122,Martinez,715,Germany,Male,22,9,2971.1910304156236,1,1,1,109157.06556321528,1
4901,15744416,Smith,628,France,Male,35,3,6781.689004954342,2,1,0,11600.0,1
4902,15802129,Johnson,447,France,Female,33,7,2003.4199798822542,2,0,0,113378.0136825355,0
4903,15757966,Williams,491,France,Female,44,10,63383.9362430546,2,0,0,70951.95358908064,0
4904,15807279,Brown,722,France,Male,41,10,32466.054435846614,3,0,1,123152.93244780408,0
4905,15649557,Jones,486,Germany,Male,53,1,155033.7210559391,4,0,1,200000.0,0
4906,15809723,Garcia,724,France,Male,47,10,152170.9382834189,3,1,1,23668.315248759594,0
4907,15779591,Miller,662,France,Male,32,9,80016.67876373281,4,1,0,137139.2898788983,1
4908,15699527,Davis,632,France,Female,45,10,29263.893163750105,2,1,1,120092.41476969779,1
4909,15741818,Rodriguez,641,France,Female,21,9,19015.488625401846,3,0,0,83112.1009086188,0
4910,15704871,Martinez,701,France,Male,46,3,11218.103295862215,3,1,0,33238.28270874641,0
4911,15796628,Smith,532,Germany,Male,31,10,13230.509032715143,4,1,0,115405.2073255974,1
4912,15676060,Johnson,654,Germany,Female,32,0,231876.69960608787,4,0,0,12971.382531138035,0
4913,15723639,Williams,536,France,Female,52,1,37788.24638694453,3,1,1,62848.853999367915,0
4914,15786787,Brown,666,France,Female,42,9,616.4587926582162,1,1,0,57810.134448072706,0
4915,15734579,Jones,714,France,Male,37,9,2265.205553354542,4,0,1,109986.8920905199,0
4916,15678541,Garcia,666,France,Female,49,2,30695.198030904347,4,1,0,41814.65705389071,1
4917,15663947,Miller,710,Germany,Male,53,0,29302.768993349608,3,0,1,82175.32791144357,1
4918,15811987,Davis,579,France,Male,29,1,26006.667416713215,2,1,1,114317.44877388034,0
4919,15744709,Rodriguez,643,France,Female,31,6,86751.02584117433,1,0,0,200000.0,1
4920,15756468,Martinez,626,Spain,Female,47,9,60727.31760534781,2,0,0,11600.0,0
4921,15703768,Smith,619,France,Male,42,9,5681.796961141282,3,1,1,145024.83506650996,0
4922,15813535,Johnson,569,Germany,Female,20,5,22524.08313480936,2,1,1,146976.11936681997,0
4923,15732008,Williams,606,Germany,Female,56,1,45401.241371492964,2,1,0,109278.9685639202,1
4924,15683900,Brown,538,France,Male,34,0,24102.910054669563,3,0,0,45328.23782723075,0
4925,15812895,Jones,480,Germany,Female,28,9,11678.974031674714,4,1,1,174841.6540104741,1
4926,15679544,Garcia,579,Germany,Male,39,8,49450.189701379204,2,1,0,100613.23996481528,0
4927,15638055,Miller,712,France,Female,48,0,46096.47622734453,3,1,1,120950.29301730933,0
4928,15737413,Davis,673,Germany,Male,50,9,183668.8930108436,3,0,1,47313.01158151378,1
4929,15689537,Rodriguez,524,Spain,Male,39,4,41170.80315848372,3,1,1,107199.46582835531,0
4930,15757041,Martinez,609,Spain,Female,64,8,103691.89805366212,2,1,0,154346.2188014048,1
4931,15809044,Smith,719,Germany,Male,67,8,148989.20262372095,4,0,0,130214.92252713925,0
4932,15642930,Johnson,605,Spain,Male,43,5,28527.363768358395,2,1,1,80343.80079120694,0
4933,15650136,Williams,508,France,Female,38,2,2717.1972773892785,2,1,1,147385.52059629056,0
4934,15719882,Brown,850,Germany,Female,35,1,7744.721012067539,1,0,0,123962.36850567392,0
4935,15670922,Jones,633,France,Male,37,2,35055.96342172778,2,0,0,58047.921602455375,0
4936,15683772,Garcia,533,France,Male,53,0,111726.70160807774,3,0,1,18553.49598518481,0
4937,15735148,Miller,667,Germany,Female,42,2,53084.91402491469,3,1,1,182681.26546051443,0
4938,15714803,Davis,641,Germany,Male,47,1,11249.870722087167,1,0,1,133474.59355886345,1
4939,15643242,Rodriguez,495,France,Male,45,7,60373.002172758075,1,1,0,200000.0,0
4940,15795723,Martinez,659,Germany,Male,45,9,112319.37151688104,1,0,0,200000.0,0
4941,15771292,Smith,748,France,Female,49,6,1534.5885052237406,1,1,1,88789.24061830039,1
4942,15821727,Johnson,626,France,Male,47,0,13907.193451437966,2,1,0,117232.99716684187,0
4943,15767594,Williams,443,France,Female,43,0,8313.404771729183,2,0,0,96339.77558798641,0
4944,15678539,Brown,684,France,Female,57,4,76647.69210950109,3,1,1,28996.758009775745,0
4945,15777881,Jones,710,France,Male,25,3,111039.84581787483,2,1,1,194771.8859024687,0
4946,15831448,Garcia,591,Germany,Male,41,7,40434.35281110516,1,1,0,130175.55696505819,1
4947,15798646,Miller,592,France,Male,33,7,94260.18593529963,4,1,1,153994.21473751066,0
4948,15776473,Davis,850,France,Male,48,2,53492.082507648134,1,1,0,32179.06974829051,1
4949,15794590,Rodriguez,584,Germany,Male,22,4,53457.46215587972,1,0,0,98390.19659626475,1
4950,15705065,Martinez,537,Germany,Female,41,6,43340.2986098533,4,1,0,11600.0,0
4951,15728102,Smith,652,France,Male,43,7,2565.648983626881,4,1,1,93117.61522370434,0
4952,15671760,Johnson,707,France,Female,51,2,138213.65383154186,1,1,1,82317.78557166253,0
4953,15719209,Williams,703,France,Female,34,7,21985.084429011506,2,1,0,46228.598141791284,0
4954,15754241,Brown,403,Spain,Male,66,9,81120.51079668578,3,1,1,70366.71774877672,0
4955,15706298,Jones,583,Spain,Male,33,8,83032.50010416258,4,0,1,178774.05163500155,0
4956,15696112,Garcia,765,Germany,Female,27,2,168719.83908515386,3,1,0,141190.9946815776,1
4957,15754678,Miller,682,France,Female,45,1,19778.187370911917,2,0,1,103358.22287256534,0
4958,15693294,Davis,526,Germany,Female,37,1,250000.0,1,0,0,43001.09484625466,0
4959,15765443,Rodriguez,774,France,Male,57,4,17874.79840804952,2,0,1,123322.21890830535,0
4960,15827418,Martinez,746,France,Female,23,9,30016.565894859727,2,1,1,11600.0,0
4961,15650412,Smith,620,France,Male,39,0,61251.31627059394,3,0,1,21739.778477502332,0
4962,15770800,Johnson,737,Spain,Male,47,5,8420.259684484216,2,1,0,185884.66550410527,0
4963,15795683,Williams,849,Germany,Male,32,6,15487.740267967496,4,0,1,190884.14515810087,0
4964,15746320,Brown,544,Germany,Male,25,4,65118.53031343536,1,1,1,11600.0,1
4965,15725534,Jones,705,Germany,Female,53,10,183227.20828586267,4,1,0,114350.25525354902,0
4966,15634794,Garcia,848,France,Male,30,7,65987.663376632,2,1,1,200000.0,0
4967,15671015,Miller,715,France,Female,49,5,99133.4501334735,3,0,0,72510.50639930084,1
4968,15778490,Davis,574,Germany,Female,29,0,1910.3724598801277,3,0,0,115906.87093947074,0
4969,15673684,Rodriguez,673,Germany,Female,35,8,43022.21766987806,4,1,1,64933.7467466514,1
4970,15699650,Martinez,786,Spain,Male,46,4,122723.83819486492,4,1,1,132710.75617665704,0
4971,15757732,Smith,548,France,Female,42,4,57347.66171827462,3,1,1,40952.17479849543,0
4972,15685542,Johnson,646,Spain,Male,29,0,56421.98036242017,4,1,0,119795.21728237039,1
4973,15797804,Williams,625,France,Male,44,4,11347.552346453,2,1,0,200000.0,0
4974,15674744,Brown,586,Germany,Female,18,2,98714.87243997607,1,1,1,110602.98592979054,0
4975,15671070,Jones,674,France,Male,26,9,100140.82567118389,1,1,1,75433.68801236853,0
4976,15796372,Garcia,639,Spain,Male,56,2,47596.80714176703,1,0,0,31340.36893822033,0
4977,15776329,Miller,714,France,Female,37,10,27810.173850044717,3,0,0,111016.23725735216,0
4978,15813571,Davis,764,Germany,Male,46,9,86941.31344106016,3,1,1,46598.100541523665,0
4979,15795749,Rodriguez,522,Germany,Male,45,7,31274.023136483618,3,0,0,27586.293803959183,1
4980,15775033,Martinez,656,France,Male,35,8,86471.53596125255,1,1,0,23048.160407123985,0
4981,15763650,Smith,644,France,Male,40,5,33171.23969757152,4,1,0,11600.0,0
4982,15676658,Johnson,670,Spain,Female,27,2,43350.504476656104,3,1,0,84683.6646290324,0
4983,15686433,Williams,648,France,Male,40,7,68920.6818664299,3,0,0,189118.13876584673,0
4984,15693793,Brown,551,France,Female,34,2,15393.80265871195,2,1,1,160665.44672271487,0
4985,15756550,Jones,795,Spain,Female,59,6,14174.22656586846,3,1,0,146931.92350925427,0
4986,15798946,Garcia,838,Germany,Female,31,1,55107.11850178546,3,1,0,56813.98237593195,1
4987,15742719,Miller,704,France,Female,44,5,153861.5213533765,1,1,1,107687.65537415756,0
4988,15649273,Davis,709,Germany,Male,36,7,29532.59516065465,1,0,1,82106.25219761881,0
4989,15661650,Rodriguez,663,Germany,Male,47,2,114238.40752150117,2,1,0,200000.0,0
4990,15660565,Martinez,746,Spain,Male,25,8,36509.97147302274,1,0,1,38378.57234328661,0
4991,15678556,Smith,405,Germany,Male,37,10,182350.8553836033,4,0,0,11600.0,0
4992,15730032,Johnson,649,Spain,Male,44,8,78522.27122995419,4,1,1,21180.065726907313,0
4993,15635319,Williams,592,France,Female,41,2,98147.86822593777,1,1,1,125457.19221553691,0
4994,15646278,Brown,664,Germany,Female,43,2,56909.881708902336,3,0,0,57383.13846794982,0
4995,15770108,Jones,759,France,Male,30,4,101434.59850757288,2,1,1,64908.46647759703,0
4996,15815484,Garcia,651,France,Male,35,8,44922.32928466824,3,0,0,11600.0,0
4997,15753298,Miller,613,Germany,Male,38,0,41889.78015587601,3,1,0,55131.88460014504,0
4998,15765432,Davis,509,France,Female,46,0,103459.30391965694,2,1,1,142901.603819207,0
4999,15639596,Rodriguez,639,Germany,Female,52,0,759.0409263119881,1,1,1,11600.0,0
5000,15638836,Martinez,717,Spain,Male,20,3,32579.047845533627,2,1,0,70065.03968617014,0
5001,15703902,Smith,565,France,Female,35,6,102039.47804852139,4,0,1,99756.70045805292,0
5002,15678551,Johnson,449,France,Male,32,10,10917.10034143998,3,0,0,137105.9884367687,1
5003,15672007,Williams,850,Germany,Male,31,1,158515.3812672219,4,0,0,67825.60723907074,0
5004,15669474,Brown,683,Spain,Male,41,2,67469.53747225016,2,1,0,81252.92624736579,1
5005,15676817,Jones,627,Germany,Female,39,3,71863.06609123916,1,0,1,164461.70940761146,0
5006,15657787,Garcia,789,Germany,Male,27,0,54752.35968102226,2,0,0,79832.63013829455,0
5007,15809116,Miller,664,France,Male,27,1,29662.776338847423,4,1,1,163207.93264733747,0
5008,15817433,Davis,783,France,Male,43,1,30897.943247926753,4,0,0,200000.0,0
5009,15675755,Rodriguez,774,Germany,Male,28,10,91351.13474589898,3,1,1,114257.18927005824,0
5010,15712137,Martinez,522,France,Female,32,5,7491.131335506845,3,1,1,35406.06009441868,0
5011,15768255,Smith,695,Spain,Male,48,3,36914.283383519854,3,1,0,131704.5611415149,1
5012,15686319,Johnson,822,France,Female,40,6,18549.347888814744,3,1,1,165172.3929772841,1
5013,15637365,Williams,550,Germany,Male,54,10,207757.01229778494,1,1,0,57546.5341714223,0
5014,15727512,Brown,551,Spain,Male,37,7,184.99115066088723,2,0,1,137581.4471792391,1
5015,15690082,Jones,568,Spain,Male,61,1,3289.596796330526,2,0,0,11600.0,0
5016,15804433,Garcia,739,Germany,Male,37,1,171153.54372871778,2,0,1,155938.0472126051,0
5017,15752696,Miller,678,Spain,Male,50,4,39240.29389285379,1,1,0,52116.9954321081,0
5018,15790981,Davis,456,Spain,Male,30,3,7456.049150204165,2,1,0,11600.0,0
5019,15645666,Rodriguez,684,Spain,Female,32,9,29768.392655782714,2,1,1,68982.71889932398,0
5020,15711450,Martinez,624,Spain,Female,55,1,19478.9144471264,1,1,1,172062.5202368815,1
5021,15672150,Smith,638,Germany,Female,32,8,121073.02000652638,3,1,0,96547.87769703529,1
5022,15802619,Johnson,566,Germany,Male,36,8,58170.23212209203,3,1,0,87646.86616931466,0
5023,15813611,Williams,684,France,Male,32,9,6992.931656719817,1,1,0,150135.75878772215,1
5024,15641078,Brown,755,France,Male,50,3,38441.57859509878,1,1,0,123542.17091760915,0
5025,15817430,Jones,585,France,Female,26,1,7220.094425197164,3,1,0,66379.45390437215,0
5026,15724703,Garcia,481,France,Female,52,2,54715.67257188741,1,1,0,97641.75435291942,1
5027,15636984,Miller,619,France,Female,41,7,64955.81882971201,2,1,1,200000.0,0
5028,15815357,Davis,725,France,Male,40,10,41295.09479851481,4,1,1,101791.5298361723,0
5029,15810950,Rodriguez,607,Spain,Male,38,7,169004.7947888449,4,1,1,109408.19106722539,0
5030,15799076,Martinez,500,Spain,Male,51,6,144419.69165529122,2,1,1,200000.0,0
5031,15792620,Smith,726,France,Male,36,3,11528.277561703055,1,1,1,11981.660231373564,1
5032,15714300,Johnson,791,France,Male,31,0,16.471988255569904,3,1,0,140548.68578097646,0
5033,15788009,Williams,652,Spain,Male,44,9,54346.363916549555,4,1,0,117780.40342958036,0
5034,15679697,Brown,489,Spain,Male,38,8,32278.988877800773,4,1,1,86765.04381520346,0
5035,15764576,Jones,618,Spain,Male,58,6,20372.74363564183,2,1,0,157864.58389099376,1
5036,15661799,Garcia,665,Spain,Male,48,0,124379.36572440153,3,1,0,36410.35391523076,0
5037,15762221,Miller,569,Spain,Female,42,4,192003.18320812943,4,1,1,83622.49394819187,1
5038,15656612,Davis,708,France,Male,53,2,133377.04655947408,2,1,0,25981.773354269564,0
5039,15789797,Rodriguez,559,France,Male,24,1,34676.88864663588,3,1,0,74983.29634183661,0
5040,15722525,Martinez,652,Spain,Female,44,2,60761.23732338298,1,0,1,56373.56046761749,0
5041,15768564,Smith,627,France,Female,40,5,9411.364823056569,2,1,0,151446.4930264394,0
5042,15765128,Johnson,711,Spain,Male,36,6,150650.6277251357,4,1,1,117598.45276666475,0
5043,15743764,Williams,648,Germany,Female,36,9,16681.18307966217,2,0,1,41743.43813838605,1
5044,15755529,Brown,630,Spain,Male,50,8,10705.433321486043,2,1,0,105604.61429516287,0
5045,15642628,Jones,569,France,Male,20,9,3102.2052745352044,4,1,0,11600.0,0
5046,15699527,Garcia,653,Germany,Male,43,10,39966.6596241658,1,1,1,124304.91427626961,1
5047,15703444,Miller,623,Germany,Male,24,6,148273.5310679588,4,1,1,11600.0,0
5048,15668267,Davis,562,Spain,Female,36,0,7285.303100454426,4,1,1,138551.64689297165,0
5049,15643879,Rodriguez,665,France,Male,38,6,6438.8671113156,1,1,0,75747.51624190036,1
5050,15807913,Martinez,686,Spain,Male,55,0,15913.774565763028,4,1,0,200000.0,1
5051,15813338,Smith,616,Spain,Female,33,7,54740.06194508231,3,1,1,11600.0,0
5052,15682610,Johnson,743,Germany,Male,39,1,39683.02938683677,3,1,1,136144.11944779076,0
5053,15649285,Williams,676,Spain,Female,26,1,5057.744158172609,4,1,0,199906.75003218383,0
5054,15766344,Brown,521,Germany,Male,44,0,29196.72642899659,3,0,0,72032.28148190884,1
5055,15783563,Jones,783,France,Male,25,8,3463.875227223843,2,1,1,107113.89741555681,0
5056,15821286,Garcia,726,France,Male,21,10,95494.55230541814,3,1,0,90724.21160571369,0
5057,15810209,Miller,750,Spain,Female,23,7,5664.693932429777,3,1,1,122153.77439126682,0
5058,15713144,Davis,690,Germany,Female,36,8,31866.54612993268,2,0,0,96415.3645701001,0
5059,15688921,Rodriguez,416,France,Male,36,7,35714.82103169137,3,1,0,60572.31416738223,1
5060,15726669,Martinez,759,Germany,Male,50,3,37764.56423818525,4,0,1,102779.95682778825,0
5061,15787313,Smith,656,France,Female,54,8,46972.19992492566,2,1,0,200000.0,1
5062,15830386,Johnson,685,France,Female,53,7,60463.07505707684,2,0,1,168473.07324062384,0
5063,15782307,Williams,704,Germany,Male,50,0,218.3765212006179,4,0,0,44580.666246702465,0
5064,15800334,Brown,843,France,Male,59,9,1570.114942479751,4,1,1,127494.34100610181,0
5065,15703577,Jones,595,France,Female,43,4,47279.72056175352,4,0,0,11600.0,0
5066,15797846,Garcia,597,France,Male,43,8,10053.330246953123,3,1,0,71831.03773793494,0
5067,15824871,Miller,564,Germany,Female,57,7,89143.48922195908,3,1,1,86334.18298611391,0
5068,15735760,Davis,543,France,Male,27,0,49377.475699325194,3,0,1,127977.85217972235,0
5069,15824521,Rodriguez,544,France,Female,48,5,196613.14456872287,4,1,1,99875.31048455843,0
5070,15646179,Martinez,464,France,Male,38,10,65098.449315584316,1,1,0,77865.44502033578,0
5071,15711901,Smith,692,France,Female,52,5,4754.802818038548,3,0,1,106058.33310679444,0
5072,15654778,Johnson,848,France,Female,50,1,9375.305220772718,1,1,1,119684.38650862692,0
5073,15810060,Williams,850,France,Female,37,10,2383.35685605517,2,0,0,166444.14418320844,0
5074,15698574,Brown,564,France,Female,26,1,67580.32328725501,4,1,0,120158.22802085099,0
5075,15754620,Jones,622,Spain,Female,52,0,6780.866045952578,4,0,0,75868.19224235002,1
5076,15806677,Garcia,773,France,Female,34,5,54497.61873669318,2,1,1,43108.10112859159,0
5077,15654598,Miller,693,France,Male,40,8,40528.76019190982,3,1,1,71044.53714097122,0
5078,15735524,Davis,663,France,Male,27,7,50160.23849168159,3,1,1,27046.16949922855,0
5079,15721200,Rodriguez,624,France,Female,35,4,35531.953588691686,3,0,0,92829.7332985005,0
5080,15670533,Martinez,767,Spain,Female,49,7,655.7164514837837,1,0,0,64482.05633615386,0
5081,15758770,Smith,542,France,Male,42,1,14599.103592694928,2,1,0,120267.47783662735,0
5082,15801384,Johnson,698,France,Female,31,10,108133.26108008953,1,1,1,40899.55190018952,0
5083,15757701,Williams,684,France,Male,20,5,132443.26121983473,3,0,1,200000.0,0
5084,15669295,Brown,654,Germany,Male,45,1,5113.253815269055,1,1,0,86028.96683666015,0
5085,15801414,Jones,728,France,Female,34,7,152486.934304694,2,1,0,200000.0,0
5086,15743546,Garcia,653,Germany,Female,40,1,55512.899636417234,3,1,0,45368.52054940745,0
5087,15651976,Miller,596,France,Female,37,4,127911.02523786185,1,1,1,109878.23983642437,0
5088,15716073,Davis,659,France,Female,34,6,25638.37023024172,2,1,1,69480.70628266245,0
5089,15680515,Rodriguez,490,Germany,Male,45,6,5365.066700416684,3,1,0,157533.0552767886,0
5090,15758285,Martinez,711,Germany,Male,30,3,18009.28812093332,3,1,0,112791.06304542407,1
5091,15831699,Smith,736,Germany,Female,40,7,58507.80725004224,4,1,0,19116.017798247558,0
5092,15679118,Johnson,584,France,Male,43,6,79291.31832097052,3,1,0,124324.68766541097,0
5093,15722398,Williams,560,Germany,Male,52,9,2571.101076629874,4,1,1,140346.46400855994,0
5094,15660671,Brown,588,France,Female,39,4,33369.26139473147,3,1,0,50895.48651920453,0
5095,15752935,Jones,643,Germany,Female,27,3,3326.5827558211317,1,1,1,96970.41428163907,0
5096,15821907,Garcia,671,Germany,Female,45,1,99613.05383270755,1,0,1,172835.8198743937,0
5097,15719413,Miller,811,France,Female,30,1,32345.520798649384,3,0,1,75347.18730358846,0
5098,15824723,Davis,798,Germany,Male,32,3,123150.5027322603,3,0,1,121985.82093932573,0
5099,15752630,Rodriguez,733,Germany,Male,34,7,4091.901613807265,4,0,0,11600.0,1
5100,15673780,Martinez,662,France,Female,37,10,20058.964127877087,1,1,0,200000.0,1
5101,15667423,Smith,557,Spain,Female,51,5,56433.74880791903,1,1,0,111643.20771144808,0
5102,15817401,Johnson,817,Spain,Male,45,8,17377.696289059026,3,1,0,45529.368723437074,0
5103,15826609,Williams,625,France,Male,27,1,92118.50468522338,4,0,1,59743.073484721615,0
5104,15651601,Brown,678,Spain,Female,54,6,216504.73063888724,3,0,1,11600.0,0
5105,15828196,Jones,712,France,Male,49,0,16509.969557659104,1,1,0,128042.66275786934,1
5106,15673314,Garcia,656,Germany,Female,43,1,22398.634288774032,1,1,0,154841.01216872298,0
5107,15830225,Miller,765,Spain,Male,18,10,171088.6910823504,1,1,0,200000.0,1
5108,15805846,Davis,695,Germany,Male,30,8,22163.108071957595,1,1,1,121398.0936305745,0
5109,15668324,Rodriguez,748,France,Female,39,7,40595.01708070498,3,0,1,111725.99054144585,0
5110,15645227,Martinez,694,Spain,Male,55,8,73319.21451286804,1,1,1,112330.03510723583,0
5111,15832839,Smith,646,France,Male,52,6,28843.352962644,3,0,1,54823.34064967718,0
5112,15641461,Johnson,657,France,Female,29,9,23309.182662733754,1,1,1,81567.55774408026,0
5113,15807283,Williams,643,France,Female,22,10,34218.128530668524,1,0,1,73200.12855218843,0
5114,15808981,Brown,521,Spain,Male,37,8,75597.38803348962,2,0,1,48177.31796556406,0
5115,15745588,Jones,549,Spain,Male,40,3,18710.116845845114,4,0,1,108215.13180529296,0
5116,15656441,Garcia,724,France,Male,26,2,21601.29958250383,2,1,1,151740.4734317124,0
5117,15661818,Miller,524,Spain,Female,30,3,10482.95037832013,2,1,1,11600.0,0
5118,15687555,Davis,609,France,Male,60,4,60468.95293811496,1,0,0,99202.46017959982,0
5119,15826267,Rodriguez,544,Spain,Male,35,9,114855.24137099765,4,1,0,143300.9429040465,0
5120,15684124,Martinez,604,Germany,Male,35,3,10273.772825866894,2,1,0,120300.985505151,1
5121,15770560,Smith,634,France,Male,67,3,1760.0958942970701,2,1,0,127353.23449692172,0
5122,15745851,Johnson,609,France,Male,35,6,24004.36763775979,3,1,0,135756.91692091833,0
5123,15642087,Williams,507,France,Male,28,3,26394.754500817584,4,1,0,125908.4450437772,0
5124,15797129,Brown,631,France,Female,31,3,51903.64612869616,2,1,0,12678.524445068266,0
5125,15782441,Jones,554,Spain,Female,41,8,4473.866146187889,2,1,1,138012.78533249308,0
5126,15747303,Garcia,586,France,Male,34,8,86157.88730741448,3,1,1,65584.67765225627,0
5127,15794127,Miller,724,Spain,Female,37,4,42664.24820147807,1,0,1,87401.74489404848,0
5128,15737240,Davis,745,Germany,Female,38,8,39479.70136975444,2,1,1,124606.03102519739,0
5129,15819116,Rodriguez,518,Germany,Male,70,10,19016.412665154337,4,0,1,96502.16716320037,0
5130,15817551,Martinez,806,France,Male,46,1,22727.58246893144,3,0,0,40357.03480100805,0
5131,15646828,Smith,598,Spain,Male,29,4,2851.1285345771757,4,0,0,154094.48265410302,1
5132,15728007,Johnson,589,Germany,Female,37,10,70071.37001943483,4,0,0,46492.7517710526,0
5133,15657190,Williams,560,Spain,Female,47,6,46410.14041710447,4,1,1,78720.8766278328,0
5134,15797383,Brown,655,Spain,Female,49,7,187385.8621760676,3,1,0,151990.162505793,0
5135,15813462,Jones,848,France,Female,22,4,21813.881730440975,4,1,0,48328.08801138022,0
5136,15671621,Garcia,496,France,Female,24,8,54867.211982557914,2,1,1,193703.54889832088,1
5137,15810622,Miller,444,Spain,Female,43,10,126003.04751724815,3,1,1,54112.23145136089,0
5138,15699735,Davis,676,Spain,Female,32,2,62184.36941222238,2,1,1,68059.91243674282,0
5139,15749046,Rodriguez,706,Germany,Male,31,7,2057.2755035100586,1,1,1,112049.51314777952,1
5140,15832132,Martinez,655,France,Male,40,10,50015.801655843716,2,1,0,11600.0,0
5141,15752205,Smith,709,Germany,Female,46,8,39415.88007784121,4,1,1,15544.45511701885,0
5142,15793200,Johnson,536,France,Female,36,6,34588.739964983084,1,1,1,200000.0,1
5143,15763187,Williams,555,France,Male,19,4,40264.75253919479,4,1,0,107734.32141726087,0
5144,15817872,Brown,662,France,Female,33,8,30861.725812882218,3,0,1,152697.0027116757,0
5145,15677997,Jones,825,France,Female,27,10,58855.547254731835,3,0,0,144894.37880570683,0
5146,15789705,Garcia,706,France,Female,44,7,751.2609083442077,1,1,0,108744.77966888068,0
5147,15760416,Miller,710,Spain,Male,59,7,10447.223882639026,2,1,1,94676.63002940518,0
5148,15803375,Davis,542,Spain,Female,41,5,22736.88769805389,4,1,1,48213.725827817805,0
5149,15747201,Rodriguez,692,Spain,Male,43,1,30134.919023034807,2,0,0,178280.56836455935,0
5150,15660541,Martinez,531,Spain,Male,47,3,6991.06221680566,4,0,1,72848.85384276953,0
5151,15814819,Smith,826,France,Female,52,0,85780.48717743285,4,1,1,69320.93547336583,0
5152,15785998,Johnson,548,Spain,Female,33,9,132530.1462109078,2,0,0,11600.0,1
5153,15788541,Williams,570,Spain,Male,38,4,69558.40881648546,3,1,0,183662.71722995953,0
5154,15634805,Brown,502,Spain,Female,48,9,132125.79902303044,3,0,0,91803.01093495356,0
5155,15782218,Jones,658,Germany,Male,29,0,67977.0468603553,1,1,0,55542.603107024705,1
5156,15781573,Garcia,654,France,Female,23,5,29085.30116894552,2,1,0,200000.0,0
5157,15663665,Miller,801,France,Female,34,9,24972.278920754983,3,1,1,11600.0,0
5158,15725482,Davis,727,France,Male,51,7,9100.043324810138,3,1,1,27870.689178448636,0
5159,15638350,Rodriguez,570,Spain,Male,40,9,4520.696557455317,4,1,0,22846.56464316581,0
5160,15751871,Martinez,737,France,Female,34,0,12398.604850664751,4,1,1,126327.37932096416,0
5161,15832303,Smith,525,Spain,Male,49,5,37978.85256358606,3,1,1,103525.08962512686,0
5162,15715366,Johnson,578,France,Male,44,3,7248.233846871656,1,1,1,110336.41740730469,0
5163,15786558,Williams,661,Germany,Male,31,8,150963.9118763305,3,1,0,157689.85024283422,0
5164,15790857,Brown,536,France,Male,37,7,12327.163657266163,1,1,0,108366.55753230811,1
5165,15742638,Jones,756,France,Female,28,3,89677.47211149454,1,0,1,106837.95436391138,0
5166,15784933,Garcia,850,France,Male,40,10,85412.92711884865,4,1,1,11600.0,0
5167,15801633,Miller,620,Germany,Female,45,10,7611.1836866566155,1,1,0,117530.96125938685,1
5168,15751127,Davis,584,France,Male,18,1,62021.95929436379,2,0,0,40753.63953962929,1
5169,15799131,Rodriguez,637,Spain,Female,28,5,86895.91468940371,2,1,0,115422.67319497501,0
5170,15720281,Martinez,594,France,Female,55,2,107832.27090286156,4,1,0,124888.05001294398,0
5171,15760431,Smith,676,Spain,Male,35,0,153933.52967023753,3,1,1,142706.42838167222,0
5172,15762818,Johnson,517,France,Female,55,10,133036.95970019337,2,1,1,200000.0,1
5173,15767777,Williams,681,Germany,Male,26,6,18635.647506832465,2,0,1,195201.54448836885,0
5174,15700503,Brown,841,France,Female,33,3,15575.242858846297,3,1,0,175303.47598171158,0
5175,15810209,Jones,449,Spain,Female,41,8,25335.904918358177,4,1,1,60954.074694431474,0
5176,15781777,Garcia,533,France,Female,35,9,31275.012417969116,1,1,1,200000.0,0
5177,15732648,Miller,605,Germany,Female,51,9,13321.150602555448,1,1,0,122003.34544842163,1
5178,15724614,Davis,704,Spain,Male,37,10,4500.786788375379,3,0,1,200000.0,0
5179,15712880,Rodriguez,739,France,Male,46,10,53440.989699367914,3,0,0,142047.8094149542,0
5180,15646993,Martinez,730,France,Male,28,10,9572.602711740767,2,1,1,11600.0,0
5181,15737078,Smith,480,Spain,Female,41,2,123196.22536678471,1,1,1,154246.07498539932,0
5182,15794575,Johnson,582,Germany,Female,35,9,16961.738663273387,4,1,0,120787.13538071222,0
5183,15755323,Williams,559,France,Male,28,9,11012.776340164712,2,1,0,72892.05951202037,0
5184,15732139,Brown,643,France,Male,43,9,10793.388730167402,1,1,0,129826.69210653432,0
5185,15715761,Jones,651,France,Male,52,0,17087.099438436628,4,1,0,96862.03315789581,0
5186,15833588,Garcia,513,France,Male,33,1,47358.86613787128,1,1,1,125863.3940142703,0
5187,15765642,Miller,606,France,Male,43,3,191561.31172488315,2,1,1,77831.58031894035,1
5188,15816031,Davis,708,Spain,Female,36,10,33302.73050735144,4,1,1,96910.80975321695,0
5189,15804111,Rodriguez,587,France,Female,40,6,45774.300798942895,1,1,0,70753.01949647671,0
5190,15670105,Martinez,629,Germany,Female,47,7,92448.05253252912,1,1,0,69879.99571409808,1
5191,15710005,Smith,819,Spain,Female,53,3,20326.091660852362,1,1,0,107082.68521402088,1
5192,15806932,Johnson,849,France,Female,51,2,9915.027533456336,2,1,0,137639.8554614574,0
5193,15799398,Williams,433,Germany,Female,31,9,28425.119132442465,2,1,0,30762.782658918877,1
5194,15698888,Brown,661,Spain,Male,25,8,19187.089280696677,4,0,0,81892.3936760369,1
5195,15709444,Jones,850,France,Male,18,7,100544.19594589816,3,1,1,89146.89775959062,0
5196,15739529,Garcia,697,France,Male,45,5,190699.11481196535,1,1,0,161471.99672053946,0
5197,15649510,Miller,651,Spain,Female,33,8,58288.398110529924,1,1,1,115754.54297080103,0
5198,15816300,Davis,781,Spain,Female,49,7,53031.26486822881,1,0,1,31049.758538386974,1
5199,15671830,Rodriguez,671,France,Female,28,6,62626.85455748842,2,0,0,116713.09773854203,0
5200,15657988,Martinez,720,France,Female,43,5,31524.193418488016,1,0,0,126216.01369114603,1
5201,15812428,Smith,628,France,Male,21,9,49549.975211979356,4,1,0,144589.66393923588,0
5202,15662904,Johnson,670,France,Female,44,2,3696.3763935515417,2,1,0,65205.86071697994,0
5203,15695417,Williams,692,France,Female,42,10,34006.50191794142,2,1,1,118754.49375087474,0
5204,15697946,Brown,736,Germany,Female,28,5,20200.804449531868,2,1,1,109108.3286476999,0
5205,15801292,Jones,606,Spain,Female,40,3,2732.332059189868,2,1,0,110202.89820396254,0
5206,15746205,Garcia,604,France,Female,59,4,39348.31748448282,3,0,1,102569.28992480705,0
5207,15695716,Miller,457,Spain,Male,45,6,22334.396416402964,2,0,1,200000.0,0
5208,15660127,Davis,611,France,Male,68,6,44654.822404079445,3,0,1,200000.0,0
5209,15714420,Rodriguez,745,France,Female,40,8,35993.04871660771,2,1,1,160706.13529619557,0
5210,15749191,Martinez,696,Germany,Female,44,8,16163.366272255029,2,1,1,88619.02306280551,0
5211,15780008,Smith,550,France,Male,34,5,38824.64113179133,1,1,1,138880.90927628268,0
5212,15729317,Johnson,459,France,Female,41,5,23803.02568909456,2,1,1,89607.70583858194,0
5213,15828441,Williams,635,Spain,Female,29,1,126988.89111279252,4,1,1,95473.6337582297,0
5214,15641246,Brown,742,France,Male,48,7,23550.87134518122,4,1,1,76010.94905949906,0
5215,15735756,Jones,602,Germany,Male,30,2,2048.90824605438,4,0,0,11600.0,1
5216,15798607,Garcia,505,France,Male,55,0,72105.73706969924,1,1,0,11600.0,0
5217,15678071,Miller,591,France,Male,25,3,165774.0022742826,2,1,0,72288.11439264487,0
5218,15799361,Davis,682,Germany,Male,35,4,9279.373410086751,4,0,0,58894.396271309466,0
5219,15741211,Rodriguez,774,Spain,Male,36,2,180196.3560170233,4,1,1,57393.29785102679,0
5220,15818330,Martinez,624,France,Male,27,6,48011.328624431895,4,1,1,171958.77833451214,0
5221,15783049,Smith,755,Germany,Female,41,10,93992.11256135006,3,1,0,52317.47402159331,0
5222,15699808,Johnson,744,Spain,Female,33,4,32017.807314023634,3,1,0,29481.68890785784,0
5223,15731064,Williams,532,Spain,Female,53,10,48712.094064203695,3,1,1,163953.5786257779,0
5224,15802281,Brown,775,France,Male,30,9,91960.7525869017,4,1,1,88902.22625538195,0
5225,15717780,Jones,679,Germany,Female,43,4,203142.42459931737,4,1,0,61586.91449826369,0
5226,15789667,Garcia,529,Germany,Female,38,5,10215.923240356504,2,1,0,87893.25335493598,0
5227,15810060,Miller,826,Germany,Female,36,10,114506.45978488357,4,1,1,151612.74454779373,0
5228,15811961,Davis,637,France,Male,39,10,55021.48185526381,4,1,1,94083.96482556927,0
5229,15721326,Rodriguez,455,France,Female,46,5,146742.3397796351,4,1,1,98313.52963066055,0
5230,15730995,Martinez,579,Germany,Female,20,8,19144.112052542278,4,1,0,97108.54753260352,0
5231,15761916,Smith,554,France,Male,39,2,13892.788159718042,1,1,1,113300.00414397316,1
5232,15710914,Johnson,581,Germany,Male,30,7,22747.74843676914,2,1,0,63479.44816073698,0
5233,15709926,Williams,605,Spain,Female,31,10,107923.93677619658,4,0,0,11600.0,1
5234,15705798,Brown,624,Spain,Male,41,6,30775.309232051175,1,1,1,110887.44376954589,0
5235,15704616,Jones,620,France,Male,50,8,151284.5076856737,3,0,1,53435.10655906401,0
5236,15773884,Garcia,640,France,Male,54,4,13876.03338083798,1,1,0,116475.74538662392,0
5237,15776596,Miller,708,Germany,Female,33,6,12457.835061783968,3,0,0,28579.731795375483,0
5238,15801963,Davis,575,Germany,Female,18,7,56723.22020080206,1,1,1,146060.4977750826,0
5239,15667942,Rodriguez,768,Spain,Female,39,8,17241.790609481446,1,1,1,56722.87458742156,1
5240,15674452,Martinez,527,Germany,Female,20,7,6914.5545367826635,1,1,1,81945.43712313991,1
5241,15822658,Smith,711,France,Male,43,1,23575.304286123086,3,1,0,45905.31378820822,0
5242,15748313,Johnson,814,Germany,Female,30,10,15473.606106197938,3,1,1,158302.9927040626,0
5243,15645696,Williams,632,Germany,Male,42,5,26634.93651646298,3,1,0,123795.02401071537,1
5244,15722561,Brown,669,Germany,Female,30,3,10321.143460213536,4,1,1,36583.1179570905,0
5245,15799092,Jones,553,Germany,Male,27,3,157307.87901012116,3,1,0,200000.0,1
5246,15640343,Garcia,598,France,Male,27,8,80885.8425455254,1,1,1,48560.56935591086,0
5247,15746187,Miller,806,France,Male,42,6,91911.51448880378,3,1,0,48949.63471617549,0
5248,15757166,Davis,724,France,Female,25,5,17676.230652216786,2,1,1,123252.02743604213,0
5249,15703400,Rodriguez,691,France,Female,44,1,97161.2326180896,4,1,1,172551.71097487357,0
5250,15750628,Martinez,456,France,Male,56,0,44675.59812469532,1,1,1,105722.63265018562,1
5251,15744732,Smith,578,Spain,Male,55,9,2920.206715497718,2,0,1,117137.89337239243,0
5252,15656766,Johnson,823,France,Female,23,3,8318.164793305712,3,1,1,110247.58610756375,0
5253,15801269,Williams,691,Spain,Female,25,8,29526.152947129613,1,1,1,70256.8085429213,1
5254,15664859,Brown,703,France,Male,43,3,25026.026323771915,3,1,0,109339.73858875451,0
5255,15779885,Jones,667,France,Male,28,1,79305.24612270328,1,0,1,164385.58865512692,0
5256,15730591,Garcia,588,France,Male,45,7,103442.65426053478,4,0,1,190882.988064409,0
5257,15770906,Miller,683,France,Female,21,5,100098.28113186626,1,0,0,136882.59561159607,1
5258,15833427,Davis,496,Spain,Male,38,0,23523.31621462966,3,0,1,162315.2827889739,0
5259,15687293,Rodriguez,489,France,Male,48,3,50499.11217419095,3,1,1,136895.2190426211,0
5260,15714370,Martinez,576,France,Male,23,9,34367.32637617701,1,1,0,78589.21709737579,0
5261,15791287,Smith,669,Spain,Female,37,4,109874.89332986633,2,1,1,152452.92635143822,0
5262,15648628,Johnson,493,France,Female,37,0,109898.60452810774,4,1,0,27253.104107014602,0
5263,15819209,Williams,662,France,Female,45,1,2768.8837970541767,1,1,1,89313.70915504651,0
5264,15665510,Brown,550,France,Female,32,8,42447.979449654595,4,1,0,200000.0,0
5265,15817787,Jones,564,France,Female,24,0,35005.19584653024,3,1,0,82818.80691377258,0
5266,15654212,Garcia,779,France,Male,18,10,73569.12205737474,4,1,1,104979.10300329074,0
5267,15812320,Miller,653,France,Female,52,7,10895.865394366616,4,1,1,57979.896717240335,0
5268,15697787,Davis,559,Spain,Male,47,10,59371.89640657713,3,1,1,39045.06122981219,0
5269,15707169,Rodriguez,668,Spain,Female,38,8,67087.02952249658,4,1,0,115499.52473588978,0
5270,15813248,Martinez,503,France,Female,38,1,1355.509926079001,2,1,1,109281.61854370056,0
5271,15670784,Smith,688,France,Female,43,1,28217.324521018956,2,0,0,178482.27353426375,0
5272,15750738,Johnson,760,France,Male,48,6,193034.54224710262,1,0,1,12749.406875103872,0
5273,15766244,Williams,716,Germany,Female,18,9,17876.945365310286,1,0,0,131112.38643891018,0
5274,15653890,Brown,850,France,Female,21,8,107938.17727797461,2,1,0,124953.20073110017,0
5275,15713426,Jones,456,Spain,Male,19,9,44202.07053242444,1,0,0,70073.90390496036,0
5276,15795551,Garcia,662,Germany,Female,35,8,17587.517997802577,4,1,1,145345.5445575196,0
5277,15719027,Miller,515,France,Male,40,2,90390.5051183322,3,0,1,13380.075373550178,0
5278,15635519,Davis,632,Germany,Female,49,6,233681.59756272737,1,1,0,22300.765404752572,1
5279,15710204,Rodriguez,650,France,Male,18,5,67740.91360512874,1,0,0,11600.0,0
5280,15699177,Martinez,850,France,Male,25,7,3162.643224613739,2,0,0,74097.22717637873,0
5281,15707120,Smith,644,France,Female,40,7,2691.699713454264,3,0,1,116153.29061433056,0
5282,15673706,Johnson,642,France,Male,41,7,33819.96457339249,1,1,0,114945.35436191718,0
5283,15783736,Williams,750,Germany,Male,37,7,304.27025514777085,1,1,1,66232.9576838569,1
5284,15651601,Brown,644,Germany,Female,27,10,56342.631959920574,3,0,1,196567.75518800266,0
5285,15827519,Jones,833,France,Female,32,9,821.8334437467781,3,1,0,108135.01591064609,1
5286,15775615,Garcia,716,Spain,Male,37,5,180716.54943884406,3,0,0,11600.0,1
5287,15695771,Miller,732,France,Female,21,8,106277.40805049617,1,1,1,200000.0,0
5288,15789144,Davis,463,France,Female,30,4,84472.33717677163,2,1,1,199244.50067871122,0
5289,15764346,Rodriguez,848,France,Female,25,3,83675.40394590533,4,1,0,151102.45092198558,0
5290,15745286,Martinez,584,Germany,Female,44,6,89901.48048387446,1,0,1,120581.1314342352,0
5291,15694423,Smith,649,Spain,Male,29,2,28480.678320124658,1,1,1,109012.63746551677,0
5292,15810109,Johnson,584,Germany,Male,25,7,78476.41483478351,3,0,0,38275.66673515805,0
5293,15770203,Williams,547,Spain,Male,33,7,22876.117289616373,3,0,0,107121.0598563818,1
5294,15646794,Brown,529,France,Male,46,10,94320.99293901003,4,0,1,102907.36114275068,0
5295,15708704,Jones,660,France,Male,38,4,48112.3110433765,1,1,1,115589.70674796517,0
5296,15749496,Garcia,453,Germany,Male,50,9,22185.22709215075,3,1,1,72261.41762349856,0
5297,15721397,Miller,625,Germany,Female,48,7,68417.45047190106,1,0,1,11600.0,1
5298,15799761,Davis,755,France,Female,31,2,13907.9965950253,3,1,1,154034.3077025492,0
5299,15701279,Rodriguez,713,Spain,Female,40,2,167142.5636023348,4,1,0,91881.11485804859,0
5300,15770301,Martinez,693,France,Male,49,3,54643.215438296036,2,0,0,78626.02295047045,0
5301,15822215,Smith,560,France,Male,34,8,25641.554864968435,4,1,1,125902.33725340574,0
5302,15833900,Johnson,491,Germany,Male,41,4,40006.35968246722,1,0,0,162724.82769350434,0
5303,15768929,Williams,754,Germany,Male,29,5,66888.19260740918,1,1,1,56588.27574890114,0
5304,15823107,Brown,605,France,Female,36,3,79806.87493533643,3,0,0,134324.92402299258,1
5305,15770887,Jones,641,France,Male,36,8,184361.43559159987,1,1,0,132862.512970002,0
5306,15737014,Garcia,630,France,Male,45,3,11720.175376653879,1,1,0,127897.53310144086,1
5307,15654006,Miller,717,Germany,Male,35,2,35103.208662224126,1,0,0,122053.4518797852,1
5308,15751147,Davis,834,Spain,Male,41,1,4795.691770907656,3,1,0,134114.12374833346,0
5309,15791054,Rodriguez,796,Germany,Male,42,2,4292.827189653937,4,1,1,99965.61038649577,0
5310,15784847,Martinez,416,France,Male,31,0,5509.3084886959805,3,1,1,145451.31048682262,0
5311,15818701,Smith,619,Spain,Male,34,10,15021.735613522447,1,1,0,101513.7161670708,1
5312,15658591,Johnson,515,Spain,Male,43,7,59591.4362187434,2,0,0,192676.07148467642,0
5313,15742708,Williams,743,France,Male,57,0,98712.52324982661,2,0,0,178759.1027200264,0
5314,15659121,Brown,650,France,Female,26,5,28634.662903051038,4,1,1,175407.38844869967,0
5315,15657041,Jones,710,France,Male,44,10,40506.8907383773,4,0,1,11600.0,0
5316,15753172,Garcia,610,France,Male,51,1,11556.707163993831,4,1,0,61285.88235175698,0
5317,15649597,Miller,546,Spain,Male,39,10,78290.48312744818,4,1,1,200000.0,0
5318,15658161,Davis,563,Spain,Male,29,10,109621.15702670881,4,0,1,11600.0,0
5319,15723651,Rodriguez,496,Spain,Male,38,2,33237.39600731148,1,1,1,200000.0,0
5320,15770695,Martinez,523,France,Male,29,8,8769.736579840848,2,1,1,124063.95350190035,0
5321,15732602,Smith,502,Germany,Male,33,8,255.73560519017974,1,1,0,96918.45333135511,1
5322,15786793,Johnson,546,France,Male,42,5,38437.86158416302,4,1,0,65026.2457625979,1
5323,15817213,Williams,540,France,Female,38,6,34421.49951961631,3,1,1,101643.24599418804,0
5324,15673952,Brown,689,Germany,Female,40,4,130055.38090966176,2,1,1,97235.33811359353,0
5325,15811897,Jones,685,France,Male,27,6,1858.3249051962905,2,1,1,51362.0290197585,0
5326,15660119,Garcia,689,Germany,Male,32,5,8064.309614231295,1,1,1,26759.065287888603,1
5327,15787924,Miller,767,Germany,Female,45,4,11012.797890744454,1,1,1,26000.09116232177,0
5328,15723734,Davis,642,Spain,Female,22,2,39606.91537548892,3,1,1,174388.916520911,0
5329,15832472,Rodriguez,571,France,Female,25,1,16755.194083728915,2,1,0,138104.28168100258,1
5330,15819873,Martinez,850,Spain,Male,35,4,11513.38208313019,2,1,1,124189.00294355988,0
5331,15694148,Smith,740,Spain,Male,33,7,36120.094406159355,2,1,0,41360.67190713546,0
5332,15740288,Johnson,665,Spain,Female,46,4,2075.131882587205,4,1,1,123350.09206998613,0
5333,15722753,Williams,658,Spain,Female,18,2,184931.10280821382,2,1,0,196835.9725435013,0
5334,15637929,Brown,678,Germany,Male,38,9,98670.76448044273,1,1,1,79000.41999768124,1
5335,15754920,Jones,629,France,Female,52,2,15870.055831853311,3,1,1,90540.79044050931,0
5336,15795442,Garcia,662,Germany,Male,42,4,20486.472873482096,4,0,1,125958.44133452384,0
5337,15830092,Miller,699,Germany,Male,23,8,14111.393966955222,4,1,1,13968.070109169334,0
5338,15808462,Davis,577,Germany,Male,63,7,131832.35040342988,2,0,0,187771.94410848897,1
5339,15750547,Rodriguez,486,Spain,Male,33,6,52949.9439784087,3,0,1,149948.00616959162,0
5340,15681432,Martinez,442,France,Female,18,4,36821.40231500829,1,1,0,138526.80100086937,0
5341,15687048,Smith,738,France,Female,47,8,35524.80162264793,1,0,0,104491.4535956562,1
5342,15780834,Johnson,491,Germany,Female,30,1,9071.33598983166,1,1,1,27093.867064286576,0
5343,15822257,Williams,696,France,Male,57,5,164366.40893602782,3,0,0,134267.56814209363,0
5344,15799672,Brown,534,France,Male,46,6,123018.95908930863,3,1,0,87601.94602320918,0
5345,15792904,Jones,536,France,Male,60,6,152268.24535336977,2,1,1,158277.98571036622,0
5346,15774750,Garcia,578,France,Male,28,10,17190.206974887107,3,0,1,87404.26071174629,0
5347,15703943,Miller,669,Spain,Female,51,3,32375.100446023396,3,0,0,200000.0,1
5348,15665687,Davis,521,Germany,Male,30,1,36586.726082014335,2,0,0,58809.103036033586,1
5349,15690173,Rodriguez,588,France,Male,42,0,33635.34342145447,4,0,1,64188.256271651524,0
5350,15780389,Martinez,647,France,Male,40,0,968.8001366895203,1,0,1,53827.134660622716,1
5351,15762910,Smith,528,France,Male,52,2,89532.79305100758,4,1,1,200000.0,0
5352,15640352,Johnson,792,France,Female,47,6,68628.55010356341,1,1,0,41299.889686517134,0
5353,15748533,Williams,477,France,Male,34,10,32198.63589062366,4,1,1,184904.19327399821,0
5354,15713370,Brown,628,Spain,Female,49,4,15557.90333788799,3,1,0,11600.0,0
5355,15670505,Jones,777,France,Female,38,6,50389.73378818744,4,1,1,97219.65575732668,0
5356,15797767,Garcia,517,Germany,Male,45,8,7441.9462800237325,4,0,1,52370.95117788748,0
5357,15725638,Miller,639,Spain,Male,41,7,250000.0,2,1,0,114872.0788969806,0
5358,15722556,Davis,663,Spain,Female,36,0,6696.0039908564195,3,1,0,184979.19623662057,1
5359,15799988,Rodriguez,569,France,Male,25,3,3011.6255191690752,3,1,0,55096.22423509704,0
5360,15813899,Martinez,642,Germany,Female,41,4,47390.19671755859,1,1,0,97668.90663062817,0
5361,15717616,Smith,706,France,Male,32,6,31126.195366539105,2,1,1,101864.29940575256,0
5362,15800853,Johnson,603,France,Male,26,10,63470.11865464851,3,0,0,121746.42321098402,0
5363,15751907,Williams,726,France,Female,47,7,6846.414810966607,4,0,1,55389.673628186196,0
5364,15791012,Brown,689,Spain,Female,32,7,22607.848919101343,4,0,0,94708.33419135085,1
5365,15666703,Jones,591,France,Male,20,3,34760.80217229228,4,1,1,48271.06298317392,0
5366,15637377,Garcia,762,Germany,Male,39,10,29619.076095599077,3,0,1,154557.3935534592,0
5367,15746099,Miller,575,Germany,Male,37,6,43737.477571388845,3,1,0,112357.21773422958,0
5368,15680221,Davis,735,Spain,Female,38,10,5365.351920781429,1,0,1,76428.8645286531,0
5369,15811512,Rodriguez,577,Germany,Male,38,1,35031.21583546338,1,1,0,60433.9875129109,1
5370,15785213,Martinez,618,France,Male,28,8,40457.86079584325,3,1,1,98279.8916718776,0
5371,15691726,Smith,633,France,Female,35,5,106440.8956121391,4,0,1,89930.95971739404,0
5372,15699751,Johnson,683,France,Male,49,3,42323.79820092857,2,1,1,166925.0054469003,0
5373,15661218,Williams,408,Spain,Male,47,5,39625.78587169108,1,1,1,76452.19184860664,0
5374,15820241,Brown,695,Germany,Female,35,6,83586.36641286909,3,0,1,48032.79221228996,0
5375,15802773,Jones,639,Germany,Male,44,9,3360.3040183863764,4,1,1,91587.3134648208,0
5376,15696401,Garcia,678,France,Male,39,7,52200.83035181068,1,1,0,11600.0,1
5377,15724823,Miller,700,Spain,Male,35,3,83513.68235324534,1,1,1,149770.05173226155,0
5378,15749481,Davis,689,Germany,Female,51,8,4968.6853372553915,3,1,1,179980.64068484365,0
5379,15660081,Rodriguez,449,Spain,Male,30,5,83452.08871791228,4,1,0,198518.40818079974,0
5380,15811846,Martinez,543,Germany,Male,42,0,77359.77166441464,1,1,1,11600.0,1
5381,15733767,Smith,683,France,Female,22,2,47.17870457058085,1,1,0,77396.53704588456,1
5382,15690465,Johnson,669,France,Male,42,0,14128.565725966931,3,0,1,146816.71191008243,0
5383,15807717,Williams,571,France,Female,32,5,8200.014113640302,1,1,0,115679.30831276848,0
5384,15717171,Brown,723,Germany,Male,35,5,35804.19524737568,3,1,1,52150.42939887547,1
5385,15781082,Jones,624,Germany,Female,36,6,122674.24101476185,3,1,1,114219.37045574696,0
5386,15823654,Garcia,738,France,Female,18,0,46153.99114354669,3,0,1,132044.24765309776,0
5387,15650953,Miller,771,France,Female,22,0,46040.42070051616,1,0,1,89795.72306640956,0
5388,15769805,Davis,677,France,Male,47,4,6553.785433235937,2,1,1,63447.24340135942,0
5389,15679427,Rodriguez,705,Spain,Female,40,4,54887.52955222207,4,0,1,45112.28934552826,0
5390,15645951,Martinez,589,France,Male,53,0,109606.14128723303,4,1,1,146510.7538837723,0
5391,15826605,Smith,739,France,Female,25,6,28048.753056250393,4,0,0,161371.29463805884,1
5392,15678856,Johnson,671,France,Male,47,6,57248.716508527985,2,1,0,200000.0,0
5393,15672827,Williams,620,France,Male,43,5,17472.988490939646,1,1,1,114916.8311027152,0
5394,15647055,Brown,528,Germany,Male,50,6,15660.197648493382,1,1,0,74621.44042207548,1
5395,15784488,Jones,601,Spain,Male,37,5,10234.066751751341,4,1,1,31078.86095752516,0
5396,15783937,Garcia,539,France,Male,40,9,13820.80425743392,3,1,1,87299.79373822841,0
5397,15712296,Miller,726,Germany,Female,30,1,20985.184145502644,4,1,0,107084.04454812352,0
5398,15650337,Davis,772,France,Male,36,4,41819.48898915643,2,1,0,112323.53049172024,0
5399,15781504,Rodriguez,741,Spain,Female,34,6,75855.39163394942,2,1,0,76592.36125358925,0
5400,15682495,Martinez,850,France,Male,25,1,17093.760391651565,1,0,1,198669.33033833597,0
5401,15810347,Smith,603,France,Male,40,4,9202.850093959358,3,1,1,176728.5900716555,0
5402,15761608,Johnson,709,Germany,Male,48,2,29870.286223654406,1,1,1,178424.2961303222,0
5403,15679668,Williams,531,France,Male,50,8,77916.9712350681,1,1,1,83368.32249954328,0
5404,15769047,Brown,630,France,Male,30,9,24660.12232106523,2,1,0,114551.99368122527,1
5405,15776009,Jones,502,Germany,Female,38,0,122250.35587022013,1,0,0,71759.95223781539,1
5406,15789415,Garcia,706,Germany,Male,37,6,14245.275436921209,2,1,0,88390.1533097838,0
5407,15645294,Miller,614,France,Female,53,9,71005.7710393758,1,0,1,173268.09458008135,0
5408,15812969,Davis,444,Germany,Male,56,3,31532.89193619486,2,0,1,50644.8531545665,0
5409,15680143,Rodriguez,581,Germany,Female,25,4,5665.485208843042,2,1,1,100132.37368869918,0
5410,15799731,Martinez,829,Germany,Male,43,0,16499.725389355986,4,1,1,90311.41985932775,0
5411,15701585,Smith,691,Germany,Female,44,4,97675.1098702671,2,0,0,77001.14773175342,0
5412,15785257,Johnson,726,Germany,Male,36,10,295.2817890307068,2,1,1,144748.60187350155,0
5413,15788439,Williams,662,France,Male,26,7,70599.41960652792,3,0,0,94528.77840456468,0
5414,15824961,Brown,631,France,Male,46,5,83408.07558165939,2,0,0,102754.04059778887,0
5415,15789580,Jones,651,France,Male,51,1,6382.436405988082,3,1,0,159211.40009059905,0
5416,15755349,Garcia,674,France,Male,33,1,163758.37965956493,3,1,1,108984.80887409477,0
5417,15719705,Miller,540,Spain,Male,50,10,102899.95089042185,1,0,0,199963.52680348745,0
5418,15812199,Davis,726,France,Female,39,8,9833.072155319189,2,1,1,25017.4281285592,0
5419,15803904,Rodriguez,762,France,Male,53,0,13817.790337972072,1,1,1,178630.77742677927,0
5420,15785194,Martinez,630,France,Male,53,1,85313.38809584007,1,0,0,145478.11362404082,0
5421,15817608,Smith,597,France,Male,38,7,39524.02469591245,2,1,0,142978.11115899542,0
5422,15660168,Johnson,575,Germany,Female,43,5,127917.7467427487,2,1,1,52918.016142790235,1
5423,15707795,Williams,825,France,Male,31,2,193498.54209225732,4,1,1,130601.02735185018,0
5424,15795808,Brown,604,Germany,Female,22,2,21037.146696763113,1,1,0,17981.95160727814,1
5425,15776019,Jones,715,France,Male,41,10,5100.08723261122,1,1,1,128526.2065752717,1
5426,15755617,Garcia,631,Spain,Male,24,8,60787.913547578755,4,0,0,58960.38568160671,0
5427,15806859,Miller,625,Spain,Male,59,1,128275.9331398296,2,1,1,153769.60555080435,0
5428,15765558,Davis,573,Germany,Female,50,9,9008.86858942495,4,1,0,24471.5453081859,0
5429,15705346,Rodriguez,552,Spain,Male,37,4,211286.9715068638,3,1,0,73889.187559399,0
5430,15668057,Martinez,723,Germany,Male,65,6,10899.705691659421,3,1,0,66613.11986314534,0
5431,15793692,Smith,550,Spain,Female,32,5,4511.3140890538525,1,1,1,110593.60561900234,0
5432,15688821,Johnson,696,Spain,Male,35,0,34228.99712524459,4,1,1,84443.15118742172,0
5433,15680593,Williams,659,Spain,Female,34,9,81884.82529473385,3,1,0,123890.78064447353,0
5434,15708218,Brown,725,Germany,Female,38,2,21876.83538856467,1,0,1,52522.55224324821,0
5435,15722040,Jones,589,Spain,Female,35,4,20161.46213748444,2,1,0,188323.31822499924,0
5436,15751443,Garcia,758,Germany,Male,43,2,10976.960020385797,1,0,1,138174.93790554797,0
5437,15775160,Miller,635,France,Male,29,2,213718.5622490407,3,1,1,43603.5547028779,0
5438,15804536,Davis,850,France,Female,40,4,20917.287462090615,3,1,1,181849.37855823326,0
5439,15693472,Rodriguez,488,Spain,Male,33,7,54901.218362216096,3,1,1,100725.86622500548,0
5440,15721296,Martinez,850,France,Male,39,9,7100.131997594705,2,1,1,138786.17176564908,0
5441,15678458,Smith,637,Germany,Male,28,7,29869.74035295004,4,1,0,95373.91199533918,0
5442,15736009,Johnson,672,France,Male,30,7,79438.87289176571,2,1,1,118347.31335639335,0
5443,15665981,Williams,589,France,Female,60,5,175900.70432719332,2,1,0,200000.0,1
5444,15699331,Brown,493,Spain,Female,29,8,9760.346961092566,3,1,1,146639.30095290643,0
5445,15794052,Jones,597,Spain,Male,44,4,4971.6944396054205,2,0,1,200000.0,0
5446,15688955,Garcia,613,Germany,Female,33,9,219115.0525086336,2,1,1,143078.47205919147,0
5447,15815670,Miller,668,France,Male,28,6,40392.314272208336,2,1,0,81799.74190008148,0
5448,15648633,Davis,762,France,Female,39,0,21188.141540699944,4,0,1,91061.32830988178,0
5449,15700584,Rodriguez,669,France,Male,30,3,161293.0190220542,1,1,0,115703.59795732595,0
5450,15671285,Martinez,670,France,Male,44,0,24730.318435841305,3,1,0,21373.791561573613,1
5451,15748693,Smith,688,France,Male,37,9,13198.526988416754,3,1,1,95383.84481388681,0
5452,15752399,Johnson,474,Germany,Male,52,1,81355.559870718,3,1,1,166155.00477201628,0
5453,15783292,Williams,483,France,Male,25,5,18841.294284467665,2,1,0,166642.10688572304,1
5454,15641189,Brown,500,Germany,Male,41,0,19428.763097928782,4,0,1,48457.75947467024,0
5455,15697392,Jones,612,France,Female,42,8,29438.43257431566,2,1,0,168277.77944636688,0
5456,15666082,Garcia,462,France,Female,29,5,59038.69929920642,2,1,0,77792.96499129295,0
5457,15786201,Miller,581,France,Female,32,7,92183.25437095946,1,0,0,11600.0,1
5458,15658171,Davis,513,Spain,Female,24,9,12820.2857704602,1,1,1,63966.68646464946,0
5459,15645753,Rodriguez,698,Germany,Female,23,9,22509.076986860833,4,1,0,148183.73608759383,1
5460,15824848,Martinez,693,France,Female,37,7,34275.68411883404,1,0,0,63939.62526374532,1
5461,15679341,Smith,619,Germany,Male,47,1,1297.220754327149,4,0,1,113177.84483576036,1
5462,15667556,Johnson,460,Spain,Female,37,1,59718.54621549425,2,0,1,74518.54375721297,0
5463,15743975,Williams,626,Spain,Female,38,2,41731.81271387784,2,1,0,83860.75336382019,0
5464,15800977,Brown,682,Germany,Male,26,10,7168.144770657561,3,1,0,149414.96151682048,0
5465,15669302,Jones,731,France,Male,18,7,6981.95377508045,1,1,0,200000.0,1
5466,15758330,Garcia,825,Germany,Male,42,10,112776.57234144128,2,1,1,74652.7961921715,0
5467,15833242,Miller,761,Spain,Female,32,7,57491.82617098435,1,1,1,53420.19967226341,1
5468,15701390,Davis,666,Germany,Female,20,4,24556.102063727976,4,1,1,125480.34671911114,0
5469,15705647,Rodriguez,621,Spain,Female,33,1,20630.628657605175,1,1,1,106864.57953424648,0
5470,15803516,Martinez,575,France,Female,41,10,19052.27851296526,2,0,0,143033.25273619976,1
5471,15779574,Smith,785,France,Male,43,3,53161.24063647357,4,0,1,197246.66957529145,0
5472,15762594,Johnson,666,Spain,Female,40,3,9846.28958038951,1,1,1,168250.80603631187,0
5473,15714661,Williams,713,Germany,Male,32,6,218841.73763900722,1,0,1,78026.62013925631,0
5474,15636483,Brown,590,France,Male,44,3,58086.45037051441,2,1,0,126777.40715310953,0
5475,15798711,Jones,525,France,Female,38,9,6797.864031706676,2,1,1,104044.2531119496,0
5476,15767304,Garcia,609,Spain,Female,30,5,7426.749366570143,4,1,0,105925.70196414451,1
5477,15655391,Miller,619,France,Female,27,10,52247.882439243745,1,1,0,138345.7558711934,0
5478,15760685,Davis,669,France,Male,40,1,24158.437874775605,3,1,1,64561.11252488314,0
5479,15722661,Rodriguez,576,France,Female,47,1,53934.26814194645,4,1,1,200000.0,0
5480,15680753,Martinez,652,Spain,Male,44,10,64099.75900437427,3,1,1,109040.82456314136,0
5481,15814594,Smith,767,Spain,Male,40,4,38600.86831625513,3,1,0,107102.2940720517,0
5482,15743990,Johnson,482,Germany,Male,45,0,14822.938883152256,4,1,1,113739.17300393552,0
5483,15832905,Williams,438,Germany,Female,62,1,40054.56484054991,4,0,0,174227.67725993745,0
5484,15637864,Brown,774,France,Male,41,2,27397.42696264778,4,1,0,50944.30069399907,0
5485,15701583,Jones,503,France,Male,40,8,110517.19003539557,4,1,0,103736.7403916817,0
5486,15755553,Garcia,611,Spain,Female,44,8,67394.33823181654,2,0,0,17262.468707258362,0
5487,15757701,Miller,710,France,Female,46,6,48245.71328415711,3,1,0,69599.24894679643,0
5488,15716574,Davis,644,France,Male,25,4,2026.6708070086122,2,1,0,133059.85828896431,0
5489,15710087,Rodriguez,642,Germany,Male,40,1,231113.85034705093,1,1,1,67760.63739610848,1
5490,15689324,Martinez,657,France,Female,49,1,41766.81437559841,2,0,0,104267.60587688984,0
5491,15724101,Smith,850,Germany,Female,56,7,14986.222584427547,4,1,0,74196.28876418772,0
5492,15816492,Johnson,828,Germany,Male,39,2,44766.30896990516,3,1,1,158061.22009746058,1
5493,15795606,Williams,580,Germany,Male,34,6,85158.85316550641,3,1,0,32566.36360570445,0
5494,15641503,Brown,755,France,Female,40,5,38669.83894868185,3,1,0,52328.10264357444,1
5495,15752075,Jones,700,France,Male,32,5,75004.27628626517,3,1,0,53064.75670964667,0
5496,15643199,Garcia,648,Germany,Male,54,2,26639.737518128044,4,1,1,131560.49352254294,0
5497,15764233,Miller,559,Spain,Male,43,5,44575.36792470686,3,1,0,77247.10619517916,0
5498,15698511,Davis,695,France,Male,38,3,27430.722876981934,1,1,0,108238.23477208706,0
5499,15706993,Rodriguez,619,Spain,Female,50,0,37517.25170955261,1,1,1,175994.47257537203,0
5500,15773937,Martinez,612,Germany,Male,27,7,9166.695393621014,1,1,1,81952.98288065432,0
5501,15697895,Smith,573,Spain,Male,18,8,45645.082329245226,1,0,1,187763.19955071172,0
5502,15791479,Johnson,749,France,Female,43,2,193045.50845178388,2,1,1,11600.0,0
5503,15646476,Williams,573,France,Female,49,10,72369.46712783352,3,0,0,28694.697707093423,0
5504,15721004,Brown,573,France,Female,37,0,19286.688477711643,3,1,0,84136.88524969574,0
5505,15648681,Jones,727,France,Male,32,0,99703.69222378524,1,1,0,17132.082614092695,0
5506,15815524,Garcia,635,Spain,Male,29,0,113036.19329695393,1,1,0,143851.5528687934,0
5507,15707381,Miller,638,France,Male,26,8,9728.186129553716,4,0,1,128406.59834599632,0
5508,15730010,Davis,753,Germany,Male,45,9,2729.8774129892054,4,1,0,131240.47627965434,0
5509,15774692,Rodriguez,781,France,Male,47,4,42487.23574393103,4,1,1,22225.91545310481,0
5510,15755208,Martinez,437,Germany,Female,48,2,32302.00600622073,1,1,1,88958.6669711417,0
5511,15815174,Smith,637,France,Female,39,9,62708.28380473176,4,1,0,98131.20612433345,0
5512,15754664,Johnson,508,France,Female,27,8,17340.381352929184,2,1,0,63734.53067890959,0
5513,15646702,Williams,611,France,Female,31,9,23918.884441516708,2,1,1,77885.99781879844,0
5514,15691623,Brown,649,Spain,Female,44,8,15316.22281315588,1,0,0,69604.41457362381,0
5515,15785474,Jones,614,France,Female,28,5,17275.269455603382,3,1,1,78029.35961953629,0
5516,15762728,Garcia,547,France,Female,37,4,466.5375310875762,2,1,0,185603.98289316706,1
5517,15829074,Miller,542,France,Female,28,0,35744.64740475473,4,1,1,23030.310949986815,1
5518,15727048,Davis,722,Spain,Male,32,5,32042.40550541908,1,1,0,20299.55662605785,1
5519,15664039,Rodriguez,803,Germany,Male,27,4,21993.10361238661,1,1,0,200000.0,1
5520,15812349,Martinez,443,Germany,Female,39,8,38847.13222583934,1,1,0,200000.0,0
5521,15785616,Smith,617,Germany,Male,24,6,24859.31244188153,3,1,1,168484.23110221617,1
5522,15655464,Johnson,723,France,Female,31,2,28331.117571714996,4,1,1,37913.39415251005,0
5523,15646271,Williams,646,Germany,Female,47,4,99.32100426197745,4,0,1,44048.02878562001,0
5524,15755821,Brown,538,France,Female,49,5,3430.3819971519565,4,1,1,54111.78209413489,0
5525,15819446,Jones,602,France,Male,45,10,8167.2886287299125,2,1,0,103655.4227085458,1
5526,15650518,Garcia,680,Germany,Male,53,1,10168.301311311949,4,1,0,126104.00498116517,1
5527,15645480,Miller,619,Germany,Male,25,6,30091.573852779362,4,0,1,25354.27823376625,0
5528,15637587,Davis,645,France,Female,38,8,103936.42747251198,3,1,0,79676.55606213392,0
5529,15675837,Rodriguez,648,France,Male,39,9,26046.647032930192,4,1,0,79865.85161459107,0
5530,15653533,Martinez,597,Spain,Female,58,8,49334.64695196351,2,1,0,81553.27828807676,0
5531,15727478,Smith,731,Germany,Female,36,4,1307.081843773807,3,1,0,101455.74035840115,0
5532,15634938,Johnson,602,France,Female,47,7,96497.81893024985,2,1,1,109129.4900061932,1
5533,15677535,Williams,549,France,Female,55,8,6003.096825209349,3,1,1,200000.0,0
5534,15680138,Brown,850,Spain,Female,40,5,16723.9354310242,4,1,1,53879.9098537294,0
5535,15704106,Jones,642,Spain,Male,34,3,84841.32818462876,4,1,0,117288.5622229739,0
5536,15733816,Garcia,389,Spain,Female,35,3,15385.90804355771,1,1,0,62371.31765911942,0
5537,15816822,Miller,775,France,Male,21,2,14920.28720492523,3,1,0,200000.0,0
5538,15748538,Davis,775,France,Male,34,8,46189.19710713183,1,1,0,84771.1342407144,0
5539,15650881,Rodriguez,695,France,Male,24,9,116778.70728139505,4,1,0,49881.065448899215,0
5540,15834339,Martinez,713,Germany,Female,46,10,12017.620066813406,4,1,0,50343.13225530538,0
5541,15738353,Smith,850,France,Male,23,10,48486.988178428575,3,0,0,86503.29654599598,0
5542,15739035,Johnson,553,France,Female,42,5,45838.054463225606,1,1,0,155298.03134116426,0
5543,15705988,Williams,663,France,Female,50,7,53870.378023432306,4,0,0,70522.48338754146,0
5544,15720726,Brown,846,Germany,Female,46,1,146655.83067209637,1,1,0,120448.40030245113,0
5545,15740352,Jones,850,France,Male,34,3,9069.008673412322,3,0,1,129015.0070466941,0
5546,15712087,Garcia,613,Germany,Female,46,1,53117.48860112776,3,0,1,125914.80695570345,0
5547,15708657,Miller,850,Spain,Female,39,10,10067.8836945161,3,1,0,27060.472872035883,0
5548,15726513,Davis,730,Germany,Male,34,10,18865.8411545622,3,1,0,124627.25013083992,0
5549,15733220,Rodriguez,799,France,Female,35,2,24711.663202141695,4,0,0,95198.46427435936,0
5550,15832344,Martinez,726,Spain,Male,43,1,90209.07483009422,4,1,0,178885.70315624474,1
5551,15819702,Smith,680,France,Male,23,8,2760.311732572677,3,1,1,112412.87385210309,1
5552,15748494,Johnson,850,France,Female,33,8,66147.66374443538,1,1,0,103163.31663851699,1
5553,15705730,Williams,597,Spain,Male,42,5,121858.44257924345,1,1,1,153090.8726039315,0
5554,15783782,Brown,840,France,Male,33,6,4127.893057679489,4,0,1,75344.56130618643,0
5555,15687097,Jones,850,Germany,Female,26,4,78206.50359944989,2,1,1,200000.0,0
5556,15717408,Garcia,786,France,Male,30,9,5694.408013282631,2,1,1,54087.3110030245,0
5557,15727787,Miller,642,Germany,Male,40,0,164644.48572119817,2,1,1,84453.6139317308,0
5558,15822504,Davis,674,Germany,Female,43,3,84468.64103918892,4,1,1,37755.97536509144,0
5559,15818183,Rodriguez,522,France,Female,49,3,59369.60800192963,3,1,0,11600.0,0
5560,15832080,Martinez,604,Germany,Female,46,7,39931.99306188529,4,0,1,78868.02600516284,1
5561,15805193,Smith,712,Spain,Female,46,4,126799.99077727382,3,0,0,85353.81089080969,0
5562,15684251,Johnson,507,France,Male,19,2,6338.9293491320195,3,1,0,60376.49979786976,0
5563,15800198,Williams,620,France,Female,46,0,6493.147253079684,3,1,1,11600.0,0
5564,15799559,Brown,844,France,Female,33,0,86436.27951417446,4,1,0,178216.5285059599,0
5565,15810043,Jones,634,Spain,Male,24,4,32919.88765206553,1,1,1,59513.04713735617,0
5566,15730004,Garcia,753,Germany,Female,44,7,93234.70120016817,1,1,0,64440.125045804714,0
5567,15665278,Miller,706,Spain,Female,40,8,24769.085083457685,4,1,0,124383.79735922432,0
5568,15698695,Davis,619,France,Male,47,9,30061.247499783713,1,1,1,95174.02062402327,0
5569,15813438,Rodriguez,634,France,Female,33,9,20179.244065684536,2,0,1,53029.47680482798,0
5570,15816473,Martinez,666,France,Female,38,1,150530.38011588898,2,1,1,115559.11508486833,0
5571,15714016,Smith,444,France,Male,20,4,31269.758101522686,1,1,0,115768.16457863593,0
5572,15727697,Johnson,744,Germany,Female,58,3,70344.668055592,1,1,0,40173.26391787065,0
5573,15706909,Williams,638,Spain,Female,25,2,59521.383742066435,1,0,1,138989.67106268127,1
5574,15730034,Brown,748,France,Female,30,10,13399.655172362698,1,1,1,70494.45375390469,0
5575,15666525,Jones,688,Spain,Male,28,7,122660.15818011586,1,0,1,181953.51420938244,0
5576,15752051,Garcia,633,France,Male,41,1,39337.97006706602,4,0,0,170499.97519655337,0
5577,15682176,Miller,669,Spain,Male,30,1,96829.7996111227,2,1,1,140227.05032140735,1
5578,15809065,Davis,670,France,Female,49,4,89245.51387783104,3,0,1,123415.29361166492,0
5579,15756359,Rodriguez,797,Spain,Female,42,9,3023.073640764853,4,1,0,63019.78837722752,0
5580,15688266,Martinez,656,France,Male,24,9,48349.31482177284,3,0,0,15612.983215749293,0
5581,15701986,Smith,678,Spain,Male,46,9,77791.17665552812,1,1,0,11600.0,0
5582,15665629,Johnson,523,France,Male,48,0,118488.76833854258,3,1,0,28911.412097294364,0
5583,15801138,Williams,645,France,Female,31,6,35290.92449552264,4,0,1,164305.60572987227,0
5584,15669087,Brown,795,France,Female,27,8,69457.45040020604,1,1,1,136580.40306352585,0
5585,15785130,Jones,692,France,Male,42,1,174715.70816056218,1,1,0,99960.80103507187,0
5586,15670156,Garcia,541,Germany,Male,45,9,87967.25506782232,4,1,1,101856.30961094945,0
5587,15681524,Miller,552,Spain,Male,28,0,96352.56323145778,3,0,0,107327.71238065214,1
5588,15648011,Davis,575,Germany,Male,48,8,26151.896228355898,4,1,0,91927.00298140601,0
5589,15671241,Rodriguez,749,Germany,Female,33,1,4808.40431307558,3,0,1,148548.2721190209,0
5590,15829301,Martinez,737,France,Male,50,8,169111.74220543256,3,1,1,143912.14233141247,0
5591,15654294,Smith,350,Germany,Male,23,7,59506.545810097145,4,1,1,128057.4235676283,1
5592,15723639,Johnson,641,France,Female,31,6,9386.648064749712,1,0,1,62651.71392966024,0
5593,15819874,Williams,664,Spain,Female,36,10,182161.27094451038,2,0,1,66983.0820908772,0
5594,15823089,Brown,553,France,Female,29,0,62901.40475218718,1,1,1,106798.20015795394,0
5595,15652676,Jones,610,Germany,Female,38,3,4735.7758267077,4,1,1,44539.765115833645,0
5596,15781223,Garcia,783,France,Female,35,10,9365.50676449596,4,1,0,58783.83841291436,0
5597,15664565,Miller,690,France,Female,36,10,100276.25238967406,4,1,0,47207.84419108282,1
5598,15686867,Davis,600,France,Female,34,6,153773.94798141817,3,1,0,63271.390081669495,0
5599,15650663,Rodriguez,631,France,Female,26,5,22692.918295550448,1,1,0,22905.778383839555,1
5600,15823900,Martinez,627,France,Female,38,0,26658.835230388202,2,1,1,72173.36766792429,0
5601,15794484,Smith,678,France,Male,37,6,25163.92107830257,4,1,0,88122.06030658269,0
5602,15825680,Johnson,507,Spain,Male,28,1,90198.54489057173,4,0,1,97447.17407957936,0
5603,15748104,Williams,583,France,Male,51,7,30188.742142766285,2,0,1,52538.2285136991,0
5604,15657402,Brown,753,Spain,Female,42,1,23520.763114048554,1,1,1,173214.10158785526,0
5605,15750794,Jones,642,France,Female,46,3,48625.67983738488,1,1,0,142140.54739446752,1
5606,15741830,Garcia,565,France,Female,30,5,33719.50599625865,4,1,1,75054.00411343477,0
5607,15823441,Miller,569,Germany,Male,18,7,38116.65835747419,4,1,1,133893.1582136762,0
5608,15662656,Davis,722,Germany,Male,56,10,26129.15414212291,2,1,1,123213.81373012444,0
5609,15811071,Rodriguez,598,France,Female,40,2,30856.94006863861,3,0,1,121952.80134911422,0
5610,15647835,Martinez,701,Germany,Male,42,5,1831.9198016992516,3,0,1,135644.4545673329,0
5611,15790742,Smith,587,France,Male,42,5,130037.64508045616,1,1,0,94476.96922394847,0
5612,15700329,Johnson,537,Germany,Female,42,0,1552.4927341811624,4,0,1,90650.9610683903,0
5613,15725212,Williams,674,Germany,Male,28,5,74098.95871113134,4,0,1,11600.0,1
5614,15705055,Brown,640,France,Male,28,0,17710.23788696026,3,1,0,144109.94833395907,0
5615,15738737,Jones,718,Spain,Male,28,8,5953.496830039366,4,1,0,130991.66060773352,1
5616,15791506,Garcia,738,Germany,Male,44,3,47041.23761495087,3,0,0,165164.67819646405,0
5617,15743066,Miller,614,France,Female,26,4,61370.880477692335,1,1,1,26153.259034308736,0
5618,15648284,Davis,684,Spain,Male,23,0,49739.86927884987,3,0,1,176308.32054068745,1
5619,15789057,Rodriguez,611,Spain,Male,32,0,42910.968592939615,2,0,0,186000.77603903922,0
5620,15692762,Martinez,713,Germany,Male,36,8,38413.64216257814,1,1,0,136733.1190632223,1
5621,15658268,Smith,673,France,Female,38,5,38941.65052533661,2,1,1,120622.01131795858,0
5622,15693419,Johnson,587,Spain,Male,34,9,100280.23003271727,4,1,1,102272.82005568604,1
5623,15725800,Williams,579,France,Male,43,9,4723.977123272743,3,0,0,54879.009222728186,0
5624,15800316,Brown,676,France,Male,50,5,8561.292000577874,2,0,1,109366.58359589773,0
5625,15676432,Jones,766,France,Male,39,4,83739.10024634727,4,1,0,123071.1160134625,0
5626,15644836,Garcia,740,Germany,Male,50,5,18051.35818100868,2,1,1,153603.03742883622,0
5627,15692218,Miller,555,Spain,Male,44,7,73824.11315978013,2,1,1,187499.85714128066,0
5628,15643823,Davis,566,Germany,Female,29,6,21746.957446087163,2,0,0,105358.80546526684,0
5629,15777084,Rodriguez,580,Spain,Female,30,6,129787.5197736708,2,1,0,116846.74849206788,0
5630,15827087,Martinez,590,France,Female,30,8,16517.905280494386,1,0,1,107142.464076894,0
5631,15635653,Smith,468,France,Male,37,8,27834.436301903166,1,0,1,200000.0,1
5632,15745131,Johnson,729,Germany,Female,36,8,8648.75725185558,2,1,0,82237.14959843649,0
5633,15711520,Williams,604,Spain,Male,44,0,54933.29420934833,4,1,0,11600.0,1
5634,15712718,Brown,696,Germany,Female,37,10,25781.95150045727,2,0,0,81427.95488397816,0
5635,15756828,Jones,618,France,Male,41,10,141684.22724922444,3,1,0,149640.63187012597,0
5636,15822237,Garcia,647,France,Female,27,5,793.6661210814631,1,0,0,11600.0,0
5637,15679359,Miller,581,France,Female,41,4,24522.675907082954,1,0,0,101297.8009530081,0
5638,15755610,Davis,647,France,Male,34,7,1195.663592098764,3,1,1,23071.988465858114,0
5639,15816931,Rodriguez,562,France,Male,33,10,19952.401604666975,3,0,0,120565.22931146817,0
5640,15765981,Martinez,647,Spain,Female,32,9,23921.571395057377,1,0,1,200000.0,0
5641,15691491,Smith,795,Germany,Male,54,7,14929.49373206977,3,1,0,18163.76453678416,0
5642,15834569,Johnson,702,Germany,Female,27,7,14754.2109956147,1,1,1,117798.16071624716,0
5643,15670546,Williams,679,France,Male,45,4,15059.27657411034,4,1,1,160224.57893599357,0
5644,15734157,Brown,518,France,Male,38,9,15479.791321469405,4,0,0,197461.64466969128,0
5645,15672736,Jones,706,Germany,Female,25,10,16584.217319306197,2,1,1,200000.0,0
5646,15792997,Garcia,716,Spain,Male,36,9,95290.52711413948,1,1,1,118560.49587421768,1
5647,15660556,Miller,676,Germany,Male,18,0,1991.855932657811,3,1,0,160869.31420784123,0
5648,15820695,Davis,671,Spain,Female,56,3,225084.6627174478,1,1,1,163713.20784725016,0
5649,15724561,Rodriguez,635,Spain,Female,35,6,16531.090813187657,2,0,0,115149.01610098066,1
5650,15639594,Martinez,714,France,Female,50,1,1417.2040302265564,2,1,0,38818.24141070799,0
5651,15636563,Smith,789,France,Female,52,6,9628.242239216685,1,1,0,148995.86500905993,0
5652,15647099,Johnson,683,Germany,Male,33,4,142250.46402255155,2,1,1,189876.1132037908,0
5653,15798225,Williams,552,France,Male,39,5,250000.0,2,1,1,23340.382963266005,1
5654,15821429,Brown,560,France,Male,40,5,14168.108698880022,1,1,1,129754.30975028666,0
5655,15647857,Jones,722,France,Female,58,4,12773.60594450231,2,0,0,80889.22917487066,0
5656,15770241,Garcia,553,France,Male,37,9,90421.96884298699,4,1,0,119634.25476317035,0
5657,15683449,Miller,670,Spain,Male,38,6,122793.75740286456,1,1,0,74192.13404844857,1
5658,15813677,Davis,615,France,Female,25,3,52542.725382259756,2,1,0,125565.5150696773,1
5659,15654991,Rodriguez,542,France,Female,30,0,137303.42763450323,3,0,0,150001.25094302307,0
5660,15810197,Martinez,733,Germany,Female,34,8,149799.0941081674,1,1,1,69252.18808759659,0
5661,15758404,Smith,720,Germany,Male,52,6,71290.91307959397,4,0,1,81942.4139054164,0
5662,15696178,Johnson,514,Germany,Female,57,8,21439.88550053325,3,1,0,79479.90521345791,1
5663,15678521,Williams,698,Spain,Male,44,10,8094.172602051181,3,1,0,176082.76270557026,0
5664,15637960,Brown,683,Spain,Female,42,8,36456.607051627514,4,1,0,188078.28320196818,0
5665,15723137,Jones,733,Germany,Male,45,6,17097.064758663637,3,1,1,11600.0,0
5666,15740584,Garcia,666,France,Male,32,1,6306.617739379196,4,1,1,114646.97526325971,0
5667,15640300,Miller,792,France,Male,52,10,25043.47182052965,4,1,0,96681.87780572247,1
5668,15701411,Davis,637,Germany,Male,24,1,32673.80382395839,2,1,1,69139.00633663323,0
5669,15727681,Rodriguez,622,Spain,Female,34,3,54233.42068448463,1,0,0,141220.14634323737,0
5670,15690407,Martinez,552,Spain,Female,45,8,12496.158129551226,1,0,1,100523.82541835721,1
5671,15797023,Smith,556,Germany,Female,34,6,101435.0204289906,3,1,1,188393.77656769505,1
5672,15815922,Johnson,547,Germany,Male,63,8,10255.468961959403,3,0,1,121751.48164844877,0
5673,15709635,Williams,671,France,Female,45,3,250000.0,2,0,1,53051.707185128995,0
5674,15732841,Brown,623,France,Male,48,8,40695.63757287648,1,1,0,93473.76946249673,0
5675,15765009,Jones,683,France,Male,31,6,7940.547218906559,1,0,1,62989.69352283902,0
5676,15678643,Garcia,529,France,Male,48,7,89907.08675593662,2,1,1,190895.9540834063,0
5677,15666556,Miller,564,France,Male,47,0,14633.469382276746,4,0,1,120244.38667413042,0
5678,15642604,Davis,562,France,Male,54,8,10432.025444391797,4,1,1,155686.32341433087,1
5679,15704385,Rodriguez,850,Germany,Male,18,7,7239.311489232361,1,1,0,25741.726335250292,0
5680,15742126,Martinez,633,Germany,Female,31,0,40024.904504051054,3,1,0,91547.76753638913,1
5681,15759459,Smith,643,Germany,Female,42,7,105733.33041013317,3,1,0,69800.68245532615,1
5682,15654340,Johnson,642,France,Male,42,4,113704.79212212811,1,1,1,39711.41932763702,0
5683,15645305,Williams,805,France,Male,38,2,76999.92670961056,3,1,1,96587.61336261805,0
5684,15748378,Brown,488,Spain,Male,23,7,43547.61860786056,1,1,0,91972.918613549,1
5685,15815096,Jones,644,France,Male,40,10,37738.757396491914,1,1,0,51120.788719726894,1
5686,15827573,Garcia,487,Spain,Male,42,10,23402.017344651245,2,1,0,109059.68286837143,0
5687,15778066,Miller,412,France,Male,38,2,2253.3411506710236,2,1,0,141273.62281573308,0
5688,15679326,Davis,576,Germany,Female,38,7,90574.29546326316,1,1,0,160442.520153113,1
5689,15666901,Rodriguez,691,France,Female,48,4,250000.0,3,1,1,68661.06926295575,0
5690,15650243,Martinez,570,France,Male,37,7,126818.63096167942,2,1,1,107705.85191692646,0
5691,15714136,Smith,689,France,Female,26,2,135181.91196650916,3,1,1,40402.305295555714,0
5692,15640907,Johnson,660,Germany,Female,53,9,20264.983602591506,1,1,1,20083.968136852025,0
5693,15653384,Williams,636,France,Male,52,5,5229.476137616096,3,1,1,85837.59181928488,0
5694,15712859,Brown,776,Germany,Male,38,5,102623.69658430232,1,0,1,62562.55917526314,0
5695,15712565,Jones,590,France,Female,47,3,72155.90921194316,3,1,1,11600.0,0
5696,15756589,Garcia,688,France,Female,23,4,24745.486201650947,1,1,1,139509.6798384934,0
5697,15786240,Miller,469,Spain,Male,37,6,89661.29440510843,2,1,1,89910.10988428691,0
5698,15759193,Davis,659,Spain,Female,21,0,7467.6912109616915,2,1,0,120301.09484999524,0
5699,15702368,Rodriguez,624,Germany,Male,50,7,52646.230885929835,3,0,1,130839.32364774623,0
5700,15641113,Martinez,531,France,Female,24,10,153290.44982676036,4,1,0,200000.0,1
5701,15749418,Smith,689,France,Male,34,2,120630.22866818916,3,0,1,119252.78293697367,0
5702,15791851,Johnson,576,Spain,Male,41,6,71533.16299946482,4,0,1,94874.33701968541,0
5703,15639367,Williams,823,France,Female,47,8,15502.027660826665,2,1,0,80861.40709309792,0
5704,15786028,Brown,406,Spain,Female,44,1,5410.656338093512,4,0,0,122948.312290372,0
5705,15658531,Jones,674,France,Male,50,9,19632.58601587954,2,1,1,24311.56633879681,0
5706,15794494,Garcia,654,Spain,Male,47,9,48032.17662616131,1,1,0,19101.876121644716,0
5707,15746178,Miller,621,France,Male,52,6,19026.863197238654,2,1,0,120160.74669413538,0
5708,15795197,Davis,597,France,Male,21,0,26646.264818558146,1,1,1,91938.90673960431,0
5709,15705690,Rodriguez,656,Germany,Male,34,4,25842.71100042356,2,1,1,102621.31981221432,1
5710,15831837,Martinez,756,Spain,Female,43,10,20460.610503316282,4,1,1,41294.74220068838,0
5711,15712127,Smith,482,Spain,Male,54,6,128491.58764287282,1,1,0,184946.67204502827,0
5712,15648382,Johnson,569,Germany,Female,33,4,19279.63685553648,4,1,0,11600.0,0
5713,15641191,Williams,544,Spain,Female,58,4,250000.0,1,0,1,117394.91953195696,1
5714,15800486,Brown,540,Germany,Male,42,5,11743.991089353782,1,1,1,53686.986897898474,0
5715,15728266,Jones,684,Spain,Female,31,9,103030.99415113055,3,1,0,45482.785894967776,0
5716,15811613,Garcia,708,Spain,Female,27,9,65901.3534615559,4,1,0,200000.0,0
5717,15817167,Miller,756,France,Male,46,10,55252.408292440545,1,0,0,72541.33634677634,1
5718,15738790,Davis,710,Germany,Female,32,10,29470.740638698768,2,1,0,102473.35236761019,0
5719,15727928,Rodriguez,718,Germany,Female,36,5,84800.7748158539,2,1,1,147200.86550486594,1
5720,15675555,Martinez,508,Germany,Female,40,9,33885.24160526432,2,1,0,160051.70015562524,0
5721,15700387,Smith,798,Spain,Male,40,1,7282.530952606355,1,1,1,181080.57873689872,0
5722,15653911,Johnson,629,France,Female,58,9,16459.7487827393,3,1,1,66193.28046125422,0
5723,15688797,Williams,753,France,Male,42,10,10070.90187818285,1,0,0,187651.1130426142,0
5724,15660503,Brown,512,France,Female,32,9,42153.5712398409,3,0,0,58798.74820422609,0
5725,15789250,Jones,625,France,Female,31,8,53269.34446781006,3,1,0,103965.60131600137,0
5726,15797182,Garcia,744,France,Male,55,2,20468.736762099892,2,0,0,99150.41695243711,0
5727,15660066,Miller,652,Spain,Male,33,0,2015.8875920945525,2,1,1,115166.14807843209,0
5728,15825955,Davis,574,Germany,Male,44,10,53755.18146945228,2,1,1,47429.538709797525,0
5729,15650862,Rodriguez,780,Spain,Male,40,0,3198.121899975685,1,1,0,107796.04078496929,1
5730,15759599,Martinez,532,France,Female,43,8,168591.8789461454,2,1,0,130239.43345542885,0
5731,15670042,Smith,647,Spain,Male,52,5,109141.41919433112,2,0,0,68437.87402811665,1
5732,15729684,Johnson,714,Germany,Male,41,6,88857.81374376659,4,0,0,66568.64870206991,0
5733,15740185,Williams,850,France,Male,47,1,22907.149051716697,1,1,0,95575.08059234763,0
5734,15691285,Brown,604,Germany,Female,42,10,68323.19464942286,1,1,1,85582.45773747897,0
5735,15758808,Jones,622,Spain,Male,34,0,2346.858343009932,3,1,0,173671.9295064201,0
5736,15807104,Garcia,605,France,Female,43,1,4695.466078865626,3,1,0,120124.45165289703,0
5737,15767661,Miller,673,Germany,Female,32,2,34114.927267214814,1,1,1,146988.67303986935,0
5738,15790779,Davis,708,Spain,Female,27,2,44186.98537045933,1,1,1,109432.70086851217,1
5739,15713086,Rodriguez,759,France,Male,44,7,72825.2655032918,3,1,1,129444.3443548816,0
5740,15778700,Martinez,725,Germany,Male,43,3,17670.745302433028,2,1,0,200000.0,0
5741,15702911,Smith,600,France,Male,42,0,39110.391412223726,4,0,0,135774.03193449974,0
5742,15680529,Johnson,731,France,Male,38,1,3229.196821672397,3,1,0,63117.65646333731,0
5743,15823209,Williams,659,Germany,Female,38,8,31825.843555104573,2,1,0,38598.11821693493,1
5744,15677548,Brown,724,France,Male,28,1,55624.47384168229,3,1,0,32456.094538259727,0
5745,15761105,Jones,730,Spain,Male,20,8,228497.83910663394,4,1,0,40152.010010125894,0
5746,15822235,Garcia,813,France,Female,47,4,73042.3590502732,2,0,1,92905.06447824439,0
5747,15776051,Miller,614,France,Male,47,3,250000.0,3,1,0,155815.33208820515,0
5748,15688194,Davis,595,Germany,Male,36,3,34449.35519268569,2,0,1,73330.07495578384,1
5749,15773021,Rodriguez,694,France,Male,53,2,28365.59328058474,3,0,1,162023.82938865805,0
5750,15668378,Martinez,768,France,Female,43,1,89850.57026137316,1,1,1,12248.703703357649,0
5751,15769457,Smith,655,Spain,Male,42,7,31030.6384052876,4,1,0,92936.51312094623,0
5752,15690400,Johnson,774,Spain,Female,59,5,70557.66333341204,3,1,0,107065.73489756152,0
5753,15769972,Williams,719,Spain,Male,26,8,250000.0,4,0,0,104955.45274509791,1
5754,15704806,Brown,629,Germany,Male,38,1,64475.792240689225,1,1,0,136755.8655015048,0
5755,15720809,Jones,706,Spain,Female,30,0,720.3063693807003,4,1,1,137671.3510289239,0
5756,15734958,Garcia,606,Spain,Female,35,7,9939.8270546607,4,0,1,124783.72685464613,0
5757,15820835,Miller,673,France,Female,38,7,16166.709225140616,4,1,1,59150.39704061567,0
5758,15695254,Davis,542,France,Female,38,4,86336.65517463813,3,0,0,144039.07291607227,0
5759,15800158,Rodriguez,643,France,Male,28,1,134510.479994454,1,1,0,58663.23075340505,1
5760,15764174,Martinez,749,France,Female,39,9,52447.92872916741,3,1,0,68003.47888489791,1
5761,15655524,Smith,726,Spain,Female,30,4,4607.802345340395,3,0,1,131360.66794209054,0
5762,15799702,Johnson,712,Germany,Female,50,7,34609.82146314951,1,1,1,68616.71326088457,1
5763,15785990,Williams,678,Germany,Female,46,3,97964.80182839993,1,1,1,39457.62360035815,0
5764,15711598,Brown,665,France,Male,42,1,22485.40107399142,1,1,0,109846.55468128128,0
5765,15782642,Jones,523,France,Female,34,2,3375.076111704441,2,1,0,71277.16733897751,0
5766,15664868,Garcia,629,France,Female,40,2,75611.17640539417,3,0,0,87021.07693934861,0
5767,15789674,Miller,668,Spain,Male,46,8,53518.6928829792,4,0,1,123033.87229229862,0
5768,15779685,Davis,537,France,Male,35,2,31459.004797280006,2,1,1,165434.2128008613,0
5769,15637468,Rodriguez,474,Spain,Female,23,0,94791.41733802967,2,1,1,118187.76332976487,0
5770,15747271,Martinez,762,France,Male,46,6,94760.1871046748,2,1,0,81898.9233851286,1
5771,15640500,Smith,655,Germany,Female,44,0,60358.80795345213,2,1,1,117694.39464742904,0
5772,15652997,Johnson,670,Germany,Male,42,5,142640.76773254227,1,0,0,134185.73821126457,0
5773,15804693,Williams,705,Spain,Female,31,9,30251.690901147827,1,1,1,189626.34442043435,0
5774,15638608,Brown,551,France,Male,48,3,65268.70643984249,4,1,1,99217.81537934387,1
5775,15800067,Jones,609,France,Male,50,6,88798.76702581144,2,1,0,44766.47536395784,0
5776,15645558,Garcia,800,France,Female,41,6,50474.38893630537,2,1,1,11600.0,0
5777,15815716,Miller,601,Spain,Female,35,6,40272.17533440188,1,1,0,122835.9852407815,1
5778,15771752,Davis,623,France,Male,35,5,65838.09285339872,1,1,1,96610.84231091099,0
5779,15795305,Rodriguez,583,France,Male,35,6,21886.912805879812,2,0,1,97558.31488614614,0
5780,15730278,Martinez,575,Germany,Female,34,7,22819.26153707488,2,1,1,11600.0,0
5781,15756326,Smith,760,Germany,Female,35,2,187779.43156829663,1,0,1,157339.60795005684,0
5782,15697503,Johnson,402,Spain,Female,42,4,6325.673361976539,1,1,1,51968.64502126885,0
5783,15741829,Williams,604,Spain,Female,47,9,92257.14625825238,3,0,1,122558.70357084143,0
5784,15751794,Brown,672,Germany,Male,53,10,77734.68476102685,3,1,0,194449.3353313518,0
5785,15807248,Jones,819,Spain,Female,29,8,2784.108075414763,4,1,0,37103.53906061538,1
5786,15666019,Garcia,536,Germany,Female,31,7,60785.80374408269,3,1,0,156571.50733635743,0
5787,15722622,Miller,519,France,Male,47,5,4929.366170634461,4,1,0,75831.71622587503,0
5788,15718241,Davis,563,Spain,Male,29,8,11817.85623025663,4,1,0,107911.10939993746,0
5789,15830680,Rodriguez,720,Germany,Female,27,9,158759.93274954922,3,1,1,132626.4450782103,0
5790,15729483,Martinez,662,France,Female,29,4,22482.649617721632,2,1,1,52733.032766205455,0
5791,15805128,Smith,505,Germany,Female,37,1,2923.94282267269,1,1,1,119399.92940983425,0
5792,15767261,Johnson,659,France,Female,55,8,36823.41839367516,4,1,1,105821.17530424806,0
5793,15756290,Williams,805,France,Male,37,4,11559.631693615453,2,1,0,86237.67072367213,1
5794,15750186,Brown,676,Germany,Female,41,7,27784.977909798698,3,0,1,93452.7148759457,0
5795,15820384,Jones,666,Spain,Female,27,7,5360.220124758681,3,1,0,81377.27695933811,0
5796,15721169,Garcia,672,Germany,Male,49,3,5044.575252242022,2,0,0,27396.70813812918,0
5797,15710488,Miller,691,France,Male,47,3,35073.385010457714,4,1,1,145206.29955632772,0
5798,15784490,Davis,523,Spain,Female,34,0,20464.41612950495,4,1,1,51224.99084447804,0
5799,15664034,Rodriguez,626,France,Female,32,4,8436.930416599578,2,1,0,133010.09281236585,0
5800,15814291,Martinez,632,France,Male,48,8,43419.218308205396,4,0,0,11600.0,0
5801,15706975,Smith,601,France,Male,36,4,3210.508662729928,1,1,0,129846.9358526618,0
5802,15799891,Johnson,718,France,Male,32,4,69865.50791968948,3,1,1,11600.0,0
5803,15655486,Williams,586,France,Male,35,5,2635.142176409505,3,1,0,161944.792325259,0
5804,15640056,Brown,614,Germany,Male,41,5,175950.16580130204,4,1,0,55084.681301470155,1
5805,15709562,Jones,523,Spain,Female,46,7,66519.28337105115,2,1,1,146839.43067637098,0
5806,15737023,Garcia,687,Spain,Female,42,0,113754.66527011716,1,1,1,138997.04935365214,0
5807,15678220,Miller,744,Spain,Female,41,4,28986.378831855825,4,1,0,76626.76361249792,0
5808,15828345,Davis,613,France,Male,36,8,2991.8018788079253,2,1,0,164641.83813295758,0
5809,15681713,Rodriguez,730,Germany,Female,40,2,13031.89467922449,4,0,1,40063.56969297848,1
5810,15805287,Martinez,635,Spain,Female,35,10,177186.97433767872,2,1,0,59313.26426045485,0
5811,15755194,Smith,397,France,Male,36,6,48233.56916343665,2,1,0,11600.0,0
5812,15694595,Johnson,644,Spain,Male,53,6,12930.225145458498,3,0,0,45596.64950819857,0
5813,15763254,Williams,632,France,Female,39,9,32967.98175381657,1,1,0,121538.6892345514,1
5814,15774522,Brown,660,France,Female,35,2,19095.341906439957,2,1,1,98010.45517377298,0
5815,15713274,Jones,675,Germany,Female,32,6,33639.56321808429,4,1,1,109006.64389117024,0
5816,15700727,Garcia,581,Germany,Male,18,2,90585.09658887144,4,1,0,104711.6191442193,0
5817,15752111,Miller,797,Germany,Female,59,5,12587.150415787115,2,1,0,118942.24489536785,0
5818,15696204,Davis,643,France,Male,60,7,25465.341641511724,1,1,1,100012.3697584782,0
5819,15676824,Rodriguez,630,Germany,Female,45,7,29537.651606487358,3,1,1,113922.86656971445,0
5820,15683825,Martinez,724,Spain,Female,28,5,44221.85337569527,2,1,0,20463.879569886645,0
5821,15699935,Smith,651,Spain,Male,66,1,4045.781921706472,4,1,0,50988.60773693607,0
5822,15818406,Johnson,850,France,Male,24,0,11597.33340252287,4,1,1,56725.91965252176,0
5823,15757252,Williams,629,France,Male,42,2,25360.99705715458,2,1,1,106981.7031407908,0
5824,15684022,Brown,685,Germany,Male,21,2,82863.36479390203,3,1,0,139641.20221312792,0
5825,15710106,Jones,575,France,Male,18,6,10341.498152245988,4,0,1,87211.76067379928,0
5826,15637064,Garcia,737,France,Female,41,3,106652.15512613517,3,1,0,59793.125825052404,0
5827,15644062,Miller,680,France,Female,42,1,20712.47966208927,4,1,0,72149.38458744275,0
5828,15733921,Davis,616,Spain,Female,40,1,14640.717524486676,3,1,1,111757.26728613797,0
5829,15774949,Rodriguez,562,Spain,Female,53,6,26329.31686706381,2,0,0,104825.71250973435,0
5830,15778943,Martinez,519,France,Female,38,7,40339.06269023298,3,1,0,194531.50870857202,0
5831,15764195,Smith,691,France,Female,47,10,66208.09047966287,2,1,1,155736.83726760346,0
5832,15757274,Johnson,511,Germany,Male,31,4,32403.148810584204,3,1,1,11600.0,0
5833,15831616,Williams,780,France,Female,51,1,85188.24552624175,2,0,0,58010.27645034414,0
5834,15707522,Brown,523,Germany,Male,52,2,85391.94423333288,4,1,1,74835.57050191492,0
5835,15657155,Jones,632,France,Male,36,0,87.07323787014167,3,1,1,169855.78897236625,0
5836,15790040,Garcia,561,France,Female,42,9,78410.7430367934,2,1,1,97323.22540856714,0
5837,15678638,Miller,653,France,Male,32,3,29237.385531596523,1,0,0,160019.87218426558,1
5838,15783043,Davis,652,Germany,Female,36,6,170694.71717523882,4,1,0,138931.08350860543,1
5839,15777469,Rodriguez,694,Germany,Male,46,9,85802.87310922377,3,1,1,101136.99254643632,0
5840,15704623,Martinez,497,France,Male,43,8,24225.995677915504,3,1,1,53556.38384312014,0
5841,15741807,Smith,573,France,Female,21,2,50342.625920809456,1,0,1,172287.17402674473,0
5842,15833828,Johnson,747,France,Male,27,3,10798.701617953546,2,1,1,11600.0,0
5843,15795817,Williams,715,Germany,Male,33,5,17149.13077383708,1,1,0,78164.88790451555,1
5844,15795099,Brown,400,France,Male,41,0,11288.940469610001,1,1,0,51360.75471068784,1
5845,15722811,Jones,687,France,Female,29,4,69546.51718788664,2,1,1,44271.02702210255,0
5846,15709741,Garcia,546,Germany,Male,24,9,412.49782519612677,3,1,1,122256.10403829363,0
5847,15639970,Miller,590,Spain,Male,18,4,26151.076808428083,3,0,1,117502.64776747308,0
5848,15770295,Davis,627,France,Female,59,9,90874.1751503981,3,1,1,77831.37024387949,0
5849,15693431,Rodriguez,805,France,Female,41,8,61735.35289075364,1,1,1,136480.18340638006,0
5850,15763638,Martinez,545,Spain,Female,24,8,27387.830419152964,2,1,0,159574.03740094675,0
5851,15825968,Smith,509,Spain,Male,49,0,50125.577701719114,3,1,0,188376.52616157453,1
5852,15649321,Johnson,695,France,Female,53,2,28263.90535566811,2,0,1,11600.0,0
5853,15663829,Williams,647,Spain,Female,41,3,92897.3726108921,1,0,0,189421.6311137065,0
5854,15744032,Brown,770,Germany,Male,45,0,42501.9343646813,3,0,0,157426.83845511355,0
5855,15773240,Jones,614,Spain,Male,52,8,50067.67414956738,4,1,1,105336.0768834042,0
5856,15646908,Garcia,771,France,Female,45,1,223800.31119813203,1,0,1,11600.0,0
5857,15688424,Miller,651,Spain,Female,45,4,73507.12996012812,2,1,1,159132.73952677503,0
5858,15658644,Davis,702,Spain,Female,23,2,16840.779411679825,4,1,1,131387.78150995792,0
5859,15780760,Rodriguez,812,France,Female,18,3,74134.5644590801,4,0,0,156488.38200333755,0
5860,15783061,Martinez,633,Spain,Female,47,3,131893.62544748886,4,0,1,149028.66839436992,0
5861,15792716,Smith,754,France,Male,36,10,17483.28384203981,3,1,0,68820.6111512101,1
5862,15724026,Johnson,588,France,Male,34,1,84995.31317195063,3,1,0,167192.79167590564,0
5863,15817292,Williams,672,France,Female,48,10,13578.720711811873,3,1,0,154115.85846416367,1
5864,15783997,Brown,505,Spain,Male,29,1,28461.01109909769,4,1,1,102672.51049907219,0
5865,15652621,Jones,599,Germany,Male,38,7,58587.048251424065,3,1,1,78641.28246782813,0
5866,15710028,Garcia,544,Germany,Female,39,1,13954.45676655581,4,1,1,82993.19951924587,0
5867,15675465,Miller,772,Germany,Male,45,9,10369.37266557808,1,1,1,200000.0,0
5868,15745625,Davis,823,France,Male,42,6,31045.387342387316,1,0,0,150750.98728071013,1
5869,15775957,Rodriguez,614,France,Female,42,0,76439.35385997102,2,1,0,77383.30267286059,1
5870,15783953,Martinez,572,Germany,Female,34,0,45300.09403288119,3,1,1,94855.33298092999,0
5871,15681601,Smith,518,Spain,Male,35,9,60401.48426643549,4,0,1,86395.67420622415,1
5872,15697382,Johnson,676,France,Female,42,2,58442.69151185989,4,1,1,75957.0421513048,0
5873,15657510,Williams,589,France,Female,33,2,39317.85986039419,2,0,1,59893.25963634498,0
5874,15827258,Brown,595,France,Male,30,10,18961.38025204153,1,1,1,39389.24845351043,0
5875,15760880,Jones,812,France,Male,51,8,27384.096239007005,2,1,1,61202.56230306388,0
5876,15747604,Garcia,620,France,Male,32,1,23951.85324185175,4,0,0,103382.24383107596,0
5877,15815899,Miller,708,Germany,Female,34,3,4118.546877252483,4,1,1,138772.69716801238,0
5878,15803626,Davis,655,France,Male,51,2,114366.23688892389,1,1,0,64653.96566881906,1
5879,15735308,Rodriguez,514,France,Female,32,6,51340.85956572162,3,1,0,69957.07554251624,0
5880,15803337,Martinez,465,Spain,Female,42,5,97311.65955326008,2,1,1,50368.84087709383,0
5881,15756621,Smith,698,Spain,Male,43,8,74818.96011174867,3,0,0,29266.949715815033,0
5882,15744310,Johnson,820,France,Male,38,7,3536.967275164304,1,1,1,91003.92533317035,0
5883,15827055,Williams,681,Germany,Male,35,1,12186.898670184419,2,0,0,183652.45897268763,1
5884,15813603,Brown,712,France,Male,27,2,150526.70250784338,2,1,0,11600.0,0
5885,15643945,Jones,559,Spain,Female,45,0,30988.381055848375,3,1,1,121468.35816591201,0
5886,15710775,Garcia,751,Germany,Female,50,7,83549.78969678505,4,0,1,57036.74450773195,0
5887,15734862,Miller,750,Spain,Male,48,1,42839.4233609049,3,1,0,107227.51194181983,1
5888,15805465,Davis,580,France,Male,42,3,86739.2537701679,3,1,0,48214.08638280956,1
5889,15794808,Rodriguez,704,Germany,Male,19,1,66327.40508378754,4,1,1,171879.04190996886,0
5890,15812775,Martinez,473,Germany,Female,46,1,16406.557168415038,2,1,1,115725.44266744582,0
5891,15704045,Smith,722,France,Female,37,2,236732.84147804926,4,1,1,45988.562553659765,0
5892,15692132,Johnson,592,France,Female,33,9,33718.32830133287,4,0,0,172557.54735743225,0
5893,15812473,Williams,527,Germany,Male,45,4,43973.1334738173,1,0,1,59920.969969069294,1
5894,15770501,Brown,690,Germany,Male,41,7,38873.748049956244,3,1,0,98128.35355520819,1
5895,15730745,Jones,472,France,Male,49,9,108220.36878147381,3,1,1,86963.26234143911,0
5896,15828327,Garcia,684,Germany,Female,42,1,16417.560989141948,1,1,1,155221.12505358912,0
5897,15779373,Miller,536,France,Female,36,4,3184.940056148533,4,0,0,100782.25462285364,1
5898,15749129,Davis,515,France,Female,35,10,27938.927161446893,2,1,0,200000.0,1
5899,15770987,Rodriguez,655,Germany,Female,45,3,125246.58314541008,2,1,0,150879.43166893453,0
5900,15779272,Martinez,632,France,Male,25,2,28929.570567304276,1,1,0,43426.82738141312,1
5901,15745964,Smith,795,France,Male,33,9,16256.147216604217,4,1,0,200000.0,1
5902,15663409,Johnson,521,France,Male,18,5,48181.69144804938,3,1,0,86371.16391420945,0
5903,15810900,Williams,787,Germany,Male,43,8,66884.30233514184,4,0,0,76503.92011458662,0
5904,15694152,Brown,536,France,Male,45,7,31065.211164548666,2,0,0,113447.68095614374,0
5905,15638160,Jones,741,Spain,Male,31,1,23904.02280445943,3,1,1,60899.37388203187,0
5906,15684715,Garcia,760,France,Female,28,0,22667.507693752803,4,0,1,200000.0,0
5907,15687601,Miller,682,Germany,Female,48,7,27349.641205568674,3,1,0,147737.606019724,1
5908,15821552,Davis,570,France,Female,31,4,92470.96518128553,1,0,0,151731.88521227264,1
5909,15802017,Rodriguez,497,Germany,Male,45,1,32943.129663381835,4,1,1,112075.64451215607,0
5910,15692821,Martinez,454,Germany,Male,38,9,18869.839923509753,4,1,0,115710.02381885263,0
5911,15800860,Smith,835,France,Female,33,0,10063.902109070905,2,1,0,170196.6807364673,0
5912,15802640,Johnson,620,France,Female,44,10,16607.210854102566,1,1,1,39520.340806103144,0
5913,15799443,Williams,539,France,Female,39,7,31062.70731965235,2,1,0,115145.22730485973,0
5914,15687820,Brown,535,France,Female,53,7,39683.07899312406,3,0,0,117867.35719756856,0
5915,15653831,Jones,666,France,Female,31,5,48575.547059587734,4,1,1,104024.31568750349,0
5916,15709811,Garcia,610,Germany,Male,25,4,3702.7519000277425,3,1,1,200000.0,0
5917,15662479,Miller,458,Spain,Male,38,4,47488.61852089447,2,1,1,85799.89195741297,0
5918,15823675,Davis,736,France,Male,43,5,21692.702615375863,4,1,0,67052.8559021393,0
5919,15731739,Rodriguez,683,France,Female,37,4,14850.928511612146,2,1,1,179268.19535891502,0
5920,15672686,Martinez,833,France,Male,56,1,20103.03212601356,3,1,1,200000.0,0
5921,15716382,Smith,764,France,Female,51,6,76731.72129202873,3,0,1,130645.76650055035,0
5922,15782480,Johnson,350,Spain,Female,33,3,81300.74220863741,1,1,0,120336.86396749048,0
5923,15671636,Williams,791,Germany,Male,39,6,5477.236775667085,3,0,1,200000.0,0
5924,15805991,Brown,770,France,Female,20,0,34127.55666160909,4,0,1,149375.12410170585,0
5925,15690070,Jones,576,France,Male,49,5,37697.796286581615,3,0,0,62234.75693827211,0
5926,15784768,Garcia,606,Spain,Female,32,1,1534.0062415798668,2,1,1,93654.43502580634,0
5927,15823470,Miller,691,France,Female,40,2,63126.591631878604,4,1,1,126076.47891014846,0
5928,15645191,Davis,548,France,Male,36,2,22847.975204700244,4,1,1,11600.0,0
5929,15691823,Rodriguez,625,Germany,Male,24,9,27064.04594029193,1,1,0,200000.0,0
5930,15636259,Martinez,750,Germany,Male,47,0,47071.24390549469,1,1,1,81771.86352567445,0
5931,15732902,Smith,701,France,Female,28,4,31644.05469035357,2,0,0,63722.03423815149,0
5932,15751831,Johnson,583,Spain,Male,33,7,68906.37102361077,4,1,1,110556.55277528088,0
5933,15674133,Williams,752,France,Female,47,7,45299.524979385285,2,1,1,11600.0,0
5934,15686829,Brown,680,Germany,Male,29,9,12811.42540217358,1,0,0,128137.97475901053,0
5935,15637766,Jones,676,France,Female,53,10,102199.02312490245,2,0,0,200000.0,0
5936,15727680,Garcia,598,Germany,Female,29,6,12154.098920188095,2,0,1,162425.0279100553,0
5937,15675849,Miller,649,Spain,Female,27,6,62506.55267371201,1,1,0,118706.24451730907,0
5938,15785275,Davis,572,France,Male,39,7,78561.20509425447,4,1,0,30140.26949773614,1
5939,15685201,Rodriguez,455,Germany,Female,55,7,58282.848793653975,2,1,1,33740.8616221728,0
5940,15770226,Martinez,622,Spain,Male,38,4,27392.16168671566,2,1,1,67191.58379262869,0
5941,15775091,Smith,637,France,Male,48,6,105167.44180825373,4,1,1,112880.10797146847,0
5942,15824253,Johnson,663,Germany,Male,25,1,19852.50926515685,1,1,1,120783.65507896653,0
5943,15702809,Williams,771,Spain,Male,35,3,58089.78875634083,4,1,0,57505.7824178083,0
5944,15706657,Brown,584,Germany,Female,35,5,105048.81210562578,1,1,1,33600.497545189064,0
5945,15736868,Jones,613,France,Male,26,10,8446.26009026988,2,1,1,11600.0,0
5946,15712872,Garcia,726,France,Female,23,9,52868.989425564905,4,1,0,28485.110877741536,0
5947,15746028,Miller,574,France,Male,36,2,115611.18708386012,3,1,1,184826.55338733178,0
5948,15769396,Davis,665,France,Male,54,1,5439.501026069472,3,1,0,143604.87405634832,1
5949,15705044,Rodriguez,609,Germany,Male,41,0,7876.759971503093,2,1,0,176261.8397193947,1
5950,15730234,Martinez,625,France,Male,32,3,23761.311882905087,2,0,1,58980.88826760644,0
5951,15805705,Smith,725,France,Male,18,1,250000.0,3,0,1,135497.40227024152,0
5952,15656040,Johnson,612,France,Female,35,2,12676.000563889036,4,0,0,117468.0002701774,1
5953,15693421,Williams,729,France,Female,34,9,19631.411047316895,4,1,1,63221.0912429336,0
5954,15678458,Brown,454,Germany,Male,42,10,90119.81009627,4,1,1,120016.06402384394,0
5955,15799250,Jones,507,Germany,Male,36,10,7005.843322696259,1,0,0,200000.0,0
5956,15676540,Garcia,418,France,Male,45,10,250000.0,3,1,1,139684.1513076132,0
5957,15814702,Miller,533,France,Female,46,5,67135.24943746894,3,1,0,121080.06226005146,0
5958,15694409,Davis,835,France,Female,38,9,159917.34334488257,1,1,0,168127.23190857476,0
5959,15684479,Rodriguez,648,France,Female,38,2,7797.49789287111,2,1,1,42033.876181862426,0
5960,15678063,Martinez,577,France,Male,39,2,13226.757263581398,1,1,0,122518.0748860497,0
5961,15728076,Smith,728,Germany,Male,21,3,23163.305784395514,4,1,1,82883.06386273896,1
5962,15806143,Johnson,742,France,Male,46,2,2617.922111536124,2,0,0,12812.774198994695,0
5963,15717738,Williams,527,Spain,Female,55,5,3130.5733130776202,2,1,0,11600.0,0
5964,15655037,Brown,850,France,Male,39,8,117077.43099577964,3,1,0,51275.91756461813,0
5965,15779865,Jones,677,France,Female,31,7,2184.443695323669,1,1,0,88241.94636051482,0
5966,15719328,Garcia,690,Spain,Male,38,1,69306.65853542152,2,1,0,35636.63937938191,0
5967,15793060,Miller,699,Germany,Male,34,2,63229.03469132756,1,0,0,99629.88938596899,1
5968,15797395,Davis,699,Germany,Male,39,7,3780.0871119765843,2,1,0,129990.09186969607,0
5969,15689388,Rodriguez,587,Spain,Female,35,2,10390.323712283709,4,1,0,59217.09695164104,0
5970,15648306,Martinez,850,France,Male,18,4,30331.716083720818,1,1,0,183031.29926500208,0
5971,15691237,Smith,621,Spain,Female,39,10,51313.25854024094,4,1,0,156499.7634147432,1
5972,15767797,Johnson,745,France,Male,61,8,113085.04228209177,1,1,0,35183.1594649685,0
5973,15725312,Williams,602,Spain,Male,25,1,37415.22770343395,2,0,0,43826.56599669916,0
5974,15697595,Brown,584,France,Male,49,8,137730.97628739613,1,1,0,179985.83683117115,0
5975,15747354,Jones,840,France,Female,43,9,10551.824954501682,2,0,0,92959.97726547386,0
5976,15791090,Garcia,639,Germany,Male,29,4,48746.3379084401,2,1,1,131704.04850315535,0
5977,15767488,Miller,646,France,Male,25,8,93100.65372419152,1,1,0,174735.38520101714,0
5978,15713139,Davis,678,France,Male,41,3,13284.592205811141,3,0,1,67613.36047807855,0
5979,15684860,Rodriguez,850,France,Male,42,7,77687.23360300982,4,1,0,66487.71490614556,0
5980,15782182,Martinez,850,Germany,Female,23,7,25565.38926333088,1,0,0,149757.96339770863,0
5981,15719768,Smith,778,Spain,Male,48,2,250000.0,2,1,0,159285.6517638104,0
5982,15748312,Johnson,850,Germany,Female,34,4,4800.851366342357,2,1,1,180502.2556819452,0
5983,15670301,Williams,555,Spain,Female,43,9,40290.30307721807,4,1,0,146291.0200861413,0
5984,15680937,Brown,715,Germany,Female,46,0,76400.95932830503,2,1,1,75718.9553734709,0
5985,15681408,Jones,657,France,Male,47,5,56380.943422013,1,1,0,109188.8691761649,1
5986,15712455,Garcia,473,France,Male,29,8,35218.994447109355,3,1,1,78087.50456943961,0
5987,15829442,Miller,696,Germany,Female,59,0,35985.747861018455,3,0,0,106686.72177904403,0
5988,15670341,Davis,600,France,Female,29,1,25995.80390056998,4,1,0,194168.41710303625,1
5989,15669387,Rodriguez,803,France,Male,47,6,20950.351255379115,2,1,1,92596.75652932645,1
5990,15797654,Martinez,610,France,Male,34,5,45029.056914499146,4,1,1,138581.51198891207,0
5991,15719618,Smith,604,Germany,Female,39,9,68989.2708849338,4,1,0,105829.68641992455,0
5992,15767283,Johnson,803,France,Male,37,10,16374.571929805237,2,1,0,71668.98917099371,0
5993,15700855,Williams,643,Spain,Female,43,2,146514.91889544207,3,1,1,69016.42812992218,0
5994,15725730,Brown,766,Germany,Male,49,1,22692.216748402403,2,0,0,147551.40106937196,0
5995,15793815,Jones,692,Germany,Male,32,6,28455.8259970866,4,1,1,165423.42185531126,0
5996,15795683,Garcia,693,Spain,Male,30,9,26478.343463341964,2,1,1,30328.65376675967,0
5997,15762183,Miller,625,France,Male,18,9,5902.015807527295,4,0,0,83261.03161759296,0
5998,15745568,Davis,700,Germany,Male,40,4,6159.881341523292,2,1,0,177304.04728325887,0
5999,15772456,Rodriguez,636,Spain,Female,37,5,79303.39248984803,2,0,1,112153.3595406214,0
6000,15733954,Martinez,569,Germany,Female,40,8,24008.623728367726,4,0,1,79741.09480356258,0
6001,15791607,Smith,639,Spain,Female,37,6,12166.521850689975,3,1,1,148325.80319497737,0
6002,15711756,Johnson,778,France,Female,46,3,61498.805142380086,3,1,0,91343.25890674439,0
6003,15773981,Williams,703,Germany,Male,33,10,160620.73528270097,3,1,1,85897.06630108361,0
6004,15742899,Brown,726,France,Male,42,8,138074.44998271068,4,1,0,11600.0,1
6005,15672948,Jones,650,Spain,Female,38,2,64260.420273756936,4,1,1,42380.25947473182,0
6006,15746740,Garcia,456,Spain,Male,29,3,10636.3062731978,1,1,0,147061.39001306103,1
6007,15685374,Miller,527,Spain,Male,32,9,8367.27760708884,3,1,0,142985.9332299338,0
6008,15674751,Davis,621,Germany,Female,48,2,102399.65081556066,2,1,0,48645.09715606255,0
6009,15721302,Rodriguez,536,France,Male,47,9,164591.49945202665,1,1,1,93738.79627407275,0
6010,15793200,Martinez,597,France,Female,46,10,48685.2287515968,4,1,0,94738.08982429285,0
6011,15731360,Smith,593,Spain,Female,37,2,115760.52831100425,2,0,0,143189.29366980385,1
6012,15763049,Johnson,596,France,Male,18,0,84340.23704523037,4,0,0,67499.66544362565,0
6013,15834151,Williams,793,France,Male,22,4,8362.551241088944,2,0,1,98281.92397315805,0
6014,15640297,Brown,644,Germany,Female,36,3,12613.793904170065,1,1,0,138699.2097989723,1
6015,15673771,Jones,743,France,Male,23,10,3508.205654549244,2,0,1,104296.12295809202,0
6016,15682549,Garcia,666,Germany,Male,50,8,32128.113421109676,2,1,0,11600.0,1
6017,15812898,Miller,791,France,Male,30,3,19574.279317098186,1,1,1,183755.8244295165,0
6018,15680467,Davis,752,Germany,Female,36,2,27760.30344225887,4,1,0,121680.40784869593,0
6019,15791227,Rodriguez,590,Spain,Female,56,5,435.08512895153865,3,1,1,132361.3664022961,0
6020,15739103,Martinez,846,France,Female,49,9,63870.92416140534,4,1,1,11600.0,0
6021,15695012,Smith,604,France,Female,42,10,11192.920712070114,4,1,1,92733.81335452688,0
6022,15738356,Johnson,670,France,Female,41,4,22964.335828217158,4,1,1,198162.84190737156,0
6023,15725497,Williams,687,Spain,Male,31,3,25739.656752949886,2,1,1,89407.5938668874,0
6024,15790490,Brown,698,France,Female,46,0,3427.024481748121,3,0,1,83226.06339104613,0
6025,15820700,Jones,729,France,Male,41,10,22747.063463813054,2,1,1,103146.7555106063,0
6026,15685307,Garcia,574,Germany,Male,37,2,115052.76199321626,2,1,0,200000.0,1
6027,15827596,Miller,721,France,Female,45,3,111841.4900541599,4,1,0,73207.18087215122,0
6028,15750302,Davis,708,Spain,Male,45,9,1244.8645900170497,2,0,0,174001.67379236905,0
6029,15708516,Rodriguez,650,Spain,Female,29,10,1512.1232807554945,4,0,1,80632.96923429077,0
6030,15636483,Martinez,631,Germany,Male,48,7,45065.879204683086,1,1,0,67926.97608475244,1
6031,15805241,Smith,569,Germany,Female,38,8,11459.525897308982,3,1,1,97141.88457255744,1
6032,15681967,Johnson,698,France,Male,39,7,114390.39637424602,4,1,1,42906.437958696784,0
6033,15713813,Williams,583,Germany,Male,25,8,32971.52295452502,4,1,0,54319.10776252694,0
6034,15790680,Brown,673,Germany,Male,26,9,19710.90526533125,2,1,0,97231.7167506285,0
6035,15675800,Jones,639,France,Male,24,0,153175.8501151258,4,1,0,82007.41965388838,0
6036,15788505,Garcia,516,France,Male,62,10,19131.01241757014,3,1,0,79482.62779471422,1
6037,15735251,Miller,556,Spain,Female,61,0,19344.08255323404,4,0,1,92339.9568186496,1
6038,15782133,Davis,690,France,Female,21,2,7141.41740998903,2,1,0,20436.43740112832,0
6039,15798117,Rodriguez,597,Germany,Male,23,3,12567.639461581337,1,1,1,54609.795339744465,0
6040,15807990,Martinez,594,France,Male,33,1,71458.14953296773,3,0,1,128254.90960341481,0
6041,15830160,Smith,573,France,Male,50,9,71302.88674369655,4,0,1,53792.9467326818,0
6042,15771551,Johnson,576,Spain,Male,45,6,24436.809758538948,1,1,1,90740.30728510545,0
6043,15674155,Williams,814,France,Female,60,8,21491.10163991228,3,1,0,35773.02359160723,0
6044,15770596,Brown,538,Germany,Male,35,10,27098.1554127595,3,1,1,200000.0,0
6045,15757380,Jones,797,France,Female,32,5,17893.560440869012,4,0,1,115707.82780863736,0
6046,15751620,Garcia,616,France,Male,39,3,46798.444525213505,3,1,0,112317.51950933693,1
6047,15770360,Miller,584,Spain,Female,37,5,90572.34045780935,2,1,1,67985.0929814599,0
6048,15667368,Davis,688,Germany,Female,38,0,470.89101670542146,1,1,1,17073.07518196646,0
6049,15666608,Rodriguez,655,Spain,Male,40,5,137449.134855743,4,1,0,109903.16054587932,0
6050,15666024,Martinez,630,Spain,Female,60,3,6275.518269310679,2,1,1,99946.66533064956,0
6051,15751192,Smith,671,Spain,Female,40,2,114982.53187981572,2,1,0,200000.0,1
6052,15646807,Johnson,653,Spain,Female,28,5,13299.766922995885,1,0,0,25958.378973933824,0
6053,15789201,Williams,628,France,Male,36,8,124465.37117707825,3,1,0,121982.6364991545,0
6054,15784117,Brown,743,Spain,Female,46,7,77400.93543523767,1,0,1,33772.84645203184,1
6055,15782198,Jones,505,France,Female,45,7,15678.674550322661,2,1,0,163489.2560586404,1
6056,15751079,Garcia,558,France,Male,44,8,1434.1893095192368,4,0,1,158820.7299212709,0
6057,15662804,Miller,571,France,Male,22,5,62911.45542178226,2,1,1,167559.02705849844,0
6058,15831226,Davis,544,France,Male,23,7,86231.98610295994,3,1,1,73170.4872581786,0
6059,15811816,Rodriguez,658,Germany,Male,37,6,56934.86663190408,4,1,0,96887.44530895138,0
6060,15696294,Martinez,700,France,Female,43,0,24036.350592661198,2,1,1,126453.1518572031,1
6061,15655457,Smith,453,France,Male,30,5,6813.45088080859,2,0,1,113504.29551964927,0
6062,15826046,Johnson,602,France,Female,53,10,21312.638256237464,4,1,1,125161.67573820637,0
6063,15659697,Williams,617,France,Male,44,3,15638.642700684288,4,0,0,81032.95507930274,0
6064,15804398,Brown,621,Spain,Male,33,2,64203.08407080829,2,1,1,53122.35522518882,0
6065,15683843,Jones,521,France,Female,66,2,8679.643166035858,2,1,0,79793.92016575669,1
6066,15737721,Garcia,618,France,Male,34,9,85613.02310348909,2,1,0,193581.61423465112,0
6067,15686605,Miller,558,France,Female,35,7,47330.08972400053,4,1,1,169784.96629260783,0
6068,15834053,Davis,616,France,Female,34,0,32943.92301470533,2,1,1,141938.66781844484,0
6069,15729439,Rodriguez,478,Germany,Female,39,6,22332.49440183334,1,1,1,163393.6151612479,1
6070,15728885,Martinez,617,France,Female,28,10,35412.39728265401,2,1,0,67385.15865547172,1
6071,15781646,Smith,578,France,Female,46,9,38842.628306794584,3,0,1,184340.11570687304,0
6072,15758407,Johnson,623,France,Female,47,3,13523.873422901683,4,1,1,26484.405347970373,0
6073,15728448,Williams,680,France,Male,45,0,224389.63871203706,3,1,1,101100.32991620073,0
6074,15657529,Brown,645,Spain,Female,34,1,120146.60885114045,1,0,1,113883.65796852582,0
6075,15755191,Jones,729,France,Female,34,6,24780.265486886146,2,0,0,11600.0,0
6076,15750259,Garcia,613,Spain,Male,45,9,14652.930652732135,4,0,0,74571.24671165718,1
6077,15701232,Miller,711,Germany,Male,41,0,18339.53816491029,1,1,1,115842.33526712543,0
6078,15739030,Davis,762,France,Female,30,5,196022.42765358125,1,1,0,11600.0,1
6079,15756637,Rodriguez,677,Spain,Female,18,3,26133.487233300857,3,1,0,28310.181936567198,0
6080,15818021,Martinez,647,Spain,Male,35,2,121481.22322970252,3,1,0,95239.01397865263,0
6081,15760846,Smith,691,Germany,Female,44,6,3041.8654823968886,4,1,0,84406.81518727925,0
6082,15704120,Johnson,680,France,Female,43,8,74983.53464201646,1,1,1,36545.24849703274,1
6083,15810957,Williams,750,Germany,Female,23,4,71800.69443088818,2,1,1,145998.32347131282,0
6084,15715928,Brown,729,France,Male,47,5,52632.24800658568,3,1,1,196206.58465476698,1
6085,15777879,Jones,730,France,Male,57,6,6455.246370282907,2,1,1,86151.30887045593,0
6086,15754845,Garcia,654,Spain,Female,35,9,199227.74123384076,2,1,1,73609.43713364238,0
6087,15647350,Miller,684,Spain,Female,36,5,11962.348651181497,4,0,0,11600.0,0
6088,15786771,Davis,682,France,Male,33,5,61844.1011458537,1,0,0,48397.666034087626,0
6089,15768766,Rodriguez,529,Spain,Male,35,2,69610.83260477637,1,1,0,11600.0,0
6090,15687913,Martinez,756,Germany,Male,51,10,71338.92862132457,2,1,1,11600.0,0
6091,15657294,Smith,483,France,Male,31,2,87436.43865906372,4,0,0,119629.6204574489,0
6092,15759556,Johnson,721,France,Female,41,4,226060.20921669426,3,1,0,119548.10578306814,1
6093,15789536,Williams,676,France,Female,36,6,5045.748506255925,3,1,1,102195.74623677827,0
6094,15764637,Brown,621,Spain,Female,40,5,31950.86467027964,3,1,0,140839.87664915118,0
6095,15714109,Jones,689,Spain,Male,36,1,184126.05742226838,3,1,0,154473.37515110665,1
6096,15714754,Garcia,691,France,Male,47,2,106889.69563828061,2,1,0,36564.16080732235,0
6097,15639528,Miller,519,Germany,Male,49,4,233460.8181831848,3,1,1,59756.91741289698,0
6098,15638571,Davis,791,Spain,Female,42,6,43665.69971234015,3,1,0,170318.57905978578,0
6099,15670335,Rodriguez,657,Spain,Male,36,5,55866.72779460112,1,1,1,131194.70510446193,0
6100,15704457,Martinez,850,France,Female,46,9,15312.900711384227,3,0,0,152164.098069897,0
6101,15676345,Smith,728,Germany,Male,31,2,30654.932124560513,1,0,1,96411.50968267233,0
6102,15764795,Johnson,654,Spain,Male,43,6,1058.5671643846226,3,1,0,110908.16276116377,0
6103,15805550,Williams,580,France,Male,33,4,63598.45076191766,1,0,1,87226.45497739618,0
6104,15742047,Brown,638,France,Female,41,9,130101.72460679295,2,1,1,135422.47057098296,0
6105,15654925,Jones,664,Spain,Male,29,3,5947.583354445847,3,1,0,77545.146112599,1
6106,15651030,Garcia,796,France,Male,50,5,30291.43569768783,4,0,1,147809.38376520746,0
6107,15669180,Miller,772,Spain,Female,26,1,48797.70415390627,4,1,0,67407.84982665669,0
6108,15721088,Davis,695,France,Female,37,6,50007.83956532342,1,0,1,93124.36579718372,1
6109,15698742,Rodriguez,826,France,Male,24,1,18302.484815584645,3,0,1,11600.0,0
6110,15741927,Martinez,448,France,Male,50,6,999.1498211695063,2,1,0,11600.0,0
6111,15718431,Smith,696,France,Male,54,7,109380.39340173123,2,1,0,142418.24817326563,0
6112,15640966,Johnson,775,France,Female,27,1,4813.2703681276325,2,1,1,70462.88093692834,0
6113,15763469,Williams,704,Germany,Female,42,7,9781.26725248369,2,1,0,132319.90162856935,1
6114,15801023,Brown,516,France,Male,36,6,164555.21557570336,3,1,1,46517.769871143704,0
6115,15766365,Jones,788,Spain,Female,44,2,34694.69996108799,2,1,1,89581.00501729076,0
6116,15730200,Garcia,726,Germany,Male,54,6,103588.32617285106,3,0,0,122796.40244726356,1
6117,15832141,Miller,684,France,Male,42,0,113624.89155055361,2,1,0,104043.90217277303,0
6118,15811570,Davis,658,France,Female,31,1,227549.66282350465,4,1,1,87081.4813012645,0
6119,15691664,Rodriguez,849,Germany,Male,32,4,2077.6439486798763,3,1,0,107812.89013686845,0
6120,15779535,Martinez,694,France,Female,35,10,2722.819422723177,2,1,1,149942.3371283997,1
6121,15722904,Smith,625,France,Female,31,8,10580.644456060154,2,1,1,93848.5270559016,0
6122,15698530,Johnson,568,Spain,Male,46,0,53413.607204266125,1,1,1,111338.86101811951,0
6123,15675949,Williams,725,France,Male,47,4,15188.262564776478,2,0,0,127638.12009358722,1
6124,15637723,Brown,748,France,Male,51,5,34221.761108989725,4,0,1,89378.4840739784,0
6125,15718395,Jones,655,Germany,Female,34,2,77172.55314631737,3,1,1,11977.319679816399,0
6126,15662766,Garcia,594,Germany,Male,50,4,10276.958627278438,1,0,1,81988.29491428599,1
6127,15660093,Miller,783,France,Male,55,1,16835.53255967169,2,0,1,11600.0,0
6128,15693824,Davis,561,Spain,Male,25,10,65010.53802943002,2,0,0,41127.22792616685,0
6129,15788839,Rodriguez,846,Germany,Female,34,7,385.7780314733301,1,1,1,75813.92949704186,0
6130,15638350,Martinez,576,Germany,Male,37,2,70813.03212820127,3,1,0,178234.3479505771,1
6131,15661155,Smith,522,France,Male,47,4,56393.53326158517,4,0,1,110311.29257570219,0
6132,15751149,Johnson,534,Spain,Female,52,0,6939.319778583825,1,1,0,58694.42606321109,1
6133,15694982,Williams,539,France,Male,21,4,13976.315897021694,1,1,1,81501.07312299298,0
6134,15678933,Brown,626,Germany,Male,32,0,776.2096276363259,2,1,0,99324.71717991168,0
6135,15755219,Jones,603,France,Female,50,8,43543.55566545418,4,0,0,56275.058090703256,0
6136,15674162,Garcia,752,Germany,Female,30,1,25299.645802101044,3,1,1,200000.0,1
6137,15688467,Miller,738,France,Male,46,5,27533.20075107778,3,0,1,109629.3760277945,0
6138,15812360,Davis,627,France,Male,44,8,5445.280850930862,4,1,1,113611.72196290283,0
6139,15710512,Rodriguez,850,Spain,Male,46,2,21717.095998900797,1,1,1,127037.17910227418,0
6140,15770349,Martinez,626,France,Male,46,5,125664.20486173005,4,1,0,11600.0,1
6141,15832380,Smith,639,France,Female,34,0,3346.338723988783,1,0,0,123985.775476179,0
6142,15712588,Johnson,522,Germany,Female,36,6,184360.2944773634,2,1,1,128985.75963764559,1
6143,15644670,Williams,641,Germany,Female,35,1,94196.90867122241,4,1,1,94777.0562525184,0
6144,15689062,Brown,679,France,Male,41,4,11344.395756133476,4,1,1,175415.75597315075,0
6145,15735368,Jones,531,France,Female,18,4,61110.555621362386,2,1,1,90648.94909156051,1
6146,15681020,Garcia,600,Spain,Male,43,0,4767.569832318181,1,1,0,94986.67596689712,1
6147,15660808,Miller,682,Germany,Female,56,10,8697.776149824682,1,0,1,118972.17480724322,0
6148,15762782,Davis,597,France,Male,40,6,33467.74300844226,4,1,0,92725.03098822346,0
6149,15634889,Rodriguez,576,Spain,Female,37,3,25579.301256803687,4,0,1,115039.30816522779,0
6150,15656939,Martinez,728,Germany,Male,39,3,84377.73660081348,3,0,1,91877.37826564143,0
6151,15786340,Smith,521,France,Male,44,6,140053.49907659256,1,1,0,70843.3422486295,0
6152,15766835,Johnson,541,France,Female,50,9,143073.53793843338,2,1,0,26512.94248434191,0
6153,15735269,Williams,667,France,Male,38,0,7949.957130602496,1,1,1,90290.08208050246,1
6154,15724673,Brown,734,Spain,Female,37,5,57954.44644758683,3,1,1,109132.16522238063,0
6155,15732666,Jones,680,France,Female,25,0,42290.09121766304,3,0,0,11600.0,1
6156,15804425,Garcia,627,France,Female,39,5,23120.05574944365,4,1,0,120690.85006653913,0
6157,15741113,Miller,619,Spain,Female,26,9,250000.0,3,1,1,134646.16607386724,0
6158,15780432,Davis,751,France,Male,33,1,30444.450596427985,3,1,1,177348.6464620143,0
6159,15831454,Rodriguez,735,Germany,Male,47,9,54730.71616249702,3,1,1,142131.9899405118,0
6160,15637780,Martinez,654,France,Female,49,10,34942.34007229568,2,0,0,111911.55939950063,0
6161,15666433,Smith,622,Germany,Male,43,0,5429.616454545331,4,1,1,49183.17574684842,1
6162,15767850,Johnson,653,France,Female,51,7,7605.152690823701,3,1,0,124844.71836129352,1
6163,15737908,Williams,577,France,Male,22,6,69343.37842735364,2,1,0,68483.44311474363,1
6164,15799328,Brown,634,Germany,Male,55,1,80894.64259414696,4,1,0,54406.8556147104,0
6165,15792301,Jones,601,Germany,Male,30,1,22613.538625523284,4,1,0,93716.14479174356,0
6166,15818224,Garcia,639,Germany,Female,42,4,3465.3148424617584,2,1,1,78487.19425965927,0
6167,15746627,Miller,604,Germany,Male,32,3,157334.06799347638,3,1,0,186003.47764861307,1
6168,15810584,Davis,702,Germany,Male,42,3,34365.45246937891,3,1,0,51923.182788769525,1
6169,15725019,Rodriguez,731,Germany,Male,39,8,7202.083051909194,4,1,1,150090.5600643431,1
6170,15823925,Martinez,612,Germany,Male,50,10,11061.00814051616,2,0,0,75861.89731412064,0
6171,15801096,Smith,568,Germany,Male,63,0,2321.0583493164677,4,1,1,157732.60226686284,1
6172,15646586,Johnson,721,Germany,Male,47,9,61868.87624028149,2,1,1,96285.77184425363,0
6173,15723914,Williams,668,Germany,Female,37,8,60885.687608966364,3,1,0,200000.0,0
6174,15827060,Brown,613,France,Male,54,2,46128.5710757112,4,0,1,200000.0,0
6175,15717893,Jones,787,France,Male,22,7,39515.985777439084,2,1,0,79796.0130562761,1
6176,15641737,Garcia,593,France,Female,33,4,24022.16779596641,1,1,0,24037.077476331324,1
6177,15634922,Miller,450,Spain,Male,36,9,150424.25195644467,1,1,1,200000.0,0
6178,15787358,Davis,579,Spain,Female,36,2,80602.3734748385,2,1,1,115874.0134400369,0
6179,15821587,Rodriguez,811,Germany,Male,31,8,119093.17623474845,2,0,0,40518.50363601075,1
6180,15723376,Martinez,618,France,Male,45,8,18673.56756329215,2,1,1,48067.71779857888,0
6181,15787563,Smith,598,France,Male,38,7,191484.5785162142,1,1,0,98986.3302323442,0
6182,15732673,Johnson,652,Spain,Male,37,2,9037.158065812973,2,1,0,171267.44517826958,0
6183,15814573,Williams,751,Spain,Female,53,2,2895.892725452427,3,1,0,111399.68650615313,0
6184,15776444,Brown,641,France,Male,34,9,19271.394396573884,1,1,1,126821.6649579881,1
6185,15804995,Jones,709,Spain,Female,49,10,11237.674359117831,2,1,0,82174.96607388719,0
6186,15744465,Garcia,631,France,Male,36,9,36441.15570471413,1,1,0,122767.05451098016,1
6187,15676379,Miller,709,France,Male,36,2,21554.476163788884,1,1,0,107510.1231846449,1
6188,15680852,Davis,668,Germany,Female,31,10,9421.777146541373,1,1,1,122405.14740711554,0
6189,15707636,Rodriguez,610,Germany,Female,24,5,92977.82660132315,3,1,0,64344.63918026317,0
6190,15739542,Martinez,675,Spain,Male,32,1,35460.832398010025,3,0,0,107989.50891741535,0
6191,15674732,Smith,595,France,Male,21,8,5800.289827617904,4,1,1,11600.0,0
6192,15815020,Johnson,512,France,Female,41,1,3916.086995574015,3,1,1,162535.0508135793,0
6193,15768211,Williams,648,France,Female,35,9,24158.93815920295,1,1,0,45314.8879697163,0
6194,15649818,Brown,521,France,Male,49,7,119289.0474913786,2,1,1,73814.90086442683,0
6195,15718751,Jones,709,Germany,Female,31,9,35463.81792074945,4,0,1,127286.55723814871,0
6196,15637611,Garcia,646,France,Male,36,3,7490.901773101917,1,1,1,161925.50442874528,0
6197,15724506,Miller,792,France,Female,51,3,14160.091256474974,2,0,0,113798.11085514774,0
6198,15795001,Davis,616,France,Female,47,4,2537.297790093098,4,1,0,53275.33381910521,0
6199,15779883,Rodriguez,647,Germany,Female,40,0,89142.05318748073,4,1,0,111730.82834805934,0
6200,15814117,Martinez,503,Germany,Female,28,3,145986.98511927767,2,1,0,175825.08492253238,0
6201,15649631,Smith,539,Germany,Male,44,5,4050.406630498655,4,1,0,34236.88623733682,0
6202,15833287,Johnson,482,France,Male,36,9,9496.379864401204,3,1,1,63839.73765322215,0
6203,15822671,Williams,757,France,Male,33,1,9380.912159939477,2,1,0,66299.87608954594,0
6204,15736773,Brown,604,France,Male,52,10,81407.1392011749,2,0,0,183734.07847130887,0
6205,15749058,Jones,782,France,Male,53,2,91402.18298450143,3,1,1,129030.24109897259,0
6206,15697161,Garcia,381,France,Female,30,10,27173.784908013247,2,1,0,136475.05155260244,0
6207,15699494,Miller,804,France,Male,56,3,174224.0283342451,3,1,1,144061.0660961031,0
6208,15705011,Davis,643,Germany,Male,38,2,15019.913015862003,4,1,1,137835.7869961927,0
6209,15774309,Rodriguez,683,Spain,Male,46,8,37234.679378369285,1,1,1,184542.54264675014,0
6210,15667667,Martinez,543,France,Female,57,5,250000.0,2,0,1,116818.41155367358,0
6211,15755146,Smith,702,Spain,Male,37,10,87753.20384651783,3,1,0,78891.15176695402,1
6212,15741942,Johnson,612,France,Male,41,4,33391.97323213185,1,1,1,140172.56433904258,0
6213,15668385,Williams,530,Germany,Female,46,4,5743.928003563114,1,0,0,84384.73858709194,0
6214,15668754,Brown,529,Germany,Female,54,1,117354.03929302117,3,0,0,11600.0,0
6215,15693343,Jones,527,Spain,Female,39,8,39058.04179430445,2,1,0,74012.88520631072,0
6216,15741651,Garcia,688,France,Female,47,1,18433.57788866031,2,1,1,102907.54820382927,0
6217,15817176,Miller,586,France,Male,31,4,30002.76989975368,2,1,1,185896.9485588619,0
6218,15663694,Davis,485,France,Female,24,6,18620.491870898724,4,1,1,119549.79198820773,0
6219,15783327,Rodriguez,686,France,Male,32,2,40042.799316898505,2,0,1,112983.90729087127,0
6220,15806143,Martinez,432,Spain,Male,32,7,15937.024677382431,3,0,1,172526.89276398858,0
6221,15721085,Smith,782,Spain,Male,48,4,29528.045971962463,1,0,1,105761.00987687647,0
6222,15756187,Johnson,848,Germany,Male,38,9,27778.970271922455,2,0,1,70862.68189789548,1
6223,15694356,Williams,518,Germany,Male,32,2,47864.64800793258,4,1,1,162510.29505328875,0
6224,15795652,Brown,755,Spain,Male,30,2,713.3657428332804,3,0,1,81965.29348111682,0
6225,15722194,Jones,684,France,Female,34,2,45658.67967846648,3,1,1,191245.05075877716,0
6226,15729145,Garcia,599,France,Male,48,10,44961.08404687971,4,1,1,60927.057661084786,0
6227,15677771,Miller,604,Spain,Female,30,2,24902.73283134303,2,0,0,96382.95085914417,1
6228,15813961,Davis,715,France,Male,37,3,14177.82242909973,2,1,1,94407.6677582016,0
6229,15689347,Rodriguez,646,France,Female,35,9,91395.65870478594,1,1,0,76226.92182879614,1
6230,15744770,Martinez,390,France,Male,42,0,21139.472202552,3,0,1,74309.1371922305,0
6231,15748587,Smith,850,Germany,Female,57,2,18678.66196970591,3,1,1,50992.37129865038,1
6232,15640145,Johnson,693,Germany,Female,32,9,31103.407703728175,1,0,1,200000.0,0
6233,15822066,Williams,644,France,Female,42,9,16285.804675857018,2,1,1,153331.93639988548,0
6234,15655669,Brown,578,Germany,Male,38,4,88822.86016287423,2,1,0,138953.78598050514,0
6235,15685635,Jones,631,Spain,Male,34,7,41614.496372346024,2,1,1,200000.0,0
6236,15679858,Garcia,776,Spain,Male,39,7,70198.30213902544,2,1,0,126255.7080741096,0
6237,15787865,Miller,676,Germany,Male,57,8,68399.59679966884,1,1,1,89669.59146823401,0
6238,15721405,Davis,687,Spain,Male,38,8,77607.36800454986,4,1,1,106945.27183631786,0
6239,15753445,Rodriguez,525,Spain,Female,38,5,101706.52806733185,4,0,1,163314.53225588525,0
6240,15663594,Martinez,615,France,Male,35,9,125952.52608935448,3,1,1,11600.0,0
6241,15683405,Smith,655,France,Male,43,6,24193.69382650103,2,0,0,156909.64282170747,0
6242,15744577,Johnson,719,France,Male,29,10,29323.95202472285,1,0,0,200000.0,1
6243,15829151,Williams,608,France,Male,40,3,2567.7645575417614,4,0,0,23816.44861202156,0
6244,15778884,Brown,742,France,Female,43,2,129986.5083441023,4,1,1,46503.79761453972,0
6245,15660872,Jones,535,France,Female,30,10,44232.96724755794,1,1,1,58342.086228635075,1
6246,15827682,Garcia,656,France,Male,54,2,62294.36670104891,3,1,0,94307.92787143782,0
6247,15770871,Miller,640,France,Male,54,1,28635.51722187937,1,1,1,130177.49162162156,0
6248,15642054,Davis,498,France,Female,61,7,32108.249079620127,3,0,1,98131.59856618496,0
6249,15676088,Rodriguez,645,Germany,Male,44,6,39172.90365139907,2,1,1,182246.1595464241,0
6250,15649461,Martinez,591,Spain,Female,43,7,79324.36029626355,3,0,0,151694.58007464063,0
6251,15792910,Smith,791,Germany,Female,38,5,47462.47145143084,2,1,1,148731.74112596174,0
6252,15797573,Johnson,608,France,Male,39,9,83356.08543128306,2,1,0,97108.96455918755,0
6253,15666685,Williams,685,France,Male,48,9,12211.084482053098,2,1,0,43057.254632303935,0
6254,15702310,Brown,526,France,Male,39,4,11523.444251270685,1,1,1,97333.79055527842,0
6255,15746064,Jones,673,France,Female,37,0,11584.851249457057,4,1,1,200000.0,0
6256,15782337,Garcia,608,Spain,Male,44,7,242.7808268332091,1,1,0,11600.0,0
6257,15727678,Miller,572,France,Male,32,1,9865.484732444118,1,1,0,147112.88342617542,0
6258,15653655,Davis,850,Spain,Female,54,0,6320.521100100299,4,1,0,91903.659097015,0
6259,15776759,Rodriguez,614,Germany,Female,39,8,30234.325735962408,4,1,1,200000.0,0
6260,15796238,Martinez,628,France,Male,46,10,6804.774639566762,4,1,1,87978.43615049342,0
6261,15724347,Smith,740,Germany,Male,30,10,26880.017992415666,4,1,1,200000.0,0
6262,15824769,Johnson,573,France,Female,38,7,250000.0,2,1,1,103900.56964188372,1
6263,15704119,Williams,690,France,Male,35,10,34995.20328798481,4,1,0,11600.0,0
6264,15786827,Brown,701,Germany,Male,35,8,129278.68984983386,1,1,1,152023.47058168944,0
6265,15770921,Jones,674,Spain,Female,27,4,60517.702013311784,2,0,0,144365.88859754018,1
6266,15776227,Garcia,850,Spain,Male,49,2,112367.32641217946,1,1,1,50227.84671652662,1
6267,15786485,Miller,569,Spain,Male,43,10,49118.946317405724,2,1,0,78751.63492180777,0
6268,15771809,Davis,803,France,Male,24,7,83061.44646996161,2,0,0,11600.0,0
6269,15771247,Rodriguez,697,France,Male,36,3,18034.174273330504,3,1,1,158283.39729683302,0
6270,15713869,Martinez,740,France,Female,36,0,23253.50366972878,2,1,0,119013.18729684994,0
6271,15772863,Smith,684,France,Female,42,8,161269.6121114187,3,1,0,128657.23521093039,0
6272,15714679,Johnson,837,France,Female,37,10,15566.903685040304,3,0,1,156467.87585514173,0
6273,15809320,Williams,617,Germany,Female,49,3,27354.776283253224,2,0,1,58386.09444039354,0
6274,15711225,Brown,699,Germany,Female,48,1,52656.923112694865,4,1,1,71072.21572872408,0
6275,15765606,Jones,780,Spain,Male,61,9,24912.18829096598,4,1,1,158607.38748189044,0
6276,15688289,Garcia,594,Spain,Male,18,2,1058.3747427322444,1,1,0,106980.41310068783,1
6277,15702914,Miller,750,France,Female,52,5,78566.27529994951,1,0,0,188239.11821990774,0
6278,15742217,Davis,648,Spain,Male,46,8,20447.23830874732,3,1,0,65867.94508282721,0
6279,15765578,Rodriguez,526,France,Male,37,5,12916.830085969632,2,1,0,69872.53703245374,0
6280,15662166,Martinez,504,France,Male,36,3,35217.05074593022,2,0,1,142126.3631421863,0
6281,15663437,Smith,640,Spain,Male,38,0,423.41467523292147,2,1,0,199787.13319661998,0
6282,15827261,Johnson,749,France,Male,41,1,99715.76238139576,3,1,1,153086.46090911713,0
6283,15642299,Williams,442,Spain,Female,33,6,15146.551543309006,2,1,1,200000.0,0
6284,15714767,Brown,670,Germany,Male,22,2,128033.35384885952,1,0,1,152955.79525348655,0
6285,15782720,Jones,739,Spain,Female,33,1,56622.42822578489,4,1,0,73615.65189114884,0
6286,15692425,Garcia,522,Spain,Male,36,5,39775.47939272238,3,0,1,78573.22778427188,0
6287,15819044,Miller,586,Germany,Male,44,3,82060.73169457325,4,1,0,102072.96875770285,1
6288,15644217,Davis,707,France,Male,27,0,249958.61097455738,3,0,0,90767.31674028529,0
6289,15770734,Rodriguez,734,France,Male,45,8,14464.769493999014,4,1,1,112873.14432958985,0
6290,15765101,Martinez,810,France,Female,26,8,21932.699232829753,3,1,1,130213.1808512976,0
6291,15711038,Smith,591,France,Male,42,10,33123.5812377724,4,1,1,126278.56869165773,0
6292,15826193,Johnson,568,Spain,Male,44,4,38769.69454870921,1,1,0,200000.0,0
6293,15755164,Williams,815,France,Male,37,7,40256.5483554663,1,1,1,184004.89511588044,0
6294,15705719,Brown,574,Spain,Male,39,5,39811.348823697415,3,0,0,144469.82345560976,1
6295,15826832,Jones,700,Germany,Male,45,6,88083.32698969163,1,1,1,126817.88797254697,1
6296,15669384,Garcia,850,France,Male,33,5,25926.145121202244,4,1,0,59391.076274075465,0
6297,15713135,Miller,725,France,Male,42,6,551.5917523178944,1,1,0,72395.94118869596,1
6298,15823929,Davis,728,France,Female,35,2,104250.31106673082,1,1,0,53717.9297635959,1
6299,15707286,Rodriguez,777,France,Female,54,10,54272.78874745992,4,1,1,27311.780322343737,0
6300,15822592,Martinez,702,Germany,Male,44,2,10504.057294593049,4,0,1,45520.553911324205,0
6301,15714160,Smith,728,France,Female,28,9,1502.3922265682068,2,1,0,200000.0,1
6302,15716024,Johnson,615,Germany,Female,57,2,18973.778352015834,2,1,0,168101.1860032627,0
6303,15790930,Williams,765,France,Female,49,9,6645.021523383198,3,1,0,117477.63247986473,0
6304,15795679,Brown,691,Spain,Male,26,5,113566.67863554544,3,1,0,172385.08430791687,1
6305,15641240,Jones,502,Spain,Male,23,0,16277.252014238993,2,0,0,139239.97246017292,0
6306,15672021,Garcia,674,France,Male,26,8,61152.02045025283,4,1,1,28889.455859106092,0
6307,15667979,Miller,433,France,Male,29,8,53645.64274381315,3,0,0,11600.0,0
6308,15740846,Davis,721,Germany,Male,40,3,62583.79121805215,4,0,0,11600.0,0
6309,15808790,Rodriguez,626,Spain,Male,39,1,37755.62502670665,2,1,1,57991.71845499571,0
6310,15802308,Martinez,840,France,Female,46,6,65407.58597450881,2,0,1,41819.813811463806,1
6311,15657984,Smith,698,France,Male,35,6,35912.18469004062,3,1,1,107899.9985461927,0
6312,15821737,Johnson,742,France,Male,36,5,23709.19079180813,2,0,0,131016.19821424085,0
6313,15788068,Williams,545,France,Female,40,7,97751.99050853631,3,1,0,34102.77689369899,0
6314,15702391,Brown,718,France,Female,50,2,30691.50162633207,1,0,1,200000.0,1
6315,15745236,Jones,585,France,Male,20,1,41970.77707731686,4,1,1,37187.14831582989,0
6316,15766538,Garcia,759,Germany,Male,36,9,31274.925028977723,4,1,0,121317.36080410318,0
6317,15734174,Miller,538,France,Male,52,0,74693.68049417008,4,1,0,75297.30862789764,0
6318,15805896,Davis,660,France,Female,39,2,38799.71168555806,1,1,1,136153.68921752294,0
6319,15779340,Rodriguez,534,France,Male,36,7,31817.465765032845,2,1,1,121631.66566478196,0
6320,15758266,Martinez,662,Spain,Male,30,7,14908.534790175592,2,1,1,140645.1270846945,0
6321,15786629,Smith,850,France,Male,48,6,121261.22602005211,1,0,1,138149.13383709715,1
6322,15745276,Johnson,722,Spain,Female,34,1,99450.87573933821,1,0,1,71128.53984137095,0
6323,15738135,Williams,646,Germany,Female,34,2,28237.1407335259,2,1,1,114928.67932171945,0
6324,15716447,Brown,403,France,Male,52,6,53899.2362131981,1,1,1,71871.09634904726,0
6325,15704192,Jones,596,France,Male,28,10,35475.32711275689,2,1,1,26565.862202451404,0
6326,15762377,Garcia,697,Germany,Female,55,7,9690.365658454928,1,1,1,131501.08523161025,0
6327,15701073,Miller,598,Germany,Female,40,8,23582.57961178031,1,1,0,43830.22623170771,0
6328,15677900,Davis,792,Germany,Female,39,5,95940.24027529464,2,1,0,95198.82001742569,0
6329,15828782,Rodriguez,657,Spain,Female,41,9,79835.47561131125,2,1,1,159049.4271444457,0
6330,15683526,Martinez,757,Germany,Male,39,2,5406.6227976473065,2,1,1,142296.96864387998,0
6331,15782383,Smith,670,France,Male,33,8,3915.450306497072,2,1,0,188146.50081619673,0
6332,15644328,Johnson,622,Spain,Male,42,4,96042.20671515983,3,1,1,132301.7655420305,0
6333,15826498,Williams,602,Germany,Male,34,3,114784.54817033184,3,0,1,128850.83708669501,0
6334,15675144,Brown,548,France,Male,43,8,17423.51647560879,2,1,1,112949.05985701483,0
6335,15785919,Jones,759,Germany,Male,62,9,21484.293099206567,4,0,1,200000.0,0
6336,15669355,Garcia,607,Germany,Male,45,1,20458.809783250024,4,0,1,12629.913266659714,0
6337,15714390,Miller,702,France,Male,37,9,6789.175281234043,3,0,1,15742.101883823547,0
6338,15655918,Davis,597,France,Female,41,3,68326.66659553844,1,1,1,26803.551183096264,0
6339,15719300,Rodriguez,541,France,Male,35,5,23108.599060891735,2,1,0,57809.43746030182,0
6340,15650562,Martinez,705,France,Male,37,10,90463.74365534484,3,1,1,11600.0,0
6341,15665393,Smith,575,France,Male,37,5,105399.97401159542,4,1,1,154497.93675065576,0
6342,15659818,Johnson,609,France,Female,43,10,121973.78756690076,2,1,1,77305.83617342186,0
6343,15798141,Williams,525,France,Female,48,9,85171.52911924625,1,0,0,103538.81647805726,1
6344,15699029,Brown,600,France,Male,60,4,77773.70753047137,1,1,0,155429.87798582253,1
6345,15747072,Jones,652,Spain,Male,45,9,29845.32061111848,4,0,1,24477.767078243167,0
6346,15827721,Garcia,621,France,Female,28,6,1365.8605775709236,4,0,0,11600.0,0
6347,15707892,Miller,731,France,Male,26,4,5942.702591252293,2,0,0,125888.08817070734,1
6348,15681616,Davis,664,France,Female,38,5,37844.33906234699,3,1,1,126873.29867238617,0
6349,15769752,Rodriguez,850,Spain,Male,49,0,22316.349975669887,2,0,1,117654.94399334896,0
6350,15685121,Martinez,692,France,Male,36,7,88328.50431519681,2,0,0,116655.72968387377,0
6351,15638644,Smith,476,France,Female,37,4,41407.112529175996,1,0,1,17708.046940078566,1
6352,15683654,Johnson,628,France,Male,47,4,5203.268388081896,2,1,0,137053.89087912,1
6353,15648991,Williams,637,Spain,Male,38,9,32555.281751657712,3,1,0,196771.07662832207,0
6354,15730563,Brown,588,Germany,Male,49,5,86288.21684314612,2,0,1,148711.59710517156,1
6355,15702713,Jones,657,France,Female,23,5,99418.34687786225,4,0,0,11600.0,0
6356,15739660,Garcia,585,France,Male,43,7,9079.529360834225,2,1,1,152804.53249742085,0
6357,15728317,Miller,683,France,Male,21,3,5284.681521440101,4,1,0,83646.81870057421,0
6358,15685335,Davis,459,France,Male,41,3,24468.749293320638,1,1,1,89900.58854368952,0
6359,15669356,Rodriguez,764,Spain,Female,48,2,3388.009019384702,1,1,1,90510.69245391266,0
6360,15784298,Martinez,492,France,Male,22,8,64797.005883677826,1,1,0,71505.01973407384,0
6361,15720488,Smith,623,Germany,Male,18,7,29668.05090062103,1,1,0,98147.0597859559,1
6362,15792355,Johnson,576,France,Female,47,4,11046.222969483319,3,1,0,11600.0,0
6363,15724126,Williams,680,Germany,Female,43,10,5405.377118230226,1,1,0,11600.0,0
6364,15715608,Brown,631,France,Female,28,7,131106.51879024913,2,0,0,161307.0908895044,1
6365,15659306,Jones,675,France,Male,41,5,2200.720701636827,1,1,1,179890.36638427776,0
6366,15729515,Garcia,761,Germany,Female,33,4,5150.297406319477,4,1,1,61455.68930118381,1
6367,15728710,Miller,726,France,Male,37,8,13344.075537530503,4,0,1,200000.0,0
6368,15642095,Davis,653,Germany,Male,36,8,4972.809606351602,3,0,1,19546.73760834697,0
6369,15704241,Rodriguez,695,Spain,Female,25,10,51681.15721489861,3,1,0,56416.558131299185,0
6370,15688985,Martinez,846,France,Male,48,7,12309.026796492146,1,1,1,61522.75242614633,0
6371,15768668,Smith,730,Spain,Female,28,9,32689.597047303454,1,1,0,11600.0,1
6372,15681836,Johnson,620,France,Female,39,2,98392.55197206316,4,1,0,107431.10090923352,0
6373,15812965,Williams,777,France,Female,45,8,87083.37658718998,1,1,1,114181.11887676467,0
6374,15763276,Brown,689,Germany,Male,30,5,7905.486827242677,1,1,0,189363.14299369446,1
6375,15640196,Jones,553,Germany,Female,36,8,4645.873219736845,2,0,1,133694.154164981,0
6376,15641973,Garcia,631,France,Male,33,0,54569.610504641794,2,0,0,153026.52138773573,0
6377,15681917,Miller,502,Spain,Male,56,0,11805.436079263307,3,1,0,65399.677306617166,0
6378,15761853,Davis,421,Spain,Male,48,5,76037.56310310517,1,1,1,89077.98352699778,1
6379,15714128,Rodriguez,555,France,Male,46,3,28501.241477219104,1,1,0,148921.1088607746,1
6380,15782300,Martinez,662,Spain,Female,61,4,8392.527309097784,4,0,0,69641.58393818559,1
6381,15720607,Smith,662,Germany,Male,42,4,182900.47088172397,2,0,0,175268.61922071571,1
6382,15740175,Johnson,508,Spain,Female,35,2,2861.025431733958,1,1,0,90964.79615640966,0
6383,15772804,Williams,412,France,Female,24,8,6636.259292713705,2,1,1,38216.806330208485,0
6384,15772502,Brown,797,Spain,Male,32,0,83575.50081105073,3,1,1,163950.19714145764,0
6385,15692116,Jones,659,France,Female,40,5,30136.559573709004,4,0,0,200000.0,0
6386,15818338,Garcia,805,Spain,Female,48,1,139072.78575526018,3,1,1,57748.5817048141,0
6387,15783557,Miller,799,Germany,Female,32,1,5994.890657648714,1,0,0,78308.98446867528,0
6388,15808733,Davis,723,France,Male,54,8,8538.4506303872,1,1,1,52440.39353162143,0
6389,15808606,Rodriguez,655,France,Male,23,9,91.30607415019715,1,1,1,119699.70359888654,0
6390,15826943,Martinez,610,Spain,Male,35,1,12238.52053300808,2,1,0,178432.48311651614,1
6391,15710588,Smith,721,Germany,Male,43,8,53539.23811098359,2,1,0,85423.46286973977,0
6392,15720561,Johnson,634,France,Male,40,7,64246.57089696988,3,1,1,49223.681394244326,0
6393,15636637,Williams,591,France,Female,43,6,28100.63893537469,2,1,1,63405.83723627527,0
6394,15744369,Brown,440,Spain,Male,40,7,14877.074977555956,1,1,1,31329.87301598498,0
6395,15806419,Jones,641,France,Female,45,8,62997.141843475256,3,0,1,38675.755442768794,0
6396,15651843,Garcia,759,France,Female,36,9,9473.940151549481,4,1,1,20497.467657274043,0
6397,15687577,Miller,775,Spain,Male,35,8,72854.27855079273,1,1,1,53460.18687058944,0
6398,15788828,Davis,655,France,Male,30,2,77226.92905955495,2,1,1,75228.1427462082,0
6399,15791299,Rodriguez,561,France,Female,60,9,29086.924512101647,2,1,1,76250.54213496984,0
6400,15810624,Martinez,740,France,Female,38,0,10759.233856019473,1,1,1,147930.42240970282,0
6401,15690998,Smith,648,Spain,Female,43,7,49695.575512875264,1,1,0,78800.06216731507,0
6402,15753522,Johnson,613,France,Male,36,9,96020.9442056702,3,0,1,123555.6836356294,1
6403,15779005,Williams,504,Germany,Male,54,3,37698.74333782964,4,0,0,50093.23130693707,0
6404,15829601,Brown,850,Spain,Female,38,4,30908.28799137532,2,1,0,137118.5931731148,0
6405,15720828,Jones,723,France,Male,42,10,193697.5772095243,2,1,1,174181.4213175449,0
6406,15719321,Garcia,734,Spain,Female,30,5,38547.38928279667,3,0,0,34062.81750620983,0
6407,15697616,Miller,563,France,Male,56,5,1740.7751048530918,3,1,0,11600.0,1
6408,15673948,Davis,657,Germany,Female,41,6,34862.779724941814,4,1,1,119961.44338269776,0
6409,15705013,Rodriguez,641,France,Male,56,9,29463.812316021944,4,1,1,95712.07291575815,0
6410,15820152,Martinez,728,Germany,Female,32,2,17272.90447351025,4,1,0,159431.0506261849,0
6411,15777928,Smith,785,France,Male,34,1,19088.90252730705,2,0,0,124955.14595493003,0
6412,15821408,Johnson,506,France,Female,33,8,133556.07391335315,3,1,0,119877.0295045698,0
6413,15794295,Williams,542,Spain,Male,36,1,7170.25246684653,2,1,0,11600.0,0
6414,15711043,Brown,714,France,Male,45,8,72204.04329007938,2,0,1,66090.71009015829,0
6415,15680723,Jones,599,Spain,Male,18,9,116353.99465640506,3,1,1,52681.375772537656,0
6416,15694799,Garcia,731,France,Female,38,3,15020.416307743253,4,1,1,106057.79171604667,0
6417,15719179,Miller,612,France,Female,31,10,3457.5699780621817,3,1,0,163621.59802337975,0
6418,15729236,Davis,525,Spain,Male,30,0,18346.813248708637,3,0,0,145975.08993096586,0
6419,15808105,Rodriguez,474,France,Male,43,2,28359.33355991928,2,1,1,81687.84633988746,0
6420,15734813,Martinez,698,Spain,Male,42,9,151231.5713011685,3,1,1,64601.62275207737,0
6421,15770511,Smith,700,France,Male,47,1,28118.297442864154,2,0,0,57097.92290204741,1
6422,15814668,Johnson,747,France,Male,42,3,4828.675655728168,4,1,0,162416.81376544468,0
6423,15778289,Williams,682,Germany,Female,40,1,7943.261574281121,4,0,1,183093.52897138608,0
6424,15636068,Brown,350,France,Male,33,9,21749.80497992543,1,1,1,193817.47317883227,0
6425,15665373,Jones,700,France,Female,29,5,10178.556454561394,3,1,1,149156.22989164604,0
6426,15718488,Garcia,504,Germany,Female,44,10,3123.951399441061,4,0,0,55477.82559418231,1
6427,15700513,Miller,463,France,Female,36,9,9634.34629023954,2,1,1,39728.43566711269,0
6428,15786420,Davis,451,France,Female,42,0,5574.003870020145,2,0,0,99052.15410120125,0
6429,15723024,Rodriguez,441,Spain,Male,38,4,11326.105981458122,2,1,1,155642.25159526578,1
6430,15826413,Martinez,677,Spain,Female,18,8,250000.0,4,1,1,11600.0,0
6431,15707971,Smith,576,France,Male,43,0,29476.178854246136,3,1,0,177654.19881465577,1
6432,15636495,Johnson,498,Germany,Male,32,3,53734.94529630733,3,1,0,148824.25499005883,1
6433,15665175,Williams,652,Germany,Female,47,1,9033.061675123323,4,1,1,79417.26948210518,0
6434,15731509,Brown,539,Germany,Female,20,10,94620.45595817873,4,1,1,11600.0,1
6435,15806548,Jones,748,France,Male,57,1,15524.076126418076,1,1,1,149543.06317069597,0
6436,15734558,Garcia,795,Spain,Male,33,4,202250.61627415472,3,1,0,172346.04685661438,1
6437,15753182,Miller,628,France,Female,43,1,90610.71125994097,1,0,0,15882.577930744126,0
6438,15799041,Davis,787,Germany,Male,31,4,150665.74236618215,1,1,1,188261.33520717034,0
6439,15786873,Rodriguez,787,Spain,Female,33,0,55176.52234221988,1,1,0,79795.3906127088,0
6440,15726006,Martinez,658,Germany,Male,45,4,53660.64833076516,1,0,0,63817.73816666486,1
6441,15692326,Smith,823,Spain,Male,36,2,91973.10763022794,3,1,1,181397.48229848983,1
6442,15720735,Johnson,587,France,Male,37,1,62826.89957975066,1,1,1,11600.0,0
6443,15802079,Williams,454,France,Female,47,10,46594.17623507551,3,1,1,88883.72262573714,0
6444,15650591,Brown,494,Spain,Female,40,3,22179.290084855118,4,1,1,104727.9418545544,0
6445,15663533,Jones,583,France,Female,43,0,12607.17980025034,3,0,0,67128.0860581059,0
6446,15643892,Garcia,703,Germany,Male,32,2,76219.11548983543,4,1,1,101249.98752358898,0
6447,15804041,Miller,534,France,Female,45,10,24392.079978565398,3,1,1,114375.18040849941,0
6448,15755738,Davis,582,Spain,Male,40,0,3157.901340802296,3,1,1,54671.564145940465,0
6449,15714480,Rodriguez,525,Germany,Female,43,7,32659.997815231105,3,1,0,60117.49923170501,0
6450,15725079,Martinez,584,France,Male,42,4,53575.884248408955,2,1,0,74905.76557549412,1
6451,15760901,Smith,784,France,Male,50,0,1165.3999907584696,3,1,0,81685.5566703263,1
6452,15795807,Johnson,685,Germany,Male,44,1,61059.52170355718,4,1,1,105213.8720505673,0
6453,15740288,Williams,592,France,Female,27,8,12724.16619159693,3,0,0,54104.165911781565,0
6454,15792726,Brown,772,Germany,Male,33,6,12574.402041762156,1,1,1,115455.73215935212,1
6455,15741888,Jones,652,Germany,Female,41,2,41377.548632964754,4,1,0,167874.548991605,0
6456,15675077,Garcia,663,France,Male,42,0,20571.20708470225,1,1,0,26763.28174179062,1
6457,15717268,Miller,764,Spain,Male,25,1,29944.945268486434,4,1,0,155654.21242753832,0
6458,15731224,Davis,615,France,Male,29,6,35978.92648143195,1,1,0,53617.889643793715,0
6459,15823330,Rodriguez,741,France,Male,49,7,126930.03891899783,4,0,0,11600.0,1
6460,15770307,Martinez,734,France,Female,58,4,11464.405029781325,1,1,0,107057.8922416654,1
6461,15782978,Smith,635,Germany,Female,22,3,31209.7140374497,1,0,0,71250.52863072493,0
6462,15742175,Johnson,510,Spain,Female,41,9,77085.94252148172,4,1,0,103488.73690044667,0
6463,15681148,Williams,651,France,Male,39,3,11481.175710206115,4,1,1,11600.0,0
6464,15641610,Brown,763,France,Female,49,4,4298.687845038196,4,1,1,62107.65203430346,0
6465,15682893,Jones,731,France,Male,43,6,896.209424565361,1,1,0,200000.0,0
6466,15793079,Garcia,821,Spain,Female,47,6,5475.845892284663,3,1,1,22910.447139521973,0
6467,15670988,Miller,600,France,Male,18,3,16050.950470093085,4,1,0,186482.6623665603,0
6468,15725511,Davis,727,Germany,Female,38,0,26318.66365859411,4,0,1,11600.0,0
6469,15786501,Rodriguez,549,France,Female,29,4,45042.27012737138,3,0,1,80766.88098042643,1
6470,15667642,Martinez,670,Spain,Male,30,6,11162.834798043314,1,1,0,60697.88467781047,1
6471,15694956,Smith,760,Germany,Male,26,3,15714.700929392444,2,0,0,64388.084459618185,0
6472,15713145,Johnson,740,Spain,Female,41,6,60045.614557155226,2,1,1,93829.55464455987,0
6473,15652759,Williams,660,France,Male,42,7,119849.15329893964,3,1,0,165038.8053460524,0
6474,15669917,Brown,623,Germany,Male,45,1,7281.051663834092,3,0,1,14822.315545123041,0
6475,15670534,Jones,550,Spain,Female,34,1,31981.75403072482,2,1,1,200000.0,0
6476,15786838,Garcia,627,Germany,Female,52,4,17507.520213616226,2,1,1,36939.581223038615,0
6477,15780088,Miller,518,France,Female,29,2,37535.66386741817,1,0,0,106715.92320095793,0
6478,15780001,Davis,615,Spain,Male,24,3,6342.325574819905,2,0,1,40349.96133901364,0
6479,15748482,Rodriguez,469,France,Male,41,0,15806.757482973435,1,1,0,137066.34452992235,1
6480,15766620,Martinez,518,France,Male,32,10,61697.85478590077,4,1,1,17756.29382541134,0
6481,15649295,Smith,735,France,Female,44,3,85548.60977004399,3,1,1,117860.39672313009,0
6482,15661843,Johnson,724,Germany,Female,32,10,48596.17733890094,4,1,1,111886.84219472288,0
6483,15749796,Williams,621,Spain,Female,33,3,144531.66591865986,3,1,0,101523.44665156124,0
6484,15730392,Brown,656,France,Female,32,3,52907.19214020596,4,0,1,69992.26317927914,0
6485,15781214,Jones,669,France,Female,31,2,68637.93716991424,1,1,0,19515.90800073868,1
6486,15706857,Garcia,696,Germany,Female,38,1,22113.758535056015,3,1,0,73132.08227891703,0
6487,15830431,Miller,685,France,Male,41,3,9308.544280542845,4,1,1,143784.93787357217,0
6488,15806877,Davis,516,Spain,Female,31,7,53629.29309065394,3,1,1,68050.57861996029,0
6489,15790755,Rodriguez,405,Spain,Female,27,2,125718.95552622396,1,0,0,125490.15659516306,0
6490,15827535,Martinez,548,France,Male,43,5,200594.92824905246,2,0,0,115015.75494910592,1
6491,15645952,Smith,634,France,Male,42,1,29896.13097984814,4,0,1,119031.95727968996,1
6492,15821186,Johnson,746,Spain,Male,46,0,38794.58462014493,3,1,1,58751.01383679201,0
6493,15691411,Williams,673,France,Female,28,6,18641.3091559563,2,0,0,143562.09137354966,0
6494,15736496,Brown,703,France,Female,30,5,55815.6194252078,2,1,1,117613.09766340721,0
6495,15732159,Jones,560,France,Male,47,9,72455.48509366585,3,0,0,200000.0,0
6496,15808506,Garcia,642,France,Female,47,3,2103.4584425671023,2,0,0,151788.4689230944,0
6497,15794043,Miller,656,Spain,Male,34,6,93744.71409248795,3,0,0,200000.0,1
6498,15666330,Davis,574,Germany,Female,29,5,36056.588506700245,3,0,1,114400.10752231427,0
6499,15652178,Rodriguez,543,Spain,Female,31,1,43341.10216353369,1,1,0,191593.38271359087,0
6500,15794675,Martinez,627,France,Female,29,3,11547.833338787248,3,0,1,15537.347148243018,0
6501,15717986,Smith,716,France,Male,46,8,517.6954183454113,4,1,1,138856.55911542822,0
6502,15634992,Johnson,559,Spain,Female,46,7,152039.95162238067,1,1,0,99196.73583427344,1
6503,15680038,Williams,629,Spain,Male,39,5,131833.28917607473,1,1,0,41308.99817762751,0
6504,15646171,Brown,785,Germany,Male,32,0,74436.3317775799,1,0,0,87273.11639995669,0
6505,15778703,Jones,598,France,Male,30,6,32084.441414122943,1,0,1,100970.7170794718,0
6506,15657092,Garcia,650,Spain,Female,32,0,19108.5030733362,4,0,0,176145.06952554182,0
6507,15680477,Miller,639,France,Female,30,7,8484.766659313695,4,1,0,148654.59590484345,0
6508,15640469,Davis,631,Germany,Female,41,2,4219.127678186907,1,1,0,26976.353717366073,0
6509,15715422,Rodriguez,816,Germany,Female,46,8,30560.39740912054,2,1,1,200000.0,0
6510,15734117,Martinez,680,Germany,Male,46,4,78570.32574101303,4,1,0,166505.24477420718,0
6511,15643723,Smith,492,Germany,Male,30,5,64717.163171348366,4,1,1,97373.38927645222,0
6512,15636141,Johnson,802,Germany,Male,33,3,70515.82739142889,1,0,0,136625.27903227086,1
6513,15782701,Williams,677,France,Male,33,5,6315.031978250271,4,1,0,106996.25440088214,0
6514,15762004,Brown,612,France,Female,49,8,99297.23044278866,1,1,1,113708.91157638452,0
6515,15708831,Jones,784,Germany,Female,25,6,81474.98282833763,2,1,1,117530.63917924931,0
6516,15774595,Garcia,572,France,Male,38,1,4940.699179784001,1,0,1,81508.45372245452,0
6517,15685037,Miller,821,France,Female,30,10,22044.211913524625,2,1,1,61291.25071949317,0
6518,15775984,Davis,659,France,Male,37,5,23518.120935978168,4,0,0,108176.8054738917,0
6519,15698567,Rodriguez,750,France,Male,45,10,66422.33243156354,2,1,1,176697.38422131073,1
6520,15745650,Martinez,850,Spain,Male,35,10,98478.58439697378,1,1,0,68284.13433640085,0
6521,15731046,Smith,668,France,Female,31,8,23558.266232785863,3,0,0,131311.8167371746,0
6522,15704524,Johnson,640,Germany,Female,46,7,7011.33836005388,4,1,0,71554.85338986028,0
6523,15732401,Williams,543,Germany,Male,40,10,4308.496569867168,3,0,0,16725.159790547943,0
6524,15728550,Brown,637,France,Male,43,0,50921.99804534454,1,1,1,200000.0,0
6525,15777916,Jones,546,Spain,Male,41,4,34455.58124102928,3,1,1,70939.28734481723,0
6526,15643549,Garcia,631,France,Male,26,5,116163.98336888601,4,0,1,100552.29262847203,0
6527,15827490,Miller,850,Spain,Female,52,8,153445.3826374681,1,1,1,58964.69743468096,0
6528,15683387,Davis,661,France,Male,37,3,114167.35645055461,1,1,0,70526.67501676707,1
6529,15754565,Rodriguez,594,France,Female,47,0,3932.336660534807,2,1,0,200000.0,1
6530,15635109,Martinez,629,France,Male,35,5,16722.182251913455,1,0,1,11600.0,0
6531,15832646,Smith,608,France,Male,44,8,13643.4441865535,1,1,1,173717.34149346792,0
6532,15792825,Johnson,754,Spain,Male,49,5,3556.714013223061,3,1,1,85934.6258828214,0
6533,15646220,Williams,640,France,Male,47,6,125218.26067623931,2,1,1,123263.04819011742,0
6534,15708888,Brown,810,Germany,Female,40,9,112587.972735213,2,1,0,35694.16118190462,0
6535,15650724,Jones,618,France,Male,35,3,24777.737764121448,3,0,0,116782.22776690555,0
6536,15773028,Garcia,624,Spain,Male,24,1,159356.69884885775,1,1,0,160006.42495122083,1
6537,15744200,Miller,560,Spain,Female,26,2,41430.665481689735,4,1,1,195851.67875514404,0
6538,15796653,Davis,611,France,Female,50,10,28460.85343197933,2,0,0,79683.78416247098,0
6539,15721038,Rodriguez,476,France,Female,30,0,39886.513405414684,2,1,0,37223.09254424311,0
6540,15818448,Martinez,437,Germany,Male,47,1,27413.877410712044,4,1,0,66139.28428715919,0
6541,15770711,Smith,712,France,Male,48,6,17257.595690796035,4,1,0,77735.10786841714,1
6542,15663235,Johnson,475,France,Female,43,8,9989.795974988467,3,0,1,179441.05142526157,0
6543,15659097,Williams,690,Germany,Female,42,8,30867.227837158945,2,0,0,119694.7663578053,0
6544,15699152,Brown,599,Spain,Male,27,8,37833.83733715433,1,1,1,117049.7200455833,0
6545,15671085,Jones,743,Spain,Male,25,10,86192.43851303947,3,1,0,140022.53824270624,0
6546,15747783,Garcia,477,Germany,Male,32,0,32063.66203742458,4,0,1,80982.25510480361,0
6547,15668671,Miller,709,Germany,Male,55,6,88425.11193742901,1,1,1,18500.735077422505,0
6548,15773044,Davis,683,Spain,Female,52,6,154669.68183033785,4,0,1,107725.05835213991,0
6549,15754475,Rodriguez,686,Germany,Male,39,8,63914.634019087454,4,1,0,134904.5040064091,0
6550,15751445,Martinez,762,France,Male,51,8,6375.448115939468,2,1,0,31633.537950816884,0
6551,15706549,Smith,657,Spain,Male,29,0,30926.60364202775,3,1,1,98576.45877685749,0
6552,15804807,Johnson,405,France,Male,35,9,97144.14225347016,1,0,0,147068.0856092712,0
6553,15730363,Williams,694,France,Male,54,4,33828.46827444032,2,1,0,11600.0,0
6554,15748355,Brown,681,Germany,Male,60,1,83228.42508684788,1,1,0,188618.9368521575,1
6555,15766366,Jones,625,France,Female,46,5,74781.94524228064,1,1,1,85166.34136152413,0
6556,15663528,Garcia,565,France,Male,23,1,8708.430808491317,3,0,1,25387.700457863568,0
6557,15734384,Miller,613,France,Female,52,5,19985.705285806067,1,1,0,154352.0000062205,0
6558,15739302,Davis,795,Germany,Female,36,6,72177.32277319067,2,1,1,145674.3828750346,0
6559,15708586,Rodriguez,558,Spain,Male,46,5,8668.76151653885,2,1,1,112997.68128109371,0
6560,15809064,Martinez,475,France,Male,39,10,27477.43096105781,2,1,1,127769.43743253182,1
6561,15684195,Smith,503,France,Male,49,0,7387.681747243438,2,1,0,11600.0,0
6562,15710211,Johnson,646,France,Female,39,3,13440.012183279814,1,1,0,156777.447365489,0
6563,15639811,Williams,817,Germany,Female,66,2,16817.0849062632,2,1,1,65009.69809683488,0
6564,15761302,Brown,850,Germany,Male,48,4,37779.352244611306,3,1,0,63834.392033557684,0
6565,15772207,Jones,715,France,Female,26,6,121466.75732653121,1,1,1,175889.81209004106,1
6566,15721199,Garcia,551,France,Female,22,2,24352.013451658586,3,1,0,37616.93324054972,0
6567,15641813,Miller,562,Germany,Male,22,0,94844.5497900554,2,0,1,175202.14130543752,0
6568,15644529,Davis,737,Germany,Female,44,10,59401.31165567967,3,0,0,126080.89596594193,0
6569,15751935,Rodriguez,783,France,Male,48,10,75809.60493473381,4,1,1,166517.5598065555,0
6570,15790268,Martinez,585,France,Female,18,8,71817.58180330895,2,1,0,43497.853944464514,0
6571,15710984,Smith,792,France,Male,51,5,17985.263616554672,1,1,1,153788.50040232553,0
6572,15773607,Johnson,627,Spain,Female,42,5,13475.76946840507,3,1,0,124475.7182755333,0
6573,15738382,Williams,721,Spain,Male,55,3,189897.3122838911,1,1,1,97206.07179919838,1
6574,15675298,Brown,764,Germany,Female,29,10,66937.61864788437,2,0,0,49591.51992322517,0
6575,15831123,Jones,501,Spain,Male,41,0,22767.83333174123,1,1,0,94828.16454774837,0
6576,15702218,Garcia,695,Germany,Female,41,8,40414.6961568969,3,1,1,11600.0,0
6577,15771763,Miller,792,Spain,Male,31,9,74776.88038303156,3,0,0,40001.767186699544,0
6578,15822222,Davis,593,France,Male,26,6,2869.180007060327,4,1,1,98043.02256890143,0
6579,15791797,Rodriguez,544,France,Male,48,9,5214.305559492013,4,1,0,71214.6147711077,0
6580,15773471,Martinez,699,Germany,Male,41,6,1269.9661469347652,3,0,1,145817.52694927028,0
6581,15684615,Smith,663,Germany,Female,42,10,8960.3373552938,4,1,0,104633.28383643115,0
6582,15774020,Johnson,617,France,Female,52,6,6355.001029145824,2,1,1,131569.51875296794,0
6583,15799346,Williams,649,France,Female,38,6,31092.792223211225,3,1,0,178441.87399315604,0
6584,15783327,Brown,482,France,Female,42,7,16927.68352993153,3,1,1,185280.67687129608,1
6585,15684158,Jones,690,France,Male,42,10,2333.0730375393805,3,1,1,147983.1884114914,0
6586,15758325,Garcia,809,France,Male,42,7,29841.31364358531,1,1,0,78362.790147855,0
6587,15660742,Miller,578,Germany,Female,24,2,43205.88132105288,2,1,0,189752.10143913858,0
6588,15635786,Davis,567,Spain,Female,38,7,23120.05146807673,2,1,1,11600.0,0
6589,15800167,Rodriguez,667,Germany,Female,50,3,15078.84303163899,2,1,0,79756.23502637279,0
6590,15809822,Martinez,850,Spain,Male,37,6,24752.173497015698,2,1,0,182193.50759720255,0
6591,15790520,Smith,759,Spain,Male,34,4,36687.85674581173,3,1,0,36264.42217687645,1
6592,15745963,Johnson,640,France,Male,48,3,28637.511377064893,4,1,0,179966.62241906102,0
6593,15787869,Williams,653,France,Male,39,3,4895.831945927033,2,0,1,96230.45890040587,0
6594,15640208,Brown,769,France,Female,32,5,30517.40608879033,2,1,1,59013.579153516104,0
6595,15769630,Jones,559,Spain,Male,30,1,63707.82702221317,4,1,1,141948.4119766433,0
6596,15651157,Garcia,711,France,Female,38,4,85739.10077464455,3,1,1,172453.81496847593,0
6597,15724987,Miller,538,Germany,Female,32,7,28949.726739907488,3,1,0,149751.0385877417,1
6598,15784364,Davis,742,France,Female,48,1,250000.0,3,1,1,103161.35814413126,0
6599,15693104,Rodriguez,620,Spain,Female,31,4,92530.36062712695,3,1,1,11600.0,0
6600,15814523,Martinez,670,France,Male,41,6,12128.107717815581,4,0,1,82912.57913508161,1
6601,15792021,Smith,614,Spain,Female,43,4,30511.134177281972,1,1,0,187703.36515533124,1
6602,15738446,Johnson,719,France,Male,45,9,17510.79105610657,4,1,0,59319.763193202925,0
6603,15725923,Williams,632,France,Female,54,8,39952.047661364,2,0,1,165844.01843712002,0
6604,15683658,Brown,850,Germany,Male,25,8,12687.800183858202,3,1,0,19673.674515942475,0
6605,15829525,Jones,791,Spain,Male,45,7,1793.24115855142,2,1,0,172304.3898992075,0
6606,15732836,Garcia,519,Germany,Male,45,8,117369.61278317646,1,0,1,11600.0,0
6607,15676452,Miller,669,Spain,Male,28,1,36673.54217286834,3,1,1,60652.86977547524,0
6608,15662445,Davis,723,Spain,Female,41,2,123232.95773544982,1,1,0,64688.729297568745,1
6609,15696922,Rodriguez,604,Spain,Female,34,3,6286.753910367028,2,0,1,11600.0,0
6610,15664395,Martinez,771,France,Male,53,4,8213.232846928535,4,0,1,117135.17406448565,0
6611,15805190,Smith,759,France,Male,33,9,12840.450164634989,1,1,0,84553.13435447132,0
6612,15783531,Johnson,641,France,Female,36,1,30543.25250916936,4,1,1,73689.18196078832,0
6613,15654229,Williams,748,Spain,Male,35,10,106014.04933589391,2,1,1,11600.0,0
6614,15696424,Brown,408,Spain,Female,30,9,52549.98521616807,2,1,0,46231.59955554647,0
6615,15817922,Jones,785,Germany,Male,23,3,2828.7691928202325,2,0,1,11600.0,0
6616,15690400,Garcia,738,France,Female,30,3,26144.52862265282,2,1,1,170453.30520995898,0
6617,15809790,Miller,541,France,Female,40,4,64232.862190169704,2,1,0,16586.266991813987,1
6618,15709920,Davis,675,Spain,Male,41,5,19458.90007533235,3,1,1,124064.00567798193,0
6619,15738788,Rodriguez,447,France,Male,47,0,33918.99662047806,3,0,0,144186.76616453036,0
6620,15722504,Martinez,573,Spain,Female,49,5,62141.001546116095,4,1,0,11600.0,1
6621,15794231,Smith,759,France,Female,43,8,167599.09456474346,1,1,0,82793.61197721977,0
6622,15705936,Johnson,648,France,Female,46,2,20264.266005181755,1,0,1,44879.441451188315,1
6623,15741321,Williams,643,Spain,Female,44,1,68202.66876635037,3,1,0,71862.33209594016,0
6624,15757701,Brown,654,France,Male,27,7,68798.04129930279,2,1,0,34853.11834866634,0
6625,15808288,Jones,642,France,Male,42,1,39121.0277626447,2,0,0,195041.44599844865,0
6626,15647322,Garcia,748,Spain,Male,39,7,83929.90215434348,3,0,1,11600.0,0
6627,15692210,Miller,588,Germany,Female,33,9,38406.07605398627,2,0,0,85052.52941664206,0
6628,15742051,Davis,691,Spain,Male,39,3,49041.33501056403,1,1,1,131093.03379046256,0
6629,15737430,Rodriguez,535,Spain,Female,42,8,90768.42232232541,2,1,1,200000.0,0
6630,15761215,Martinez,724,France,Female,36,3,32338.527032981197,2,1,1,60146.871225969626,1
6631,15706697,Smith,617,France,Female,48,0,32500.115681517495,1,1,1,159286.84002509128,0
6632,15740526,Johnson,645,France,Male,42,7,44706.77742495769,1,0,0,119000.07157962129,0
6633,15731054,Williams,613,France,Male,47,0,81531.69999629945,3,1,1,200000.0,0
6634,15722195,Brown,626,France,Female,51,4,6801.647844318377,2,0,1,93206.58793053665,0
6635,15801566,Jones,549,Spain,Male,35,6,73749.06424643093,4,0,1,140498.65079342586,0
6636,15741577,Garcia,682,France,Female,34,2,17460.792183070833,1,0,0,141734.23894790412,1
6637,15711844,Miller,705,Germany,Female,50,5,3684.1163283381857,1,1,0,120487.04171917413,1
6638,15750643,Davis,516,France,Male,31,10,78553.0844441984,1,1,0,39323.85724203763,1
6639,15760804,Rodriguez,590,France,Male,38,0,7841.064542569319,1,1,1,38690.91609143939,0
6640,15712208,Martinez,653,France,Male,34,5,11993.035809620907,1,0,1,66597.44722798187,0
6641,15758371,Smith,590,Spain,Female,29,4,61237.32314219408,1,0,1,123503.53533059178,0
6642,15753144,Johnson,627,France,Male,43,1,41565.63308851819,3,1,1,76864.0318698264,0
6643,15741040,Williams,811,Germany,Female,36,3,126597.56616970306,2,1,0,25664.160791431263,0
6644,15635526,Brown,548,Germany,Female,29,10,154320.64383158836,4,1,0,114250.47482225717,0
6645,15685924,Jones,418,France,Male,48,10,18841.083030634574,4,0,0,89965.17165781347,1
6646,15792152,Garcia,590,Germany,Female,25,10,19592.71598223448,4,1,1,12898.09266692512,0
6647,15705644,Miller,617,Spain,Female,37,6,11769.77551573116,2,1,1,84572.51651376381,0
6648,15681020,Davis,601,Germany,Female,47,5,36450.798131962605,4,0,0,73820.35152263878,0
6649,15827891,Rodriguez,676,France,Male,48,10,23739.766091871432,2,0,0,135668.72829330605,0
6650,15735301,Martinez,547,Germany,Male,43,9,738.0618676942032,2,0,1,11600.0,0
6651,15724742,Smith,532,Germany,Male,30,5,25122.64499680334,2,1,0,104603.68570560552,0
6652,15646383,Johnson,582,France,Male,40,8,3184.367165349434,2,1,0,111750.80035810846,0
6653,15771189,Williams,584,France,Male,42,1,80233.47357061606,4,1,1,29686.09054646881,0
6654,15751960,Brown,850,France,Female,34,0,132178.51886892013,2,1,1,159862.91958577465,0
6655,15670735,Jones,805,France,Male,42,1,17536.33606495507,3,1,1,120499.36524792846,0
6656,15732230,Garcia,483,France,Female,24,2,52593.10027494995,1,0,0,63865.1788579441,0
6657,15711548,Miller,457,France,Female,21,8,4634.334094738316,1,1,0,80324.30686318921,0
6658,15719660,Davis,641,France,Male,32,9,22590.41788233485,1,0,0,72030.36574431225,1
6659,15774769,Rodriguez,841,Spain,Male,45,8,42890.84270842011,3,1,1,94389.66732295748,0
6660,15786144,Martinez,716,Germany,Female,47,4,5500.3779893212,1,1,1,176177.9812531693,0
6661,15677731,Smith,646,Spain,Female,26,6,23671.66702576857,4,0,1,11600.0,0
6662,15643133,Johnson,604,Germany,Male,53,2,155323.34163334547,4,0,0,82218.30893725564,1
6663,15671640,Williams,757,France,Female,39,9,9081.053871221848,3,0,1,42089.379096153025,1
6664,15722541,Brown,667,France,Male,23,1,48409.416392592284,3,1,0,119023.02525813991,0
6665,15677276,Jones,823,Spain,Female,42,5,89592.31440725946,3,1,0,109192.50848318898,0
6666,15762174,Garcia,481,France,Male,51,5,73738.98573269675,3,1,1,181949.50593776052,0
6667,15664433,Miller,692,France,Male,34,4,73785.12224038554,1,1,0,98862.69357191582,0
6668,15691776,Davis,593,France,Male,48,0,3047.1246532545188,2,1,1,170026.92606974585,0
6669,15645881,Rodriguez,691,France,Female,53,9,181722.9535706747,1,1,0,134695.65284351562,0
6670,15803894,Martinez,675,France,Female,39,1,64940.639503281585,3,1,0,93131.1106242144,0
6671,15695212,Smith,700,France,Male,31,6,154327.65186794993,4,0,0,123487.91505798828,0
6672,15818393,Johnson,747,France,Male,50,9,193781.62342880745,3,1,0,41412.12509210422,0
6673,15687653,Williams,788,Germany,Male,50,1,22080.746696225946,3,1,0,144194.92661395742,0
6674,15691254,Brown,845,France,Male,26,4,39195.4453344206,1,1,1,82924.03944767243,0
6675,15700126,Jones,651,Germany,Male,37,10,65367.738418581524,2,1,0,72435.45379308863,0
6676,15641072,Garcia,595,Germany,Male,46,9,94551.52390603829,1,1,1,75980.29731011397,0
6677,15833272,Miller,527,Germany,Male,46,3,176932.4816003854,3,1,1,130261.05813633229,0
6678,15807472,Davis,693,France,Male,36,9,183367.6938562869,4,0,0,65273.44264328573,0
6679,15688075,Rodriguez,733,Germany,Female,29,0,19856.54571390256,2,0,0,44789.5365861421,0
6680,15785554,Martinez,515,France,Female,54,4,57046.47919950473,3,1,0,60510.92479852906,1
6681,15679041,Smith,764,France,Female,39,0,7945.841082629783,4,1,0,11600.0,0
6682,15648910,Johnson,639,Germany,Female,37,2,83174.70931513645,4,0,0,65371.04759382015,0
6683,15726165,Williams,524,France,Male,33,8,8687.98063705491,4,0,0,44748.751469547715,0
6684,15669683,Brown,565,France,Male,36,6,110673.94009053531,2,1,0,127195.90374178294,0
6685,15816057,Jones,555,France,Female,23,1,193400.1847526375,2,0,1,75135.32341457404,1
6686,15644439,Garcia,557,France,Female,48,4,4515.293276602055,3,0,0,102218.4380586264,0
6687,15817825,Miller,706,France,Male,36,3,35908.79864337921,1,0,1,11600.0,0
6688,15752730,Davis,736,Spain,Male,18,6,15375.992722807538,1,1,0,90416.99900768884,0
6689,15802498,Rodriguez,819,France,Female,29,3,31747.14886431994,2,1,0,87856.11028748855,0
6690,15798747,Martinez,580,France,Female,48,8,17391.047915086794,3,1,1,139491.18307560583,0
6691,15747253,Smith,684,Germany,Female,37,2,3395.0563156166013,3,1,0,153567.48250551085,1
6692,15732226,Johnson,585,Germany,Female,31,5,25054.40308058162,3,1,1,11600.0,0
6693,15791973,Williams,652,Spain,Male,40,4,11443.604624855901,1,0,1,200000.0,0
6694,15824535,Brown,501,Spain,Male,36,9,39846.52239337976,2,1,0,90176.42642401745,0
6695,15664665,Jones,537,Spain,Female,40,7,57058.750150270986,3,0,1,77830.27126320748,1
6696,15704055,Garcia,730,Spain,Male,42,10,25985.51047186489,1,1,0,31438.424430656247,0
6697,15834146,Miller,501,France,Male,30,0,11385.194945558645,1,0,1,156532.60729362667,0
6698,15736768,Davis,711,Germany,Female,33,9,10641.403198518128,1,1,0,58165.09070309179,0
6699,15649108,Rodriguez,582,Spain,Male,31,1,119.49794687712811,3,1,0,194537.59893636196,0
6700,15748206,Martinez,457,Germany,Female,31,6,60597.73595925251,2,1,0,86344.19490557344,0
6701,15660628,Smith,396,Spain,Male,32,0,14592.947644389938,4,1,1,89741.57320250387,0
6702,15793346,Johnson,796,France,Female,36,4,176576.3620641478,3,1,1,200000.0,0
6703,15804091,Williams,459,France,Female,32,7,68729.58864890982,4,0,1,95820.8185060904,0
6704,15687015,Brown,643,Spain,Male,40,9,17504.72237799377,1,0,1,46398.15335040652,0
6705,15699668,Jones,685,France,Male,35,4,8654.955394087008,1,1,0,95562.59330213146,1
6706,15824887,Garcia,518,Germany,Male,31,4,48954.05768559683,2,1,0,132691.9606741259,0
6707,15685573,Miller,594,France,Male,19,8,99960.45305759039,1,1,1,95455.89135434487,1
6708,15792955,Davis,697,Germany,Male,29,10,43892.310732341015,1,1,0,78332.36782889985,0
6709,15748580,Rodriguez,679,Spain,Male,35,10,551.740744801886,1,1,1,197286.60064164986,0
6710,15793765,Martinez,603,France,Female,48,4,77158.32528060758,2,1,0,86937.51020291282,1
6711,15685096,Smith,673,France,Female,38,0,166522.28130826395,1,1,0,124875.22145544874,1
6712,15738466,Johnson,639,France,Male,23,2,2431.7906429728737,3,1,1,17156.446649283156,0
6713,15784284,Williams,552,Spain,Male,39,4,82808.23870400783,1,0,1,123308.53292496361,0
6714,15766753,Brown,770,Germany,Male,34,7,63469.18212677056,1,1,0,34387.26058632214,1
6715,15729988,Jones,670,France,Female,44,9,25333.06120840798,1,1,0,165751.7866583586,0
6716,15812425,Garcia,465,France,Male,24,1,50265.825013789945,1,1,0,104018.60457198446,0
6717,15720728,Miller,702,Spain,Male,51,3,8646.602285896133,3,1,0,11600.0,1
6718,15821106,Davis,588,Spain,Male,43,3,63665.25783738254,3,1,1,81832.71661105944,0
6719,15796625,Rodriguez,621,France,Female,36,2,43523.050284836405,3,0,0,200000.0,0
6720,15715465,Martinez,650,France,Female,23,5,4528.17295763788,4,1,1,175378.52256311284,1
6721,15712893,Smith,570,Spain,Female,24,9,101338.10748397636,3,0,0,108496.32351665945,0
6722,15760261,Johnson,830,Germany,Male,45,1,6869.046435517903,3,1,0,50695.29061779677,0
6723,15825546,Williams,500,Spain,Male,47,2,28839.694101314893,2,0,0,139618.6012108908,0
6724,15641837,Brown,655,France,Male,49,1,7030.591125570025,4,1,1,120010.13288822307,0
6725,15717335,Jones,688,Germany,Female,55,9,51940.10132782343,3,0,0,87186.15256456038,1
6726,15697314,Garcia,654,Germany,Male,46,7,66942.92424607788,2,1,1,16025.620468032474,0
6727,15787147,Miller,630,Spain,Male,43,1,147092.92426532204,3,1,0,102480.515399442,0
6728,15833241,Davis,612,France,Male,62,4,14558.003576567,2,1,0,66868.14971397715,1
6729,15760451,Rodriguez,569,France,Female,33,3,22808.766663548682,4,1,0,124206.18809601353,1
6730,15714425,Martinez,567,France,Male,37,0,24446.52536636298,1,0,1,57105.12444710363,0
6731,15738817,Smith,765,Spain,Male,23,6,5101.694163148895,3,1,0,118052.80678723053,0
6732,15666832,Johnson,605,France,Female,45,5,82488.79093225328,2,1,0,200000.0,0
6733,15719175,Williams,850,France,Male,36,9,4316.504026270509,1,1,0,200000.0,0
6734,15834550,Brown,716,Germany,Female,32,0,20665.634977612703,3,0,0,123187.82032597727,0
6735,15675246,Jones,383,France,Male,33,8,10559.758557171366,2,1,1,195562.42214035967,0
6736,15814338,Garcia,738,France,Female,31,3,54588.74084074299,1,0,1,75417.62973880835,1
6737,15679805,Miller,644,France,Male,37,0,117994.84154850153,2,1,1,44710.901971604566,0
6738,15701279,Davis,511,Germany,Male,24,7,68616.52669171663,3,0,1,172353.11699196068,0
6739,15791099,Rodriguez,780,Germany,Female,25,0,74475.84652490057,1,1,0,47694.180411010675,0
6740,15757848,Martinez,606,Spain,Male,27,1,4087.7763233258065,1,1,0,173372.10146533806,0
6741,15719419,Smith,597,Spain,Female,32,4,67154.28107966817,1,1,1,21817.512612703402,0
6742,15704408,Johnson,687,France,Female,34,0,3228.5551276552824,4,1,1,123897.25210907121,0
6743,15677416,Williams,764,Germany,Female,18,0,33102.46987022654,3,1,1,39453.262931208665,0
6744,15704821,Brown,661,France,Male,33,5,58873.78228261625,1,1,0,60376.94948792571,0
6745,15815320,Jones,654,France,Female,30,10,14700.750959313009,2,0,0,164158.27531059238,0
6746,15805558,Garcia,580,France,Female,46,0,57374.61111359075,4,1,1,181305.71248752688,0
6747,15729947,Miller,762,France,Female,30,4,106234.80128225959,3,1,1,62060.21590501473,0
6748,15734690,Davis,662,France,Male,49,9,105172.59228166133,1,0,1,166395.8971785488,0
6749,15703924,Rodriguez,627,France,Female,56,10,10666.086324104592,3,0,0,77303.64553045815,1
6750,15656252,Martinez,615,Germany,Male,50,4,16045.780690151243,3,1,0,104158.6823221496,1
6751,15728844,Smith,752,France,Male,29,1,54836.3649518698,1,1,1,65225.18649519697,0
6752,15774864,Johnson,623,Germany,Female,44,10,92041.89884663062,1,1,0,67509.27689710469,0
6753,15672798,Williams,752,France,Female,29,2,30368.54176615227,1,1,0,60746.16506903597,0
6754,15805123,Brown,602,France,Male,30,2,127680.6873622592,2,1,0,18964.065477189026,1
6755,15805335,Jones,722,France,Female,31,2,42737.97858387146,4,1,0,60447.083413961285,0
6756,15664311,Garcia,670,France,Male,40,2,15187.019883358593,4,0,1,58949.08996671801,0
6757,15715030,Miller,554,France,Male,30,10,1008.3983931699017,4,1,0,200000.0,0
6758,15644545,Davis,641,Germany,Female,39,3,82346.29304459305,4,1,0,152638.13937792333,0
6759,15808914,Rodriguez,430,Spain,Male,51,9,4869.845906840152,1,1,1,74439.30110311782,0
6760,15811434,Martinez,575,France,Female,27,0,4084.5313245922657,2,1,0,88769.14013744231,0
6761,15655644,Smith,492,France,Female,22,3,75059.07437274946,4,0,1,116453.09924623472,0
6762,15678496,Johnson,849,Spain,Male,32,3,1608.0708951809079,4,1,1,99112.8443254893,0
6763,15772543,Williams,493,France,Female,53,7,92499.12497321574,1,1,0,62650.425214090006,0
6764,15826752,Brown,850,France,Male,45,10,45655.36921558871,3,1,1,144591.78278816267,0
6765,15691361,Jones,701,Germany,Male,30,3,50605.03761700603,3,1,1,73947.55634156463,1
6766,15740575,Garcia,598,Germany,Female,28,4,139072.25008636893,4,1,0,137352.6862048532,1
6767,15678908,Miller,730,Germany,Female,42,3,100754.42740111788,1,0,0,168487.34649482951,1
6768,15742971,Davis,585,Germany,Male,39,4,3951.9115043889724,1,0,0,116563.27745724264,0
6769,15821045,Rodriguez,509,France,Male,45,2,95861.22288173255,1,1,0,79001.34456924742,0
6770,15786592,Martinez,657,France,Male,27,2,55002.42085689507,3,0,1,151212.34267895692,0
6771,15662981,Smith,720,France,Male,38,7,19046.426247632317,3,1,0,162329.90159221197,0
6772,15755269,Johnson,777,Spain,Female,47,0,95988.99573805985,3,1,1,194436.747028763,0
6773,15768636,Williams,699,Spain,Male,50,2,1178.7244348755894,1,1,0,187869.3507521322,1
6774,15779525,Brown,597,France,Male,26,1,90867.35220759698,1,1,1,75536.21705193317,0
6775,15752228,Jones,788,France,Female,38,9,48404.32838091528,3,1,0,11600.0,0
6776,15811421,Garcia,766,France,Male,36,10,15134.222689405717,4,1,1,87895.96366419052,0
6777,15759782,Miller,676,France,Male,30,5,298.7453984490946,2,0,0,62716.79629590227,0
6778,15686951,Davis,771,France,Female,31,7,36836.689236775754,1,1,0,120322.5767220483,1
6779,15822030,Rodriguez,850,Germany,Male,44,5,27431.253257079417,1,1,0,92501.21703938006,0
6780,15780419,Martinez,595,Spain,Female,31,3,99223.94172213989,2,1,0,13110.326309044482,0
6781,15640332,Smith,560,France,Male,37,2,77538.50727675627,4,0,1,164815.50549467484,0
6782,15779595,Johnson,592,France,Male,43,3,44538.203457895506,3,0,0,62080.35941135573,0
6783,15653625,Williams,515,France,Male,56,7,8175.914894606284,1,1,0,99486.45394863472,0
6784,15811023,Brown,709,France,Male,41,8,64753.99291464975,2,1,0,175442.66620329936,0
6785,15761398,Jones,489,France,Male,46,7,45023.62759501528,4,1,0,79693.93279415337,0
6786,15716135,Garcia,776,Spain,Male,41,8,1140.0663990246992,2,1,0,78361.79151374017,0
6787,15717888,Miller,582,France,Male,36,7,71733.70200686977,3,0,1,145549.03340050462,0
6788,15676581,Davis,785,Spain,Male,36,4,89106.4563636377,2,0,0,143426.04319571058,0
6789,15657439,Rodriguez,394,Germany,Male,37,4,74470.44574587468,4,0,1,11600.0,0
6790,15780671,Martinez,611,Germany,Female,18,0,9699.29906688054,3,1,1,118738.57388031518,0
6791,15739577,Smith,520,France,Female,35,7,34908.04247883082,2,1,1,125949.06384003261,0
6792,15810713,Johnson,785,Germany,Female,43,10,37462.77316412235,1,1,1,27244.22764013552,0
6793,15655525,Williams,817,France,Female,31,1,136174.26862712682,3,1,0,174415.60766859457,0
6794,15643478,Brown,415,France,Male,53,5,129917.57148929025,3,1,1,139341.93114472672,0
6795,15695575,Jones,736,France,Female,40,5,3215.164199091031,2,0,0,176456.23128442638,0
6796,15768561,Garcia,756,Spain,Female,37,9,250000.0,1,1,0,150609.947715058,1
6797,15829397,Miller,682,France,Male,47,3,77250.43534242552,4,1,0,91806.2219946098,0
6798,15677024,Davis,708,France,Male,44,8,23542.729452662024,2,1,1,103911.05513284543,1
6799,15686015,Rodriguez,701,France,Male,50,2,67988.95170407677,2,0,0,54047.47889393091,0
6800,15737086,Martinez,736,France,Male,52,7,23632.36332935845,2,1,0,128524.23707313923,0
6801,15768515,Smith,540,France,Male,53,1,137662.24004491066,1,1,0,11600.0,1
6802,15663358,Johnson,770,France,Female,43,4,23749.85819717789,1,1,0,100285.9706255068,0
6803,15706178,Williams,670,Germany,Female,28,5,72642.72018639038,2,0,1,32895.20233517047,0
6804,15752850,Brown,664,France,Male,36,1,8437.1616272098,3,1,1,161038.19611788218,0
6805,15644906,Jones,706,Spain,Female,55,6,95634.56517063179,3,0,0,11600.0,0
6806,15664943,Garcia,522,Germany,Male,41,10,48437.63991277256,4,1,0,43905.21707412288,0
6807,15770432,Miller,494,France,Female,34,10,82409.09187957362,3,0,1,73623.76394515668,0
6808,15782684,Davis,637,Germany,Female,33,4,27060.752913616267,3,1,1,80465.3888315244,0
6809,15761641,Rodriguez,804,Germany,Female,28,9,21256.487023899645,2,1,1,118864.11711909674,0
6810,15826432,Martinez,531,Germany,Female,48,3,38030.85094475067,2,1,1,83494.55134838159,1
6811,15797332,Smith,667,Germany,Male,34,3,24566.583810876382,1,0,1,60099.98566741197,0
6812,15814676,Johnson,578,Germany,Male,29,1,36092.52498045135,3,1,1,125014.60145341295,0
6813,15767049,Williams,564,France,Female,30,8,28162.695366038577,2,1,1,142079.54635630356,0
6814,15734087,Brown,700,Germany,Female,18,0,10947.828946214102,4,1,0,198377.03078477766,0
6815,15656694,Jones,725,France,Female,46,0,187812.86212975674,3,1,1,71904.95775152747,0
6816,15766164,Garcia,571,Germany,Female,36,3,810.8056783780335,3,1,0,92237.32448083839,1
6817,15638331,Miller,788,France,Female,26,2,129946.84068516536,2,1,0,115616.8022664288,0
6818,15771648,Davis,692,Spain,Female,52,8,87837.17669631074,4,1,0,42887.25412323756,0
6819,15752824,Rodriguez,625,France,Female,39,6,27314.303021036445,2,1,0,38337.25484976839,0
6820,15719818,Martinez,684,Germany,Male,18,10,19437.55403111576,4,0,0,136024.0579026863,0
6821,15718462,Smith,850,Spain,Male,46,1,8997.404896842907,4,1,0,160098.5809665631,1
6822,15731472,Johnson,725,Spain,Female,28,3,7139.262927055746,2,1,1,91600.59232291488,0
6823,15656000,Williams,580,Germany,Male,44,4,40027.561193407884,3,0,0,128529.92517116402,0
6824,15669252,Brown,648,France,Female,44,9,5570.421906753154,1,1,1,80265.87491630217,0
6825,15786966,Jones,663,Spain,Male,40,3,32358.17704932285,3,1,0,142450.2402437447,0
6826,15738491,Garcia,716,Germany,Male,26,3,84291.75803099116,2,0,1,74946.6155215765,0
6827,15637761,Miller,673,Germany,Female,26,3,70738.45313116141,4,0,1,187517.6053885651,0
6828,15732764,Davis,839,Spain,Male,38,7,7107.67344970897,4,1,0,126898.48866412435,0
6829,15828440,Rodriguez,627,France,Male,29,6,162307.26922113303,3,0,1,48825.7647084514,0
6830,15737436,Martinez,477,France,Male,51,3,16855.51417125348,1,0,1,77379.03101493468,0
6831,15782739,Smith,671,Germany,Female,37,10,61156.183716600564,2,1,1,86453.66894167353,0
6832,15656240,Johnson,605,Spain,Female,28,0,17869.231840860095,4,0,1,85811.29501752713,0
6833,15635675,Williams,499,France,Female,48,5,48041.67962252783,2,1,0,115591.55432840092,0
6834,15812185,Brown,579,Germany,Male,19,4,42488.72296460053,3,1,1,87824.74783753994,0
6835,15663922,Jones,614,France,Female,37,10,9819.968270043028,4,1,0,12350.512254768328,0
6836,15669526,Garcia,763,Germany,Male,44,4,52858.013133627755,4,1,0,96708.11046065952,0
6837,15806408,Miller,501,Spain,Male,28,10,19726.709312347026,4,1,1,59176.83982073472,0
6838,15702718,Davis,684,France,Male,34,5,47228.14437417619,2,1,1,112509.48699934328,0
6839,15805699,Rodriguez,850,Germany,Male,32,7,38976.36186143271,1,1,1,112831.19755455047,1
6840,15636761,Martinez,632,Spain,Male,27,5,92464.9202446463,4,0,1,24432.609116083724,0
6841,15683542,Smith,629,France,Male,39,5,12013.986720869678,2,1,1,12014.755193560224,0
6842,15714038,Johnson,721,France,Male,47,6,8209.094182886298,3,1,1,95121.19210746743,0
6843,15649280,Williams,702,France,Female,59,10,96515.95187389507,2,1,0,106879.01174387692,0
6844,15826749,Brown,791,Spain,Male,46,7,29398.440274690813,3,1,1,69418.74031006878,0
6845,15812878,Jones,633,France,Female,36,3,76127.03328051574,2,0,0,116356.9035999972,1
6846,15777695,Garcia,720,France,Female,50,6,160412.470467314,2,1,0,123460.70909514988,0
6847,15772446,Miller,721,France,Male,27,7,39299.00889365524,3,0,1,136643.85857877653,0
6848,15701765,Davis,616,France,Male,33,5,17882.317352025402,4,1,1,44564.714993434,0
6849,15789138,Rodriguez,638,Germany,Female,48,8,79049.64987477557,1,0,1,142887.00321598083,1
6850,15685739,Martinez,648,Spain,Female,32,5,133641.40155438456,3,1,0,56490.462970820416,0
6851,15795906,Smith,526,France,Female,39,3,14061.754573919836,1,1,1,55221.436297292734,0
6852,15696099,Johnson,611,Germany,Female,31,5,58292.87753936514,3,0,1,141016.40900592305,1
6853,15735087,Williams,799,Germany,Male,36,1,75839.31489664484,2,1,0,101081.89957374762,0
6854,15817122,Brown,753,France,Male,38,10,1346.077360233993,4,1,0,77255.09787528156,0
6855,15740070,Jones,592,France,Female,43,7,44857.28080407476,4,1,1,19919.266733806275,0
6856,15635503,Garcia,648,Spain,Female,40,10,50142.207009324025,1,1,1,146368.235989279,1
6857,15722582,Miller,747,Germany,Female,46,5,50604.485462052406,3,1,1,32677.86091255446,0
6858,15742196,Davis,694,Germany,Female,42,3,4392.788551710557,3,0,0,11600.0,0
6859,15637483,Rodriguez,729,France,Male,37,6,1096.33863693731,3,1,1,52025.42977494811,0
6860,15664465,Martinez,703,Spain,Female,32,7,17385.305472629734,3,1,1,135899.73158970455,0
6861,15771296,Smith,671,Germany,Female,29,2,22145.30153786756,1,0,1,85513.93386912251,0
6862,15767052,Johnson,633,Spain,Male,18,9,7810.69567931178,1,1,1,74334.41433579149,0
6863,15679803,Williams,530,Spain,Male,37,2,35625.31263142947,1,1,0,34406.54893006425,1
6864,15693853,Brown,719,Spain,Male,27,9,12909.130382294792,1,1,0,99614.58679201941,1
6865,15707174,Jones,627,Spain,Female,30,2,20589.111545334275,3,0,1,98584.34871350031,0
6866,15673857,Garcia,485,France,Male,35,2,17323.766097905584,1,1,0,11600.0,1
6867,15697814,Miller,595,Spain,Male,33,1,73927.38070894142,1,1,0,11600.0,1
6868,15684812,Davis,735,France,Male,44,4,104809.10028520723,2,1,0,168345.4113577165,0
6869,15760231,Rodriguez,458,Spain,Male,37,5,17724.765510139525,2,1,0,200000.0,0
6870,15657101,Martinez,547,France,Male,55,0,23632.2984363297,1,0,1,150608.0571443555,0
6871,15737154,Smith,663,Germany,Female,60,5,84443.89812504896,2,1,1,102575.97239418341,0
6872,15817302,Johnson,790,France,Female,35,6,71168.59325775337,2,1,0,68944.84757990803,1
6873,15695962,Williams,749,Spain,Female,30,1,61686.16054129114,2,1,0,93736.57682256297,0
6874,15770277,Brown,800,France,Female,21,0,61525.66907926056,2,1,0,136044.3821945952,0
6875,15762068,Jones,670,France,Female,57,6,17632.646788491576,4,1,1,119524.98906487259,0
6876,15720075,Garcia,629,Spain,Female,31,5,137858.50743081243,3,1,0,200000.0,0
6877,15778306,Miller,734,Germany,Male,33,2,82824.93060968204,2,0,1,140012.98592680474,0
6878,15796281,Davis,560,France,Male,32,1,11908.528384791522,3,1,0,137756.23192567835,0
6879,15726475,Rodriguez,552,France,Male,35,1,54257.88504346037,3,1,0,147391.38989246066,0
6880,15700358,Martinez,534,France,Female,34,1,8414.613704034638,2,0,0,119005.84835031303,1
6881,15812668,Smith,758,Germany,Female,47,7,43094.302751312105,3,1,0,89376.98218350123,0
6882,15829056,Johnson,566,Spain,Female,18,0,17061.003110227146,4,0,1,77184.79177786972,0
6883,15690946,Williams,750,Germany,Female,37,2,5560.337208549638,3,1,1,120098.71606292656,0
6884,15819449,Brown,664,France,Female,46,7,46213.09555378271,3,1,1,157318.46794113299,0
6885,15773023,Jones,760,France,Female,32,5,107836.62462390597,3,1,1,113369.89696880443,0
6886,15705756,Garcia,539,Spain,Male,44,6,7582.483704244872,2,1,0,46650.78232820376,0
6887,15662066,Miller,587,France,Female,39,1,114663.68261277347,2,1,1,50325.2176082667,0
6888,15808298,Davis,695,Germany,Female,31,8,6837.602446079627,4,1,0,115024.25678371679,1
6889,15756499,Rodriguez,606,France,Female,20,6,67716.09780073127,3,1,0,117679.55435740991,0
6890,15671946,Martinez,400,Spain,Male,43,2,228288.86819737946,2,1,1,30395.43711319477,0
6891,15718393,Smith,512,Spain,Female,42,8,4918.141884774349,1,0,0,17385.330413833944,0
6892,15789973,Johnson,538,France,Male,31,2,11955.474785503075,1,1,0,73262.98864949647,1
6893,15813649,Williams,546,Germany,Female,46,9,31139.60451829043,2,0,0,51286.10480743998,1
6894,15767136,Brown,718,Germany,Female,34,7,66893.69824256799,1,1,0,115884.61292605469,0
6895,15754811,Jones,683,France,Male,49,6,114094.0226430561,4,0,1,132101.77007799453,0
6896,15716043,Garcia,666,France,Male,42,2,65302.03581842483,2,0,0,111464.9659229129,0
6897,15725058,Miller,850,Germany,Female,53,4,73749.91151551771,3,1,1,96618.14516144598,1
6898,15716390,Davis,767,France,Female,42,6,30086.429250084733,4,1,1,83493.94627751337,0
6899,15806255,Rodriguez,730,Spain,Female,39,2,21988.50484460004,2,1,0,127514.59582654107,0
6900,15648777,Martinez,500,France,Female,20,1,35439.86286425018,4,1,0,38910.69723993003,0
6901,15771865,Smith,655,France,Female,39,8,52423.41619035609,3,1,0,200000.0,1
6902,15718036,Johnson,679,France,Male,36,1,34892.126928577425,1,0,0,27197.229967101826,1
6903,15719120,Williams,608,France,Female,55,2,78110.73702097824,3,1,1,113791.8464651985,0
6904,15701139,Brown,820,France,Female,41,0,8543.825181248721,3,1,1,168091.1851334662,0
6905,15750323,Jones,655,France,Female,46,0,25224.60513306557,1,0,1,33921.83973729632,0
6906,15682247,Garcia,527,Germany,Male,53,0,3441.2219399629776,4,1,0,106651.83112873344,0
6907,15657885,Miller,550,Spain,Male,52,9,55651.43492943599,2,0,1,200000.0,0
6908,15721573,Davis,850,Spain,Male,38,2,70741.27281614995,2,1,1,62415.80238007436,0
6909,15727361,Rodriguez,607,France,Female,60,5,55038.52208997495,4,1,1,72740.63337378114,0
6910,15824797,Martinez,442,Spain,Male,33,9,155227.3736936258,2,1,0,113463.1129385943,0
6911,15737382,Smith,590,France,Male,52,2,134517.6521278291,2,1,1,42720.91284472216,0
6912,15795698,Johnson,467,France,Male,31,3,15764.028639046432,3,0,1,134817.38740003837,0
6913,15815304,Williams,741,France,Male,47,1,13931.020510842116,3,1,0,27761.290717176977,1
6914,15665336,Brown,454,France,Female,29,6,1282.4646310414398,4,1,1,152798.75193102498,0
6915,15635117,Jones,509,Spain,Female,45,3,34914.83927324734,1,1,1,35321.041761636625,0
6916,15745384,Garcia,650,France,Female,30,10,98707.21316270264,1,1,0,117042.60158031432,0
6917,15701329,Miller,760,Germany,Male,28,0,8569.482149073927,3,1,1,140536.2899106448,0
6918,15743766,Davis,643,France,Male,29,3,44993.868472660324,1,1,1,70004.10263779637,0
6919,15680818,Rodriguez,524,Spain,Female,43,3,63713.672123756805,2,1,1,103148.92459318282,0
6920,15706435,Martinez,668,Spain,Male,43,10,22918.518592515553,3,1,0,133494.06814620853,0
6921,15693357,Smith,603,France,Female,43,2,60691.82373284867,1,0,0,37156.84769185271,0
6922,15662458,Johnson,763,Germany,Male,41,7,90797.47755359627,1,0,1,69471.06375294822,0
6923,15708472,Williams,735,Germany,Male,34,6,528.267247319643,2,0,1,19974.026750976263,0
6924,15789836,Brown,596,Germany,Male,31,9,66444.32442112714,3,0,1,137644.97060674833,0
6925,15771682,Jones,727,Germany,Female,28,9,45794.42395413506,1,0,1,80833.61592037074,1
6926,15642589,Garcia,677,Germany,Male,28,2,93163.69630849214,1,0,0,132571.35981158848,0
6927,15828206,Miller,786,France,Female,51,3,7460.148414476605,1,1,1,191415.7694956133,0
6928,15731104,Davis,723,Germany,Female,28,7,82279.2579032302,4,1,1,34456.98428313075,1
6929,15769006,Rodriguez,704,France,Male,29,9,7609.811645643077,2,0,1,48420.809958434904,0
6930,15700925,Martinez,782,France,Male,29,2,43959.60757125347,4,0,0,51628.892656331176,0
6931,15804664,Smith,651,Spain,Female,25,4,15796.161610791962,1,0,1,166087.47044345387,1
6932,15644475,Johnson,572,France,Male,42,4,13722.32082228684,3,1,0,86761.52927403252,0
6933,15802118,Williams,670,France,Female,33,4,34531.54737149491,2,0,1,158398.29435831233,0
6934,15801014,Brown,614,France,Female,37,4,70802.64292829084,3,1,1,200000.0,0
6935,15739821,Jones,710,France,Male,37,8,51813.257090403305,2,0,0,19617.31020719798,0
6936,15639635,Garcia,656,France,Male,41,9,223541.56153579915,4,1,0,63528.51220576594,0
6937,15707926,Miller,690,Spain,Male,40,4,6338.340796573945,4,1,0,152393.42298775935,1
6938,15650291,Davis,529,France,Male,50,10,63963.44024641921,1,1,1,72008.08351061458,0
6939,15744358,Rodriguez,700,Germany,Male,32,10,2853.404901111984,4,0,0,26543.989575015454,0
6940,15634668,Martinez,521,France,Female,33,8,22115.741597697237,4,1,0,35456.99035642774,0
6941,15748761,Smith,746,Germany,Female,38,8,21041.74699853616,3,1,0,52062.456070853135,0
6942,15810920,Johnson,746,Spain,Female,38,10,14800.054780618795,1,0,1,11600.0,0
6943,15642135,Williams,684,France,Female,24,9,38007.38826198498,3,1,0,68845.46970812077,0
6944,15750430,Brown,681,Spain,Male,23,3,13961.45071625266,4,0,0,142382.5334647723,0
6945,15694260,Jones,627,Spain,Male,37,8,22909.44830195059,4,0,1,36687.80967906287,0
6946,15673100,Garcia,589,Germany,Male,52,10,98125.80488746992,1,1,1,122530.13688530835,1
6947,15743630,Miller,648,France,Male,53,1,19557.1597398295,1,1,0,71143.36506720554,0
6948,15646374,Davis,848,Germany,Male,27,2,213289.93975716335,3,1,0,136179.5923551168,1
6949,15723987,Rodriguez,672,Spain,Male,34,0,16151.198056213507,4,1,1,11600.0,0
6950,15814710,Martinez,515,France,Female,40,10,116654.2057725122,2,0,1,79227.24325263835,0
6951,15824205,Smith,479,France,Female,42,6,28217.96783372795,3,1,0,148017.0245879616,0
6952,15647542,Johnson,506,France,Male,29,9,119042.69891460634,2,1,0,170325.52210816878,1
6953,15752629,Williams,612,France,Female,56,10,27825.409343061485,3,1,1,111539.75190565325,0
6954,15651534,Brown,776,Spain,Female,33,8,73562.2261440512,4,1,1,85372.21861353292,0
6955,15822501,Jones,547,France,Male,42,2,25541.081543469547,4,1,1,103071.89307514104,0
6956,15827105,Garcia,792,France,Male,35,7,48498.24686503831,3,1,0,98314.36958578565,0
6957,15659250,Miller,667,Germany,Female,35,0,2643.0503744956554,3,1,1,158387.69225071522,0
6958,15667568,Davis,698,France,Female,46,5,45689.70452825206,2,0,1,58057.48403896181,0
6959,15793451,Rodriguez,695,France,Female,48,5,18986.19449509482,4,1,0,20251.366905337316,0
6960,15798241,Martinez,709,Germany,Male,45,4,250000.0,1,0,1,126573.5521696945,0
6961,15782848,Smith,608,France,Male,30,3,83200.53861574696,2,1,1,98257.02976589168,0
6962,15677200,Johnson,416,France,Male,25,2,4145.923810645152,1,1,0,86863.27065259761,1
6963,15824873,Williams,591,France,Female,65,3,11049.138791386187,1,0,1,200000.0,1
6964,15779472,Brown,561,Germany,Male,42,6,47865.26633205163,3,1,0,47029.489347682065,0
6965,15831038,Jones,681,Spain,Male,30,6,17864.32558678318,3,1,0,11600.0,0
6966,15783232,Garcia,671,Spain,Male,48,2,11970.218301868852,1,0,1,129448.71226909796,1
6967,15695686,Miller,622,France,Male,29,10,21979.10012284144,2,0,0,57012.331124098055,0
6968,15809911,Davis,825,Germany,Male,58,9,5614.002417910155,3,1,0,97647.93084941455,0
6969,15831171,Rodriguez,585,Spain,Female,34,2,40424.800116223254,4,1,0,200000.0,1
6970,15765852,Martinez,427,France,Male,47,2,16634.48130063133,1,1,1,11600.0,0
6971,15651720,Smith,661,Spain,Male,38,4,100874.02357006501,3,0,0,56236.007911801426,1
6972,15657218,Johnson,768,Spain,Male,23,0,1665.0491549386443,2,1,1,158689.33275380702,0
6973,15766472,Williams,678,France,Female,29,9,21611.653590063317,3,1,0,174596.09394681646,0
6974,15642203,Brown,614,France,Male,31,10,39881.00430580767,1,1,1,57705.73391201278,0
6975,15659965,Jones,674,France,Male,32,6,13404.673588023203,1,1,0,101817.12012947112,1
6976,15637397,Garcia,833,France,Female,40,7,2953.1339623945646,3,1,1,119714.92326313871,0
6977,15732064,Miller,562,Spain,Male,18,6,3760.737876602399,4,1,1,115816.91187445172,0
6978,15810938,Davis,653,Spain,Male,40,7,8677.405013426776,4,1,0,53108.52048300337,1
6979,15737494,Rodriguez,716,France,Female,19,8,15865.220475664806,2,0,0,95492.90515842492,1
6980,15707435,Martinez,675,Germany,Male,42,3,61163.66050627338,4,1,1,63742.18181077017,1
6981,15637686,Smith,625,Germany,Male,30,2,32184.047111165353,2,1,1,126414.00841328212,0
6982,15730467,Johnson,607,France,Female,40,6,1673.942010474603,4,0,0,22887.93771494784,0
6983,15635333,Williams,621,Germany,Female,25,8,8422.898852470238,4,0,1,59578.43586158048,0
6984,15766803,Brown,703,Spain,Female,32,8,22937.36491200494,1,0,1,43568.06737636556,0
6985,15793696,Jones,697,France,Male,18,7,27216.815385333404,3,1,1,110488.61368175712,0
6986,15636207,Garcia,850,France,Male,26,2,3261.3880476658037,1,1,1,130253.33787320435,0
6987,15712108,Miller,496,France,Female,53,5,6451.886289367424,2,0,0,111108.46418634486,0
6988,15678732,Davis,825,France,Male,53,1,15203.554540820713,4,1,1,186822.73811902187,0
6989,15794939,Rodriguez,629,France,Male,26,5,90594.41556653153,3,0,0,92031.6927675189,0
6990,15798004,Martinez,640,France,Female,35,4,11735.449325460604,2,1,1,44937.95412040398,0
6991,15703071,Smith,735,Germany,Male,43,3,12860.530840349438,1,1,1,60485.063573030406,0
6992,15780861,Johnson,735,Spain,Female,39,2,34112.819745438836,4,1,0,51908.19234992123,0
6993,15791465,Williams,765,France,Male,33,7,111036.22501367869,4,1,0,82472.32960186963,1
6994,15725038,Brown,787,France,Male,23,9,37558.68376158301,3,1,0,14743.539616335052,0
6995,15746943,Jones,646,Spain,Female,47,5,4134.2005729385155,2,0,1,105074.35923646978,0
6996,15805541,Garcia,788,Spain,Male,33,8,10316.727454527643,3,1,1,121226.09533858066,0
6997,15766567,Miller,587,France,Female,22,2,96827.92659460321,3,1,0,110223.26895836109,1
6998,15734296,Davis,619,France,Male,38,4,104680.2069589845,2,1,0,178725.43968442874,0
6999,15654375,Rodriguez,631,Spain,Male,35,3,79347.9923038961,1,0,0,200000.0,0
7000,15638841,Martinez,597,France,Male,33,5,39026.289571881745,2,1,0,94382.47885745454,0
7001,15655465,Smith,655,France,Male,40,1,28915.161775257602,2,1,1,162705.91440145727,0
7002,15686017,Johnson,739,France,Female,36,5,15613.973352998151,3,1,1,20507.409195122847,0
7003,15703570,Williams,715,France,Female,50,2,39680.896320456966,3,1,0,200000.0,0
7004,15695032,Brown,588,France,Female,29,7,57414.399128023695,2,0,0,108271.64723619717,1
7005,15636117,Jones,580,France,Female,31,9,45721.412702119465,2,0,1,123256.93986705475,0
7006,15731808,Garcia,564,Spain,Female,46,9,12780.562407397972,1,1,1,51807.438798972646,0
7007,15780279,Miller,658,Spain,Male,63,10,116706.13652609439,4,1,1,143362.79804697452,0
7008,15690842,Davis,491,Spain,Male,62,5,24750.391166193254,3,0,0,114888.3697628958,1
7009,15640188,Rodriguez,560,France,Female,46,7,108094.42933996995,2,1,0,158185.4493761174,0
7010,15755021,Martinez,604,France,Male,35,6,25329.100424458535,1,1,1,79576.33843894325,1
7011,15756976,Smith,755,Spain,Male,33,5,1960.6736394623667,3,1,0,86918.89758501522,1
7012,15665788,Johnson,636,Germany,Female,35,8,66961.77837330688,4,1,0,78711.49956810552,0
7013,15661530,Williams,750,France,Male,21,10,126373.50271905749,1,1,0,164878.57837138622,1
7014,15757592,Brown,668,France,Male,45,8,14702.457258410517,4,1,1,11657.375396873176,0
7015,15721631,Jones,602,France,Male,52,9,39097.07684404876,2,0,1,153494.12429743772,0
7016,15655313,Garcia,606,France,Female,37,9,82413.78621579547,3,0,1,164541.84270352256,0
7017,15689564,Miller,533,France,Male,59,3,19362.989167108237,1,0,0,197902.925677029,1
7018,15654641,Davis,850,Spain,Male,66,7,16855.86283523919,2,1,0,136867.68386536432,1
7019,15671163,Rodriguez,761,France,Male,47,2,26471.990155973246,1,1,1,48843.5106988477,0
7020,15636179,Martinez,710,Spain,Male,32,10,39989.29921820615,1,1,1,138941.21488594025,0
7021,15742394,Smith,519,Spain,Male,30,4,40207.655563317174,2,1,0,200000.0,1
7022,15794024,Johnson,604,France,Female,46,2,33311.18226728791,3,0,1,115024.20959246805,0
7023,15799472,Williams,552,Germany,Male,49,9,85834.06476263198,2,1,0,78594.54670481037,0
7024,15645387,Brown,662,Germany,Female,32,3,8297.940775962743,3,1,1,200000.0,0
7025,15706829,Jones,557,France,Female,27,4,4450.38165051549,1,1,1,11600.0,0
7026,15753282,Garcia,582,France,Male,21,7,9229.915406779208,1,1,1,73925.2951534108,0
7027,15696559,Miller,559,Germany,Male,28,9,60870.601018680136,2,0,0,190396.58367192058,1
7028,15700033,Davis,626,Germany,Male,34,7,7846.9986244067,1,1,1,36247.98124801222,0
7029,15782971,Rodriguez,657,Germany,Female,49,2,19491.344775490543,1,0,1,177852.5648251028,0
7030,15706496,Martinez,628,France,Male,33,7,105880.31838227507,4,1,1,11600.0,0
7031,15829446,Smith,803,France,Male,18,9,7554.457940021201,4,0,1,147304.53238333346,0
7032,15785255,Johnson,731,France,Male,32,3,37557.24979387456,4,1,0,152873.56950248175,0
7033,15689794,Williams,571,France,Male,35,10,35265.12834435249,3,1,1,32336.01653542179,0
7034,15636064,Brown,682,Germany,Male,35,1,1731.9627414450572,4,1,0,100880.8757261772,1
7035,15763450,Jones,579,Spain,Female,18,2,6131.8269832671895,2,0,0,20904.839271647405,0
7036,15829847,Garcia,610,Germany,Male,35,7,150180.58611655183,4,1,1,40406.285597500304,0
7037,15781185,Miller,697,Germany,Male,52,4,162242.4716314973,3,1,1,101397.87967397133,0
7038,15710708,Davis,716,Germany,Female,34,1,103835.61505304233,4,0,1,200000.0,0
7039,15683267,Rodriguez,591,Germany,Female,32,6,28269.410348907593,2,1,1,174801.83906901063,0
7040,15810088,Martinez,539,Germany,Male,31,4,44939.90859483796,4,0,1,21515.275323165115,1
7041,15715612,Smith,658,France,Male,40,5,86906.67753643637,4,0,1,143926.37187362835,0
7042,15707175,Johnson,693,Spain,Male,23,1,56372.90295680628,1,1,1,24541.29309152816,0
7043,15742405,Williams,586,France,Male,27,10,112752.94881675953,4,1,1,179889.50282026766,0
7044,15754284,Brown,731,France,Male,50,6,18970.929139121716,4,0,1,32150.25421637899,0
7045,15647988,Jones,713,France,Male,45,0,48928.29557725383,1,1,1,159226.8781376032,0
7046,15758671,Garcia,584,France,Male,33,9,41855.3567000801,4,1,0,72715.65014218549,0
7047,15689062,Miller,763,Spain,Female,43,9,208652.8471009164,2,0,0,11600.0,0
7048,15771895,Davis,766,France,Male,29,4,105218.34162088041,2,1,1,93765.69491491334,0
7049,15789148,Rodriguez,850,Spain,Male,29,8,9027.613711052281,4,0,0,66974.18438771342,0
7050,15749977,Martinez,821,France,Female,29,6,3034.913603335222,2,0,0,143588.30885650177,0
7051,15747262,Smith,559,France,Female,23,8,29565.900772591143,1,1,0,47611.77213231549,1
7052,15786719,Johnson,742,France,Male,38,8,39429.61924095143,4,0,1,168719.10202039432,0
7053,15725921,Williams,737,Germany,Male,58,0,78000.53308170408,4,1,0,200000.0,1
7054,15751184,Brown,615,Spain,Female,19,7,8701.426765473952,3,1,1,49525.459253887406,0
7055,15770596,Jones,695,France,Male,55,6,126241.14704666962,1,1,1,74504.84137797504,0
7056,15788380,Garcia,462,France,Female,18,10,42383.29123500962,1,1,1,200000.0,0
7057,15677373,Miller,459,Spain,Female,43,1,92495.15814849894,4,0,0,124579.58616120479,0
7058,15686937,Davis,478,France,Male,20,2,90540.03667367685,4,0,0,65434.29701649843,0
7059,15687551,Rodriguez,688,France,Female,44,5,151686.75195255762,1,1,0,116480.68222853914,0
7060,15730160,Martinez,693,France,Female,30,10,53754.855428912604,2,0,1,69711.52005021836,0
7061,15780914,Smith,622,France,Female,46,10,76583.37331832806,1,1,0,89010.56448828347,0
7062,15736874,Johnson,822,France,Male,30,2,85886.5926432661,3,1,0,91941.32008483674,0
7063,15637318,Williams,748,France,Female,43,7,31566.61361338389,2,1,1,110357.5432919914,0
7064,15782248,Brown,490,Spain,Female,36,3,28306.33670157469,1,0,0,141636.1799963532,0
7065,15809740,Jones,632,Germany,Female,51,6,146511.61964354408,4,0,0,170853.62403309502,0
7066,15827500,Garcia,556,Spain,Female,37,3,3465.9844005506598,1,1,1,123510.18401185035,0
7067,15785887,Miller,691,Germany,Male,41,1,152821.05404878693,4,0,1,64762.3138847677,0
7068,15706518,Davis,646,Germany,Male,39,6,43194.77826444291,1,1,0,180813.8046228327,0
7069,15831825,Rodriguez,561,Germany,Male,47,7,17455.28850639344,4,1,0,167415.0107588758,0
7070,15685508,Martinez,819,Spain,Male,48,0,40732.16498867186,1,1,0,52557.65062854836,0
7071,15635065,Smith,655,France,Male,39,4,50776.75242082228,2,0,1,115188.91778083566,0
7072,15797647,Johnson,608,France,Male,21,9,5870.894035727598,4,1,0,97818.65856812712,0
7073,15709296,Williams,624,Germany,Male,29,7,55421.69910026219,2,1,1,78128.80297429871,0
7074,15786325,Brown,811,Spain,Female,46,0,116435.62591815244,2,0,1,124325.2554356143,0
7075,15703296,Jones,741,Spain,Female,23,2,177533.89419599524,2,0,0,200000.0,1
7076,15654610,Garcia,633,Germany,Female,31,1,45788.12539619872,2,1,0,107091.22084623094,0
7077,15705076,Miller,550,France,Male,32,2,19803.829830976432,1,1,0,44079.57602250544,1
7078,15672787,Davis,566,France,Male,36,2,41445.19316078863,2,1,0,71878.39102067592,0
7079,15722526,Rodriguez,601,Spain,Male,35,2,142.58248911465805,4,1,1,40732.21484928495,0
7080,15669582,Martinez,700,France,Female,39,0,125813.10183918031,4,1,0,90625.52505077148,0
7081,15657106,Smith,725,France,Female,28,2,76771.97786894647,1,1,1,145003.1916221718,1
7082,15689572,Johnson,577,Spain,Male,30,1,9102.449409841496,3,1,1,45974.21815284154,0
7083,15651368,Williams,730,France,Female,56,8,46999.31749696401,3,1,0,23874.348613554524,0
7084,15751546,Brown,559,Germany,Female,52,9,1040.815516890591,4,1,1,11600.0,0
7085,15728524,Jones,588,Germany,Female,44,7,12169.979201417405,1,1,1,20305.151845931192,1
7086,15777369,Garcia,505,France,Male,45,5,9317.203568257642,1,1,0,186641.71755794936,0
7087,15783470,Miller,502,France,Male,41,6,8489.01960348518,2,0,1,191021.12540583278,0
7088,15808217,Davis,558,France,Male,38,0,40159.44092259209,2,1,0,80502.66912758796,0
7089,15780233,Rodriguez,647,Germany,Male,30,6,166807.7411363866,4,0,0,172107.30077070286,1
7090,15798813,Martinez,550,France,Male,53,7,6982.481489195759,3,1,1,105156.18221323204,0
7091,15755096,Smith,799,France,Male,57,7,103105.91389865815,3,1,1,72786.55136643731,0
7092,15643404,Johnson,556,Spain,Male,33,5,4291.911041687174,1,1,1,200000.0,0
7093,15805879,Williams,668,France,Male,49,6,4323.770524209395,3,1,0,90422.43249148216,0
7094,15668761,Brown,782,France,Male,34,10,49453.48590008009,1,0,0,147160.0334357053,0
7095,15646118,Jones,659,France,Male,30,1,42725.20602631795,1,1,0,81862.4168721665,0
7096,15685094,Garcia,613,France,Male,34,3,21097.12240294882,3,1,1,11600.0,0
7097,15663688,Miller,664,Spain,Male,34,7,38112.91244348751,1,0,1,95234.7240436998,0
7098,15748360,Davis,593,France,Female,44,10,70307.75796304886,1,1,1,106336.62485559098,0
7099,15665082,Rodriguez,549,France,Female,34,3,74205.21982081806,1,1,0,32737.90188068131,0
7100,15817765,Martinez,711,Spain,Male,47,7,602.8643889718714,4,1,1,95318.75826782503,0
7101,15762625,Smith,591,Germany,Male,31,9,4065.0164142564477,1,1,0,58426.3712913996,0
7102,15744797,Johnson,743,France,Female,38,3,171.8215212971922,4,1,1,171011.37838210314,0
7103,15813440,Williams,729,Spain,Female,27,8,788.2597175552169,2,0,0,60341.120783879625,0
7104,15673339,Brown,666,Germany,Male,25,0,91516.27676581338,3,1,0,83136.77970822633,1
7105,15643867,Jones,747,France,Female,42,5,4362.545187810476,3,1,0,79850.54578942158,0
7106,15748767,Garcia,595,Germany,Male,39,0,62067.50478817568,1,1,1,90538.69448361904,0
7107,15754103,Miller,728,Spain,Female,33,5,195683.2878006759,3,1,0,24642.17685513792,1
7108,15705592,Davis,727,France,Female,29,3,85993.19735310371,3,0,1,96652.65726692646,0
7109,15649988,Rodriguez,619,Germany,Male,26,7,3435.134761954432,2,0,1,188718.03234045603,1
7110,15739320,Martinez,607,Spain,Female,42,7,112158.89321627602,2,1,1,97664.33115233887,0
7111,15672027,Smith,682,Germany,Male,31,8,158704.7667688557,4,1,1,166230.46544367808,0
7112,15756237,Johnson,846,France,Male,54,6,61272.24441299134,2,0,1,11600.0,0
7113,15808928,Williams,626,France,Male,40,10,47896.11788003837,2,1,1,11600.0,0
7114,15688236,Brown,604,Germany,Female,43,7,46039.504022508336,2,1,0,163410.74020930252,0
7115,15813336,Jones,767,France,Male,52,10,85810.05809010618,1,1,1,96025.59217803644,0
7116,15721590,Garcia,656,Spain,Female,30,2,40310.41986726464,4,0,1,111710.04988774144,0
7117,15740939,Miller,736,France,Female,43,9,20306.65929291698,3,1,1,98518.96508916015,0
7118,15775817,Davis,797,France,Male,43,3,176057.70845131928,2,1,0,144251.6269293038,0
7119,15781255,Rodriguez,459,Germany,Male,33,3,2483.5805955333412,4,0,0,42762.37751830865,0
7120,15702045,Martinez,646,Germany,Male,23,5,54733.239904369824,4,1,0,110226.98923188419,0
7121,15664026,Smith,627,France,Female,18,6,44049.40381857305,2,0,0,133947.7855751393,0
7122,15723446,Johnson,553,France,Female,29,8,50964.601879264206,3,0,1,63293.66626975753,0
7123,15676586,Williams,458,Germany,Male,49,9,51389.99854605614,1,1,1,68817.86702893495,0
7124,15676107,Brown,490,Spain,Female,30,5,6592.589477967906,4,0,0,24161.27482931556,1
7125,15737080,Jones,660,Germany,Male,48,1,7165.316720794411,3,1,0,45164.05132382484,0
7126,15697301,Garcia,596,France,Male,31,9,3487.4560520912846,2,1,0,11600.0,1
7127,15792631,Miller,569,France,Male,39,9,139340.67429879808,4,0,1,140897.8402400339,0
7128,15791138,Davis,659,Spain,Female,44,6,47068.07515135144,1,1,0,11600.0,0
7129,15748614,Rodriguez,580,Spain,Female,49,9,4012.2245491491653,4,1,1,12283.622156820275,0
7130,15789323,Martinez,779,France,Female,34,8,28427.806674993182,4,1,0,109779.90792013731,0
7131,15807739,Smith,587,Germany,Male,32,7,22261.487198496437,4,1,0,81109.54162807841,0
7132,15669360,Johnson,800,France,Female,18,3,8020.3892797446915,1,1,1,78923.27210079135,0
7133,15771270,Williams,646,Germany,Male,34,1,86303.64724906013,1,1,1,131190.76680521507,0
7134,15650976,Brown,584,Spain,Male,71,7,74717.6243877878,3,1,0,71268.70939967629,0
7135,15753288,Jones,577,France,Male,36,5,31188.006736371983,3,1,0,107064.76349314113,1
7136,15638377,Garcia,801,Germany,Male,24,7,36956.18149783196,4,1,1,112716.73989085942,0
7137,15661990,Miller,719,France,Female,37,10,28673.25681399748,3,1,0,106158.89834346068,0
7138,15758402,Davis,574,France,Male,46,8,40038.84357120003,2,0,1,71601.85218636817,0
7139,15655631,Rodriguez,661,Germany,Female,32,2,65943.63919512514,1,1,0,106660.85432105098,0
7140,15718583,Martinez,414,France,Male,27,7,104361.72864779735,2,1,1,186888.8629088999,0
7141,15688241,Smith,516,Germany,Male,64,9,44863.62496068938,1,1,1,101373.10228224582,0
7142,15748612,Johnson,574,France,Male,42,7,6722.146710362602,1,1,0,52055.18157773396,0
7143,15780319,Williams,572,Germany,Male,54,4,73932.63640644705,1,1,1,156394.58175182168,0
7144,15665707,Brown,771,France,Female,34,5,23282.964477771195,1,0,1,200000.0,0
7145,15779342,Jones,458,Germany,Male,56,4,49696.111279922894,1,1,0,44635.77264373893,1
7146,15781634,Garcia,507,Germany,Female,48,5,11069.07060129431,1,1,1,152706.90913441067,0
7147,15761121,Miller,695,Spain,Male,44,0,8921.014323743739,4,1,1,39736.11396812138,0
7148,15777031,Davis,673,Spain,Male,26,9,2705.6067521661307,1,0,1,171306.0590288904,0
7149,15830278,Rodriguez,615,France,Male,31,9,18877.10316384982,3,0,1,94243.1769790692,0
7150,15737341,Martinez,850,France,Female,43,9,45458.78514128823,4,1,0,200000.0,0
7151,15686398,Smith,711,Germany,Male,35,1,19193.160620150997,3,1,1,100767.5196653488,0
7152,15650406,Johnson,772,Germany,Female,42,7,13779.736136689977,2,0,1,186778.03249471114,0
7153,15762334,Williams,644,France,Male,34,0,250000.0,1,1,0,68650.15705470662,0
7154,15780300,Brown,595,France,Male,43,8,250000.0,2,0,1,16979.36838504512,1
7155,15793806,Jones,596,Germany,Female,32,6,46436.8597885374,3,1,1,105737.37568941581,1
7156,15642553,Garcia,742,Spain,Male,43,0,19547.879250664977,4,1,1,188522.16137748444,0
7157,15772123,Miller,727,Spain,Male,28,4,98890.79003974017,2,0,1,92448.62067313262,0
7158,15653667,Davis,628,France,Female,35,1,66740.16103915214,2,1,0,200000.0,0
7159,15736105,Rodriguez,697,France,Male,36,10,47847.599978401355,1,1,0,115532.93261873325,1
7160,15739674,Martinez,746,France,Male,29,0,119436.79036024542,2,0,0,200000.0,0
7161,15774804,Smith,593,France,Male,32,0,29467.508013041366,2,1,0,94911.03361328007,1
7162,15723962,Johnson,615,Spain,Male,41,4,14749.187651108388,2,1,1,156158.01536930568,0
7163,15696889,Williams,694,Spain,Male,46,3,170630.59754937157,3,0,1,156898.4649484303,0
7164,15817376,Brown,471,France,Male,41,4,98392.9940516797,1,0,0,81767.03098035822,0
7165,15802667,Jones,696,France,Female,44,5,121557.95986943772,1,0,1,146698.86756906248,0
7166,15797549,Garcia,537,France,Male,39,0,125177.71355313166,1,1,1,100731.71260093269,0
7167,15771728,Miller,744,Spain,Female,32,1,24112.955494769638,4,1,1,172260.57658724388,0
7168,15741959,Davis,850,France,Male,21,1,98595.04191334499,1,1,0,122449.1876652149,0
7169,15814191,Rodriguez,580,France,Male,33,4,110037.27658901796,3,1,0,49248.84240552239,0
7170,15664272,Martinez,515,Germany,Male,37,9,39657.91204080749,1,1,1,93790.13423509602,0
7171,15683714,Smith,632,Germany,Female,32,8,49075.83655530118,2,1,0,71837.9413667839,0
7172,15722990,Johnson,623,Spain,Female,54,6,43077.85186316946,3,1,0,78900.40151535455,1
7173,15723758,Williams,716,France,Male,41,9,807.8643258521499,2,0,1,58042.64865008068,0
7174,15793981,Brown,673,Germany,Male,38,3,38343.2227688426,3,1,0,36616.17128236344,0
7175,15832761,Jones,620,France,Female,44,4,1928.5562503725998,1,1,0,74286.01378954205,0
7176,15682524,Garcia,659,Spain,Female,59,10,29989.56589581003,4,1,0,192567.2722682382,0
7177,15828754,Miller,537,Spain,Female,36,6,2338.1298044750415,1,0,0,66628.51345678866,0
7178,15727950,Davis,732,Spain,Male,29,9,30381.290892027613,3,1,1,157022.64701639302,0
7179,15713937,Rodriguez,811,France,Female,42,8,18174.113453872596,1,1,0,172495.21525569528,1
7180,15660914,Martinez,530,Spain,Female,27,9,74344.45288953498,3,0,1,105983.37754609215,0
7181,15701587,Smith,492,France,Male,29,6,32609.96556163147,1,0,0,174196.13397357118,0
7182,15765346,Johnson,609,France,Male,53,10,35881.71668347369,3,1,1,21153.03691779745,0
7183,15823282,Williams,527,France,Male,51,1,117007.04715536616,4,1,1,23389.953494076617,0
7184,15735565,Brown,522,Germany,Male,45,3,32917.83052252442,1,1,1,175654.72080330917,0
7185,15805951,Jones,509,France,Female,42,9,8502.160791187587,1,1,0,111296.40072386063,0
7186,15666153,Garcia,630,Spain,Female,26,3,5971.700300022213,3,1,1,196398.56263981859,0
7187,15724415,Miller,608,Germany,Male,30,10,18251.35235442974,2,0,0,11600.0,0
7188,15822271,Davis,687,France,Male,52,8,15419.892213748846,1,1,0,183546.93296650148,0
7189,15735627,Rodriguez,593,Germany,Female,33,7,85323.68073636257,4,0,1,115289.74244239148,0
7190,15758944,Martinez,528,France,Male,31,5,71123.8156732264,3,1,0,68392.05269661968,1
7191,15810886,Smith,648,France,Male,37,7,3020.6213678803115,1,1,0,164167.8110645117,0
7192,15644239,Johnson,544,Germany,Male,44,6,11219.681478037226,1,1,1,11600.0,0
7193,15677860,Williams,701,Spain,Male,36,7,29785.189583891115,2,1,1,26133.225133619024,0
7194,15801367,Brown,483,France,Male,37,6,4561.831640167948,4,1,1,135032.16673493385,0
7195,15775498,Jones,433,Spain,Female,18,1,9089.151406961448,3,1,0,11600.0,0
7196,15764155,Garcia,489,Spain,Male,38,10,119540.91316109033,2,0,1,117460.25247562882,0
7197,15661552,Miller,608,France,Female,48,5,38956.6698717044,1,1,1,189448.32746079995,1
7198,15789162,Davis,621,Germany,Female,38,3,79640.2476855172,3,1,0,135208.10845415937,0
7199,15762472,Rodriguez,663,Germany,Female,59,3,20064.843862873076,2,0,0,92706.46194507538,0
7200,15634817,Martinez,593,France,Male,31,9,23483.36243671641,4,1,0,103724.84903691077,1
7201,15740205,Smith,565,Spain,Male,34,5,97720.66579452474,4,1,1,21500.915713884184,0
7202,15646125,Johnson,793,Spain,Female,32,7,53527.613900907476,4,1,0,11600.0,0
7203,15703291,Williams,766,France,Female,32,4,56719.442288672064,3,0,0,96648.26797051523,0
7204,15658436,Brown,748,Spain,Male,44,2,50935.65608586632,1,1,1,21370.28396302671,1
7205,15669076,Jones,680,France,Male,36,0,38949.86480177045,1,0,1,48460.22377828707,0
7206,15677668,Garcia,688,Spain,Male,58,4,236249.9948002733,2,1,1,25391.317526615763,0
7207,15645002,Miller,569,France,Male,41,2,112314.48061684925,1,0,0,165892.3580268356,0
7208,15759813,Davis,664,Spain,Male,30,2,62049.702149221084,4,1,1,113767.16012554758,0
7209,15644947,Rodriguez,556,France,Female,29,3,56684.64190426969,4,1,0,175480.91687360662,0
7210,15668498,Martinez,544,Germany,Male,55,8,4401.4022168736365,4,1,1,11600.0,0
7211,15663501,Smith,488,France,Male,41,3,33197.27019969008,3,1,0,81182.21008507187,0
7212,15662831,Johnson,690,France,Female,52,4,34259.636220852975,1,0,1,179050.75761933095,0
7213,15640185,Williams,666,France,Male,39,9,2666.833515124433,4,1,0,190477.63413333357,0
7214,15770571,Brown,619,Spain,Female,39,4,70447.74554475091,2,1,1,37936.16551182351,0
7215,15706139,Jones,606,France,Male,52,0,98.41592488222886,1,1,0,76452.74222974616,0
7216,15770241,Garcia,466,Germany,Female,42,6,27687.4361689134,2,0,1,61655.397816180965,0
7217,15709409,Miller,675,Spain,Male,42,1,116781.85230545737,2,1,1,68011.70241250118,0
7218,15764250,Davis,618,Spain,Female,34,5,20802.960794291248,4,0,0,134179.19455674672,0
7219,15747254,Rodriguez,739,France,Male,47,10,43691.14385075639,4,0,0,13322.81901651522,0
7220,15779003,Martinez,664,Spain,Male,38,3,18405.1897974853,4,1,0,154856.1671535148,0
7221,15706394,Smith,720,France,Male,33,4,9860.485019947157,2,1,1,11600.0,0
7222,15765902,Johnson,649,Germany,Male,60,4,65470.16539738997,2,1,0,104888.41090787499,0
7223,15671654,Williams,668,Germany,Male,36,3,11443.634179841818,4,1,1,200000.0,0
7224,15823443,Brown,743,France,Female,31,1,3746.6495953800145,3,0,1,125732.3405235177,0
7225,15680634,Jones,630,France,Male,50,7,28557.991346084094,2,1,1,146820.66522387834,0
7226,15668288,Garcia,697,France,Female,45,0,61700.38661652985,4,1,0,31696.11710261776,1
7227,15711583,Miller,605,France,Male,32,8,43375.853139812105,4,1,0,105521.38183652551,0
7228,15733404,Davis,636,Spain,Female,38,5,14012.475354321554,3,0,0,68976.20843208247,1
7229,15828935,Rodriguez,809,France,Male,45,3,85119.93076707589,4,1,1,118765.52529534379,0
7230,15768483,Martinez,714,Spain,Female,41,5,5106.741612023392,4,1,0,46295.599861612005,0
7231,15807459,Smith,595,France,Male,46,10,55481.20528355636,3,0,0,178055.8890932009,0
7232,15802221,Johnson,692,Spain,Male,38,8,46656.330534779496,3,0,0,117077.0592520616,0
7233,15677420,Williams,522,Germany,Male,47,8,114593.15927956329,1,1,0,128995.89218800626,0
7234,15735024,Brown,627,Spain,Female,35,2,37425.241063329006,2,0,0,125925.32949104946,0
7235,15706529,Jones,554,France,Female,32,7,85458.54628485398,2,0,1,108100.03387653317,0
7236,15831355,Garcia,695,Germany,Female,49,0,12122.407063988761,1,1,1,138976.4162438747,0
7237,15714067,Miller,631,France,Male,41,8,39407.55078718946,2,0,0,11600.0,0
7238,15747823,Davis,678,France,Female,45,6,38031.618304610696,1,0,1,176904.30376742524,0
7239,15671935,Rodriguez,727,Germany,Female,51,9,17501.42021158919,2,1,1,159207.70295648286,0
7240,15761059,Martinez,603,Germany,Male,33,6,254.97501254301605,4,1,0,56848.9032176394,0
7241,15651178,Smith,607,France,Male,44,5,68177.65155190982,3,0,1,53463.2901951652,0
7242,15754477,Johnson,646,Germany,Female,62,0,25264.836900629358,3,0,0,73616.07321442444,1
7243,15674007,Williams,563,Germany,Male,37,1,17840.40861591576,3,1,0,113361.31358361684,0
7244,15728602,Brown,648,France,Female,26,10,10789.2114379347,2,1,0,11600.0,0
7245,15666203,Jones,654,Germany,Male,47,2,95431.84888866762,4,1,0,55433.46381532496,0
7246,15702548,Garcia,672,Germany,Female,22,0,20313.960777600318,3,0,0,27206.991333952916,0
7247,15833030,Miller,691,France,Female,28,4,11404.790735832697,1,1,1,200000.0,0
7248,15686718,Davis,489,Spain,Female,39,10,37059.78040506152,2,1,1,139292.6522133119,0
7249,15738788,Rodriguez,521,Germany,Male,38,4,76128.58340764599,2,1,0,91633.66627704118,0
7250,15697496,Martinez,533,Spain,Male,40,5,46123.49640682286,4,1,0,59362.94813071332,0
7251,15800309,Smith,659,France,Female,61,6,161185.83325730223,2,1,0,44343.80329826597,0
7252,15642067,Johnson,621,Spain,Female,39,9,157059.9358042449,3,1,1,169341.10774209088,1
7253,15691356,Williams,423,France,Female,33,8,116329.7252137192,3,1,0,57353.46517801654,0
7254,15727452,Brown,844,France,Male,32,6,41638.20762244593,1,1,0,169688.71360496915,1
7255,15744367,Jones,451,France,Male,34,5,73109.28717874041,1,1,0,11600.0,1
7256,15727293,Garcia,653,Spain,Male,26,8,17019.161207872767,2,1,1,149167.65169986835,0
7257,15673473,Miller,706,Germany,Male,44,1,42825.786992397356,1,0,1,136259.789445063,1
7258,15828548,Davis,578,France,Female,42,5,3440.402541046467,2,1,1,98755.02934372846,0
7259,15664113,Rodriguez,713,France,Female,43,4,15287.690741996446,3,1,1,128250.15989853724,0
7260,15715562,Martinez,549,France,Male,47,5,19677.422745774496,4,1,0,59942.93038878618,1
7261,15814495,Smith,667,France,Female,45,9,22411.45308460749,3,1,0,157779.48443147162,0
7262,15700378,Johnson,431,Germany,Female,25,0,8778.20493018597,2,1,1,182774.51809663585,0
7263,15679064,Williams,767,Germany,Female,36,10,4346.790087273604,3,0,0,50476.502841984926,0
7264,15827056,Brown,650,Spain,Male,36,4,43181.44162923302,3,1,1,165617.3347504901,0
7265,15667176,Jones,490,Spain,Male,52,7,33797.07452588156,4,1,0,104804.07871843579,0
7266,15736674,Garcia,712,Germany,Female,53,2,43917.54166319847,3,1,0,11600.0,0
7267,15807584,Miller,813,France,Male,34,2,6923.194094389492,2,1,1,158881.56932175253,0
7268,15790860,Davis,557,France,Female,29,10,147529.77621697317,1,1,1,62251.18075759629,0
7269,15788487,Rodriguez,628,Germany,Female,40,6,26666.68032876335,4,1,0,104677.70677343002,1
7270,15712884,Martinez,598,France,Female,35,6,29843.943167674468,2,1,1,153565.52455268326,0
7271,15744381,Smith,572,Germany,Female,38,1,39589.425668617485,2,1,1,163657.38833680665,0
7272,15653159,Johnson,562,Spain,Female,51,7,58579.55551441761,3,1,0,21484.213122975823,0
7273,15793734,Williams,585,Spain,Male,41,4,24295.14228815103,4,1,0,101646.54408028243,0
7274,15824540,Brown,590,France,Male,34,8,7724.6257652818895,4,0,0,33461.66595775841,0
7275,15706706,Jones,614,France,Male,32,0,76420.76997327582,3,1,0,53753.49745757865,0
7276,15771754,Garcia,607,Spain,Male,24,10,15092.938216441917,1,1,1,150423.14211860532,0
7277,15779528,Miller,726,Spain,Male,44,3,29247.510935761016,4,1,0,193066.903777204,0
7278,15756615,Davis,717,France,Male,41,7,50028.30596575545,2,1,1,34835.50849546499,0
7279,15833369,Rodriguez,496,Germany,Male,44,8,168146.28739702387,1,1,0,21051.68646713681,0
7280,15792699,Martinez,590,Germany,Male,38,8,1708.096520970815,4,1,0,50389.497472376264,0
7281,15818656,Smith,775,France,Female,28,9,36580.67448470225,1,1,1,63588.66185671588,0
7282,15675683,Johnson,679,France,Female,39,10,137540.69497576985,2,0,1,54687.43781873987,0
7283,15770042,Williams,683,Spain,Female,50,0,14728.403214274555,1,1,0,179065.54433593544,0
7284,15753783,Brown,673,Germany,Male,39,0,5956.02462827304,4,0,0,160051.67213102136,0
7285,15661696,Jones,623,France,Male,55,6,45421.02264705445,4,0,1,200000.0,0
7286,15811714,Garcia,645,Germany,Male,41,10,8255.110030202222,2,1,1,93971.16681101137,1
7287,15701368,Miller,609,Germany,Male,58,5,105545.19263796946,2,1,1,142896.89240055124,0
7288,15717655,Davis,735,Spain,Female,59,6,64217.949662916275,1,1,0,32610.767706814266,0
7289,15789665,Rodriguez,610,France,Male,30,7,6449.872609203858,1,1,0,67696.27863221757,0
7290,15635903,Martinez,638,Spain,Male,32,10,43072.12782861725,2,1,0,63618.66542970984,0
7291,15794284,Smith,723,France,Female,34,5,1374.4722691085458,4,1,0,119988.20907159944,0
7292,15716065,Johnson,617,Germany,Female,21,9,93271.34945844127,3,0,0,107223.1945144635,0
7293,15800352,Williams,642,Germany,Female,43,9,11498.197306431317,3,1,1,11600.0,1
7294,15659068,Brown,614,France,Male,43,9,65804.18820311343,4,0,1,140208.10040775273,0
7295,15806549,Jones,641,France,Male,40,6,5620.500939426932,4,1,0,129961.10032617023,0
7296,15660683,Garcia,617,Spain,Male,26,10,31973.155153550848,2,1,1,156382.6988263252,0
7297,15658956,Miller,596,Germany,Female,54,6,132416.78726634986,3,1,0,84037.26966714741,1
7298,15727899,Davis,579,France,Female,20,6,3869.8646273302015,4,1,0,120915.72410253454,0
7299,15652902,Rodriguez,632,France,Male,25,1,17504.222031393823,4,0,1,128215.22910219058,0
7300,15698986,Martinez,751,France,Male,47,2,76306.78079114234,4,1,0,200000.0,0
7301,15729629,Smith,712,France,Female,42,9,31121.715303491943,1,1,0,11600.0,1
7302,15756286,Johnson,492,Spain,Male,32,8,52534.292053208366,4,1,0,167386.50355136994,0
7303,15695494,Williams,607,Spain,Female,39,0,83567.82995312099,1,1,1,139343.8039557549,0
7304,15670127,Brown,586,Spain,Female,40,7,76635.56513723277,3,0,1,122789.18218964721,0
7305,15792206,Jones,493,France,Male,50,6,25157.224636243776,4,0,0,96403.815912205,0
7306,15641066,Garcia,677,Germany,Male,26,5,28160.665752194964,4,1,1,118639.95631840365,0
7307,15651164,Miller,640,France,Female,41,0,42328.83544143197,3,1,1,110202.40494542866,0
7308,15741994,Davis,850,Spain,Male,49,8,6548.704851571693,2,0,1,115222.58209345993,0
7309,15690116,Rodriguez,616,France,Female,29,1,101827.90362422087,4,0,0,54338.607725644266,1
7310,15748030,Martinez,572,France,Male,38,9,4907.382273524293,4,0,1,71978.82423575515,1
7311,15747166,Smith,562,Germany,Male,38,4,10216.98565592246,1,0,1,106871.7978928303,0
7312,15742649,Johnson,604,France,Female,22,8,144839.8408870773,3,0,0,19742.459558354632,0
7313,15667236,Williams,709,Germany,Male,41,7,16553.063445425247,4,0,1,127937.95232754736,0
7314,15634662,Brown,720,Germany,Male,42,9,13999.937599654939,3,1,1,93746.16791403171,0
7315,15643871,Jones,850,Germany,Male,53,3,27699.477378220832,3,1,0,50374.59349403772,0
7316,15828817,Garcia,529,Spain,Female,38,7,64419.52771628512,4,1,1,89570.30937548736,0
7317,15657667,Miller,658,France,Female,43,8,22802.89104070301,3,1,1,138918.7336977557,0
7318,15637497,Davis,581,France,Male,53,10,103862.09598963638,4,1,1,101579.0838232227,0
7319,15715461,Rodriguez,685,Spain,Female,32,4,8088.359733340105,1,0,1,128763.20637364654,0
7320,15778026,Martinez,788,Germany,Male,27,0,6274.931812813827,2,1,1,107692.49289902402,0
7321,15815411,Smith,736,France,Male,40,10,4027.985876231917,1,1,1,136384.73878170742,0
7322,15738729,Johnson,529,Spain,Female,37,5,17716.633434961946,2,1,0,159325.29510371233,0
7323,15731028,Williams,718,France,Female,38,3,11129.487846909662,3,1,1,15742.97336438259,0
7324,15797690,Brown,438,France,Male,34,5,30932.62756575072,3,1,1,54586.84486882841,0
7325,15826978,Jones,412,France,Male,30,0,250000.0,2,0,1,106486.04886995642,0
7326,15646564,Garcia,625,France,Male,48,3,101453.0574481305,3,1,0,90065.63253277761,0
7327,15667904,Miller,711,France,Female,38,4,112672.77827343736,1,0,0,60829.966409329776,0
7328,15719984,Davis,684,France,Male,61,5,88815.62149516947,4,0,1,11600.0,0
7329,15638613,Rodriguez,840,France,Male,28,4,15852.806664024902,2,1,0,176276.0538536917,1
7330,15764318,Martinez,660,France,Male,59,1,12830.132612229318,4,1,0,46761.91172293394,1
7331,15654384,Smith,639,France,Male,41,2,65859.0701661336,4,1,1,152423.95001311868,0
7332,15833365,Johnson,765,Germany,Female,39,4,45685.457117207254,3,1,0,38048.21163860524,1
7333,15755256,Williams,612,France,Male,27,10,11541.370111618653,3,1,1,150047.15448580356,0
7334,15805399,Brown,688,France,Male,32,6,171077.76385777738,3,1,0,11600.0,0
7335,15643798,Jones,694,France,Male,51,3,27600.756437542113,4,1,1,67935.47668722691,0
7336,15678061,Garcia,552,France,Male,18,10,84214.82281984917,2,1,0,27862.33741066311,1
7337,15721847,Miller,688,France,Male,21,5,3833.602327804087,1,0,0,200000.0,1
7338,15713465,Davis,850,France,Male,22,8,1789.9751356158135,1,0,0,68797.57445050069,1
7339,15757808,Rodriguez,763,Germany,Male,50,9,30422.429272595193,3,1,1,64222.21126227994,0
7340,15735612,Martinez,566,Germany,Female,45,6,6357.096922382361,4,1,1,31469.37159954323,0
7341,15667371,Smith,850,Spain,Female,28,2,193794.0364239242,2,1,0,134938.3023969325,0
7342,15742131,Johnson,718,Germany,Male,34,10,83571.21269314912,2,1,1,122158.90202251954,0
7343,15659302,Williams,692,France,Male,40,4,30263.622227741045,4,0,1,162439.19295766487,0
7344,15639871,Brown,640,France,Male,49,8,194403.99004771284,4,1,0,137065.23176350503,1
7345,15756233,Jones,718,Spain,Male,28,4,13608.407329234331,2,0,0,80567.134557073,1
7346,15678482,Garcia,661,France,Female,40,2,56811.849246226266,3,1,0,11600.0,0
7347,15748605,Miller,651,France,Female,35,7,884.2450525055099,4,0,0,53624.56544656903,0
7348,15773994,Davis,636,France,Female,37,6,23281.862229663508,1,0,0,116329.11850457091,1
7349,15684191,Rodriguez,747,Germany,Male,30,4,4132.432742685805,4,1,0,189608.76166652242,0
7350,15670499,Martinez,736,Spain,Female,41,4,22893.773740792796,2,1,0,200000.0,0
7351,15824239,Smith,635,Spain,Male,31,0,23950.065931723326,1,1,1,36956.92493441513,0
7352,15796604,Johnson,498,France,Female,39,7,23513.84452793005,2,1,1,96476.33668429659,0
7353,15822907,Williams,653,France,Male,54,5,26758.61950955391,2,1,0,106267.13583612241,1
7354,15648982,Brown,578,Spain,Male,49,4,47966.872150076495,1,1,0,113624.05629195498,0
7355,15705536,Jones,602,Germany,Male,52,6,10500.652265854818,4,1,1,109912.55668488063,0
7356,15690432,Garcia,637,France,Male,42,1,13354.545605573128,2,1,1,48421.56556860099,0
7357,15640131,Miller,543,Germany,Female,50,2,51842.63943094313,1,1,0,94193.40769796737,1
7358,15729200,Davis,488,Germany,Female,20,8,31390.190383345558,2,0,1,71998.09719624971,0
7359,15717589,Rodriguez,679,Spain,Female,22,4,8832.055891536922,1,0,1,108039.12251706768,1
7360,15683780,Martinez,652,Germany,Female,28,5,77380.44953506398,3,0,1,179169.07562651936,1
7361,15772611,Smith,648,France,Male,29,7,133596.43682498895,2,0,0,98610.60274141605,0
7362,15756554,Johnson,701,Germany,Male,49,2,31305.770239909518,2,1,0,53894.297655190196,0
7363,15674488,Williams,584,Spain,Male,23,0,47599.782207611526,1,0,1,189078.96878196474,0
7364,15684301,Brown,683,Germany,Female,25,3,84463.17011036247,1,1,1,104502.37875399172,1
7365,15710998,Jones,783,Germany,Male,37,1,165868.6284796518,1,0,1,97915.7616447795,0
7366,15725280,Garcia,624,Spain,Male,40,8,173928.78833700015,1,1,1,110010.82076234293,0
7367,15659881,Miller,839,Germany,Male,47,3,128092.09857875039,4,1,0,118405.56590467141,0
7368,15803780,Davis,654,France,Female,36,8,84644.01631855503,4,1,0,200000.0,1
7369,15745378,Rodriguez,564,Germany,Female,37,6,27736.98861377339,4,1,1,200000.0,0
7370,15736046,Martinez,734,Germany,Male,47,6,55378.99550552043,3,1,0,129589.63461397582,1
7371,15740902,Smith,638,France,Female,30,0,72073.63548411435,2,1,0,136532.41093648964,0
7372,15748395,Johnson,755,France,Male,40,1,4820.147080099834,4,1,0,85775.87663137763,0
7373,15750880,Williams,691,Germany,Male,44,6,6185.53692274423,4,1,1,39517.669498198935,0
7374,15806218,Brown,617,France,Female,35,4,61106.75403259129,2,1,1,179274.07770550335,0
7375,15737849,Jones,802,Spain,Male,47,6,54967.732370261336,4,0,0,11600.0,0
7376,15643599,Garcia,600,France,Male,30,2,81445.74590243082,2,0,0,98162.32788008598,0
7377,15740704,Miller,433,Spain,Female,54,7,10202.52408750394,3,1,1,165490.64436932362,0
7378,15720313,Davis,738,France,Female,35,3,137977.66646674657,1,1,0,129446.93780288045,1
7379,15750647,Rodriguez,684,France,Female,34,7,13613.79810514317,3,1,1,160319.96689807525,0
7380,15675462,Martinez,778,France,Male,24,5,7257.049609463656,2,1,0,70238.89645873278,1
7381,15637827,Smith,561,Germany,Male,27,8,19602.913664658918,2,1,0,90148.2000494318,0
7382,15744716,Johnson,625,France,Male,30,5,82660.08866810601,4,1,0,140064.88011813213,0
7383,15825144,Williams,613,France,Female,27,3,1432.265043403371,4,1,1,98539.99648658333,0
7384,15747820,Brown,743,Germany,Male,27,2,12862.873989228347,1,0,1,60981.15098579583,1
7385,15735366,Jones,715,France,Male,39,3,155726.77925923825,1,1,1,159095.1091316956,0
7386,15741643,Garcia,671,Germany,Male,45,10,857.8038314224956,4,0,1,124474.1708571407,1
7387,15746826,Miller,672,Spain,Female,41,6,16304.35778988972,4,0,1,39508.841624738336,0
7388,15698258,Davis,534,Spain,Male,18,7,19709.3598960941,3,1,0,35591.893964273404,0
7389,15817554,Rodriguez,726,France,Male,28,1,128792.87213518545,2,1,1,103166.57053162255,0
7390,15826752,Martinez,728,Germany,Male,50,8,95260.48082192802,3,1,0,71062.39562912568,1
7391,15710892,Smith,850,France,Male,25,6,30817.520050897605,2,1,1,89546.04277212704,0
7392,15691235,Johnson,697,Spain,Male,37,6,19103.803627078036,1,1,0,40307.519355024124,0
7393,15661257,Williams,713,Spain,Male,28,9,144503.5842313432,1,1,0,147179.05902091533,1
7394,15755720,Brown,697,France,Female,52,3,10431.25842234478,2,1,1,166468.3571958468,0
7395,15809275,Jones,580,France,Male,31,6,32391.566017156347,1,1,1,35684.58879730063,0
7396,15637716,Garcia,774,France,Male,45,1,27101.912067915207,2,0,1,32581.834010561564,0
7397,15661104,Miller,644,France,Male,31,10,136826.2315011762,4,0,0,173939.64130158926,0
7398,15684370,Davis,630,Germany,Female,18,9,70490.53514653613,4,0,1,156203.99248547925,0
7399,15682730,Rodriguez,636,Germany,Male,43,2,31122.9339435311,1,1,0,56537.42918598787,0
7400,15785702,Martinez,643,France,Female,19,1,46704.01361019473,1,1,1,128357.84023113476,0
7401,15821239,Smith,601,Germany,Female,29,4,119039.0634827672,3,1,1,100451.30696509179,0
7402,15717725,Johnson,671,Spain,Male,57,0,88960.49527330617,1,1,0,57060.80762587344,1
7403,15742857,Williams,640,Germany,Male,70,1,47784.52618907359,2,1,0,139634.09511361952,0
7404,15801007,Brown,631,France,Female,39,10,123442.8966685086,2,1,0,90645.38754031292,1
7405,15637776,Jones,698,Germany,Female,30,5,23924.937752881415,2,0,1,113843.29371842193,1
7406,15752371,Garcia,657,Germany,Female,39,5,66059.13478047599,3,1,1,160116.6255345242,0
7407,15670000,Miller,594,Spain,Female,25,7,812.3187894003545,4,1,1,36273.73287322579,1
7408,15801603,Davis,573,France,Male,34,8,43730.30854660404,2,1,0,195222.5953255963,0
7409,15769995,Rodriguez,659,France,Female,55,8,7365.807340048844,3,1,1,102045.16224300879,0
7410,15758151,Martinez,575,Germany,Male,41,6,37148.475363084806,3,1,1,139355.10396811113,0
7411,15821095,Smith,568,Germany,Male,24,9,14152.06379688585,1,1,0,27266.59263825872,1
7412,15707237,Johnson,569,Germany,Female,43,0,23956.90445139012,1,1,0,129394.90746092654,1
7413,15658362,Williams,675,France,Male,21,3,78550.44181199156,4,0,1,15678.161383819242,0
7414,15777034,Brown,769,Germany,Male,20,6,3019.613054514204,3,1,0,117551.45740775774,0
7415,15775987,Jones,684,France,Male,46,1,38544.78266041378,2,0,0,102284.15059147894,1
7416,15765276,Garcia,738,France,Male,31,8,7825.2984520812115,3,1,1,41469.03275303851,0
7417,15771475,Miller,643,Germany,Female,54,0,42576.799980984695,1,1,0,115239.02301775427,0
7418,15648732,Davis,664,France,Male,28,8,50200.551050569105,3,0,1,49765.48760483609,0
7419,15779945,Rodriguez,815,France,Female,51,6,10049.900304495568,2,1,1,49910.42699171556,1
7420,15781749,Martinez,732,Germany,Male,55,9,299.2289768385854,3,0,1,113887.761926998,0
7421,15741817,Smith,743,Germany,Male,40,5,4466.337998374378,4,0,1,59361.68919176677,0
7422,15784658,Johnson,623,France,Male,35,6,58496.74910201096,4,0,1,195852.94770105957,0
7423,15722697,Williams,649,Germany,Male,32,1,23909.760576698907,4,1,0,85126.49725559661,0
7424,15695544,Brown,690,France,Male,33,9,23332.06417486735,1,0,1,87809.66786732298,0
7425,15778535,Jones,589,France,Female,22,1,58864.99298798884,4,0,1,136541.04482168256,0
7426,15733572,Garcia,413,France,Male,45,2,34371.41802679915,3,1,0,58895.52427780623,1
7427,15716805,Miller,689,France,Male,45,5,50679.360451117616,2,1,1,90486.8679346023,0
7428,15826921,Davis,746,Spain,Male,36,0,125868.7228676356,4,1,0,106228.12283860164,0
7429,15786651,Rodriguez,655,France,Male,39,10,35348.52701792248,2,1,0,200000.0,0
7430,15816291,Martinez,590,Spain,Male,34,3,50810.40953027327,1,1,0,107573.22721295583,0
7431,15823147,Smith,616,Spain,Female,26,7,51042.76923236446,1,1,1,165290.14718990916,0
7432,15722779,Johnson,447,Spain,Male,25,7,38253.485283176684,1,1,0,169882.30712407315,1
7433,15707504,Williams,616,France,Male,33,4,54596.746230768564,1,1,1,11600.0,0
7434,15726774,Brown,538,Spain,Female,35,6,89892.49362174739,4,1,1,11616.309161763682,0
7435,15781304,Jones,580,Spain,Male,50,4,82469.0410874134,3,1,0,120067.71195406435,0
7436,15654658,Garcia,533,France,Male,45,3,2948.744582411231,1,1,0,74606.38106233353,0
7437,15773056,Miller,521,France,Female,54,5,151606.66045645712,2,0,0,114875.95229228571,0
7438,15690341,Davis,549,France,Female,45,7,93931.52411840501,1,1,1,52540.54121273219,0
7439,15716287,Rodriguez,713,Germany,Male,23,9,176342.20725922467,4,1,0,200000.0,1
7440,15683241,Martinez,599,Germany,Female,24,0,10788.501695059453,3,1,0,117766.47671302488,0
7441,15825512,Smith,539,France,Male,28,2,38437.55478830365,3,0,1,155819.0075430561,0
7442,15811715,Johnson,725,Spain,Female,35,3,28981.422910149613,4,1,1,154569.91311034825,0
7443,15635594,Williams,662,France,Female,31,4,23657.024149932622,3,1,0,170078.3227282648,0
7444,15706996,Brown,413,Spain,Male,45,0,26087.24421722598,4,0,0,133903.67409590652,0
7445,15702259,Jones,749,France,Male,50,8,116973.17874893043,4,1,1,55026.99444915683,0
7446,15661762,Garcia,657,Germany,Male,26,7,59940.295560443745,3,0,1,179217.5966158171,0
7447,15679758,Miller,727,France,Male,22,1,19633.60633508223,4,1,1,183107.41232593526,1
7448,15817049,Davis,627,France,Male,55,4,23811.413646127265,2,1,1,114453.80091495879,0
7449,15721044,Rodriguez,810,Germany,Female,41,8,31604.603465219672,4,1,1,133113.35009528126,0
7450,15785246,Martinez,611,France,Male,33,2,22858.714026930415,1,1,0,29648.325579755372,0
7451,15752527,Smith,386,Germany,Male,54,4,11790.750450849066,1,0,0,148262.7274710533,0
7452,15638738,Johnson,561,Spain,Female,51,8,28577.19645489657,1,0,0,183071.18744204193,0
7453,15696470,Williams,700,France,Female,33,5,4143.34453509472,1,1,0,125656.89610528093,0
7454,15716865,Brown,665,Spain,Male,47,4,96351.60160730156,4,1,1,72201.13722820624,0
7455,15666769,Jones,637,France,Female,50,7,87111.3114104483,4,1,0,21910.713004224788,0
7456,15745559,Garcia,551,France,Female,47,4,111244.58081881769,4,1,1,72921.59997221624,1
7457,15650081,Miller,651,France,Male,51,8,29521.45672784205,1,1,1,27194.103839055155,1
7458,15753994,Davis,648,Spain,Male,29,10,52667.02323408644,1,0,0,200000.0,0
7459,15797050,Rodriguez,647,France,Female,39,2,83034.85870419955,1,1,1,115635.50455038779,0
7460,15770497,Martinez,703,Spain,Female,55,0,18906.38990136273,3,1,1,143419.74499829154,0
7461,15654187,Smith,668,Spain,Male,35,3,50172.10318553881,3,0,0,11600.0,1
7462,15782946,Johnson,624,France,Male,32,6,28833.33663467858,2,1,1,83589.24664285063,0
7463,15661221,Williams,549,Germany,Female,40,2,23397.14015515342,4,0,1,35858.377078137906,0
7464,15709671,Brown,785,Spain,Female,23,9,98117.95970999142,3,1,0,163798.37565807017,0
7465,15674497,Jones,848,France,Female,42,7,48918.68519507455,4,1,0,136615.93611186143,0
7466,15638322,Garcia,824,France,Female,22,1,48827.98808251426,4,1,0,11600.0,1
7467,15653869,Miller,719,France,Female,51,8,8531.337355237794,2,0,1,135405.93249566667,0
7468,15781370,Davis,482,Spain,Female,22,2,21302.644819009533,1,1,1,148129.37815541076,0
7469,15795642,Rodriguez,470,Spain,Female,47,10,92023.83311277957,4,1,1,53759.55268288369,0
7470,15687966,Martinez,595,France,Female,31,5,12007.627993584789,1,1,1,85799.2912787364,0
7471,15789019,Smith,644,France,Male,28,6,176106.6452789697,4,0,1,99375.98252288214,0
7472,15686169,Johnson,640,Spain,Female,39,4,89152.73837328165,3,1,1,95143.42536181844,0
7473,15725831,Williams,669,France,Male,41,9,15572.417351690832,3,1,0,97210.3269818817,1
7474,15827281,Brown,510,Germany,Male,39,4,5726.73286984172,1,1,0,136837.26497286826,0
7475,15785059,Jones,810,France,Male,42,0,9289.720354045969,1,1,1,111932.7383326889,0
7476,15832574,Garcia,800,Spain,Male,45,3,13866.922761377868,3,1,1,150023.8360012141,0
7477,15833918,Miller,518,Spain,Male,18,0,13573.85549495466,1,1,1,169946.02643457352,0
7478,15831099,Davis,463,France,Female,40,8,820.6637884283363,3,0,1,128139.42187529548,0
7479,15713120,Rodriguez,641,France,Female,25,8,62816.2485840816,1,1,0,114696.2244861961,0
7480,15717446,Martinez,776,France,Female,26,4,188758.38414680067,4,1,0,11600.0,0
7481,15798593,Smith,646,France,Female,27,4,16874.033552171204,3,1,1,100531.55760333232,0
7482,15725299,Johnson,675,France,Male,19,4,820.6374324949251,4,1,0,103739.15267761397,0
7483,15691798,Williams,606,Germany,Male,38,6,125241.24991848409,3,1,0,200000.0,0
7484,15750202,Brown,664,France,Male,21,5,11546.176256509694,1,1,0,128379.64508239244,1
7485,15735227,Jones,744,France,Male,43,1,358.99161574598304,1,1,0,48820.19980868809,1
7486,15766169,Garcia,691,Spain,Female,54,10,12688.029206380932,4,1,1,169591.85544654442,0
7487,15679357,Miller,707,Germany,Male,54,9,5491.631452550785,4,0,1,152165.50214768032,0
7488,15833358,Davis,483,France,Male,28,2,64739.90684927374,3,1,1,69788.29301343366,0
7489,15667926,Rodriguez,850,Germany,Male,27,4,82.14635977162229,2,1,0,66469.87459644643,1
7490,15713531,Martinez,484,Spain,Male,46,6,29111.741131507457,2,0,1,60412.83104857847,0
7491,15767226,Smith,665,Germany,Male,39,1,33858.978252290304,2,1,0,11600.0,0
7492,15685874,Johnson,634,France,Female,38,10,76670.79034209829,2,0,0,187254.55178513163,1
7493,15801527,Williams,639,France,Male,25,3,36945.357810858644,1,1,0,103032.37065177968,0
7494,15798598,Brown,736,Spain,Male,40,0,6661.573927455257,4,1,0,99837.53168982858,1
7495,15709064,Jones,579,Spain,Male,47,6,27798.141601762993,2,1,1,183860.07062866466,0
7496,15789563,Garcia,606,Germany,Female,31,10,136354.70637105667,2,1,0,85695.4463767191,0
7497,15689277,Miller,535,France,Male,43,1,13512.04023568191,4,1,0,41071.832150241404,0
7498,15708193,Davis,762,Germany,Male,40,7,17795.785072075312,3,1,1,169130.4264996373,0
7499,15788308,Rodriguez,676,Spain,Male,32,9,103280.40882711082,3,1,1,105837.73495856932,0
7500,15666965,Martinez,713,France,Female,38,10,77080.73340966072,1,0,0,82844.25202409647,0
7501,15829426,Smith,731,France,Female,28,0,17514.53439618221,3,0,1,90107.34272519726,0
7502,15711606,Johnson,849,Germany,Male,47,1,61613.977078671734,2,1,1,78923.62022555264,0
7503,15822072,Williams,831,Spain,Female,28,7,4447.876669847864,4,1,0,111870.25230088645,1
7504,15675320,Brown,682,France,Male,33,4,39152.94039619293,2,1,0,45241.72131757684,0
7505,15748229,Jones,665,Germany,Male,48,4,102387.81575272648,4,1,1,71956.77775865092,0
7506,15661472,Garcia,596,Germany,Male,33,10,92421.99310932455,1,0,1,200000.0,1
7507,15671996,Miller,724,Germany,Male,29,6,11335.328394452481,1,1,0,100642.09750824448,1
7508,15686659,Davis,720,Germany,Female,40,3,38089.01788224645,2,1,0,103712.76043800692,0
7509,15714397,Rodriguez,577,Germany,Female,56,8,25413.19595565672,3,0,1,11600.0,0
7510,15715011,Martinez,721,France,Male,50,2,41146.350411268315,3,0,1,57372.450628839724,0
7511,15647618,Smith,750,France,Male,45,7,3902.015002106789,1,1,1,125921.56629107834,0
7512,15676739,Johnson,537,Germany,Male,48,2,199110.5897759879,4,0,1,136059.02784404816,0
7513,15765827,Williams,668,France,Female,44,7,41449.999149444375,4,1,1,84478.70384036501,0
7514,15773527,Brown,643,Germany,Female,41,0,6351.324192409617,1,1,0,148256.76259525874,0
7515,15646981,Jones,649,Germany,Female,48,9,51398.6177888839,1,1,0,129563.03402074885,1
7516,15781466,Garcia,554,France,Female,42,9,387.1696291137437,2,1,0,124734.24482723566,0
7517,15755771,Miller,467,Germany,Male,38,6,324.40371636207163,3,1,1,75235.9697044751,0
7518,15804041,Davis,574,Germany,Female,40,0,9870.535498302419,3,1,1,145286.35354916594,0
7519,15783774,Rodriguez,560,France,Male,42,1,15799.195845133809,3,1,1,168995.9548341554,0
7520,15760684,Martinez,685,France,Female,42,10,15269.255779325267,2,0,1,172508.5623279257,0
7521,15747691,Smith,686,Spain,Male,42,10,29274.91414703875,1,0,0,127741.89286839007,0
7522,15829130,Johnson,681,France,Female,29,0,35994.54968965526,3,1,1,104993.53595427134,0
7523,15645651,Williams,510,Germany,Male,36,9,27422.20096118367,2,0,0,159589.0077368095,0
7524,15766460,Brown,538,France,Male,26,2,23411.357057522313,4,0,0,86617.77671042597,0
7525,15796373,Jones,588,France,Female,41,8,55454.328801750264,3,0,1,92805.45447356858,1
7526,15757386,Garcia,652,France,Female,42,0,14273.361505668461,4,1,1,64651.46734636046,0
7527,15682293,Miller,616,Spain,Female,52,2,49417.07338520245,2,1,1,109056.85829421846,0
7528,15802714,Davis,681,France,Female,42,1,156942.6634681078,3,1,0,58892.556116588996,1
7529,15692588,Rodriguez,747,France,Male,35,4,31911.476569191214,1,0,1,11600.0,0
7530,15804436,Martinez,550,Germany,Female,34,6,35789.850107569415,3,1,1,160162.30669502495,0
7531,15789274,Smith,553,France,Female,45,5,65148.922104113015,2,1,0,200000.0,0
7532,15729376,Johnson,663,France,Male,32,9,35402.4623897261,4,1,0,45672.8820169545,1
7533,15785484,Williams,641,France,Female,40,4,7768.842740603872,3,1,0,130061.32762658427,1
7534,15739917,Brown,724,France,Female,48,2,47170.680634646735,2,1,0,71591.94641961802,0
7535,15691806,Jones,650,Germany,Female,59,6,35542.494062522754,2,1,1,180665.99714133207,0
7536,15654687,Garcia,824,France,Male,50,8,151285.4065025198,3,0,1,11600.0,0
7537,15812528,Miller,491,France,Female,33,1,4880.831168001434,2,1,0,196908.47676375852,0
7538,15805453,Davis,734,Spain,Male,31,5,38444.02960927571,4,1,1,14499.575743187088,0
7539,15821881,Rodriguez,669,Spain,Female,45,4,47976.998613837044,4,1,0,68674.49432910193,0
7540,15668582,Martinez,509,Spain,Male,36,8,48365.28817024674,4,0,0,159691.12181737652,0
7541,15690719,Smith,443,Spain,Female,24,7,3077.8536971662597,2,0,0,131530.50461062216,0
7542,15779815,Johnson,537,Germany,Female,64,8,19862.25320461273,4,1,0,85024.37365588707,0
7543,15775018,Williams,770,Germany,Male,40,6,15227.373906771627,1,1,0,71408.90011850113,1
7544,15650498,Brown,759,Germany,Female,51,4,56969.67701029414,1,0,1,77017.64566896831,0
7545,15723955,Jones,637,Spain,Male,35,3,66479.10296216489,1,1,0,98108.4513770082,0
7546,15664415,Garcia,613,Germany,Male,38,7,11739.897210230974,2,1,1,11600.0,0
7547,15700281,Miller,564,France,Male,40,1,87458.10675879168,3,1,0,112326.54640056015,0
7548,15776355,Davis,631,Spain,Male,36,0,33182.70622047501,3,1,1,169446.4589077675,0
7549,15637830,Rodriguez,602,Spain,Female,31,2,15255.711875626004,1,1,1,81806.2532172083,1
7550,15770256,Martinez,820,Spain,Male,60,6,17816.11021567724,2,0,0,11600.0,0
7551,15645999,Smith,526,France,Female,42,0,15294.832050194798,1,1,0,119785.78857299751,0
7552,15804473,Johnson,689,France,Male,23,4,46372.86635200034,1,1,1,32186.151693225198,0
7553,15671613,Williams,825,France,Female,40,4,37439.95570730888,4,1,1,111213.41202459575,0
7554,15713785,Brown,727,Germany,Female,24,2,139623.2157596323,2,0,1,57758.769571653436,0
7555,15727856,Jones,537,France,Male,30,10,15988.849977765554,1,1,0,96344.9546576687,0
7556,15809938,Garcia,495,France,Female,40,0,19222.67149744402,4,1,1,99817.09699673585,0
7557,15676919,Miller,677,France,Male,44,4,324.9204264735653,2,0,1,74228.0659481167,0
7558,15813588,Davis,665,France,Female,18,7,17715.22269372743,1,1,1,137018.0166284035,0
7559,15737091,Rodriguez,773,Germany,Male,56,8,14442.806836655553,3,0,1,55902.69843365772,1
7560,15810928,Martinez,704,Spain,Male,32,5,25707.870054287883,1,1,0,52558.732669437144,0
7561,15674698,Smith,601,France,Female,36,0,34223.30571843529,3,0,1,54057.657602473744,0
7562,15688387,Johnson,594,Germany,Female,54,4,55471.20568993198,4,1,0,20127.797906828288,0
7563,15686946,Williams,519,France,Male,56,1,10652.762629959248,1,1,0,11600.0,0
7564,15754984,Brown,662,France,Female,32,0,40643.725459793895,4,1,0,78446.74447997585,0
7565,15834220,Jones,509,Germany,Male,49,2,65215.9742615793,4,1,0,120663.86325940507,0
7566,15831277,Garcia,740,Germany,Female,40,10,13799.673257734816,1,1,1,62084.54194857355,0
7567,15794086,Miller,708,Spain,Male,65,9,21632.432593081892,4,1,0,190570.44329567495,0
7568,15745091,Davis,705,France,Female,32,4,11478.11900553559,3,0,0,97618.33462519127,1
7569,15817332,Rodriguez,517,Spain,Male,55,8,5884.705578472682,1,1,0,91047.12388038849,0
7570,15815223,Martinez,635,France,Male,33,6,70571.18666438652,2,1,0,113300.74288647197,0
7571,15646151,Smith,611,France,Female,28,5,13726.026598891982,3,1,1,145024.33596368265,0
7572,15660341,Johnson,660,France,Male,35,8,22909.183219443883,2,0,1,74287.21843892167,0
7573,15655811,Williams,702,Spain,Male,22,5,14230.130831813225,2,1,0,143371.5991822539,0
7574,15741653,Brown,598,France,Male,29,10,2240.6990474164527,3,1,0,70751.6664333826,0
7575,15649718,Jones,602,France,Male,35,3,65280.03684071953,4,1,1,181786.99487737793,0
7576,15654647,Garcia,717,Germany,Male,36,6,51547.20657577276,4,1,1,200000.0,0
7577,15792001,Miller,537,France,Male,48,1,32325.212884726727,1,1,0,105334.49054254351,1
7578,15670311,Davis,575,France,Male,47,1,56094.44159280096,2,0,0,46108.9396630898,0
7579,15678219,Rodriguez,650,France,Female,38,5,93702.70187971168,4,1,1,109051.27411781727,0
7580,15825813,Martinez,739,France,Female,21,4,48177.3057145067,4,0,1,148556.41156059672,0
7581,15792579,Smith,553,Germany,Female,18,5,118642.4520962011,1,1,0,176640.42152007698,0
7582,15829822,Johnson,828,Germany,Female,33,1,11250.714632780326,2,1,1,147475.84111104632,1
7583,15754381,Williams,514,France,Male,30,1,107432.13026432063,3,0,1,111720.31065749827,0
7584,15677521,Brown,805,France,Male,33,0,38993.54691893521,3,0,0,125838.23826938526,0
7585,15718123,Jones,769,Spain,Female,55,1,92139.71581308673,2,1,0,163976.57879209955,0
7586,15824120,Garcia,506,Germany,Female,32,10,68091.7065125554,4,1,1,89283.87133177063,0
7587,15818102,Miller,486,Germany,Male,30,9,2968.3882338902167,4,1,1,107816.84319449372,0
7588,15813568,Davis,721,France,Male,38,6,90944.95077118654,3,1,1,129076.73489474124,0
7589,15641049,Rodriguez,612,France,Female,33,1,20570.77488996886,2,0,0,117513.87884201857,0
7590,15640101,Martinez,549,Spain,Female,44,2,27507.372032080053,4,0,0,188514.81742744776,0
7591,15673643,Smith,831,Germany,Female,41,10,556.8157733202358,1,1,0,114523.29896861305,1
7592,15665917,Johnson,530,France,Male,57,5,71090.17626491646,2,0,0,49071.23652257777,1
7593,15766973,Williams,577,France,Female,36,5,31457.688260154944,2,1,1,100723.3321971173,0
7594,15755108,Brown,589,France,Female,58,9,140353.4689355968,2,1,0,200000.0,0
7595,15770668,Jones,370,France,Female,45,10,16494.55325951687,3,0,0,11600.0,0
7596,15773163,Garcia,659,Spain,Female,44,8,34266.07195084975,3,1,0,144006.21691329184,0
7597,15726249,Miller,558,Spain,Female,19,10,26477.902342064586,4,1,1,63990.86897811864,0
7598,15666957,Davis,731,France,Female,18,1,78537.31209188196,4,0,0,142254.77070705962,0
7599,15708407,Rodriguez,744,France,Male,22,6,38355.13936729134,3,0,0,198176.65074808832,0
7600,15702969,Martinez,673,Spain,Male,41,0,30798.005610471308,4,1,1,68762.46692215098,0
7601,15744508,Smith,674,France,Female,46,5,146703.41328213285,2,0,0,39095.321895612935,0
7602,15752011,Johnson,666,Germany,Male,44,8,23736.202967235116,3,1,1,110267.90307744213,0
7603,15711957,Williams,579,Germany,Female,39,7,33669.091079230726,4,1,0,196569.59701518173,1
7604,15750822,Brown,588,Germany,Female,48,5,40387.60787519604,3,1,1,98213.00616090761,0
7605,15721775,Jones,782,Germany,Female,50,5,2768.4926972493718,3,1,1,200000.0,0
7606,15636598,Garcia,723,Germany,Female,35,5,37381.45293393918,3,1,1,170984.97258544574,0
7607,15678989,Miller,670,Spain,Male,44,7,20458.597570854796,3,1,0,11600.0,0
7608,15637691,Davis,710,France,Male,42,1,52526.37729996047,2,1,0,122237.11918408683,0
7609,15733429,Rodriguez,643,Spain,Female,47,10,51588.55202283737,2,1,0,188287.1805104929,0
7610,15655261,Martinez,668,France,Male,42,8,62118.113091312545,4,1,1,37671.02206951616,0
7611,15679780,Smith,709,France,Female,41,9,25470.520968415465,3,1,1,136189.03360718815,0
7612,15730567,Johnson,442,France,Male,32,7,5534.714472494743,3,1,0,91321.43736598377,0
7613,15715870,Williams,740,Germany,Female,41,1,28915.374574393194,2,0,1,77815.58894055981,0
7614,15719644,Brown,733,France,Male,35,10,40168.923184169485,4,1,1,24846.228452650612,0
7615,15741073,Jones,571,Spain,Male,28,7,1258.2115636323276,2,0,0,155624.26515536485,0
7616,15704713,Garcia,774,Germany,Female,41,0,39633.23993791196,3,0,1,112094.92635514717,0
7617,15800239,Miller,428,France,Female,28,5,25481.01146666968,1,1,1,115493.28348974844,1
7618,15735037,Davis,685,Germany,Male,38,5,32548.216803707874,4,1,1,80360.98989494586,0
7619,15723844,Rodriguez,653,Spain,Male,35,8,18072.619998917093,3,1,1,108608.42130805706,0
7620,15747806,Martinez,619,Germany,Female,33,8,33877.42662497522,1,1,1,41131.57021303296,0
7621,15788558,Smith,651,France,Male,53,4,106786.0658222573,3,1,1,127812.95537582357,0
7622,15651801,Johnson,708,Spain,Female,55,0,77522.86110687691,4,1,1,104768.458368147,0
7623,15694640,Williams,469,Germany,Male,36,10,47861.3890469016,4,0,0,147998.63975166556,0
7624,15692388,Brown,750,France,Male,48,0,49252.18687773053,4,1,0,154119.25607478863,0
7625,15744238,Jones,608,France,Male,23,6,112875.98581249265,1,1,1,167385.66306009836,0
7626,15683896,Garcia,751,France,Male,27,10,32667.118179019366,1,1,1,166983.4766957651,0
7627,15799852,Miller,714,Spain,Male,38,10,38755.4768187527,3,1,1,92454.54200582448,0
7628,15778339,Davis,606,France,Female,28,3,98369.45633946102,4,1,1,68633.13367094446,0
7629,15635136,Rodriguez,642,France,Male,42,8,70267.1845098036,2,0,0,151473.77464214337,1
7630,15726430,Martinez,647,Spain,Male,41,2,28375.192108997115,2,1,1,81784.44416679192,1
7631,15670734,Smith,810,France,Male,38,5,18211.046952871828,4,0,0,165537.0190242247,0
7632,15750322,Johnson,535,Spain,Female,62,8,36471.753731729434,2,0,1,30214.301265092217,0
7633,15670712,Williams,606,France,Female,42,3,6426.406957617453,2,0,1,55681.295660002324,0
7634,15824428,Brown,491,Germany,Female,44,4,57040.23598861987,4,1,0,124141.31142924428,1
7635,15698182,Jones,662,France,Male,43,4,31222.844777187634,3,1,0,200000.0,0
7636,15788143,Garcia,587,Spain,Female,29,4,45191.91797428252,1,1,1,68865.15253514404,0
7637,15698618,Miller,599,Germany,Female,58,1,93604.73236324565,2,1,1,145735.4897033862,0
7638,15680835,Davis,798,Spain,Male,24,10,22027.718806758992,4,0,1,103315.29881565121,0
7639,15764465,Rodriguez,567,Germany,Male,41,1,34374.95308377916,3,0,1,102285.18320992704,0
7640,15832382,Martinez,634,France,Female,46,0,40561.700186758215,4,1,0,99967.90478952385,1
7641,15823906,Smith,604,France,Male,48,0,16437.34744482419,3,1,1,160206.40437179877,0
7642,15740913,Johnson,610,France,Male,35,3,16067.853144232236,2,1,1,87973.42786341716,0
7643,15669011,Williams,850,Germany,Male,46,2,37350.87236532666,2,1,1,108262.6677390002,0
7644,15784998,Brown,476,Spain,Male,28,3,14863.94193147162,2,1,1,171378.84980884742,0
7645,15774412,Jones,714,France,Male,55,10,98736.90205973794,2,1,1,145173.16337450445,0
7646,15658656,Garcia,850,Germany,Female,37,5,250000.0,3,1,1,148872.02427210647,0
7647,15664311,Miller,757,Spain,Female,34,10,11840.081197690944,4,1,1,122951.0681542664,0
7648,15743923,Davis,654,France,Female,32,0,42813.71345989847,3,1,1,64044.664473422,0
7649,15634965,Rodriguez,532,Spain,Male,41,7,7854.803226473013,1,1,1,70889.0454122088,0
7650,15644960,Martinez,780,France,Female,23,7,10263.420123301717,1,1,0,194913.35010189074,0
7651,15768914,Smith,743,Germany,Female,47,6,72615.08115339933,3,1,1,90407.41184847156,0
7652,15680291,Johnson,497,France,Male,33,10,11137.188268818434,1,0,0,31909.481221987866,0
7653,15636538,Williams,617,France,Female,52,10,69115.351373957,3,1,1,130338.18136986677,0
7654,15746874,Brown,529,France,Female,26,3,25878.140005112855,2,1,1,119731.88201821248,0
7655,15725676,Jones,364,Spain,Male,40,7,32644.36521780315,3,0,1,16353.502130802313,0
7656,15809639,Garcia,527,Spain,Male,44,8,15015.520365057608,2,1,1,32295.517586539994,0
7657,15635484,Miller,660,France,Male,45,4,39812.32184730365,4,1,0,70308.92425917674,0
7658,15785898,Davis,708,Spain,Female,33,5,20140.0518202495,4,1,1,32426.690637540494,0
7659,15739829,Rodriguez,617,Germany,Male,26,9,9592.307252645674,2,0,0,57548.730668368466,0
7660,15760467,Martinez,787,Spain,Male,34,7,7487.281438237848,3,0,0,32110.177752795295,1
7661,15758347,Smith,752,France,Male,50,4,250000.0,3,1,1,200000.0,0
7662,15796499,Johnson,637,France,Female,59,3,21204.344456786916,2,0,0,180055.3462520268,0
7663,15663487,Williams,624,Germany,Male,22,7,81718.49039985971,1,0,0,90389.28504406563,1
7664,15805730,Brown,688,France,Female,31,2,20880.814481674952,3,1,0,85080.79077583304,0
7665,15768877,Jones,648,France,Female,21,5,48770.10204802886,2,1,0,124926.5956695256,1
7666,15825915,Garcia,507,France,Female,33,8,91993.67217191051,1,1,1,95195.15314828529,1
7667,15767918,Miller,620,France,Female,32,5,59541.9819226262,1,1,0,136801.537195911,0
7668,15732924,Davis,716,France,Male,27,8,3578.8927117647086,2,1,0,78661.44317669669,1
7669,15703221,Rodriguez,781,Spain,Female,55,7,10707.700935461653,3,1,0,128862.25748168722,0
7670,15656186,Martinez,746,France,Female,50,8,103408.6689371337,1,0,0,94083.90166068073,0
7671,15643123,Smith,683,France,Female,41,9,31859.441189486304,1,1,0,30375.780751995277,1
7672,15815691,Johnson,795,Germany,Female,37,8,45623.60574939254,1,1,0,139478.63276731007,1
7673,15668143,Williams,692,Germany,Female,47,7,1237.8381022412152,4,1,0,111280.64370570489,0
7674,15663665,Brown,641,Germany,Male,28,8,33404.84367507613,2,1,1,106992.62216769737,0
7675,15704870,Jones,797,Spain,Male,41,6,28181.130572968854,4,1,0,115441.81792799938,0
7676,15760820,Garcia,722,France,Male,32,6,57949.33820763118,1,1,0,30533.124180545463,0
7677,15752808,Miller,780,France,Male,62,10,16041.085989833084,1,1,1,188729.87664796677,1
7678,15830626,Davis,531,Spain,Female,25,3,68107.58855259935,2,1,0,188919.19271581675,0
7679,15805237,Rodriguez,563,Spain,Male,36,0,55569.05217579831,1,1,1,65699.62489781773,0
7680,15805426,Martinez,568,Germany,Male,26,6,35638.08420079867,2,1,1,132208.96447922103,0
7681,15768241,Smith,668,France,Female,46,7,23552.282013224994,1,1,0,123387.41847747572,1
7682,15781795,Johnson,832,France,Female,46,8,17976.20377150775,2,0,0,54919.342160129534,0
7683,15767348,Williams,536,France,Female,32,0,38296.59679489459,2,1,0,174557.90582513824,0
7684,15711013,Brown,740,Germany,Female,26,8,42998.345903299836,3,1,1,200000.0,0
7685,15744478,Jones,529,France,Female,35,6,29722.325528666937,3,1,0,66900.55559714374,0
7686,15831949,Garcia,850,France,Female,32,6,19325.382189707234,2,1,1,102476.60370276662,0
7687,15832755,Miller,490,France,Male,39,2,105971.6904794325,2,1,1,90296.72820615789,0
7688,15794814,Davis,724,France,Female,55,0,18568.616050125387,1,1,1,170202.98985536274,0
7689,15775001,Rodriguez,738,France,Male,45,6,55762.37948588369,1,1,1,181521.75232761772,0
7690,15657933,Martinez,712,France,Female,46,9,117602.14655417862,3,1,1,19144.195162546835,0
7691,15657606,Smith,562,Germany,Female,38,7,52043.07848633478,1,0,1,11600.0,1
7692,15753845,Johnson,544,France,Female,65,5,22779.25271519232,2,1,0,99880.85874756046,1
7693,15776166,Williams,777,Germany,Female,40,6,17634.707316697535,4,1,0,128995.37143437011,1
7694,15820471,Brown,754,France,Female,46,8,96002.96973999107,2,1,1,79356.93185121531,0
7695,15823769,Jones,753,France,Female,49,7,33662.95244502596,2,1,1,110163.99848244009,0
7696,15779423,Garcia,765,Germany,Male,38,4,44992.32925278236,1,1,1,111512.72439555339,1
7697,15697819,Miller,496,France,Male,41,10,45354.1385215893,1,1,0,80043.18241922338,0
7698,15723646,Davis,493,Germany,Male,33,3,38157.21329202189,2,0,0,125461.68627187189,0
7699,15643647,Rodriguez,582,Germany,Male,39,10,133919.46757332224,1,0,0,100732.61890716189,0
7700,15654718,Martinez,602,Spain,Male,53,3,133707.21001151996,2,1,0,108476.06503468909,0
7701,15653269,Smith,591,France,Female,50,3,2063.057148861353,2,0,1,96235.88929618949,0
7702,15709659,Johnson,677,France,Male,45,1,35227.19895622512,2,1,0,179158.6116479158,0
7703,15708807,Williams,761,Germany,Female,48,9,41685.75514473773,2,1,1,123427.09915945579,1
7704,15661904,Brown,620,France,Male,38,9,129887.06227563872,3,1,1,79083.70860250358,0
7705,15776957,Jones,568,France,Female,48,6,3610.132681048338,1,1,1,127414.31174762061,0
7706,15796609,Garcia,731,Germany,Male,37,7,77812.51918826548,2,1,1,99456.54816963912,1
7707,15707136,Miller,621,France,Female,22,6,51419.62514998454,2,1,1,134133.92373650894,0
7708,15797298,Davis,660,France,Female,57,10,65931.63926968741,2,1,1,142421.67367823413,1
7709,15648042,Rodriguez,616,Germany,Male,36,9,17244.756177291758,1,1,1,143326.5281192085,1
7710,15745603,Martinez,683,Spain,Male,49,7,68641.81332938968,1,1,1,186987.60524465668,0
7711,15681103,Smith,548,Spain,Male,35,10,16611.12406547202,3,1,0,114445.95301262385,0
7712,15766943,Johnson,722,France,Female,18,10,56299.31398593534,4,1,1,147397.1193333639,1
7713,15642470,Williams,646,Germany,Female,38,8,77328.42943956249,3,1,0,100435.69634572596,1
7714,15795925,Brown,573,France,Female,20,7,76463.6038969008,2,1,1,109643.5442290639,0
7715,15712511,Jones,703,France,Male,46,4,39304.01607541123,3,1,0,108071.55979321252,0
7716,15719125,Garcia,573,Spain,Male,36,3,26684.86224914492,1,1,0,86886.3981081021,1
7717,15804403,Miller,577,France,Male,51,4,13956.208604994155,2,1,1,93060.11177727082,0
7718,15650336,Davis,529,France,Male,41,10,1703.4549016523706,1,1,1,72307.46866208388,0
7719,15808103,Rodriguez,479,Spain,Male,28,0,2506.544077794319,3,0,0,156493.91117603786,1
7720,15807011,Martinez,703,Spain,Male,45,4,27108.560307045816,4,1,1,92635.58734131345,0
7721,15805999,Smith,766,Spain,Female,23,5,4987.514044182865,2,0,0,137640.29858075542,1
7722,15718202,Johnson,604,Spain,Male,35,8,5937.118429840066,2,1,1,105177.72953906056,0
7723,15828188,Williams,570,Germany,Male,20,8,10827.102613895786,4,1,1,53941.45841958331,0
7724,15643035,Brown,468,France,Female,42,9,32822.198049660205,2,1,0,45460.69946416276,0
7725,15774785,Jones,432,Germany,Female,41,2,44793.85406710564,1,1,1,178694.34069751564,1
7726,15738588,Garcia,722,France,Female,40,10,59252.06810409194,1,0,1,53840.52562945335,0
7727,15698355,Miller,452,France,Male,29,7,33298.00679983214,3,0,0,40255.634975748835,1
7728,15748385,Davis,535,Spain,Female,52,7,54641.94153557828,1,1,1,136589.28696011033,0
7729,15656353,Rodriguez,678,France,Female,48,8,99064.28804551777,3,1,1,11600.0,1
7730,15782127,Martinez,658,France,Male,41,0,23433.2681336615,2,0,0,36109.81629716954,1
7731,15804642,Smith,682,France,Male,33,4,58275.91030930831,1,1,1,61604.387039955334,0
7732,15795751,Johnson,650,France,Female,35,4,53721.22991163887,1,1,1,175413.73003275925,0
7733,15800449,Williams,614,Spain,Female,38,6,50598.201958710655,1,1,1,117243.83831234724,0
7734,15823818,Brown,536,Germany,Male,27,10,43792.955806612394,1,1,1,191263.11984548057,0
7735,15683172,Jones,586,Germany,Male,47,7,64760.16557105314,1,1,1,139571.78703445688,0
7736,15811771,Garcia,621,Germany,Female,51,10,85336.91233054262,2,1,0,112213.69400905777,0
7737,15659105,Miller,460,Germany,Male,56,6,24889.66891255226,2,1,0,154099.23439116645,0
7738,15768453,Davis,571,Spain,Female,35,5,53176.23555955191,4,1,1,167408.87365584105,0
7739,15721442,Rodriguez,612,Germany,Male,52,3,14284.92920485135,2,1,1,200000.0,0
7740,15766429,Martinez,581,Spain,Female,53,8,70530.6306927855,2,1,0,19690.683117676264,0
7741,15673865,Smith,615,Spain,Male,32,1,106177.32831621145,3,0,1,33246.48464670083,0
7742,15743093,Johnson,716,Spain,Male,28,5,71663.5550846509,4,0,1,77291.02521319658,1
7743,15689689,Williams,729,Germany,Female,49,9,33774.277222416174,3,0,0,196804.00383824314,1
7744,15807955,Brown,801,Spain,Male,33,5,7161.056080711402,3,0,1,117117.66543375916,0
7745,15686084,Jones,499,France,Male,31,10,103219.01048125044,3,1,1,72491.11003097835,0
7746,15820531,Garcia,607,Spain,Female,47,3,84267.81297112558,3,1,1,161637.09211233642,0
7747,15757591,Miller,772,Spain,Male,25,2,59867.04395719019,2,1,1,59304.14112053836,0
7748,15783074,Davis,475,Spain,Male,34,10,95353.42374796787,4,0,1,200000.0,0
7749,15674717,Rodriguez,532,Spain,Male,20,2,38074.17034026083,3,0,1,129165.94371938001,0
7750,15648851,Martinez,588,France,Female,30,1,234331.85934608622,4,1,1,159707.8599550503,0
7751,15812499,Smith,850,France,Female,32,2,90722.56758498508,2,0,1,107150.61795528673,0
7752,15744963,Johnson,552,France,Female,31,3,8932.192930371228,4,1,0,70526.42096624622,0
7753,15659202,Williams,758,Spain,Male,34,9,25721.087417304872,4,1,0,131269.7809014487,0
7754,15672308,Brown,647,France,Male,18,3,9324.613704414069,2,1,0,115490.06597176852,0
7755,15653824,Jones,535,France,Male,28,9,12696.94016943766,1,1,1,107038.82339343945,0
7756,15733643,Garcia,850,Germany,Female,52,6,34754.700702329814,3,1,1,67405.18529750712,0
7757,15739106,Miller,669,Germany,Female,41,3,22423.796051108795,3,1,1,200000.0,0
7758,15675741,Davis,687,Spain,Female,33,8,120253.30933195513,2,1,0,100668.48704368516,0
7759,15749521,Rodriguez,703,Germany,Female,32,7,5.807326447908838,4,0,0,70353.49433588535,1
7760,15675904,Martinez,695,Spain,Male,46,0,520.4664645351301,2,1,1,121510.67091515491,0
7761,15722440,Smith,850,Germany,Male,39,9,126516.23716319595,1,1,0,178127.06142920218,1
7762,15833833,Johnson,828,Spain,Female,27,0,13657.294621398614,4,0,1,200000.0,0
7763,15774320,Williams,556,France,Male,33,5,123.73531320237247,1,0,0,11600.0,0
7764,15779217,Brown,850,France,Male,26,3,28778.5407793578,2,0,0,126050.18552142008,0
7765,15788459,Jones,579,Spain,Female,32,9,10885.948535873878,2,1,0,179233.09855607135,0
7766,15712955,Garcia,682,Germany,Male,45,5,2740.2304215817576,2,1,0,11600.0,0
7767,15797080,Miller,504,Germany,Female,44,8,37801.14134888631,1,1,1,113635.10785784479,1
7768,15723594,Davis,753,France,Female,49,9,7551.494134519768,3,1,1,142844.3692146577,0
7769,15686030,Rodriguez,619,France,Female,40,4,90663.01001765803,1,0,0,122445.98722255138,1
7770,15658379,Martinez,535,Germany,Male,23,7,17988.44815374102,1,1,1,54250.45544741031,0
7771,15692541,Smith,768,France,Female,26,1,12529.419027787882,1,0,1,155039.7497008856,0
7772,15818700,Johnson,793,France,Male,43,7,67306.952073075,2,0,1,11600.0,0
7773,15721052,Williams,797,France,Female,40,7,94407.46632398035,1,1,1,28946.342731141733,0
7774,15795227,Brown,497,Germany,Male,27,1,4886.1865202286,3,1,1,115414.24444819907,1
7775,15658150,Jones,807,Germany,Female,35,6,8218.496176977742,1,1,1,109533.17308063418,0
7776,15828895,Garcia,619,Spain,Male,57,7,32175.023950225866,3,1,1,175857.7410598955,0
7777,15802939,Miller,850,Germany,Female,48,6,44606.84074998756,4,1,1,27155.1152674973,0
7778,15760151,Davis,712,Spain,Female,53,5,4346.791801998707,3,0,1,71862.49357009544,0
7779,15806375,Rodriguez,675,Germany,Female,27,2,23501.09083984995,2,1,1,91177.3850490222,0
7780,15816961,Martinez,650,Germany,Male,55,10,113944.33809703281,4,1,1,114229.68279398106,0
7781,15772401,Smith,648,France,Male,33,10,104406.50256739405,2,1,0,104006.88404742912,0
7782,15816391,Johnson,582,France,Female,54,2,18642.013823500543,2,1,1,142063.00652362683,0
7783,15798101,Williams,543,Germany,Female,42,7,12901.636510742732,4,1,0,11600.0,1
7784,15782366,Brown,613,France,Male,45,3,43705.45591461587,3,1,1,119393.47419493418,0
7785,15666227,Jones,769,Spain,Female,45,9,5053.170156139242,2,0,1,107881.61451259612,0
7786,15659520,Garcia,510,Germany,Female,39,7,13287.590412610909,3,1,1,109580.3933110405,0
7787,15806810,Miller,784,Spain,Male,44,9,9121.490135053922,2,0,0,115660.13254080711,0
7788,15749428,Davis,664,Spain,Male,28,5,11643.425319529793,2,1,1,200000.0,0
7789,15749483,Rodriguez,728,France,Male,37,2,12091.743064597176,4,1,1,30042.615642977908,0
7790,15818083,Martinez,733,France,Male,46,9,49373.78454572469,4,0,0,142702.32493314234,0
7791,15650179,Smith,742,Germany,Male,40,1,33482.5301461873,3,1,1,33881.53679328866,0
7792,15719757,Johnson,652,France,Female,35,0,99131.30075802145,4,0,0,99420.53129185215,0
7793,15746378,Williams,655,France,Male,41,3,66517.75302088482,2,1,1,122484.7070417816,0
7794,15733848,Brown,739,Spain,Male,25,7,34542.87304842191,1,1,0,59946.14824776696,1
7795,15793363,Jones,545,Spain,Male,49,3,18366.606635161283,1,1,1,70887.48507814844,0
7796,15776828,Garcia,530,Spain,Female,18,7,89178.36171848989,1,0,0,11600.0,0
7797,15729550,Miller,603,Germany,Male,38,7,4143.905029355476,1,1,0,13089.547855192417,1
7798,15655943,Davis,678,France,Female,46,10,57128.19323848576,3,0,1,49710.479870098985,1
7799,15732156,Rodriguez,842,Germany,Male,39,0,5995.699729798461,4,1,1,128768.91174805553,0
7800,15742400,Martinez,654,France,Male,34,5,38049.50859559801,2,1,0,85540.09576386539,0
7801,15680932,Smith,850,Germany,Female,49,10,115943.03909000503,1,0,1,111165.08804287355,0
7802,15722361,Johnson,701,France,Male,32,9,13594.857229822368,3,1,1,90483.85401369462,0
7803,15834090,Williams,604,Spain,Female,55,7,4089.263576268539,3,1,1,145665.17778855376,0
7804,15721409,Brown,764,Spain,Female,36,7,20737.828533579897,2,1,1,101062.42706838083,0
7805,15667915,Jones,625,Germany,Male,36,0,32529.041796346024,4,0,1,33676.96662777854,0
7806,15681502,Garcia,675,Spain,Female,46,7,64514.44389786409,1,1,1,99796.65833389614,1
7807,15713442,Miller,516,France,Female,35,8,1509.2081056547452,1,0,1,92260.94237118177,0
7808,15800369,Davis,499,France,Female,39,10,7013.868943761012,3,0,0,14433.532464759031,0
7809,15795899,Rodriguez,705,Spain,Male,44,5,26443.885613617735,3,1,0,141527.76904514563,1
7810,15720674,Martinez,760,Spain,Male,26,6,4992.190246562525,1,1,1,138973.47058383626,0
7811,15730969,Smith,844,Germany,Female,45,5,156054.07862078797,2,1,0,144604.26651104973,0
7812,15683758,Johnson,569,France,Female,22,4,35768.49461666721,3,1,1,112603.87124096624,0
7813,15722055,Williams,796,Spain,Male,38,0,23655.10311639642,3,0,0,87257.90962115092,0
7814,15793503,Brown,781,France,Male,35,1,194924.04263309223,4,1,1,103462.86446088064,0
7815,15660540,Jones,600,Germany,Male,25,9,51936.3112119733,2,1,1,129584.39310138371,0
7816,15693766,Garcia,788,France,Female,55,1,36265.225655040005,2,1,1,101137.48590177127,0
7817,15820204,Miller,744,Spain,Male,40,10,13796.538362910765,3,1,1,174852.0407894043,0
7818,15833873,Davis,764,France,Male,32,8,14589.76842472782,4,1,1,162028.14904075308,0
7819,15694884,Rodriguez,850,Spain,Female,40,5,22491.805161246735,3,1,1,82557.29768360723,0
7820,15682403,Martinez,760,France,Male,63,2,69460.10477197732,1,1,0,52028.523086004774,0
7821,15775139,Smith,436,France,Male,29,2,84642.31537318495,3,1,0,114645.99791823256,0
7822,15637928,Johnson,682,Spain,Male,45,9,10664.27683812735,3,1,0,167935.4608761823,0
7823,15769333,Williams,493,France,Male,29,9,85026.03963482387,3,1,0,138807.7137409479,1
7824,15825963,Brown,665,Germany,Male,43,1,20093.944889946986,1,0,1,90425.57414373715,0
7825,15793268,Jones,659,France,Male,32,6,11175.64402676946,4,1,1,36142.188983370936,0
7826,15750421,Garcia,591,Spain,Male,37,0,10832.147134789026,4,1,0,11600.0,0
7827,15639365,Miller,547,France,Female,40,0,31127.956608410463,2,1,1,63789.55447117811,0
7828,15776502,Davis,596,France,Male,52,9,72863.8585607675,2,1,1,119074.46916278072,0
7829,15682190,Rodriguez,616,Germany,Female,24,2,42281.769917036894,2,1,0,79658.47186344051,1
7830,15645823,Martinez,636,France,Male,55,0,31241.44510875363,3,1,1,11600.0,0
7831,15776885,Smith,660,France,Male,19,10,909.032029335024,3,1,0,98294.19761197483,1
7832,15648171,Johnson,708,Germany,Female,42,2,41455.36869470575,2,0,0,200000.0,0
7833,15672462,Williams,618,Germany,Male,39,8,56151.29450709467,1,1,1,56647.37285798745,0
7834,15679939,Brown,777,France,Male,37,6,5160.987232021958,3,1,1,43696.49067240666,0
7835,15817985,Jones,646,Germany,Female,39,8,156379.9479200648,1,1,0,143288.54000961198,0
7836,15779189,Garcia,742,Spain,Female,44,6,4800.299653696354,1,1,0,135330.6821387611,0
7837,15706297,Miller,619,France,Female,43,10,58668.40168171546,3,1,1,23009.048186890708,0
7838,15741351,Davis,850,Germany,Female,37,8,37175.186776544055,2,1,1,83974.40804783878,0
7839,15790578,Rodriguez,696,Germany,Male,46,10,107789.84682427694,4,0,1,11600.0,0
7840,15825609,Martinez,813,France,Female,36,2,26729.783605818637,4,0,1,181258.4743442997,0
7841,15678392,Smith,580,France,Female,39,6,35519.05745484994,4,0,0,162300.6751561439,0
7842,15703182,Johnson,605,France,Male,50,5,40251.294854683,1,1,0,126642.86040216318,0
7843,15640238,Williams,624,Spain,Female,50,1,103910.89799246337,2,1,1,153321.20887967257,0
7844,15711731,Brown,850,France,Male,49,5,80383.8205227986,3,1,1,103721.08903493178,1
7845,15768566,Jones,628,Spain,Female,28,2,16432.822803784653,1,1,0,80832.4755626256,0
7846,15656274,Garcia,567,Germany,Male,43,1,155339.70609914645,3,1,1,11600.0,0
7847,15640414,Miller,780,France,Male,43,4,69932.57987703141,3,1,1,196428.5346874276,0
7848,15635256,Davis,655,Germany,Male,56,4,605.880312722318,1,1,0,131126.55788352122,0
7849,15689235,Rodriguez,628,Spain,Male,46,10,10151.461767431578,1,1,1,178524.26654029454,1
7850,15651745,Martinez,588,France,Male,32,1,96829.83727833479,2,1,0,107253.55738448615,1
7851,15690536,Smith,698,France,Male,35,2,51903.620442416664,1,1,0,41479.95367597226,1
7852,15701936,Johnson,756,Germany,Female,18,7,14928.995485872254,3,1,0,176726.0504999907,0
7853,15738065,Williams,728,France,Female,38,4,9402.22387653349,2,0,1,19584.02723373295,0
7854,15760453,Brown,602,France,Male,35,7,7935.247531216128,3,1,1,161387.45810267955,0
7855,15663689,Jones,551,France,Female,33,9,19144.01238183266,2,1,1,152908.041578154,0
7856,15777292,Garcia,350,France,Male,31,3,114399.62284561917,3,1,0,174669.12235634917,0
7857,15643048,Miller,555,France,Female,54,3,21696.80442538428,2,1,0,131813.1442505388,0
7858,15736729,Davis,612,Spain,Male,18,5,54043.61355947289,1,0,0,48810.411819379864,0
7859,15683469,Rodriguez,644,Spain,Female,26,9,5914.726204518796,4,1,0,20761.07308273739,1
7860,15816702,Martinez,622,France,Female,62,10,37900.24155138401,3,1,1,167922.9250089124,0
7861,15694703,Smith,850,France,Male,48,4,20994.007374460205,3,1,1,89907.17567183607,0
7862,15792874,Johnson,699,France,Male,42,4,8748.692651832065,2,1,0,111554.77059227835,1
7863,15722676,Williams,526,France,Female,38,8,79919.64148124807,1,1,0,108104.46986810188,0
7864,15827139,Brown,715,France,Female,33,5,84516.00736738704,1,1,0,133903.51068825906,0
7865,15753024,Jones,689,France,Male,26,2,18283.701663365813,2,1,0,11600.0,1
7866,15722494,Garcia,545,Spain,Male,42,10,53032.02104743464,1,1,0,117634.3871135725,1
7867,15754646,Miller,678,France,Female,46,3,25049.72671351135,1,0,0,60971.391416996536,1
7868,15673750,Davis,703,France,Female,32,8,2274.77884934768,2,0,0,82440.35643029085,0
7869,15717530,Rodriguez,752,France,Male,20,5,27911.37146605265,3,1,1,66962.3734999454,0
7870,15786372,Martinez,472,France,Female,45,10,42884.6700374954,2,0,1,54418.3639740796,0
7871,15808144,Smith,714,Spain,Male,46,7,17764.990636630693,4,1,0,11600.0,1
7872,15686262,Johnson,790,France,Female,47,10,148694.34603644046,2,0,0,65871.10198155702,1
7873,15819584,Williams,838,Spain,Female,37,6,40827.15903685118,2,1,1,124145.91381635181,0
7874,15670052,Brown,527,France,Male,18,0,23218.555189109542,1,1,0,147971.5215417175,0
7875,15822137,Jones,635,Germany,Male,26,0,66405.06239863308,3,0,0,113836.27941926286,0
7876,15668359,Garcia,645,Spain,Female,51,9,20845.53626209196,4,0,0,11600.0,1
7877,15712614,Miller,717,France,Female,25,6,1250.8238756666594,1,1,1,119050.4983223021,0
7878,15741352,Davis,633,France,Female,45,1,414.7526734805224,1,0,0,145662.29818529566,0
7879,15761645,Rodriguez,578,Spain,Female,28,8,17974.63283098923,1,0,0,37236.52902431483,1
7880,15797064,Martinez,671,France,Male,27,9,8479.19423667277,3,1,1,11600.0,0
7881,15690718,Smith,616,Germany,Female,57,8,21728.986372837488,2,0,0,117339.06614649628,0
7882,15778835,Johnson,706,France,Female,57,1,73410.08273228732,2,1,0,133218.29275649256,1
7883,15666754,Williams,569,France,Female,40,8,18484.431025759113,4,0,0,200000.0,0
7884,15740981,Brown,547,France,Female,34,8,41008.9704555053,3,0,0,106574.24714965881,0
7885,15655438,Jones,781,Spain,Female,49,9,126065.45567838782,2,1,0,137855.46161041787,0
7886,15832217,Garcia,850,France,Male,23,5,59914.923321984694,4,0,1,200000.0,0
7887,15821322,Miller,832,France,Female,51,4,41249.217247537155,3,0,1,15633.712063502666,0
7888,15792005,Davis,642,Germany,Male,59,9,100891.26453261322,4,1,1,173240.85607656784,0
7889,15776437,Rodriguez,755,France,Male,44,1,20071.95633180959,1,1,0,23909.51624789172,0
7890,15704046,Martinez,581,France,Male,27,5,11022.655391447792,2,1,1,28880.12063233173,0
7891,15727711,Smith,700,France,Female,54,10,68751.79818017513,4,0,1,59713.233953679184,0
7892,15784861,Johnson,591,Germany,Male,42,8,3029.6549388306576,3,1,0,11600.0,1
7893,15777631,Williams,775,Germany,Male,37,2,27598.217151095792,3,0,1,115341.91424730729,0
7894,15770053,Brown,762,France,Male,29,2,16919.057807532296,3,1,1,30650.5861450956,0
7895,15793633,Jones,850,France,Male,27,10,177586.48536012636,3,0,0,191950.86889765627,0
7896,15716620,Garcia,627,Germany,Female,50,3,23668.113603057704,2,0,1,165453.0620701992,1
7897,15757678,Miller,807,Spain,Male,38,9,54447.326727599575,1,0,1,122800.22346825551,0
7898,15792779,Davis,700,France,Male,38,10,15631.850132360874,2,1,0,118355.0220100696,1
7899,15766551,Rodriguez,657,France,Male,40,3,204237.22199850713,2,1,1,179457.82863794215,0
7900,15814027,Martinez,683,France,Male,19,0,9946.436995202565,3,1,0,75930.58542330815,1
7901,15718390,Smith,819,Germany,Male,38,1,118598.25140004401,4,1,0,71425.99862965658,0
7902,15731472,Johnson,636,Spain,Female,38,5,29472.848890499525,1,1,0,11600.0,0
7903,15717910,Williams,641,France,Female,53,4,27867.527896219453,3,0,1,110210.10464351563,0
7904,15817241,Brown,443,France,Male,47,9,60415.31423249562,2,0,1,190896.05918306252,0
7905,15692515,Jones,635,France,Male,26,3,4898.147711195886,1,1,1,19114.557410993206,0
7906,15637239,Garcia,676,France,Female,35,9,39559.20326422521,2,1,1,180943.88357351415,0
7907,15676627,Miller,573,France,Male,49,8,12421.187031700612,4,1,0,80852.52687852923,0
7908,15734110,Davis,549,Spain,Female,25,1,8546.634163615818,4,1,0,153023.75459440087,0
7909,15717066,Rodriguez,464,France,Female,55,7,104971.81315052895,4,1,1,11600.0,0
7910,15663344,Martinez,591,Spain,Female,38,10,250000.0,4,1,1,32943.76255188734,0
7911,15646433,Smith,792,France,Female,44,3,177363.53921783276,1,1,0,133450.80810381082,1
7912,15748370,Johnson,501,Spain,Male,34,8,86063.55544156882,4,0,0,129760.35136098976,0
7913,15719694,Williams,728,Germany,Male,34,3,126268.08196659731,1,1,0,89867.47729701045,1
7914,15725481,Brown,737,France,Female,29,1,128991.12352901365,3,1,1,115224.97191109927,0
7915,15722972,Jones,850,Spain,Female,54,5,9701.1755002951,3,1,0,85210.29371754821,1
7916,15761139,Garcia,753,France,Female,44,8,4479.742869108298,3,1,0,128918.69939731524,1
7917,15812436,Miller,745,Germany,Female,29,6,6778.707900879949,2,1,1,180775.71724884948,0
7918,15739426,Davis,686,Spain,Female,46,0,8872.933115358735,1,0,0,87752.98245083139,0
7919,15723343,Rodriguez,650,France,Male,48,8,86424.30218087473,3,0,1,104282.37915652353,0
7920,15653432,Martinez,735,Germany,Male,49,5,141744.3665376258,3,1,1,109017.14011813377,0
7921,15689646,Smith,774,Spain,Male,41,8,21680.79346742208,3,1,1,19359.47331201489,0
7922,15708550,Johnson,667,Spain,Male,40,1,1748.3987813630347,3,1,1,75290.77594985088,0
7923,15703804,Williams,779,Germany,Female,29,10,18370.922256956106,1,1,0,11600.0,0
7924,15671647,Brown,850,France,Female,52,6,61232.343699536184,1,1,0,115584.6758455305,0
7925,15742111,Jones,657,Germany,Female,45,7,143151.80089325496,2,1,1,54925.321749565555,1
7926,15792301,Garcia,659,Germany,Female,48,7,29864.03944510299,3,1,1,131211.12932507845,0
7927,15649800,Miller,640,Germany,Male,20,4,20478.723044848768,4,1,0,198676.45259445108,0
7928,15704123,Davis,663,Spain,Female,48,6,52953.721779192994,1,1,1,162938.63201779372,0
7929,15741073,Rodriguez,772,France,Male,39,6,11857.479545249133,1,0,1,105612.94117405577,0
7930,15664077,Martinez,658,France,Female,47,2,72581.98149266953,2,1,1,125305.13077884779,0
7931,15654005,Smith,668,Germany,Male,27,10,26724.63091516843,3,1,0,11600.0,0
7932,15638283,Johnson,625,Spain,Female,57,10,189206.550756267,4,0,1,80358.55976738875,0
7933,15726157,Williams,698,France,Male,32,1,135995.10336155142,2,0,0,117850.37307625293,0
7934,15753486,Brown,599,Spain,Female,50,4,54736.30897217906,3,1,0,68301.2816252248,1
7935,15727724,Jones,527,Spain,Male,36,3,52203.561302370916,4,1,0,53403.46087003952,0
7936,15749862,Garcia,694,Spain,Male,57,7,6570.987526724482,4,1,1,37133.47746431104,0
7937,15807966,Miller,847,Spain,Male,41,4,16490.89280218265,1,0,0,81022.58829220282,0
7938,15739988,Davis,621,Spain,Female,57,8,98999.48539618668,4,1,1,112110.4946098221,0
7939,15771303,Rodriguez,545,Spain,Female,38,6,22548.021799796632,4,1,0,112951.74677341821,0
7940,15727848,Martinez,841,Germany,Female,27,10,27593.32207111637,1,0,1,85443.9414949365,1
7941,15730466,Smith,654,France,Female,41,0,91573.81339413078,4,1,0,66198.2425020205,0
7942,15643019,Johnson,744,France,Male,37,1,27837.003927864364,3,0,1,121088.54079602535,0
7943,15753490,Williams,577,France,Female,32,7,94859.88922410816,3,0,0,11600.0,0
7944,15800439,Brown,650,France,Male,51,9,3597.846190714883,1,1,0,58591.142932430186,1
7945,15709101,Jones,790,France,Male,25,7,58732.878784867295,1,1,0,87202.93226926385,0
7946,15765510,Garcia,663,Spain,Female,58,1,3254.096202268428,1,1,1,30217.110026101946,0
7947,15822248,Miller,664,Germany,Male,37,6,78035.3589458882,2,0,1,118046.6612547867,0
7948,15662277,Davis,501,France,Male,25,7,40172.44154366882,2,0,1,120083.17589005148,0
7949,15806237,Rodriguez,728,Spain,Female,42,3,40582.182277882996,4,0,1,181888.87729193302,0
7950,15645934,Martinez,571,France,Female,40,2,23635.43074030093,2,0,1,200000.0,0
7951,15653779,Smith,761,France,Female,37,9,116825.87168622128,2,0,0,101929.82177422804,1
7952,15765162,Johnson,670,Spain,Male,32,8,35575.22751749414,3,1,0,100627.86672660551,0
7953,15834121,Williams,679,France,Female,52,1,15084.799913630795,3,1,0,70854.2552375482,0
7954,15691706,Brown,727,Germany,Female,44,2,86900.47281658235,4,1,1,132866.21302005943,1
7955,15718937,Jones,687,France,Female,34,7,147954.02546073354,1,1,0,195243.1666416147,0
7956,15749540,Garcia,821,Germany,Female,42,1,13872.803206929779,3,1,0,87179.31599496037,0
7957,15715332,Miller,806,Spain,Female,31,4,46476.96086835947,3,1,1,51935.14794003543,0
7958,15770625,Davis,528,France,Male,48,9,44406.03659461076,3,1,1,126844.65727866051,0
7959,15662935,Rodriguez,632,Spain,Female,59,7,47031.75148769264,2,0,1,139649.45892891384,0
7960,15656275,Martinez,733,France,Female,50,6,41532.46558094925,3,1,1,146085.01196312392,1
7961,15749023,Smith,555,Germany,Male,32,3,5277.878543594046,3,1,0,157493.14609616157,0
7962,15675472,Johnson,493,Spain,Female,29,9,26592.811075705875,1,1,0,89578.31663046428,1
7963,15762138,Williams,573,Spain,Female,39,8,212429.61833958814,2,1,0,88179.03620418382,1
7964,15705703,Brown,638,France,Female,22,1,4616.934342951022,1,0,1,200000.0,0
7965,15657423,Jones,350,France,Male,48,6,55377.835751257364,1,0,0,11600.0,0
7966,15660096,Garcia,538,Germany,Male,45,6,112357.18940216288,2,1,1,168807.69553768102,0
7967,15734079,Miller,472,France,Male,37,6,11198.30175890071,2,1,1,84054.55301459166,0
7968,15760685,Davis,764,France,Female,36,6,81080.48193376912,2,0,0,32896.92301834986,0
7969,15747300,Rodriguez,743,Spain,Male,37,4,13838.73499945621,1,1,0,82892.01253483325,1
7970,15746162,Martinez,677,Germany,Male,54,0,1542.4960047162267,4,0,0,11600.0,0
7971,15766509,Smith,660,France,Female,34,3,36816.53305577163,1,0,0,89802.84824059796,1
7972,15653248,Johnson,704,France,Male,27,4,62044.58305741169,2,1,1,95673.13215243736,0
7973,15758379,Williams,550,Spain,Female,31,9,10966.350434830927,1,1,1,98809.98572326874,0
7974,15711962,Brown,775,Germany,Female,48,3,3651.6452873137596,4,1,0,111232.1940557467,0
7975,15671937,Jones,659,Germany,Female,29,6,40311.110373611824,4,1,0,91680.62652926015,0
7976,15703953,Garcia,741,France,Female,50,1,7992.091612918201,4,1,0,106795.37492511513,0
7977,15749536,Miller,737,France,Female,36,1,10186.364657933791,3,1,0,131468.71367213433,0
7978,15768103,Davis,703,France,Female,21,10,60777.98874695278,1,1,1,200000.0,0
7979,15676552,Rodriguez,681,Germany,Female,46,1,47351.28750845898,2,1,1,177088.5682986529,1
7980,15695256,Martinez,673,France,Male,36,9,146847.6908902456,1,1,1,77284.35995171132,0
7981,15742024,Smith,643,Germany,Male,42,2,19534.919114804612,4,0,0,183460.57314635083,0
7982,15744536,Johnson,698,Germany,Female,32,4,12064.768253944669,4,1,1,70571.20232760493,0
7983,15754577,Williams,670,Germany,Female,51,9,53317.8790340397,4,0,0,49346.25790026111,0
7984,15833817,Brown,601,France,Female,43,8,178773.08854341367,1,1,0,16862.347020953443,1
7985,15725788,Jones,710,Spain,Female,60,2,40313.43706520047,2,1,1,150560.74102079493,0
7986,15738836,Garcia,678,Germany,Male,46,5,17394.00644180544,3,1,1,200000.0,0
7987,15736928,Miller,770,France,Male,36,5,120658.93448454665,4,1,1,136330.5822558675,0
7988,15712129,Davis,468,France,Male,30,10,47131.201506264304,2,0,1,91323.00132611106,0
7989,15721306,Rodriguez,653,Germany,Female,24,5,11959.103660197012,4,0,1,200000.0,0
7990,15796773,Martinez,577,France,Male,37,4,149403.61272410268,4,1,0,101896.0594623961,0
7991,15805059,Smith,598,France,Male,38,1,15942.154878506954,1,0,1,192809.25355071086,0
7992,15801593,Johnson,705,France,Female,54,0,114376.81543452028,3,1,0,65482.490392249565,0
7993,15731554,Williams,506,France,Male,34,4,47671.907803457725,4,0,1,113235.52380984326,0
7994,15695384,Brown,663,Spain,Female,49,7,34922.80022658893,3,1,1,182166.77315256113,0
7995,15705718,Jones,653,Germany,Male,37,9,20215.826023474357,4,1,0,100268.70502607222,1
7996,15724228,Garcia,545,Germany,Female,57,4,6326.478658934155,1,1,0,70102.84342764047,0
7997,15806061,Miller,665,Spain,Male,23,2,14039.46133629843,4,0,1,73512.58209576894,0
7998,15781497,Davis,573,Germany,Male,52,2,20099.200147505002,2,1,1,104788.50859237036,0
7999,15680617,Rodriguez,850,Germany,Female,34,1,17035.663090633436,3,1,1,200000.0,1
8000,15737479,Martinez,770,France,Female,47,6,3807.7265772600363,2,1,1,92541.89049125349,0
8001,15649941,Smith,656,Germany,Male,54,1,43349.01967971495,1,1,0,49312.921112384865,0
8002,15769165,Johnson,606,France,Female,35,5,32234.959225211245,2,0,0,84311.99783831618,0
8003,15766380,Williams,700,France,Female,28,7,5628.369613683482,2,0,1,65177.44870819764,0
8004,15732095,Brown,726,France,Male,27,7,31167.434391612238,2,1,1,135168.81203776354,0
8005,15781402,Jones,675,France,Female,30,1,4112.83782818083,3,0,0,60083.97816428733,0
8006,15772671,Garcia,548,France,Male,18,5,134067.49133399772,1,0,0,165978.35911602757,1
8007,15826082,Miller,629,France,Male,36,2,14993.046608765742,4,0,0,40401.962292860124,0
8008,15823771,Davis,657,Spain,Male,45,8,64517.28252823642,3,1,0,200000.0,0
8009,15764128,Rodriguez,679,France,Male,41,2,14467.458640391034,3,1,1,143982.117424401,0
8010,15804197,Martinez,681,Spain,Male,35,0,32171.48599900685,1,1,1,28282.25625525156,1
8011,15756250,Smith,723,Germany,Male,30,8,135352.22510848512,3,1,0,113327.51680240854,0
8012,15659765,Johnson,784,Germany,Male,33,7,102664.18682683463,4,1,0,200000.0,0
8013,15783392,Williams,751,France,Female,41,1,75452.64575723265,3,1,1,98836.09522310243,0
8014,15722110,Brown,709,Spain,Female,47,9,78077.93211910616,2,0,0,28051.388986387494,0
8015,15674221,Jones,524,France,Female,24,9,86710.97737990314,3,1,0,132861.4440573132,1
8016,15646728,Garcia,768,Germany,Male,40,2,67863.16958130444,1,1,0,125511.83487052315,0
8017,15699528,Miller,731,Germany,Female,41,6,113581.29130428722,1,1,1,59702.05659630749,0
8018,15675235,Davis,624,France,Male,29,5,21557.246740936116,3,1,0,124320.56653801393,0
8019,15637919,Rodriguez,652,France,Male,44,7,37340.86583421008,3,1,1,142073.3394378232,0
8020,15679582,Martinez,656,France,Female,48,9,51981.46249066945,2,1,1,32895.320984787,0
8021,15678717,Smith,606,Spain,Female,33,4,11019.61017756494,3,1,0,11600.0,0
8022,15827320,Johnson,475,Spain,Male,30,4,34984.746348318586,4,1,0,180943.45702666196,0
8023,15677760,Williams,538,Spain,Male,60,1,6623.988512302789,2,1,1,64572.03569825206,0
8024,15821637,Brown,559,France,Female,47,5,47291.214205774944,4,1,0,140940.4372822579,1
8025,15813305,Jones,453,France,Male,40,10,5136.049436013601,2,1,1,44282.46211819437,0
8026,15814990,Garcia,538,France,Male,32,10,34993.788919886254,4,0,0,47495.79621063617,0
8027,15739966,Miller,764,Spain,Female,31,4,30961.993257968203,4,1,0,200000.0,1
8028,15825016,Davis,698,France,Male,44,8,5927.407205297891,4,1,0,135220.02031054566,0
8029,15650106,Rodriguez,552,France,Female,30,2,28931.652293683906,4,0,0,118802.0626527198,0
8030,15834267,Martinez,581,Spain,Male,30,4,56630.19773049791,3,1,0,52582.37263918523,0
8031,15792334,Smith,772,Germany,Male,37,2,45158.132189510965,3,1,0,163387.8388364404,0
8032,15671798,Johnson,770,Germany,Male,45,8,30628.80737924108,1,1,0,124081.66193710687,0
8033,15700540,Williams,656,France,Female,56,8,22702.190787710442,3,1,1,157446.34450486006,0
8034,15774279,Brown,767,France,Male,41,9,2955.0429271386433,1,1,0,47272.23644363936,1
8035,15691990,Jones,573,Spain,Female,30,6,156061.98494193284,4,1,1,156198.10606903353,0
8036,15690103,Garcia,672,Germany,Female,36,0,25767.435992605824,2,1,0,52029.8944571131,0
8037,15818983,Miller,502,France,Female,52,8,26933.587009769046,2,1,0,18699.785330712388,0
8038,15661645,Davis,613,France,Male,51,8,6867.953687628297,3,0,0,200000.0,1
8039,15668237,Rodriguez,652,France,Male,51,9,38035.790544710784,4,1,0,158556.4562475571,0
8040,15715293,Martinez,481,Germany,Male,49,4,193690.61397267948,1,1,0,122906.46062498805,1
8041,15667734,Smith,709,France,Male,58,10,14586.210142067835,1,1,1,131317.73294728552,0
8042,15649968,Johnson,726,Germany,Female,41,1,18795.525633363606,1,1,0,24273.708079206786,0
8043,15728546,Williams,751,Germany,Female,46,0,13473.415250010628,2,0,0,156535.5118518424,0
8044,15828254,Brown,850,Spain,Male,30,1,100714.75451920593,1,0,1,60132.00865712492,1
8045,15749869,Jones,691,France,Male,41,3,32237.848529604,2,1,0,187320.92452128412,0
8046,15823563,Garcia,643,Spain,Female,41,3,86728.37451810179,4,1,1,98403.90817440805,0
8047,15673838,Miller,489,Germany,Female,46,0,94884.95553244367,2,1,1,99116.67806291001,0
8048,15638752,Davis,689,France,Male,32,7,69132.98295940617,4,1,1,107500.74255476476,0
8049,15745971,Rodriguez,705,Spain,Male,23,9,15125.85664198562,3,0,1,21399.55953789824,0
8050,15654025,Martinez,514,France,Male,33,7,1795.0240333366496,3,1,0,103146.07467878744,0
8051,15638739,Smith,625,Germany,Female,49,7,7732.754504432436,2,1,0,69790.43658611427,0
8052,15664594,Johnson,651,France,Male,36,4,59692.8154012836,3,1,0,113126.18811009641,0
8053,15745142,Williams,702,Germany,Female,43,9,67459.59008140606,3,1,0,11600.0,1
8054,15749742,Brown,735,Germany,Male,33,1,72702.26587888166,4,0,1,190811.10654373403,0
8055,15810595,Jones,596,France,Female,49,3,13983.66414862244,4,1,1,129590.28279997816,0
8056,15755827,Garcia,670,Germany,Male,37,0,8304.855113899288,2,0,1,72680.7631664938,0
8057,15701519,Miller,707,Germany,Male,37,9,128237.44261814951,2,1,1,52297.953445122606,0
8058,15708292,Davis,631,Spain,Male,52,0,54563.702753908285,1,1,0,159804.0760028666,0
8059,15668837,Rodriguez,607,France,Female,54,9,67732.57624319661,1,1,0,18545.701526615347,1
8060,15653724,Martinez,721,France,Male,52,2,4930.550845687717,3,1,1,62556.3992365283,0
8061,15658558,Smith,632,Germany,Female,35,3,26590.448196231497,3,0,0,62863.56281468873,0
8062,15698481,Johnson,530,France,Male,33,10,3270.0324601301236,4,0,1,61320.18287828796,0
8063,15693162,Williams,787,Germany,Male,29,10,53610.94294116777,2,1,1,78136.05948518211,0
8064,15744912,Brown,541,France,Male,24,2,33604.35342069077,1,0,1,50286.73827649194,0
8065,15834359,Jones,640,France,Female,29,10,30025.11108498419,1,1,1,37627.94489222939,0
8066,15790334,Garcia,682,Spain,Male,30,2,116604.47256758955,2,1,0,151011.24995653314,0
8067,15635770,Miller,695,Spain,Male,26,7,67376.49611484345,2,0,1,158017.87233744166,0
8068,15679726,Davis,666,Germany,Female,23,3,166564.76542968277,2,0,0,144368.67439246262,0
8069,15801571,Rodriguez,355,Spain,Male,25,2,2368.6995601377184,1,1,1,73590.66152933051,0
8070,15780706,Martinez,579,Germany,Male,38,8,47813.66861047089,4,1,0,90339.36077185674,0
8071,15687399,Smith,679,Germany,Male,43,0,49741.9723464183,2,1,0,59365.30343522365,1
8072,15669896,Johnson,639,Spain,Male,42,7,1345.0882612363519,3,1,1,124509.01563799162,0
8073,15809501,Williams,701,Germany,Female,33,4,77342.1822179925,1,1,0,136589.98604176298,0
8074,15638118,Brown,752,Germany,Male,35,7,8339.040207200147,4,0,0,11600.0,0
8075,15785425,Jones,700,France,Male,42,9,60411.09607561126,2,1,0,108033.67121894174,0
8076,15664975,Garcia,577,Spain,Female,40,2,1927.891592888174,3,1,0,113207.1782490157,1
8077,15756628,Miller,596,France,Male,44,5,47555.42552492901,1,1,1,146435.11411240528,0
8078,15664872,Davis,813,France,Female,29,10,36779.85796841021,2,1,1,65739.10783774238,0
8079,15776060,Rodriguez,632,France,Male,56,6,33012.41167550426,3,0,1,38035.907248634176,0
8080,15830491,Martinez,640,France,Female,45,7,22837.8174165111,2,0,1,84292.89323878742,0
8081,15699786,Smith,700,France,Female,46,6,27256.874996632214,3,1,1,153317.09876905175,0
8082,15672481,Johnson,773,Spain,Female,28,6,32398.58446584148,4,0,0,68425.18120884443,0
8083,15684199,Williams,559,Germany,Female,28,1,17668.98399428467,1,1,0,20021.857154023077,1
8084,15804806,Brown,600,France,Female,32,2,136891.09636096252,4,1,1,14019.64298181799,0
8085,15638228,Jones,489,Spain,Female,46,5,167622.6053481225,1,1,0,100857.01752012345,0
8086,15720538,Garcia,620,Germany,Male,27,2,17826.805699556568,1,0,1,125112.93233263976,0
8087,15716117,Miller,706,Germany,Male,43,8,75409.93518121987,2,1,0,200000.0,1
8088,15689992,Davis,613,France,Female,53,8,69639.53432674835,4,1,1,98591.16760607083,0
8089,15782319,Rodriguez,825,Spain,Female,31,5,104205.5830760666,1,1,1,124608.78850666452,1
8090,15688746,Martinez,661,France,Male,29,0,192.65938032780903,3,1,0,118564.2046844202,0
8091,15779056,Smith,639,France,Male,31,0,20633.398936837104,2,0,0,113336.70289510477,0
8092,15638627,Johnson,614,France,Female,37,3,7831.977603648251,3,1,1,122172.93790183961,0
8093,15808900,Williams,514,Germany,Male,48,10,24785.214221799084,3,1,1,11600.0,0
8094,15713982,Brown,640,Germany,Male,49,9,42857.25464998982,3,1,1,123350.51700520475,0
8095,15753512,Jones,685,France,Female,46,7,119761.8442462289,2,1,1,100812.08430579072,0
8096,15730657,Garcia,638,France,Male,19,2,91508.60585312238,4,1,0,200000.0,0
8097,15760791,Miller,673,Germany,Male,37,3,34559.691580403945,3,1,1,122370.69430050156,1
8098,15769117,Davis,582,Germany,Female,30,10,1189.1351967659007,3,0,1,83442.98823398657,0
8099,15655997,Rodriguez,525,France,Male,43,5,17897.617993340245,1,1,1,11600.0,0
8100,15645327,Martinez,639,Spain,Female,48,10,5636.607905633189,2,1,1,141048.12957731003,0
8101,15668063,Smith,672,Spain,Female,34,8,52581.62620693879,4,1,1,160240.26338647743,0
8102,15675717,Johnson,633,France,Female,58,3,59442.417739254684,1,1,0,135533.61515245965,0
8103,15744686,Williams,670,Germany,Female,29,2,52320.31934188752,4,1,0,200000.0,0
8104,15718334,Brown,727,France,Male,44,9,16059.66559090805,3,0,1,30333.947304370246,0
8105,15714159,Jones,727,Germany,Female,60,9,125980.32085074112,3,1,1,50396.998156606016,0
8106,15705862,Garcia,735,France,Female,48,8,44398.0719445781,2,1,1,101646.57720122946,0
8107,15794364,Miller,750,France,Male,44,6,45471.79833392864,3,1,0,123225.81646872463,1
8108,15636009,Davis,699,Spain,Male,37,8,84520.82571692311,2,0,0,130438.70256711253,0
8109,15708170,Rodriguez,685,Spain,Female,45,10,3587.941540158494,3,1,1,129748.38579386064,1
8110,15693162,Martinez,844,France,Female,33,9,11761.300492287915,3,1,0,70933.00748904553,0
8111,15813014,Smith,728,France,Female,50,5,44528.89045385167,1,1,0,156003.60199536206,0
8112,15783468,Johnson,565,France,Female,31,3,47135.94540420216,3,1,1,73794.93120110274,0
8113,15785555,Williams,463,Germany,Female,36,4,31439.694341980707,4,1,1,89186.4050334711,1
8114,15815377,Brown,625,Spain,Female,30,9,75692.39238806239,4,1,0,11600.0,0
8115,15810028,Jones,712,Germany,Male,35,1,21203.616460219335,1,1,1,148812.9882838141,0
8116,15725890,Garcia,745,Germany,Male,34,2,564.8739225594362,1,1,0,31491.59735828548,0
8117,15753622,Miller,524,Spain,Female,18,4,20772.68733559706,3,1,0,106343.20915619026,0
8118,15733903,Davis,722,Germany,Male,39,2,168894.24336267004,1,0,1,64243.7040007099,0
8119,15648992,Rodriguez,763,Germany,Female,34,2,75487.68639396076,2,1,1,53910.33785243611,0
8120,15661909,Martinez,710,Germany,Female,25,8,19154.72552981744,1,1,0,135926.32436876209,0
8121,15659104,Smith,691,Spain,Female,32,3,12580.326508405418,4,1,1,145331.12741202288,0
8122,15657088,Johnson,636,France,Female,42,3,83107.14142166918,2,1,0,47161.25305063635,0
8123,15746415,Williams,603,France,Female,21,0,11150.784769602136,4,1,0,200000.0,0
8124,15803932,Brown,728,France,Male,37,6,43398.63758412888,1,0,1,28426.489544399214,0
8125,15823390,Jones,708,Spain,Female,50,9,35459.81723289379,1,1,0,11600.0,0
8126,15738522,Garcia,617,France,Male,34,8,27466.986550873775,1,1,0,11600.0,0
8127,15717370,Miller,850,France,Male,53,7,27752.92876651799,3,0,0,141231.64411850358,0
8128,15776422,Davis,499,Spain,Male,49,1,60593.665981624676,4,1,0,11600.0,1
8129,15697387,Rodriguez,626,Spain,Female,42,5,5425.885517122502,3,0,1,183728.9935787724,0
8130,15710652,Martinez,572,Spain,Male,38,9,25145.008520926633,3,1,1,132979.3267863278,0
8131,15657340,Smith,688,France,Male,39,9,172700.3636801973,3,1,0,200000.0,0
8132,15708833,Johnson,455,Spain,Male,43,4,75289.8177410825,4,1,1,104456.32070640891,0
8133,15708208,Williams,776,France,Male,58,7,1062.8707677010698,2,0,0,38189.92811310749,0
8134,15676264,Brown,750,France,Male,44,0,29624.964941426562,1,1,1,103223.12185916016,0
8135,15752915,Jones,676,France,Male,53,8,6232.500513144052,3,1,1,138578.49392656735,0
8136,15649725,Garcia,618,Germany,Female,27,8,33151.49157385412,4,1,1,118147.57631805353,1
8137,15791290,Miller,721,France,Male,33,10,5467.4837935436835,4,1,1,200000.0,0
8138,15645784,Davis,682,Germany,Male,39,6,24650.467101647093,1,1,1,39675.6512290162,1
8139,15724971,Rodriguez,745,Spain,Male,52,7,39372.43308261329,3,0,0,176256.66258671528,0
8140,15827687,Martinez,637,France,Female,21,8,22888.63306333051,2,1,0,61093.039989263765,0
8141,15797005,Smith,631,France,Female,69,4,43205.78572998687,1,1,0,199788.41666901088,0
8142,15811772,Johnson,757,France,Female,38,10,210146.12107717156,2,1,0,183238.90030415705,0
8143,15660730,Williams,713,Spain,Female,50,1,14103.998704002408,3,0,0,50565.130822107814,0
8144,15666158,Brown,632,France,Male,38,0,41563.935676648456,1,1,0,116035.71623754305,0
8145,15787550,Jones,686,France,Male,30,4,31869.06953954249,3,0,1,94430.76505045715,0
8146,15774623,Garcia,668,France,Male,56,7,82843.34830920315,3,1,1,93930.88022397732,0
8147,15686564,Miller,696,Spain,Female,37,9,18908.223057749903,4,1,1,17008.14412890245,0
8148,15724656,Davis,776,France,Male,31,3,50807.54791996369,2,0,1,67472.26002127636,0
8149,15658701,Rodriguez,615,France,Female,42,3,59038.61447556885,2,1,1,106835.06262492707,0
8150,15778390,Martinez,585,France,Male,44,3,185781.78816770526,1,1,1,117528.76265330448,0
8151,15818285,Smith,677,Spain,Male,42,7,8200.39779840758,3,1,1,131211.5821540408,0
8152,15804559,Johnson,596,France,Male,43,6,250000.0,1,0,1,68592.23019062888,0
8153,15687746,Williams,558,Germany,Female,42,10,63864.76388713407,1,1,1,150511.98053470976,0
8154,15830894,Brown,749,France,Male,51,0,30471.37934565999,3,1,0,62984.5091582333,0
8155,15642439,Jones,621,Spain,Female,39,9,15296.59526432734,2,1,1,11600.0,0
8156,15815029,Garcia,463,Germany,Male,32,5,49537.50875251034,1,0,0,11600.0,1
8157,15812973,Miller,734,Germany,Male,46,3,7645.496999113893,1,1,1,20359.074637035214,0
8158,15784833,Davis,606,France,Male,18,1,146664.1856721607,1,0,0,63012.92121091274,0
8159,15759814,Rodriguez,707,France,Male,45,2,10193.103117621631,3,0,1,102058.29815092456,1
8160,15751282,Martinez,758,France,Male,54,3,74428.18674300383,1,1,0,200000.0,0
8161,15741404,Smith,668,Germany,Male,46,9,21167.183366471996,2,0,0,55787.72989544928,1
8162,15737015,Johnson,446,Spain,Male,23,6,12157.4653171401,4,1,0,157549.0291174622,1
8163,15685614,Williams,453,France,Female,53,0,82686.53034102173,2,1,0,41732.819989985364,0
8164,15764795,Brown,582,Spain,Male,33,0,109390.19981856653,3,0,0,136328.26167169027,0
8165,15824979,Jones,644,France,Male,40,2,281.8488555422215,4,1,1,75287.7804188017,0
8166,15782780,Garcia,770,Spain,Female,51,1,182775.12905191706,3,1,1,187761.52599064083,0
8167,15692725,Miller,679,France,Female,32,2,27402.079594740895,3,1,1,197590.28831472166,0
8168,15746427,Davis,850,France,Male,40,2,5050.528884811691,4,1,0,200000.0,0
8169,15643322,Rodriguez,500,France,Female,25,10,30187.74801560262,3,1,0,92200.24380036157,0
8170,15803335,Martinez,662,Germany,Female,37,0,6310.375116113295,2,1,0,127949.51988874473,0
8171,15786794,Smith,605,Germany,Male,27,5,14972.98997297742,4,1,1,103417.52851462949,0
8172,15785464,Johnson,673,France,Male,43,7,40766.94098938447,3,1,0,130517.35666601239,0
8173,15693257,Williams,825,Germany,Male,24,4,22251.69604810828,1,1,0,156870.51989112745,1
8174,15825317,Brown,831,France,Male,38,0,12928.44062640352,2,1,1,101397.97706728986,0
8175,15728050,Jones,655,France,Female,33,10,10937.815577162604,4,1,1,120400.31768514788,0
8176,15813048,Garcia,736,France,Male,31,9,50611.08005216443,4,0,1,200000.0,0
8177,15808581,Miller,671,Germany,Male,50,10,120224.86461755398,3,1,1,189838.50187412364,0
8178,15815745,Davis,542,Germany,Female,28,6,2903.9763274362017,4,1,0,34716.31614308791,0
8179,15755109,Rodriguez,651,Germany,Female,33,10,14000.594616001163,4,1,0,100762.07295239033,0
8180,15669414,Martinez,599,Germany,Female,40,9,54742.32503675039,3,1,0,45436.781930405166,0
8181,15684172,Smith,643,France,Female,45,8,218497.09929787923,1,1,1,149584.47004162378,0
8182,15685503,Johnson,564,Spain,Female,20,6,57183.01723466851,2,0,1,15495.832688440321,0
8183,15694788,Williams,665,France,Female,37,8,2702.9498952801255,2,1,1,171518.513782271,0
8184,15756668,Brown,680,Germany,Male,46,9,9853.289342667242,4,1,0,40390.33958082725,1
8185,15762966,Jones,720,France,Male,55,8,21359.978168043082,4,0,1,27954.458509542077,0
8186,15815925,Garcia,680,Germany,Male,39,1,8563.311102431862,4,1,0,12653.360200147654,0
8187,15830845,Miller,813,Germany,Male,24,7,10061.544918590042,1,1,1,11600.0,0
8188,15670762,Davis,850,France,Male,38,6,15986.452802973017,1,0,1,86865.55866825007,0
8189,15653758,Rodriguez,609,Germany,Female,34,6,23322.57594092589,3,0,1,86344.76157965996,0
8190,15710810,Martinez,747,France,Male,42,1,24866.230774232674,1,1,0,28643.86528760736,0
8191,15783603,Smith,850,France,Male,57,0,34595.11076892531,1,0,0,27978.832825801524,0
8192,15832280,Johnson,749,Germany,Female,27,3,131718.49152845828,1,1,1,167761.08495728974,0
8193,15828233,Williams,721,Spain,Female,49,6,250000.0,2,1,0,128021.62438052881,0
8194,15819879,Brown,467,France,Female,48,5,995.5627782291565,4,0,1,127050.35720603759,0
8195,15834149,Jones,594,France,Female,45,9,34038.057988098044,2,1,1,61112.797631397734,0
8196,15830015,Garcia,608,Germany,Female,41,1,69732.59013983604,1,1,0,50752.87883545794,0
8197,15729979,Miller,788,Germany,Female,59,6,3805.9914205646896,4,1,0,11600.0,1
8198,15677465,Davis,576,France,Female,51,9,141670.7989568481,1,0,1,158923.8101488211,0
8199,15700041,Rodriguez,641,Spain,Female,33,10,138798.6800629586,4,1,1,181501.00435652037,0
8200,15772868,Martinez,734,Germany,Female,39,8,11684.50435072606,2,0,0,138692.24415671657,0
8201,15755963,Smith,572,France,Female,28,1,77029.50089810662,1,0,0,81451.48684357945,0
8202,15831888,Johnson,677,France,Male,52,9,43549.84206891683,1,1,0,66896.1139164321,0
8203,15730778,Williams,664,France,Male,39,10,1724.3976573224807,2,1,0,142981.46208383673,1
8204,15664379,Brown,737,Germany,Female,19,4,17641.42617775963,1,1,0,175904.28289944842,1
8205,15791857,Jones,715,France,Female,18,10,15283.876396359878,4,1,1,145167.8588189961,0
8206,15793119,Garcia,712,Spain,Female,33,1,105895.90161052249,1,0,1,74667.64735473262,1
8207,15832712,Miller,670,France,Male,30,0,113895.01085708069,2,0,0,165396.27431600512,0
8208,15721803,Davis,482,Germany,Male,34,10,1753.748388291942,3,1,1,155892.86426473223,0
8209,15781872,Rodriguez,663,France,Male,36,6,67625.90402888638,1,1,1,150049.50061136164,0
8210,15787085,Martinez,655,Spain,Female,51,1,6383.333001816781,1,1,1,23639.64195540086,0
8211,15816251,Smith,726,Spain,Female,53,5,78252.83355695111,1,0,1,17825.316723421565,0
8212,15650469,Johnson,607,France,Male,61,6,93413.82973848756,3,1,1,73363.12585207942,0
8213,15697103,Williams,654,Spain,Female,56,0,3053.8815828292395,4,1,0,196434.3048062988,0
8214,15779940,Brown,657,France,Male,45,10,19745.578862810213,2,1,0,112221.65257730853,0
8215,15674024,Jones,578,Germany,Male,24,8,23877.147877258965,4,1,1,14325.429393918894,0
8216,15800882,Garcia,534,Spain,Male,47,5,155220.05044546025,4,1,0,87264.99302458952,0
8217,15756146,Miller,688,Germany,Female,23,1,23174.755096611483,2,1,1,79480.06556096132,0
8218,15796887,Davis,750,Spain,Female,42,0,14785.50290955162,2,1,0,195059.37488499118,0
8219,15773041,Rodriguez,587,Spain,Male,24,0,48339.422219978485,4,1,1,101555.43559274692,0
8220,15669964,Martinez,628,Spain,Male,58,1,8651.84299135567,2,0,1,103592.12641256761,0
8221,15686190,Smith,732,France,Female,42,8,49052.848684239034,1,1,0,200000.0,1
8222,15803959,Johnson,742,France,Male,36,1,30677.494884495092,4,1,0,79353.78272879757,0
8223,15761285,Williams,673,Germany,Female,34,0,65733.84234732758,4,1,0,179539.6001884049,0
8224,15670909,Brown,691,Germany,Female,38,3,43234.78846327797,3,1,1,29559.966566698087,0
8225,15714882,Jones,703,Germany,Male,31,8,9714.594210908217,3,1,0,108650.90955727229,0
8226,15785541,Garcia,721,France,Male,35,7,138530.99010505044,4,0,1,63177.04349304796,1
8227,15691125,Miller,542,Spain,Male,18,6,29781.150067971717,2,1,1,149489.05559590147,0
8228,15772052,Davis,841,Spain,Male,29,7,68238.76023759351,2,1,1,67841.10667498081,0
8229,15742271,Rodriguez,677,France,Female,27,1,37958.1109267016,1,1,1,176402.18469639454,0
8230,15793600,Martinez,722,France,Male,44,4,100224.67279416976,4,0,1,192432.20913019337,0
8231,15737817,Smith,573,France,Female,39,6,20550.92666890097,4,1,1,70633.30598290407,0
8232,15733309,Johnson,631,France,Female,47,0,50924.99292731497,2,1,1,119112.2626462798,0
8233,15778854,Williams,687,Germany,Female,34,5,4135.735616798015,4,0,1,103551.58146576233,0
8234,15727439,Brown,469,Spain,Male,40,6,4046.4012101864905,2,1,1,11600.0,0
8235,15752672,Jones,559,France,Female,18,7,92747.02748088569,4,1,0,59267.88849544165,1
8236,15802605,Garcia,577,Germany,Female,48,4,85291.14334343789,2,0,1,81189.78801216383,1
8237,15789688,Miller,522,Germany,Male,51,7,22259.181734728325,2,0,0,76180.56288754658,0
8238,15714474,Davis,660,France,Male,45,9,56352.708610603964,3,0,1,11600.0,0
8239,15824176,Rodriguez,642,Germany,Female,30,10,88300.16068249433,2,1,0,124227.44697587113,0
8240,15722338,Martinez,792,Germany,Male,44,0,7765.729438369173,2,1,1,47271.505614493566,0
8241,15640072,Smith,537,Spain,Male,40,3,209115.33479671297,1,1,0,20355.305787221805,1
8242,15780627,Johnson,673,France,Female,19,10,108512.7996700864,2,0,1,22591.9588032881,0
8243,15804181,Williams,561,Germany,Male,51,5,58707.10584389552,2,1,0,94735.21507962761,1
8244,15727571,Brown,478,France,Male,28,3,39178.61442748842,1,1,1,15483.54283815097,0
8245,15726095,Jones,708,France,Female,44,4,112654.6044919587,4,0,0,117816.83372754623,0
8246,15641125,Garcia,717,France,Female,39,10,67225.37316953574,1,1,1,168225.3193808714,0
8247,15822864,Miller,705,France,Male,52,10,43939.65904149968,2,1,0,36850.26095025744,1
8248,15813435,Davis,518,France,Female,30,1,111091.2473993341,4,1,1,123875.90568621209,0
8249,15665771,Rodriguez,658,France,Female,33,6,11825.341479988821,4,1,0,159783.50076156174,1
8250,15680243,Martinez,709,Germany,Female,45,8,14010.470829531254,1,0,0,26937.585186084558,0
8251,15788664,Smith,745,Germany,Female,33,6,133043.30860949232,1,1,1,136717.97016145705,1
8252,15664263,Johnson,712,France,Male,53,0,3472.6744995453996,2,0,0,166994.99482008864,0
8253,15779093,Williams,746,France,Female,31,1,2362.9056171403254,3,1,1,142480.09796534493,0
8254,15649059,Brown,756,Germany,Male,44,10,78496.95507062164,4,1,1,107855.54814339461,0
8255,15702202,Jones,660,France,Female,38,7,26721.49696416363,1,0,0,200000.0,1
8256,15738221,Garcia,699,France,Male,32,0,123999.38290278775,2,1,1,97501.37390737448,0
8257,15710704,Miller,749,Germany,Male,52,1,17883.036279547145,1,1,1,46618.605394767306,1
8258,15667687,Davis,689,France,Male,28,4,16929.95302969202,3,0,0,11600.0,1
8259,15731666,Rodriguez,769,France,Female,44,5,157580.60390086847,3,1,1,140498.1322559131,0
8260,15816328,Martinez,737,France,Male,18,0,40345.78831875671,2,1,1,64180.27753388249,0
8261,15771804,Smith,586,France,Female,42,0,47558.17836638092,3,1,1,64436.18826247606,0
8262,15740325,Johnson,519,Spain,Female,51,1,114177.06196358995,4,1,1,60022.43391938748,0
8263,15767716,Williams,651,France,Male,37,2,23967.937288021883,2,1,0,117566.03603033067,0
8264,15704736,Brown,531,Germany,Male,41,8,14241.732411919205,2,1,1,70586.22258272379,0
8265,15677584,Jones,658,Germany,Female,56,2,42323.32718061564,4,0,1,17300.73056958533,0
8266,15699787,Garcia,649,France,Male,49,7,26383.479859460553,1,1,0,183210.7543482217,0
8267,15668079,Miller,780,France,Male,18,5,8931.833836860551,2,1,1,51314.5353581189,0
8268,15748763,Davis,700,Spain,Male,33,9,6312.246131467704,1,0,0,99623.05134783017,0
8269,15687311,Rodriguez,747,Spain,Male,36,4,64632.685693284584,4,1,1,109017.9109048985,0
8270,15794390,Martinez,601,France,Male,42,8,1740.1302127196982,4,0,1,100918.54738998895,1
8271,15712739,Smith,802,France,Female,38,7,37490.42664745454,1,0,0,163890.84341222973,0
8272,15670620,Johnson,739,Spain,Male,33,10,19997.655019154627,1,1,1,134834.96023840702,1
8273,15773735,Williams,692,France,Female,33,2,8179.444231722173,1,0,1,58615.00481376881,0
8274,15774283,Brown,469,France,Male,24,6,110667.77948812084,2,1,0,90621.60167196264,1
8275,15669973,Jones,767,France,Male,28,3,67457.85677644289,3,1,0,89964.74761423968,1
8276,15717623,Garcia,827,France,Male,47,7,74162.0417257236,2,1,1,125910.72641923308,0
8277,15786479,Miller,651,France,Female,28,6,28625.10896497904,3,1,1,88685.42250016348,0
8278,15642459,Davis,653,France,Male,30,2,52255.57081580829,2,1,1,88551.12469292218,0
8279,15777294,Rodriguez,598,Germany,Male,24,6,4745.389758397653,1,1,1,88045.37607714935,0
8280,15642779,Martinez,486,Germany,Male,42,5,7499.093987021535,1,1,0,38222.39740387964,0
8281,15795785,Smith,593,France,Male,48,5,19472.370615235086,2,0,0,93738.83870330564,0
8282,15723180,Johnson,815,France,Male,50,10,30603.80830821658,4,1,0,103739.90764001485,1
8283,15724543,Williams,757,Germany,Male,35,9,4925.800021726004,3,0,0,160188.43303480945,0
8284,15646428,Brown,572,France,Male,38,2,41617.492452212806,2,0,1,102602.28988561126,0
8285,15779564,Jones,592,France,Female,39,3,13708.855008208495,2,1,0,134671.1678118761,1
8286,15717030,Garcia,850,France,Male,34,3,74484.61875615358,3,1,1,123258.30983051914,0
8287,15760646,Miller,547,France,Female,42,5,23.46499507461284,1,1,1,182677.8045890285,0
8288,15823705,Davis,578,Spain,Male,50,8,100525.06357694158,1,1,1,114626.94985923613,0
8289,15709622,Rodriguez,607,Germany,Male,48,4,65946.58507510665,1,1,0,107383.66956828692,1
8290,15640097,Martinez,514,France,Female,37,7,39501.89873633867,4,1,1,118028.62155755518,0
8291,15663083,Smith,596,Germany,Female,33,4,66881.61063126069,3,1,1,79503.9022797813,0
8292,15776941,Johnson,597,France,Female,27,5,22673.441795695122,1,1,0,156993.64707061558,0
8293,15752499,Williams,559,France,Female,21,5,8871.84874672603,4,0,1,48008.495199002165,0
8294,15772417,Brown,782,France,Female,44,3,457.6564389074651,1,1,0,182604.16804089252,0
8295,15820474,Jones,533,Germany,Female,38,9,39765.110882912384,4,0,1,100047.2382856298,0
8296,15738077,Garcia,635,France,Male,39,9,17261.494856617173,4,1,1,102205.46131283406,0
8297,15814447,Miller,562,France,Male,63,4,11956.60899988945,1,1,0,54157.12155538949,0
8298,15691644,Davis,629,France,Female,54,3,100873.96419008994,4,1,0,100411.13733455502,1
8299,15684078,Rodriguez,557,France,Female,39,1,64579.72624289885,3,0,0,111115.29148132495,0
8300,15663154,Martinez,657,Germany,Female,41,1,231144.05185746992,3,1,1,78323.17051742571,0
8301,15830916,Smith,682,Spain,Male,27,7,54171.11709016925,1,0,1,26323.275010051788,0
8302,15811446,Johnson,790,Germany,Female,45,3,112864.4245228738,2,1,0,86940.29136886564,0
8303,15809404,Williams,591,Germany,Female,41,8,6297.218431189701,4,1,1,63737.51180525998,0
8304,15794622,Brown,811,Spain,Female,30,5,64144.09316957479,2,0,0,59789.85741675138,0
8305,15703695,Jones,569,France,Male,41,4,4508.515744567376,1,1,0,125100.14724570337,1
8306,15703725,Garcia,626,France,Female,49,6,4967.291547094642,3,1,1,169793.12493316794,0
8307,15651137,Miller,826,France,Female,59,5,97538.51579595877,1,0,0,111981.11106004877,1
8308,15701092,Davis,850,France,Female,23,3,22321.01701651742,1,1,1,73117.50744689589,1
8309,15681164,Rodriguez,818,France,Female,27,9,19021.493894518666,4,1,0,200000.0,1
8310,15753644,Martinez,627,France,Female,38,8,10153.75535785913,4,1,0,137240.36890236754,0
8311,15723682,Smith,701,France,Male,41,5,33173.83876069775,2,1,1,200000.0,0
8312,15824209,Johnson,718,Germany,Female,55,2,11381.5943872063,2,1,1,113526.06686424254,0
8313,15675871,Williams,684,Spain,Female,51,3,38593.02430441223,1,1,1,54120.66547124968,0
8314,15715276,Brown,549,France,Male,18,3,54004.94675984564,4,1,1,200000.0,0
8315,15677064,Jones,673,France,Male,34,7,53197.67549579804,1,0,0,192925.2253910398,1
8316,15768801,Garcia,599,Germany,Male,23,4,22678.932012800742,4,0,0,200000.0,0
8317,15657749,Miller,553,France,Female,25,7,60876.17904901676,3,0,1,167165.97836606507,0
8318,15811202,Davis,618,France,Female,44,10,15468.035597158547,4,1,0,71554.17856244478,0
8319,15711697,Rodriguez,681,France,Male,40,7,82430.03669874904,2,1,0,12792.837222548173,0
8320,15725527,Martinez,750,Germany,Female,55,5,5.755794133955234,1,1,1,77825.40705675141,0
8321,15700983,Smith,624,Spain,Female,24,4,169907.76963729403,4,1,0,100163.47670027996,1
8322,15734070,Johnson,642,Germany,Female,38,1,28420.371552204702,2,1,1,44633.574449925094,0
8323,15698351,Williams,730,France,Female,33,0,20322.97042355806,2,1,1,19899.839822633483,0
8324,15804346,Brown,657,France,Female,54,6,48972.49350919742,1,0,1,61858.338233915456,0
8325,15648333,Jones,688,France,Male,30,9,105638.40354775038,2,1,0,114589.50752554156,0
8326,15759249,Garcia,657,Spain,Female,41,9,21737.33012497251,1,0,0,82304.17976947782,0
8327,15820186,Miller,670,Germany,Female,25,10,3630.821749317576,1,1,1,109224.60374347045,0
8328,15685626,Davis,542,France,Male,53,6,21834.90590585848,4,0,0,184786.38225101208,0
8329,15751314,Rodriguez,662,Germany,Female,57,1,254.98252157187005,3,1,0,107301.1412888622,0
8330,15735723,Martinez,792,France,Male,32,2,10230.94442162705,4,1,1,171784.7671367976,0
8331,15638434,Smith,666,Spain,Male,30,10,2670.4373787853024,2,1,0,37072.63940168701,0
8332,15666934,Johnson,566,Spain,Female,41,7,24517.282603874057,3,1,0,59100.20932637063,1
8333,15647069,Williams,797,France,Female,30,3,3080.429903457683,2,1,1,86947.07150218358,0
8334,15675627,Brown,722,Germany,Female,50,4,206527.87092552526,3,1,1,15440.905894257085,1
8335,15778781,Jones,726,France,Male,43,6,76143.78353705331,1,1,1,42540.22330800823,0
8336,15712596,Garcia,724,France,Female,51,7,27196.1450175717,2,1,1,122847.50603695627,0
8337,15728804,Miller,537,Germany,Female,28,0,78132.9722786386,3,0,1,163595.3777381493,0
8338,15678083,Davis,714,Germany,Male,25,6,27009.443459603342,4,0,0,44750.30188879526,0
8339,15768255,Rodriguez,788,France,Female,42,2,52075.90972568661,1,1,0,99441.96447288923,0
8340,15709720,Martinez,601,Germany,Female,55,4,86162.84848838956,1,1,1,91522.76428708174,0
8341,15758612,Smith,457,Germany,Male,29,0,57664.37879136897,2,1,1,129486.84845926282,0
8342,15817312,Johnson,686,France,Male,43,10,4414.83791718375,2,1,1,85567.39500914805,0
8343,15758316,Williams,653,France,Male,32,2,2222.970242170108,3,1,0,93809.80822279597,0
8344,15774092,Brown,495,Germany,Female,49,4,42187.450251800576,1,1,1,128041.14500576185,0
8345,15794787,Jones,710,France,Male,30,0,10934.460096984076,1,1,1,11600.0,1
8346,15718965,Garcia,703,Spain,Male,41,1,207049.8956832578,2,0,1,172281.47314388416,0
8347,15758209,Miller,503,France,Male,50,2,821.4202811726811,1,1,1,107393.77273757789,0
8348,15697646,Davis,838,France,Male,25,7,69020.78880812075,4,0,1,45579.91050536364,0
8349,15826704,Rodriguez,725,France,Male,45,4,2168.521582545678,3,1,0,79662.93959340968,1
8350,15646416,Martinez,460,Germany,Male,35,4,47192.41332181012,1,1,0,165401.64420195733,1
8351,15733942,Smith,731,Germany,Male,47,2,27240.123539883665,1,1,1,11600.0,0
8352,15644626,Johnson,728,France,Male,42,8,50095.591210745595,1,1,0,107565.69005104125,1
8353,15828962,Williams,791,France,Female,34,8,71765.4896299543,3,1,1,125960.76133067554,0
8354,15743838,Brown,587,Spain,Male,38,1,1688.2030309906738,2,1,1,200000.0,0
8355,15692438,Jones,733,France,Female,20,7,36829.94090507188,4,0,0,13246.14518734366,0
8356,15642037,Garcia,626,France,Female,47,0,142659.38448776602,2,1,0,104298.82377612196,0
8357,15832758,Miller,594,France,Male,57,4,12281.169731807324,1,1,0,91533.55691630232,0
8358,15705203,Davis,563,France,Male,33,6,4031.6794472458478,4,1,0,200000.0,1
8359,15755473,Rodriguez,459,France,Female,38,7,73694.02427320165,1,1,0,153704.56423336844,0
8360,15769081,Martinez,704,France,Female,54,7,67631.72144462272,3,1,1,182064.24586791795,0
8361,15733545,Smith,622,France,Male,21,5,24727.48191652848,3,0,0,151975.07677063067,0
8362,15667542,Johnson,376,Spain,Male,44,6,88670.60305560983,3,1,1,17504.621832768375,0
8363,15640268,Williams,657,France,Male,55,3,39252.279314561296,1,1,0,140268.15880058956,1
8364,15671724,Brown,765,Spain,Female,32,9,32252.17670017555,2,0,1,170364.53527571238,0
8365,15753249,Jones,519,Germany,Female,33,6,86257.94671886515,2,1,1,200000.0,0
8366,15790766,Garcia,578,France,Male,52,6,5164.794837264572,1,0,1,99766.72395792993,0
8367,15764355,Miller,694,Germany,Male,28,8,12673.686061646706,1,0,0,11600.0,1
8368,15758004,Davis,394,France,Male,47,10,29361.548084267535,4,0,0,79953.2891412736,0
8369,15735792,Rodriguez,596,France,Female,42,1,4465.231643517997,3,1,1,90162.79803376325,0
8370,15735070,Martinez,684,Spain,Female,50,10,250000.0,2,1,0,102488.29076883885,1
8371,15763809,Smith,593,Germany,Female,37,7,18809.71062621982,2,0,1,200000.0,0
8372,15661107,Johnson,520,Spain,Male,54,8,147580.5567438844,4,0,1,100310.16917390276,0
8373,15671315,Williams,524,Spain,Female,35,2,32165.650411080176,4,1,1,75091.9560652377,0
8374,15820061,Brown,488,France,Male,24,7,129193.42302252179,1,1,0,69625.13267393096,1
8375,15677771,Jones,586,France,Female,23,0,28989.57903219914,1,1,1,112000.1031189461,0
8376,15712113,Garcia,755,France,Male,28,9,84295.60010370924,1,0,1,65926.85039865036,0
8377,15817416,Miller,850,Spain,Female,45,4,69534.92354546141,3,1,1,21311.779756564007,0
8378,15675124,Davis,653,Spain,Male,31,0,146774.47539220745,2,1,1,100799.4924504728,0
8379,15733999,Rodriguez,726,Germany,Female,38,0,50729.85662002176,4,1,1,138626.32619142198,0
8380,15638482,Martinez,555,France,Male,39,5,12879.312366832266,2,1,1,29306.010597734698,0
8381,15809128,Smith,440,France,Male,31,4,39033.56602746093,1,0,0,97818.72573277763,0
8382,15821385,Johnson,835,Spain,Male,40,4,7883.869858578145,3,1,1,182270.26110563416,0
8383,15678141,Williams,590,Spain,Female,48,1,20388.643665126812,2,1,0,11600.0,0
8384,15833995,Brown,721,France,Male,39,9,77839.41206198264,1,0,0,75177.90155190646,0
8385,15649401,Jones,665,France,Male,48,8,703.3197641562064,4,1,0,147419.73535317578,1
8386,15739445,Garcia,749,France,Male,35,4,48493.03649533065,1,1,1,84352.59029483557,1
8387,15825776,Miller,745,France,Male,41,2,59043.15171383564,1,1,1,100362.32142594655,0
8388,15816400,Davis,677,Spain,Male,39,10,115024.7924956905,2,1,1,131171.3637235785,0
8389,15683386,Rodriguez,688,France,Male,49,6,70624.93824214561,3,1,0,11600.0,0
8390,15747636,Martinez,771,Germany,Male,43,5,25777.045401969233,4,1,1,29752.470997215598,0
8391,15809007,Smith,609,France,Male,32,10,72531.61943295157,4,1,1,131347.45094153087,0
8392,15806502,Johnson,805,France,Female,43,5,49105.33666009632,4,0,0,134147.47097853955,0
8393,15688964,Williams,579,France,Male,29,4,44185.22910074938,3,1,0,65440.303202180774,1
8394,15688599,Brown,657,Spain,Female,43,3,3830.164449600843,4,1,0,197494.54436545368,0
8395,15816015,Jones,712,Germany,Male,38,5,38791.93000051996,1,1,1,106014.43703272185,0
8396,15784747,Garcia,487,France,Female,40,6,100906.75315659259,3,0,1,51067.90094886686,0
8397,15737001,Miller,788,France,Male,38,7,28710.546641831923,4,1,0,141980.15407955894,0
8398,15649151,Davis,697,France,Female,32,1,60896.48872862942,3,1,0,101149.1031135783,0
8399,15691522,Rodriguez,850,France,Male,31,3,117034.02045045186,1,1,0,47553.44115842054,0
8400,15785990,Martinez,850,Germany,Male,49,10,38196.61866939029,2,1,1,11600.0,0
8401,15791857,Smith,648,Germany,Male,57,6,4612.5852367652205,3,1,0,83086.127341557,0
8402,15728462,Johnson,828,France,Male,41,2,2788.8058098404686,2,1,1,40442.46198877938,0
8403,15659226,Williams,734,Spain,Male,39,4,79901.21867247367,3,1,1,109563.47290609113,0
8404,15828189,Brown,673,Germany,Male,26,9,1662.4917121771255,1,1,0,134776.5665101847,0
8405,15681307,Jones,484,France,Female,21,6,250000.0,2,1,1,11600.0,0
8406,15723928,Garcia,507,France,Male,22,8,6820.1405549246265,4,1,1,86360.80539964468,0
8407,15792430,Miller,650,Spain,Male,44,5,74613.40558132122,4,1,0,200000.0,0
8408,15694992,Davis,600,Germany,Female,21,1,101140.44066464946,2,0,1,107376.60302512352,1
8409,15702971,Rodriguez,672,France,Female,45,8,18295.05239915401,3,0,0,75812.5485137297,1
8410,15644191,Martinez,787,Germany,Male,28,5,39003.186810165,2,1,0,112024.40638108976,1
8411,15747614,Smith,736,France,Female,40,9,152220.35958313697,4,0,1,146207.8972691623,0
8412,15779790,Johnson,580,Spain,Male,34,1,155227.050119641,3,1,0,116524.31984270617,1
8413,15707783,Williams,742,Spain,Male,28,0,133043.01894332143,2,0,1,11600.0,0
8414,15810460,Brown,558,Germany,Male,25,3,16072.746272681434,3,1,1,73849.46743209386,1
8415,15758313,Jones,535,Germany,Male,21,1,3069.4851252072804,3,1,1,61736.921796484916,0
8416,15711027,Garcia,688,France,Male,28,6,5423.267571209013,1,1,0,119742.3068784037,1
8417,15795960,Miller,568,Germany,Male,61,10,7650.371507465455,1,1,1,101313.57347133287,1
8418,15650596,Davis,585,Spain,Male,52,6,55688.04671733992,3,1,0,143616.63097335157,1
8419,15746517,Rodriguez,749,France,Female,40,2,81084.96736185403,4,1,0,29541.88625229377,1
8420,15757563,Martinez,715,Germany,Female,35,10,2581.810818818796,4,0,1,177217.75118959526,0
8421,15739274,Smith,612,Spain,Female,33,9,110548.31385615066,3,1,1,200000.0,0
8422,15661241,Johnson,487,France,Female,40,0,68778.3457614124,3,1,0,11600.0,0
8423,15651807,Williams,576,France,Female,33,1,37781.54019844985,1,1,0,147477.36938915862,0
8424,15691279,Brown,844,Germany,Female,33,7,230060.49829915326,4,0,1,64454.77720551386,0
8425,15667532,Jones,746,Spain,Female,43,3,15406.903595487667,1,0,1,99433.8468521689,0
8426,15707915,Garcia,792,Spain,Male,28,2,12295.527882784083,4,1,0,81023.37247013769,0
8427,15747755,Miller,675,Germany,Male,18,9,20383.59120364666,4,1,0,171779.25566761417,0
8428,15652918,Davis,614,Spain,Male,33,6,37382.35745286008,2,1,0,87146.66984879615,0
8429,15792978,Rodriguez,740,Germany,Male,53,9,24456.242471174563,3,1,1,34584.697803373594,0
8430,15730660,Martinez,778,France,Male,22,3,88451.32117139461,2,1,0,92043.66461473609,0
8431,15722478,Smith,602,Spain,Male,26,1,112447.68117106086,4,0,1,11600.0,0
8432,15719968,Johnson,578,France,Female,32,2,170061.38125997537,1,1,0,11600.0,0
8433,15648005,Williams,497,France,Male,23,3,85256.47333944499,3,1,0,144174.2896015568,1
8434,15714654,Brown,576,France,Male,54,0,46839.01764930969,2,1,0,102531.03713718012,1
8435,15708097,Jones,716,France,Male,39,7,47546.07557264499,4,1,0,56004.228179093334,0
8436,15797606,Garcia,590,France,Female,21,10,10319.941121865882,4,1,0,112681.71578572321,0
8437,15730692,Miller,743,France,Male,37,7,15272.771637528154,2,1,0,16806.328140852056,0
8438,15671303,Davis,846,France,Male,38,4,250000.0,3,1,0,11600.0,0
8439,15769059,Rodriguez,652,France,Female,36,5,15143.061014729888,2,0,1,103930.24869510958,0
8440,15691843,Martinez,648,France,Female,37,3,31449.830946773884,2,0,0,174978.9027276765,0
8441,15776041,Smith,704,Spain,Female,37,10,24331.86568249679,1,0,1,38448.53260512881,0
8442,15699632,Johnson,592,Spain,Female,42,2,58279.04019033547,1,1,0,88605.93900429388,1
8443,15812179,Williams,585,Spain,Male,42,2,20435.76957558432,2,1,0,139930.5339322632,0
8444,15799006,Brown,588,France,Female,24,3,57434.78300369811,2,1,1,141157.8791843759,0
8445,15800942,Jones,535,Germany,Male,39,5,161956.4306757095,4,0,1,133754.4541893485,0
8446,15791237,Garcia,739,France,Female,40,1,14543.468906579526,3,1,0,37072.59458803219,0
8447,15739787,Miller,600,France,Male,32,5,23155.540067610724,4,1,1,108629.67100567138,0
8448,15671006,Davis,761,Germany,Male,56,7,20940.827003540348,1,1,0,53900.13585293375,0
8449,15689784,Rodriguez,702,Germany,Male,38,8,17859.273425085066,3,1,0,39419.47243373375,1
8450,15667593,Martinez,647,Spain,Male,44,3,15755.052556622575,3,1,0,106933.12815042173,0
8451,15739203,Smith,730,Germany,Male,34,4,49718.38176421238,1,1,0,63113.35682035369,0
8452,15813337,Johnson,555,France,Male,35,7,39715.813908329445,4,1,0,114521.29414600183,0
8453,15700488,Williams,571,Spain,Female,42,9,35531.62376519438,2,1,1,78062.38380936063,0
8454,15756604,Brown,721,Germany,Male,25,1,80618.98184827932,2,1,1,119733.35314288895,0
8455,15718450,Jones,430,Spain,Male,46,9,7922.257199152258,3,1,1,164927.1699381542,0
8456,15789801,Garcia,651,Spain,Female,26,1,9299.935976528319,3,1,0,86409.72378513584,1
8457,15692294,Miller,709,France,Female,47,8,35980.82771235963,2,1,1,51097.02309230988,0
8458,15672102,Davis,781,France,Male,36,10,21826.675088488635,3,1,1,158082.34616379722,0
8459,15668387,Rodriguez,801,France,Male,59,5,9545.248638117251,2,1,0,144165.68066476844,0
8460,15718748,Martinez,636,France,Female,48,9,58661.2955917313,1,1,0,131282.14390238133,1
8461,15682599,Smith,727,France,Male,48,8,34266.395052017455,1,1,0,89401.09285003794,1
8462,15641772,Johnson,569,France,Male,40,9,11297.263160858842,2,0,1,34848.91106180096,0
8463,15778977,Williams,605,Spain,Male,49,6,15353.798659239732,3,0,1,128341.39067532812,0
8464,15706345,Brown,786,Spain,Female,46,4,64196.39492655545,1,1,0,94851.3448301678,1
8465,15669789,Jones,646,Germany,Male,19,8,19835.667501785112,2,0,0,76524.00255863872,0
8466,15830708,Garcia,665,France,Male,30,8,11440.383773697878,2,1,0,104287.4131519461,0
8467,15767567,Miller,546,France,Female,29,1,168486.4751613009,3,0,0,74812.22123283718,0
8468,15779427,Davis,692,Germany,Male,31,7,4608.2144820962185,3,1,1,150083.96135458382,0
8469,15672692,Rodriguez,725,France,Male,36,7,7944.747783154105,4,1,1,112081.27830213134,0
8470,15830596,Martinez,722,Spain,Male,44,1,63164.65672810657,3,1,1,195650.40152124636,0
8471,15694014,Smith,528,Spain,Female,50,9,27731.151060128195,1,1,0,174413.0657384222,1
8472,15690632,Johnson,749,France,Female,45,6,69904.4428982156,1,1,1,60591.30040702468,0
8473,15652111,Williams,550,Germany,Female,51,0,40235.01547026607,1,1,1,18416.684463825208,0
8474,15703255,Brown,647,France,Male,28,4,2052.324582149071,2,1,0,130228.69646357905,0
8475,15802603,Jones,488,Germany,Male,33,4,57624.06641560648,2,1,1,105347.84833343506,1
8476,15764228,Garcia,632,France,Male,36,9,81933.90466179115,2,1,1,159660.75454588054,0
8477,15813965,Miller,549,France,Male,32,4,40223.4794916359,1,1,0,57772.66371439179,1
8478,15638644,Davis,605,Germany,Female,27,1,18376.63329948113,4,1,1,38579.711527824635,0
8479,15828248,Rodriguez,655,Germany,Female,42,2,782.1785379271278,2,1,0,125232.35012492246,0
8480,15671803,Martinez,732,Germany,Female,31,5,118587.34032766607,4,1,1,182892.42418183392,0
8481,15648618,Smith,729,France,Male,47,0,61375.67509424241,2,1,0,48383.266239366836,0
8482,15659624,Johnson,416,Germany,Female,26,5,2291.563522429721,1,0,1,94319.26659669685,0
8483,15662540,Williams,717,Spain,Female,47,5,91814.35858889321,4,1,1,157339.18898929222,0
8484,15809352,Brown,670,Spain,Male,41,6,2726.03808722449,2,1,0,126592.45607833151,0
8485,15752773,Jones,593,Spain,Female,41,8,62148.87064310003,1,0,1,76540.88137192366,1
8486,15696322,Garcia,561,Spain,Male,41,8,59219.48842557361,2,1,1,132529.46102470096,0
8487,15740116,Miller,643,Germany,Female,38,3,123935.16327375696,3,0,1,135869.13478941796,0
8488,15822479,Davis,673,Germany,Female,38,1,9041.914488030974,1,0,0,107032.46054085196,1
8489,15767660,Rodriguez,687,France,Male,36,4,41882.20954058975,2,1,0,90141.4673214444,0
8490,15711080,Martinez,630,France,Male,41,0,39340.36144702291,4,1,1,110174.04620173629,0
8491,15777835,Smith,397,Spain,Male,44,4,1780.2821271336213,2,1,1,52439.3358948262,0
8492,15786363,Johnson,600,Spain,Female,34,9,50848.08085356971,4,0,0,87244.88265394702,0
8493,15761703,Williams,531,Germany,Female,52,2,14653.450948856025,3,0,1,120979.91393162543,1
8494,15729301,Brown,850,France,Male,35,6,20210.162752504475,3,1,0,165451.2268896611,1
8495,15826598,Jones,655,France,Female,31,6,13810.995556284828,4,1,1,50973.878973151535,0
8496,15733875,Garcia,724,France,Female,37,2,2877.387699026508,2,0,1,129304.96247643525,0
8497,15698347,Miller,713,France,Female,31,4,9113.765906252278,4,0,0,48143.70192083559,0
8498,15766885,Davis,681,France,Male,43,8,11616.029841445734,3,1,0,142646.4228576194,0
8499,15765903,Rodriguez,608,Spain,Male,37,3,43057.65268644861,3,1,1,172546.71012790554,0
8500,15753574,Martinez,595,France,Female,46,1,7248.76131924512,3,0,1,35960.24245432104,0
8501,15814216,Smith,447,Germany,Male,38,2,126734.61935791941,4,1,1,67928.95165810104,0
8502,15780019,Johnson,664,France,Female,38,10,13184.384427506397,3,0,0,54307.88315097026,0
8503,15736091,Williams,680,Spain,Female,34,0,52740.96691452398,2,1,1,92369.29130597347,0
8504,15666421,Brown,645,Spain,Male,47,4,8573.913901667702,4,1,0,73658.55689948199,0
8505,15682381,Jones,664,France,Male,36,8,79269.64068646505,3,1,1,157474.415475194,0
8506,15726846,Garcia,529,Spain,Male,41,1,3709.9300657200065,4,0,1,116146.70757982784,0
8507,15700186,Miller,620,Germany,Male,49,2,66892.98789986482,3,1,1,120228.72438699103,1
8508,15785624,Davis,585,France,Male,38,2,24974.95359664589,1,0,0,84546.1057224946,1
8509,15780847,Rodriguez,716,Germany,Female,38,6,31322.98331793088,3,1,1,131654.10367020924,0
8510,15692634,Martinez,654,France,Male,36,9,22810.494371577046,2,0,0,164816.38223712923,0
8511,15749676,Smith,586,Germany,Male,40,6,25712.193590543964,1,1,1,76507.01546102953,0
8512,15733875,Johnson,634,Spain,Male,47,10,266.9717797730968,4,0,0,148741.95249332133,0
8513,15662638,Williams,546,Spain,Male,46,0,1324.8659455123461,3,1,1,40716.019901760184,0
8514,15705958,Brown,617,France,Male,43,2,78978.48001489467,1,1,0,200000.0,0
8515,15779966,Jones,708,France,Male,51,0,12007.175300432276,4,1,0,56462.55164284478,0
8516,15637654,Garcia,516,France,Male,39,8,46735.13093422902,1,1,0,172074.11142421866,0
8517,15678979,Miller,643,France,Male,53,6,52968.43687788597,2,0,1,60523.62682641845,0
8518,15833512,Davis,575,France,Male,49,4,59863.29883928687,4,0,1,110500.39376575686,0
8519,15702421,Rodriguez,516,France,Female,32,6,45483.348901609796,2,0,1,143063.8143284893,0
8520,15748291,Martinez,836,Germany,Male,46,2,49548.93882202396,3,1,0,151297.3443056167,1
8521,15781294,Smith,775,Spain,Male,20,2,43554.48342324224,4,1,1,119783.7407539837,0
8522,15665063,Johnson,590,France,Female,51,0,131678.68324538102,1,1,1,151239.2890263947,1
8523,15655352,Williams,621,France,Female,38,4,54619.367454053114,1,0,0,17598.97107254727,0
8524,15644074,Brown,447,France,Male,31,6,21765.423354355586,4,1,0,105968.34844544897,0
8525,15703865,Jones,490,France,Male,21,2,22052.260630426535,1,0,1,180410.97470129177,1
8526,15746638,Garcia,537,France,Female,37,4,4147.713657929383,4,1,1,149628.25546726905,0
8527,15823276,Miller,646,France,Male,51,9,240091.3697344974,2,1,1,94331.91723036072,0
8528,15660125,Davis,638,Germany,Male,41,0,110712.97196900444,2,1,0,111536.10747586274,0
8529,15796440,Rodriguez,683,Spain,Male,35,6,2201.1942682266763,2,1,0,57564.78169523383,1
8530,15737864,Martinez,717,France,Female,37,10,98945.0540695696,2,1,0,11600.0,0
8531,15700662,Smith,677,Germany,Female,52,7,7449.608465545654,3,0,0,149533.19959644336,0
8532,15643681,Johnson,541,France,Male,45,7,13659.311864002246,4,0,1,127734.78229006677,0
8533,15774073,Williams,682,Spain,Male,38,0,57094.60816397723,4,1,0,115876.3209561092,1
8534,15695328,Brown,713,France,Male,48,3,65506.39672087927,3,1,1,11600.0,0
8535,15727508,Jones,607,France,Male,46,8,35235.66437490816,1,0,0,86444.8980094098,0
8536,15651134,Garcia,465,France,Female,30,1,171701.830953236,3,0,0,11600.0,1
8537,15757291,Miller,768,France,Male,35,0,33629.49494886125,1,0,0,11600.0,0
8538,15677764,Davis,658,Germany,Female,53,5,14944.585444951455,1,1,1,63609.97792712632,0
8539,15769423,Rodriguez,372,Spain,Male,45,10,455.0591397326234,2,1,1,197416.02428811515,0
8540,15645955,Martinez,850,Spain,Male,56,10,100983.51775936507,4,1,1,118736.47521146978,1
8541,15746915,Smith,602,France,Male,44,0,25151.930532476956,2,0,0,83537.33195655263,0
8542,15663079,Johnson,850,Germany,Female,31,5,76286.47848839937,3,1,1,76927.33763416932,0
8543,15790244,Williams,687,Germany,Male,38,0,74328.66862516582,3,1,0,67961.08694366309,0
8544,15720975,Brown,629,Spain,Female,46,5,2227.2123111007545,3,1,0,172682.4307485355,0
8545,15777111,Jones,668,Germany,Male,38,8,86179.05325254172,1,0,1,98709.63522468087,0
8546,15803778,Garcia,579,Germany,Male,39,4,17064.537978499324,1,1,1,191825.21539147763,1
8547,15829044,Miller,656,Germany,Female,59,3,92015.19766542,2,0,1,98719.17598436262,0
8548,15639153,Davis,850,Germany,Male,36,7,33880.61711910736,3,1,0,200000.0,1
8549,15702961,Rodriguez,560,France,Male,42,3,44774.301463139935,4,1,0,158226.10905464715,1
8550,15820554,Martinez,703,France,Male,41,3,5344.226947095182,2,1,0,98053.48287866023,0
8551,15778590,Smith,578,Germany,Male,48,10,23844.481853590994,3,1,1,52764.80762232834,0
8552,15760752,Johnson,633,Spain,Female,41,8,176840.94958576653,3,1,0,116726.8806602445,1
8553,15807119,Williams,847,France,Male,40,0,130110.55585095161,2,0,1,36982.26346210206,0
8554,15682238,Brown,702,Spain,Female,59,2,250000.0,1,0,1,111970.73812338742,1
8555,15664287,Jones,724,France,Female,37,10,35689.50323797152,3,0,0,200000.0,0
8556,15685736,Garcia,657,France,Male,46,3,85262.82657503033,2,1,0,152563.4336243421,0
8557,15723518,Miller,850,France,Male,26,7,30352.97390610057,3,0,0,74541.26885239448,0
8558,15742569,Davis,555,Spain,Female,39,0,141852.13402162932,1,1,0,77017.99548985763,0
8559,15729057,Rodriguez,492,France,Female,38,2,213400.9825162303,2,0,1,125931.4289652832,0
8560,15833521,Martinez,818,France,Male,38,1,105101.89259704461,1,0,1,74591.55864513159,0
8561,15805667,Smith,611,France,Female,21,5,48532.49719419753,3,1,0,125564.08901805515,0
8562,15810007,Johnson,691,Germany,Female,35,8,225284.0547013054,4,1,1,68835.7478487045,0
8563,15824539,Williams,821,Spain,Male,30,9,205960.7210054834,1,1,1,58962.5199080613,0
8564,15684358,Brown,692,France,Female,49,8,32225.38159083107,4,0,0,66186.57538733646,0
8565,15757465,Jones,850,Spain,Male,30,9,18103.862184108297,3,1,0,152764.12681048943,0
8566,15695794,Garcia,663,Spain,Female,45,4,10377.091223758081,3,1,0,118538.0343654118,0
8567,15826360,Miller,579,France,Male,45,2,56507.06986984645,3,1,0,127732.87258720395,0
8568,15683335,Davis,414,Spain,Male,33,7,1770.8755401390054,2,1,1,199036.62713301356,0
8569,15660595,Rodriguez,680,France,Female,30,8,72159.70997071527,1,1,1,70652.63926004188,0
8570,15796166,Martinez,426,France,Male,36,8,2634.20967527198,1,1,1,16323.560995883847,0
8571,15786655,Smith,682,Germany,Female,35,10,15419.547651108314,2,0,0,119631.42493797917,1
8572,15658745,Johnson,795,Germany,Female,29,0,34457.48778833164,2,0,0,123543.56037383317,1
8573,15825951,Williams,648,France,Male,36,9,5125.613858728541,1,0,0,123606.13698389518,1
8574,15741646,Brown,669,France,Male,42,4,1848.6408823044799,3,1,0,82582.3846873109,0
8575,15815664,Jones,741,Spain,Female,27,9,32677.322902570217,1,1,0,149857.58702278856,0
8576,15763008,Garcia,716,Germany,Male,37,8,108910.62912849645,3,1,1,158226.36080257432,0
8577,15828562,Miller,766,France,Female,33,10,26238.995459232105,4,1,1,162671.8902404262,0
8578,15703953,Davis,648,France,Male,39,2,11174.639626191318,4,1,0,114729.94946021936,0
8579,15815673,Rodriguez,424,France,Female,57,6,26242.05932007705,3,1,1,81026.22184186507,0
8580,15704911,Martinez,767,France,Male,23,8,64120.95317256152,1,1,1,129643.65383459795,1
8581,15778120,Smith,626,Germany,Male,37,1,2112.1209008982305,2,1,1,70167.49583293949,0
8582,15796407,Johnson,562,Germany,Male,41,1,1561.400347484257,2,1,0,126029.53602057071,0
8583,15753758,Williams,683,France,Male,33,4,31067.561721777893,4,0,0,143941.78415757892,0
8584,15710602,Brown,668,Spain,Male,42,7,56457.83798739282,3,1,0,88852.19665315245,0
8585,15814306,Jones,575,France,Female,24,9,47564.45025111682,1,1,0,64367.42324669858,0
8586,15656178,Garcia,521,Germany,Male,35,4,50780.87340238507,4,1,0,11600.0,0
8587,15637922,Miller,696,France,Male,18,7,9059.185551015813,1,1,1,195385.02525316935,0
8588,15776424,Davis,565,France,Male,36,3,38689.16157521115,2,1,1,11600.0,0
8589,15737604,Rodriguez,661,France,Female,26,8,23734.548694764402,1,1,1,110060.70897080412,1
8590,15819137,Martinez,687,Germany,Female,42,3,5854.528311588187,2,0,0,171405.343651733,1
8591,15661174,Smith,746,France,Male,53,4,6851.885939537997,3,1,0,31791.380312940717,0
8592,15652550,Johnson,850,France,Female,41,6,51830.26618259825,4,1,0,200000.0,1
8593,15751130,Williams,673,France,Female,38,8,157584.97356980393,1,0,1,158078.08702457807,0
8594,15804500,Brown,607,France,Male,33,4,5619.24234104823,1,1,0,11600.0,0
8595,15723653,Jones,815,France,Female,36,6,34148.99545367794,2,1,0,101442.20065708978,0
8596,15662469,Garcia,754,Germany,Male,36,3,14246.056217849347,4,1,0,179895.72201850498,1
8597,15825905,Miller,666,France,Female,39,1,16537.010995450415,3,1,0,79336.59977160356,1
8598,15831936,Davis,673,Germany,Male,43,1,12709.416269819845,3,1,1,137066.41685893293,0
8599,15679280,Rodriguez,652,Spain,Female,31,4,39448.93761923715,4,1,0,123101.89416449916,0
8600,15742163,Martinez,666,Germany,Male,50,1,2919.2335219150114,2,1,0,150730.2006339941,0
8601,15647565,Smith,639,Spain,Male,36,1,67836.2713032145,3,0,1,60942.432965365886,0
8602,15830034,Johnson,552,Spain,Female,39,1,46662.938090147996,1,1,1,11600.0,1
8603,15684036,Williams,650,Spain,Female,51,3,24292.911106285563,1,0,0,132125.81550437745,0
8604,15701219,Brown,825,France,Female,18,7,12285.454418786316,2,1,1,178583.04699435254,0
8605,15785943,Jones,568,Spain,Female,18,6,38427.957802551915,3,1,1,85950.95182860695,0
8606,15752171,Garcia,622,Spain,Female,42,4,155224.66853021402,4,1,0,129841.31834069341,0
8607,15731954,Miller,560,France,Female,39,6,61568.25238147892,3,1,1,142728.63092437503,0
8608,15714334,Davis,765,France,Male,53,5,16380.475984759729,1,1,1,52087.92423403398,1
8609,15742250,Rodriguez,732,Spain,Male,27,7,67917.97782258973,2,0,1,31706.936109542046,0
8610,15716096,Martinez,522,Germany,Male,43,7,35063.09109291051,4,1,1,48034.99558151949,0
8611,15711827,Smith,448,France,Female,35,6,2460.438644345146,2,1,0,92031.97414740859,1
8612,15717469,Johnson,736,Spain,Male,48,4,48056.05186480507,4,1,1,95422.80939664222,0
8613,15803202,Williams,516,France,Male,18,5,13321.779310862155,4,1,0,11600.0,1
8614,15713574,Brown,732,France,Male,36,10,26352.735417500084,1,0,0,126160.77478240836,1
8615,15831276,Jones,586,Germany,Female,46,10,32549.19341624291,1,0,1,123987.193777456,1
8616,15730863,Garcia,719,Germany,Male,31,9,80299.16404766466,4,0,0,109043.33805872376,1
8617,15725350,Miller,694,Spain,Male,38,7,43383.174663591104,3,1,0,45050.6146982792,0
8618,15799006,Davis,596,France,Male,39,6,20783.07688165598,4,1,1,186321.37168628623,0
8619,15759083,Rodriguez,562,Spain,Male,42,4,53537.49353766153,4,1,0,70492.6212325886,1
8620,15764131,Martinez,707,France,Male,28,9,10665.544994455895,4,1,0,41014.92987672086,0
8621,15636853,Smith,580,Germany,Male,34,7,86521.75384827376,2,1,1,158989.53719398438,0
8622,15811391,Johnson,760,France,Male,43,3,11246.65073910495,1,1,1,93622.58755442128,0
8623,15733710,Williams,566,France,Female,46,5,40882.467680476126,4,1,0,11600.0,0
8624,15792701,Brown,685,Spain,Female,40,3,11478.718230254142,2,1,1,104432.63006230035,0
8625,15731984,Jones,610,France,Male,35,4,19693.852510988698,2,1,0,56462.57494940208,0
8626,15644185,Garcia,650,Spain,Female,39,9,27451.343454827336,3,1,0,17143.484340204173,0
8627,15684989,Miller,579,France,Female,47,2,22897.39263647155,1,1,0,77248.39937648912,0
8628,15657706,Davis,632,France,Female,41,1,135804.0277221749,3,1,1,44750.80904186272,0
8629,15646826,Rodriguez,393,France,Male,27,10,12647.335975905413,4,1,1,45822.79758756045,0
8630,15695226,Martinez,568,Germany,Male,27,0,9931.68411199936,4,0,0,111260.4246027071,0
8631,15821732,Smith,591,France,Female,39,2,36442.48394492343,1,0,1,159237.38947133513,1
8632,15738922,Johnson,642,Germany,Male,22,10,148714.19028878948,4,1,0,11600.0,1
8633,15794973,Williams,779,Germany,Male,46,0,34991.35270979139,1,1,1,163315.08903060784,0
8634,15713174,Brown,580,France,Male,29,5,160167.93824246997,2,0,1,91592.73636844233,0
8635,15720071,Jones,791,France,Female,27,10,10557.994886183116,1,1,1,197614.7949590908,1
8636,15712530,Garcia,563,France,Male,55,1,515.4669400608825,2,1,0,153798.92877995662,1
8637,15638743,Miller,539,Spain,Male,33,2,18044.562769044966,1,1,0,11600.0,0
8638,15789024,Davis,461,France,Female,41,7,50832.9798545404,1,1,1,115929.9569410249,0
8639,15705473,Rodriguez,710,France,Female,44,4,44830.534267597206,2,1,0,137145.5327919859,1
8640,15770751,Martinez,658,France,Male,53,1,13835.422823326071,3,0,0,50301.84952821064,0
8641,15680617,Smith,704,Germany,Male,33,1,54172.51346543517,2,1,0,154451.08113161626,0
8642,15824854,Johnson,663,Germany,Female,40,2,88670.63547667052,1,1,1,141189.43503996177,0
8643,15806531,Williams,649,Spain,Male,37,2,58108.983237899425,4,1,0,86689.894216238,0
8644,15825514,Brown,678,Spain,Female,62,7,65071.48272511049,3,1,1,98300.92470305412,0
8645,15694504,Jones,850,France,Female,18,4,18380.062879640875,4,1,0,85576.87859092766,0
8646,15640179,Garcia,602,France,Male,37,7,37666.97775000255,1,1,1,124077.00168719911,0
8647,15654604,Miller,850,Germany,Male,38,3,2182.200386742446,3,1,1,167095.6598086131,0
8648,15685313,Davis,735,Spain,Male,37,8,22242.636178899687,3,0,1,79903.14743007999,0
8649,15674053,Rodriguez,686,France,Female,24,2,84565.69357272385,1,1,0,122133.54988841737,0
8650,15814777,Martinez,705,France,Male,20,1,78058.48734714295,4,0,1,143822.4091640025,0
8651,15794321,Smith,350,Spain,Male,23,5,141341.7203315107,4,1,0,200000.0,0
8652,15669433,Johnson,623,France,Male,47,10,173307.9554928002,1,1,0,52352.53267291972,1
8653,15731100,Williams,582,France,Male,38,3,179993.11931278888,3,1,0,20614.237157969517,0
8654,15763551,Brown,850,Spain,Male,21,1,8562.03694795675,3,1,0,81587.39649350033,0
8655,15729721,Jones,615,Spain,Male,53,5,6427.681235340374,1,1,0,160752.80087717582,1
8656,15701432,Garcia,647,France,Female,58,3,104004.99637307365,4,1,0,11600.0,0
8657,15715234,Miller,645,France,Male,42,9,24155.45758806356,4,1,0,123265.2350347515,0
8658,15671435,Davis,519,France,Male,43,10,22094.78847686406,4,0,1,52032.841588451396,1
8659,15659000,Rodriguez,593,Spain,Female,39,3,38143.327692558545,1,1,0,69762.82115568164,1
8660,15696156,Martinez,731,Spain,Female,32,9,30020.42018287729,2,0,0,93669.76077309054,0
8661,15685357,Smith,436,Spain,Female,20,3,12618.35236891758,1,1,0,103096.66278507804,1
8662,15783380,Johnson,681,France,Male,28,3,93091.63934712646,2,0,0,20951.036964774015,1
8663,15788014,Williams,559,France,Male,38,7,119988.41973706229,4,1,0,40260.48464038235,0
8664,15699596,Brown,779,Germany,Female,44,0,68818.46238882859,1,1,0,102948.58091654061,1
8665,15698486,Jones,689,France,Female,36,8,2463.300047768002,2,1,0,167587.8296533515,1
8666,15718963,Garcia,498,Germany,Female,38,2,6273.429543640866,4,1,1,193843.54434470815,0
8667,15652084,Miller,608,Germany,Female,39,4,21233.24500904577,4,1,1,173363.59290729655,0
8668,15688827,Davis,695,France,Male,40,4,40676.58382164084,4,1,0,27384.11011047545,0
8669,15824523,Rodriguez,619,Spain,Female,33,3,47018.23352319058,1,1,1,82210.43680069708,0
8670,15709456,Martinez,664,France,Female,43,3,5267.761912740041,4,0,1,86323.23585722978,0
8671,15675858,Smith,648,Germany,Male,27,6,161246.27202838872,4,1,1,157244.93335891055,0
8672,15743323,Johnson,736,France,Male,42,3,37705.44645852808,3,0,0,172941.55559616507,0
8673,15715712,Williams,693,Germany,Male,23,9,28259.432611562603,2,1,0,116453.6632305686,1
8674,15748208,Brown,645,Germany,Male,27,2,10605.10166749347,4,0,1,162637.34215787952,0
8675,15649252,Jones,651,France,Male,31,10,150637.2930301273,1,1,1,200000.0,0
8676,15811792,Garcia,541,France,Female,40,8,29655.666447442123,2,0,0,171444.6646255468,0
8677,15663532,Miller,796,France,Female,41,3,6266.0005269596,4,1,0,79946.90724262627,0
8678,15735002,Davis,850,France,Female,30,3,47643.18463521262,4,1,1,34287.668677800364,0
8679,15646403,Rodriguez,616,Germany,Male,24,9,21550.87429561047,2,1,0,83059.38523256595,1
8680,15685962,Martinez,654,France,Male,51,7,82512.04978355402,2,0,1,200000.0,0
8681,15722510,Smith,751,France,Female,39,10,39424.096796679,2,1,1,11600.0,0
8682,15782233,Johnson,750,France,Male,37,6,5585.654937852784,1,1,0,67671.86269309696,0
8683,15666936,Williams,667,Germany,Male,42,3,69435.96342801118,2,0,0,183642.1576372303,0
8684,15647890,Brown,552,Germany,Female,29,7,18168.192541966113,1,1,1,37960.539854921,0
8685,15788072,Jones,831,France,Male,49,9,26233.04503686741,4,1,1,137158.36390879218,0
8686,15646793,Garcia,718,Germany,Male,44,1,74726.12388908827,2,1,0,151987.40980922093,0
8687,15652653,Miller,672,Spain,Male,36,8,5627.827735070653,3,1,0,11600.0,0
8688,15696317,Davis,577,France,Female,38,1,190336.29308874707,1,1,1,35378.34392958676,0
8689,15645339,Rodriguez,655,Germany,Male,36,9,60547.574708146356,4,1,0,39362.22246451671,0
8690,15699742,Martinez,468,France,Male,52,2,10696.41706800583,1,1,1,130471.12932149136,0
8691,15790925,Smith,724,France,Female,43,5,2994.1466248591673,1,1,0,96485.95554072228,0
8692,15816649,Johnson,748,Germany,Male,44,6,39321.87570958961,1,1,1,95733.43932632961,0
8693,15639749,Williams,672,France,Male,39,8,23841.983223955875,2,0,1,74259.7023443302,0
8694,15685110,Brown,553,Spain,Female,38,7,1497.44396078876,3,1,0,48127.5242343877,1
8695,15686826,Jones,695,France,Male,57,10,46980.36719634553,3,1,1,178773.96408563206,0
8696,15654245,Garcia,728,France,Male,35,5,18462.568990107266,4,1,1,200000.0,0
8697,15673569,Miller,575,Germany,Female,41,7,19429.11892973284,4,1,0,112096.00012644066,1
8698,15738137,Davis,743,Germany,Male,59,10,8847.110771739664,3,0,1,74086.93266172755,1
8699,15675335,Rodriguez,702,Germany,Female,52,10,7563.141038016807,3,1,1,60159.34204770558,0
8700,15669410,Martinez,622,France,Male,42,4,7794.226908096437,1,1,0,11600.0,1
8701,15832962,Smith,594,Spain,Male,23,9,108604.1650567281,4,0,0,95328.10163198489,0
8702,15693561,Johnson,632,Spain,Male,60,9,38079.64122017984,3,1,0,11600.0,0
8703,15767523,Williams,552,France,Male,36,8,31689.79561624082,3,1,0,121850.96530651124,0
8704,15702780,Brown,676,Spain,Male,39,3,60948.86755026766,3,1,1,75022.66236768369,0
8705,15832810,Jones,705,Germany,Male,49,0,19266.048145052308,4,1,0,189231.1142130409,1
8706,15826414,Garcia,766,France,Male,36,7,86361.6770900664,1,0,0,118982.49316892194,0
8707,15746857,Miller,679,France,Female,41,4,10982.20585866167,1,1,1,40700.52025279499,1
8708,15720924,Davis,689,France,Male,39,8,81142.2515339524,2,0,0,152648.9937427346,0
8709,15679167,Rodriguez,623,Spain,Male,35,2,2883.9604267433956,4,0,0,32760.914376419852,0
8710,15785857,Martinez,562,France,Female,42,8,8529.893264578881,2,0,0,101987.35412238563,0
8711,15635734,Smith,607,Germany,Male,32,7,111585.1530760257,3,1,0,62336.25541776827,0
8712,15803933,Johnson,792,France,Female,27,5,5771.012542479688,1,0,1,135854.44788457677,1
8713,15698270,Williams,713,Germany,Female,44,10,14088.80341995952,4,1,0,86958.99476033659,0
8714,15804237,Brown,690,France,Female,51,9,2181.7661782846603,1,1,0,45306.74276362433,0
8715,15743437,Jones,468,Spain,Male,31,9,45647.881597588006,2,1,0,130549.75849527477,0
8716,15776605,Garcia,681,France,Female,33,10,19853.331544902365,3,0,1,124701.17959092869,0
8717,15707771,Miller,517,Spain,Female,39,7,50186.00555684726,1,1,1,162310.15468074635,1
8718,15816313,Davis,524,Spain,Female,39,7,4484.232517738281,2,1,0,97068.16716364842,0
8719,15824575,Rodriguez,535,Germany,Female,19,6,25135.05019800058,2,0,1,114283.28709962139,0
8720,15735019,Martinez,572,France,Female,34,6,23235.06659663538,4,0,0,153029.89848400134,0
8721,15635646,Smith,733,France,Female,56,2,38483.26716094447,3,0,0,171206.0787511961,0
8722,15812365,Johnson,672,Spain,Male,52,6,17480.225668819767,3,0,0,54288.26686878613,0
8723,15658965,Williams,555,France,Female,56,2,209177.76178543447,1,1,1,78070.60742011771,0
8724,15681296,Brown,591,France,Male,45,10,18992.094941158295,1,1,1,200000.0,0
8725,15767256,Jones,699,Germany,Male,33,8,59597.47356428794,2,1,1,137244.34459421807,1
8726,15832518,Garcia,719,France,Female,41,10,22809.00822275597,1,1,0,131588.27744732308,1
8727,15655903,Miller,663,France,Female,44,4,38139.22685151228,3,1,1,11600.0,0
8728,15708931,Davis,535,Germany,Female,35,10,12852.340189670145,4,1,1,23823.027199338234,0
8729,15636222,Rodriguez,608,France,Female,21,7,9484.907142561797,1,1,0,101469.0548468407,1
8730,15696826,Martinez,850,France,Female,48,2,179481.95581910308,1,1,1,156115.94204493947,0
8731,15822329,Smith,528,Germany,Male,34,2,38928.63836476845,1,1,0,14610.395644230113,0
8732,15730021,Johnson,687,France,Male,45,2,30884.505340444994,4,1,1,42904.162103965245,0
8733,15803208,Williams,850,Germany,Male,23,7,51301.55766000028,3,1,1,59711.116767012165,0
8734,15754652,Brown,622,France,Male,32,8,12644.883803793844,1,0,1,109071.05171383041,0
8735,15805064,Jones,833,Germany,Female,42,6,86290.93723480664,1,0,0,117093.09853818486,0
8736,15690458,Garcia,581,France,Female,45,0,14266.633950077123,4,1,0,153349.1822157628,1
8737,15814926,Miller,452,France,Male,46,5,39102.16434300317,3,1,0,53522.35463160678,1
8738,15690411,Davis,592,France,Male,38,2,6801.320931945079,3,0,1,44136.12121341255,0
8739,15656861,Rodriguez,574,France,Male,40,0,42732.271534707266,4,0,1,37777.683055477515,0
8740,15655257,Martinez,482,Spain,Male,42,9,32981.39685619116,4,0,0,40468.824464276106,0
8741,15798679,Smith,608,France,Male,42,1,16470.130084067776,1,0,0,54769.996716540394,1
8742,15797303,Johnson,749,Germany,Male,44,2,18374.222590934834,1,1,0,137479.384245765,0
8743,15789284,Williams,590,Spain,Male,27,6,492.99646439786864,3,1,0,90590.64829189426,0
8744,15822858,Brown,612,Germany,Female,57,5,1384.833139007411,2,1,0,63133.70161560128,1
8745,15656204,Jones,787,France,Male,37,1,45921.84192213901,2,1,1,86807.52620210098,0
8746,15720547,Garcia,575,France,Female,38,4,63359.100492635014,4,1,1,106551.79140000234,0
8747,15776784,Miller,711,Spain,Female,36,0,39582.32973932985,3,1,0,125258.19557785377,1
8748,15771747,Davis,479,Germany,Male,41,2,4273.059363874716,2,1,0,37309.96162434429,0
8749,15735448,Rodriguez,553,Germany,Female,24,0,141401.02070266686,2,0,0,90357.24192921116,0
8750,15715420,Martinez,628,France,Female,34,2,62488.99991027506,4,1,0,134888.19354583515,0
8751,15775869,Smith,770,Spain,Male,19,1,13549.427301960119,3,1,0,159550.4496120967,0
8752,15636139,Johnson,558,Germany,Male,34,3,55659.00771829201,2,1,0,75650.63080906495,1
8753,15782812,Williams,557,France,Female,40,4,5908.651186327104,3,0,0,84794.04580029906,0
8754,15810002,Brown,677,Germany,Male,44,2,75567.59756508713,4,1,1,77821.73798518951,0
8755,15811876,Jones,693,France,Male,38,9,32785.26775952447,2,1,1,111654.7281426553,0
8756,15805838,Garcia,546,France,Male,41,4,26328.14541131503,1,1,1,164987.4857465368,0
8757,15761147,Miller,597,Spain,Male,22,10,459.41999635302625,1,1,1,11855.568651204841,0
8758,15724345,Davis,758,France,Female,40,6,52846.05523123383,3,0,1,152238.5376455396,0
8759,15820333,Rodriguez,531,Germany,Female,51,9,88304.95149039131,3,0,0,170634.37129382847,0
8760,15720757,Martinez,684,France,Female,43,8,17004.736856386688,2,1,1,107122.38070804904,0
8761,15815366,Smith,598,France,Male,31,7,591.9235706590907,3,1,0,97420.77623506707,0
8762,15754800,Johnson,790,France,Female,40,5,74653.13803240501,2,0,1,111141.10944345468,0
8763,15790519,Williams,708,Spain,Female,52,8,50484.02156471455,3,1,0,75817.59052575259,0
8764,15724448,Brown,738,France,Female,44,7,75004.22769194201,3,0,0,40738.40989281922,1
8765,15665164,Jones,596,France,Male,44,3,38643.795677935064,4,1,0,26572.891778867386,0
8766,15662638,Garcia,732,Germany,Male,31,10,30896.904709332608,3,0,1,22547.771719654702,1
8767,15826426,Miller,729,France,Female,35,1,12382.01217413709,1,1,0,117660.70165879467,0
8768,15708835,Davis,701,France,Male,38,8,4105.974815390047,1,1,0,11600.0,0
8769,15717651,Rodriguez,621,France,Female,57,5,31880.480206610708,4,0,0,132140.6304542507,0
8770,15703283,Martinez,666,France,Female,29,9,101398.51312442507,4,0,0,105107.10885786441,0
8771,15662420,Smith,464,France,Male,41,7,3059.0203186473086,4,1,0,174900.31991817523,0
8772,15796218,Johnson,825,France,Female,45,7,225926.43983787205,4,1,0,11600.0,0
8773,15697134,Williams,589,France,Male,46,3,146865.4241246633,2,0,1,112494.09258743275,0
8774,15692307,Brown,616,Spain,Female,36,9,51185.188556751025,3,1,1,47868.07542888593,0
8775,15654706,Jones,518,France,Female,35,4,122793.10357835738,3,1,1,184734.18204996543,0
8776,15758938,Garcia,717,Spain,Female,58,0,40318.92135437134,1,0,1,57733.334378504805,0
8777,15762506,Miller,702,Germany,Female,36,8,25924.755023852307,1,1,1,43488.78779096433,0
8778,15704205,Davis,620,France,Male,34,6,42395.45764601395,1,1,1,100001.04565407796,0
8779,15737101,Rodriguez,416,Spain,Female,48,0,104598.35145427022,2,0,0,60278.89687740202,1
8780,15693627,Martinez,578,France,Female,40,10,157937.0331741217,3,1,1,109103.23468121518,0
8781,15666919,Smith,696,France,Male,25,9,91034.92881434801,4,1,1,160772.61322285066,1
8782,15797090,Johnson,675,France,Male,48,9,9903.142036410336,2,1,0,54015.448387416276,0
8783,15807686,Williams,645,Germany,Female,35,2,44792.236815409444,1,0,0,156992.64458841772,1
8784,15740187,Brown,607,France,Male,34,8,29417.334320814163,4,1,0,111988.51057509624,0
8785,15833719,Jones,492,France,Female,65,10,32818.07359545048,1,0,0,138963.8798633012,0
8786,15787074,Garcia,746,France,Male,36,10,27951.65999403817,2,0,0,77736.3209331857,1
8787,15682872,Miller,505,Germany,Male,39,0,3497.3673499548936,1,0,0,124841.49225269584,0
8788,15754017,Davis,629,France,Male,48,5,93508.23850122873,3,1,1,96013.73029383413,1
8789,15815507,Rodriguez,546,France,Female,29,4,191676.41683392678,4,1,1,129153.2941453726,1
8790,15829318,Martinez,749,France,Female,44,3,11769.190887296892,3,0,0,140105.54846249786,0
8791,15714808,Smith,708,Spain,Male,48,0,48637.18175952736,3,0,1,115486.34655525944,0
8792,15704070,Johnson,614,France,Female,52,6,38454.967748824834,4,1,1,179579.09505817722,0
8793,15825147,Williams,719,France,Female,45,0,113406.84041824615,1,1,1,16045.8529668618,0
8794,15811483,Brown,500,Spain,Female,27,0,60886.983873240744,1,0,1,11600.0,0
8795,15804002,Jones,642,France,Female,43,1,69247.13797051198,2,1,0,111005.06261492262,0
8796,15802458,Garcia,544,Germany,Male,25,8,151728.0268875154,1,0,1,11600.0,0
8797,15658325,Miller,752,Spain,Male,51,0,54454.37836869591,1,1,1,37727.93637030644,0
8798,15695248,Davis,687,Spain,Male,49,7,30216.31771167736,3,1,1,182659.27639421023,0
8799,15831929,Rodriguez,714,France,Male,41,0,2665.0850137016664,1,1,0,34906.25391772366,0
8800,15634676,Martinez,594,France,Male,40,10,118417.12311421077,1,1,0,172273.7138809765,1
8801,15661100,Smith,724,France,Male,38,0,44546.66854438758,3,1,0,200000.0,0
8802,15831196,Johnson,538,Spain,Female,38,8,57334.9648275852,4,1,1,148753.2193461785,0
8803,15731483,Williams,552,Spain,Male,48,7,35189.888755478816,2,1,0,152251.19690687384,0
8804,15786215,Brown,632,France,Female,35,0,25012.687274713542,4,1,1,11600.0,0
8805,15680531,Jones,556,Germany,Female,60,6,35047.62456355439,4,1,0,98981.1152277744,0
8806,15757801,Garcia,720,Spain,Female,40,7,2485.9873082616164,4,1,0,79462.9625421545,1
8807,15660630,Miller,602,France,Female,51,1,79952.70058764966,4,0,1,67893.76541554382,0
8808,15664147,Davis,541,France,Female,22,3,8597.020367754758,4,0,0,151307.9963588406,0
8809,15714171,Rodriguez,528,France,Male,33,1,20222.95229476203,3,1,0,150129.89512178832,0
8810,15666275,Martinez,719,France,Female,48,5,4550.676783019541,1,1,1,56894.13033308453,1
8811,15796648,Smith,395,Spain,Male,42,4,85725.02020295565,1,1,1,43759.72515163833,0
8812,15824573,Johnson,548,Spain,Female,39,10,9216.806244838808,2,0,0,11600.0,0
8813,15788771,Williams,790,France,Male,49,10,25451.314822421482,4,0,1,138882.41488497032,0
8814,15737113,Brown,615,France,Female,60,4,26847.99694100187,2,1,0,59672.41304734164,1
8815,15727746,Jones,721,France,Male,27,7,19021.037475771413,3,1,0,111795.00353194254,1
8816,15699426,Garcia,692,Spain,Male,49,0,98350.42797554692,3,1,0,54090.659740002484,0
8817,15658127,Miller,630,Germany,Female,34,9,73872.65010234906,4,1,1,79827.69667043036,0
8818,15692406,Davis,484,Germany,Female,47,1,68065.99351882662,2,0,0,121540.92283774712,0
8819,15780717,Rodriguez,517,Germany,Male,34,0,12752.16369154836,4,0,0,192936.36964933644,0
8820,15676448,Martinez,515,France,Female,44,3,10506.416729846957,4,1,1,45832.34447107445,0
8821,15711863,Smith,698,France,Male,45,1,14157.554438791578,3,0,1,45002.907054143754,0
8822,15815901,Johnson,716,Spain,Female,32,9,24401.23209084935,3,1,0,64944.832937420935,0
8823,15818702,Williams,562,France,Female,34,10,32576.906995232763,1,1,0,115952.2481192212,1
8824,15803057,Brown,642,Germany,Male,37,6,14395.67596606291,2,0,0,131981.2290292374,1
8825,15664085,Jones,650,France,Male,22,4,30602.519241263315,3,1,0,93654.86679993723,0
8826,15641867,Garcia,657,Germany,Male,43,4,10190.427223701694,2,1,1,97966.22803032484,1
8827,15657365,Miller,573,Germany,Male,53,0,15663.757780528329,2,0,0,11600.0,0
8828,15650335,Davis,813,Germany,Female,26,1,15105.474877850314,4,1,1,68485.33954928856,1
8829,15746798,Rodriguez,717,Spain,Female,45,4,64935.99943193922,1,0,1,81872.71294953195,0
8830,15725640,Martinez,657,France,Female,42,6,30670.1690650664,2,1,1,100188.39584926497,0
8831,15672022,Smith,598,Germany,Male,32,0,47753.777703265354,2,1,0,11600.0,0
8832,15774921,Johnson,566,France,Male,59,6,55328.16511965371,2,1,0,153489.46265481276,1
8833,15789514,Williams,689,Spain,Male,50,10,3548.71348173223,2,1,1,33730.11324045231,0
8834,15830823,Brown,602,France,Female,51,1,79197.88671076966,4,0,0,151760.37150529918,0
8835,15655660,Jones,663,Spain,Male,39,1,16701.799871358446,2,1,0,125874.6399842518,0
8836,15669531,Garcia,460,France,Female,23,8,35642.246382094774,1,1,0,40932.844250747126,0
8837,15797036,Miller,597,France,Male,40,7,20653.719810453535,2,1,0,17429.23125077803,0
8838,15721091,Davis,639,France,Female,37,9,74270.07434285959,1,0,1,169011.43117627228,1
8839,15719266,Rodriguez,746,Spain,Male,49,3,12955.144342846577,1,1,0,119021.72921293702,1
8840,15813030,Martinez,557,France,Female,33,4,165886.69753734037,2,1,1,56453.02093548084,0
8841,15712199,Smith,501,France,Female,52,8,25551.52772117309,4,0,1,21817.089019778025,0
8842,15640643,Johnson,694,France,Female,32,3,62176.364943104076,1,1,0,88735.22100609179,1
8843,15712811,Williams,643,France,Female,46,9,51284.04675338095,3,1,1,186051.122296547,0
8844,15827628,Brown,477,France,Male,31,7,67853.69117547691,1,1,1,68450.0754036753,1
8845,15827543,Jones,482,Germany,Male,38,4,40044.34317125254,2,1,0,119095.08477361871,0
8846,15786733,Garcia,585,France,Female,25,0,24208.766766043675,4,1,0,44114.35077359709,0
8847,15734466,Miller,641,Germany,Male,39,6,9897.756729776736,3,1,1,96374.80509053044,0
8848,15810396,Davis,788,France,Female,28,9,36640.441316749515,1,0,0,77824.54754400541,0
8849,15783222,Rodriguez,541,France,Female,44,10,3139.3881235370986,2,1,0,55817.074540963724,0
8850,15780752,Martinez,703,Germany,Male,45,10,3031.278990969518,3,1,0,31686.567122732347,0
8851,15771093,Smith,453,France,Female,38,2,47517.18716307456,2,1,1,14275.902394718592,0
8852,15801164,Johnson,686,France,Female,32,6,32743.407240058554,2,1,1,173322.30650770207,0
8853,15749760,Williams,800,France,Female,43,7,35271.597947579874,2,1,1,147695.45314015856,0
8854,15824434,Brown,664,France,Female,48,3,19187.182426992174,4,1,0,43831.19427969366,0
8855,15796011,Jones,583,Germany,Male,37,10,78167.26869376424,3,1,1,200000.0,0
8856,15636070,Garcia,773,Germany,Female,34,5,11231.288437081297,3,1,1,141325.27875931375,0
8857,15658911,Miller,684,Germany,Male,26,9,44110.08675643984,3,1,0,18961.049245250484,0
8858,15832018,Davis,665,France,Female,41,6,98476.68820983426,4,0,1,61005.896844867566,0
8859,15706857,Rodriguez,548,France,Male,49,7,89809.81985756708,2,1,1,59750.844005325314,0
8860,15716501,Martinez,686,France,Male,53,2,1452.2891353041507,3,1,0,116701.51598833957,0
8861,15663320,Smith,581,Germany,Female,41,6,16354.848793694635,1,1,0,55402.67790254787,0
8862,15803515,Johnson,681,France,Male,24,4,62716.50667142124,1,0,1,116104.60414029218,0
8863,15812334,Williams,654,France,Female,34,6,67497.13793295392,2,0,1,147141.94931200205,0
8864,15741155,Brown,758,Spain,Male,50,5,32960.99022722382,3,1,1,72654.60074317749,0
8865,15684883,Jones,592,France,Male,47,4,11312.298464787118,2,1,1,11600.0,0
8866,15748053,Garcia,635,Spain,Male,28,2,16355.838851553312,4,0,0,200000.0,0
8867,15635369,Miller,729,France,Male,58,9,80711.8177517461,4,1,1,143193.74953704549,0
8868,15769569,Davis,626,Spain,Female,28,1,10669.578602068375,2,0,0,63157.5642264561,0
8869,15692628,Rodriguez,647,France,Male,35,2,142636.25535888242,4,1,1,131515.39081877883,0
8870,15752744,Martinez,609,Spain,Male,44,1,34744.280641249185,3,1,1,200000.0,0
8871,15677570,Smith,633,France,Male,38,2,16663.298572261632,4,1,1,50277.64139538578,0
8872,15805771,Johnson,717,France,Male,35,1,24683.246574372162,2,1,1,36827.525186509374,0
8873,15781006,Williams,833,France,Male,39,0,14820.170399893123,3,0,1,140420.1953820171,0
8874,15780295,Brown,482,Spain,Female,49,8,24252.610801995626,2,0,0,25275.06592373857,0
8875,15711472,Jones,523,Spain,Female,58,9,7008.886719318096,3,1,1,34180.63842877254,0
8876,15652776,Garcia,635,France,Female,42,4,86626.02367188706,2,1,0,122321.4934616497,1
8877,15758959,Miller,654,Germany,Female,32,8,165737.11972530658,1,0,1,106713.32279626098,0
8878,15733791,Davis,628,Germany,Female,40,7,53814.11962632085,1,0,0,24427.6617097141,0
8879,15675104,Rodriguez,594,France,Male,58,6,82664.49809030764,4,1,0,173135.75475043658,0
8880,15671276,Martinez,526,France,Male,47,5,12943.679234242774,2,0,1,11600.0,0
8881,15671862,Smith,588,Spain,Female,52,10,3240.4653591364386,2,1,0,50940.67064169382,0
8882,15808172,Johnson,731,France,Female,47,3,49323.87701397365,1,1,0,90484.292879649,0
8883,15833283,Williams,659,France,Male,48,9,85071.89371418851,1,1,0,124396.94056414574,1
8884,15815138,Brown,717,France,Female,39,9,89891.73530476502,1,1,0,109137.78646110717,1
8885,15706407,Jones,529,France,Female,53,6,38045.985691359274,2,0,1,50099.2827153744,0
8886,15830593,Garcia,794,Germany,Female,18,6,48656.37886272264,4,1,0,61334.98744385498,1
8887,15820143,Miller,593,France,Male,44,0,22963.194807513508,1,1,0,70973.0312803539,0
8888,15651796,Davis,697,France,Female,43,8,88794.98287763396,2,1,0,142850.37062027748,0
8889,15792485,Rodriguez,637,France,Female,30,3,59801.1554842498,3,0,0,25599.994763873634,1
8890,15706979,Martinez,595,France,Male,42,6,10281.827021711815,2,0,0,67305.44503378066,1
8891,15765466,Smith,693,France,Female,44,8,16386.220287378346,2,1,0,52771.37294002679,0
8892,15678325,Johnson,710,Spain,Female,21,1,8235.24768104199,4,1,1,200000.0,1
8893,15710900,Williams,850,France,Male,42,7,35233.04662959036,2,0,1,21251.246681025325,0
8894,15693840,Brown,713,Spain,Female,51,10,11297.293144932877,1,1,0,57177.51764528147,1
8895,15740035,Jones,712,France,Male,55,3,8644.391256380677,2,1,1,49571.94904323555,0
8896,15741694,Garcia,764,France,Female,45,3,8743.481930224225,4,1,1,26190.563166278647,0
8897,15636749,Miller,703,France,Female,38,2,15453.559992013947,3,1,0,154564.96510920837,0
8898,15673047,Davis,646,Germany,Male,48,9,82781.74693108813,2,1,1,63812.93725521453,0
8899,15819477,Rodriguez,682,Spain,Male,30,3,139266.51374630764,3,1,0,200000.0,0
8900,15826782,Martinez,735,France,Female,46,8,250000.0,2,1,1,52940.211776521515,0
8901,15740772,Smith,789,France,Female,38,0,2055.738464877934,3,1,0,98722.91825518233,0
8902,15767687,Johnson,498,Germany,Male,50,8,42071.49945347442,3,0,1,75477.55875282684,0
8903,15720219,Williams,460,France,Female,34,10,15492.569769096986,1,0,0,49472.824190771025,0
8904,15688104,Brown,784,Germany,Male,56,9,225080.25994788334,3,1,0,28794.26769348103,0
8905,15751718,Jones,570,France,Male,51,8,207795.47643011922,4,0,1,200000.0,0
8906,15672357,Garcia,484,Germany,Female,42,0,135985.7910389229,2,1,0,85328.3173783947,1
8907,15774407,Miller,474,Germany,Female,41,8,716.3133162976656,3,1,1,110111.73758050916,0
8908,15644081,Davis,830,France,Female,56,5,8392.619532293988,3,0,1,58966.99967563885,0
8909,15709963,Rodriguez,737,Germany,Male,60,7,40198.414958598754,3,1,1,150625.86827162895,0
8910,15786978,Martinez,570,France,Male,35,7,10368.943972576108,4,1,1,69105.9947199816,0
8911,15801368,Smith,574,France,Female,36,7,96499.97939904436,1,1,1,106676.31948279026,0
8912,15758834,Johnson,655,France,Male,52,10,60154.92883164167,2,1,1,160738.66145732498,0
8913,15740188,Williams,735,France,Male,18,7,10172.115440952843,3,1,0,141576.2199349241,0
8914,15715773,Brown,620,France,Female,18,0,85300.5580153434,2,1,1,200000.0,0
8915,15748753,Jones,571,Spain,Female,31,0,34485.03918863306,2,1,1,103312.81467555914,0
8916,15720898,Garcia,763,Germany,Male,42,6,61844.037606372825,3,0,1,200000.0,0
8917,15775164,Miller,647,France,Male,28,10,7531.186801786401,1,1,0,96967.96110393982,1
8918,15786926,Davis,630,Spain,Female,26,8,36475.27600919877,1,1,1,78494.98276329173,0
8919,15772536,Rodriguez,709,France,Female,34,10,74880.97761960076,2,1,0,78621.6327839051,1
8920,15704561,Martinez,436,Germany,Male,53,9,21200.850562636846,1,1,1,162127.39791066587,0
8921,15776124,Smith,697,France,Female,35,7,10340.358070614537,1,1,1,48680.57794316087,0
8922,15690624,Johnson,691,Germany,Male,50,10,51008.7261788337,3,1,0,41566.650906174036,0
8923,15696593,Williams,512,Germany,Female,40,4,51651.171101390006,1,1,1,85648.7187635904,0
8924,15806601,Brown,455,Germany,Male,55,7,11429.644429459322,3,1,1,51316.51256465135,0
8925,15684455,Jones,593,France,Female,37,8,3593.6029563403617,1,0,0,94368.44952400055,0
8926,15666428,Garcia,668,France,Male,43,6,9103.148745155506,4,1,0,147816.84135251958,0
8927,15677481,Miller,678,France,Male,41,10,16115.559670614204,4,0,0,31217.267746662706,0
8928,15822939,Davis,820,France,Female,38,9,1847.6266113744307,3,1,1,185227.32035705796,1
8929,15706963,Rodriguez,668,France,Male,47,10,128023.50542873485,4,1,1,74317.56215611601,0
8930,15712592,Martinez,510,Germany,Female,46,2,13100.928134069758,2,0,0,85231.75312927463,0
8931,15724389,Smith,624,Spain,Male,41,8,67146.26896408809,2,1,0,11600.0,1
8932,15675338,Johnson,520,France,Male,20,4,26777.90769145435,3,1,0,49488.464981066696,0
8933,15659132,Williams,632,France,Male,27,10,34856.135932215024,1,1,0,11600.0,0
8934,15812732,Brown,790,Spain,Male,30,7,38495.23203322551,3,0,0,181058.34213826666,1
8935,15740682,Jones,695,Spain,Male,41,10,74095.30603186881,1,1,0,182741.67908350204,0
8936,15708857,Garcia,577,France,Female,39,0,77537.94575972174,1,1,0,84982.7414875616,1
8937,15770560,Miller,709,France,Female,32,0,7615.207409492199,2,1,1,85841.88046213378,0
8938,15761200,Davis,572,Germany,Female,31,2,18073.136467531865,2,1,1,42743.66981439182,0
8939,15753225,Rodriguez,373,Spain,Male,46,1,42553.10882161368,1,1,1,117672.32215541803,0
8940,15671989,Martinez,526,France,Male,32,4,20054.191672836434,3,0,1,116751.40822580809,0
8941,15787249,Smith,695,Germany,Male,18,10,7124.242292800153,4,1,1,93702.61000429663,0
8942,15746862,Johnson,727,Germany,Female,41,8,26249.121160551436,3,1,1,33948.627939815065,0
8943,15805317,Williams,821,France,Male,34,8,12322.139997662212,1,1,0,97414.52995902108,1
8944,15775774,Brown,684,Germany,Male,47,7,7743.521900095855,4,0,0,116301.00006049409,1
8945,15826030,Jones,784,France,Male,32,4,18122.316368895907,3,1,0,85319.30988987736,0
8946,15773530,Garcia,713,Germany,Male,37,2,17811.48239030055,2,1,1,138735.67522891486,0
8947,15803843,Miller,743,Germany,Male,42,5,5112.56483345623,1,0,1,32597.24919457182,1
8948,15794478,Davis,760,France,Male,18,7,43867.62528240455,4,1,1,179489.20750397522,0
8949,15801464,Rodriguez,698,Germany,Male,33,5,18868.942177220448,3,1,0,19835.06737456075,0
8950,15665590,Martinez,757,Germany,Male,31,6,9514.89265720539,1,0,0,129287.8979892747,0
8951,15711050,Smith,580,Spain,Female,34,6,85351.74946012015,1,1,0,109774.559777424,1
8952,15804180,Johnson,407,France,Female,34,6,128.94930256091973,2,1,1,200000.0,0
8953,15748032,Williams,715,France,Female,39,8,30283.511252290034,3,0,1,49100.190167129556,0
8954,15832980,Brown,687,Spain,Male,41,8,28541.69847296217,1,1,1,11600.0,1
8955,15777979,Jones,562,Germany,Male,45,0,55607.55586752475,1,1,0,11600.0,1
8956,15775643,Garcia,523,Spain,Female,44,2,24665.65248286656,3,0,1,98692.1358233308,0
8957,15647006,Miller,663,France,Male,51,4,35945.43699861158,4,1,1,172029.84351506142,1
8958,15774663,Davis,721,France,Male,49,10,119544.1522654022,3,1,1,165337.28275091213,0
8959,15830979,Rodriguez,701,France,Female,53,3,9213.114554447886,3,0,0,138834.5529676209,1
8960,15801657,Martinez,548,Spain,Female,51,0,5574.95001697728,3,1,1,136371.02253192678,0
8961,15805136,Smith,570,Spain,Female,34,0,68670.5508083797,1,1,1,117446.42503025776,0
8962,15653962,Johnson,716,Germany,Female,36,3,67914.81946319222,3,1,1,200000.0,0
8963,15720259,Williams,657,France,Female,37,4,126065.36494690672,1,1,0,112904.3280182487,0
8964,15791961,Brown,756,France,Female,51,3,204191.20444787983,1,1,0,158332.14021951804,0
8965,15831146,Jones,617,Germany,Male,37,1,24256.733373315717,3,1,0,84966.86274070821,0
8966,15826987,Garcia,723,Germany,Female,47,4,23694.735773296026,2,0,0,59599.89713001643,1
8967,15668762,Miller,646,Germany,Female,20,9,117514.0319672657,2,1,0,61088.94714478366,0
8968,15641391,Davis,577,France,Male,18,2,98560.40216230413,2,1,1,193275.67009917225,0
8969,15792855,Rodriguez,742,France,Male,52,6,23535.450824334584,1,0,1,91147.77839104384,0
8970,15780059,Martinez,550,France,Male,44,3,3968.205748864259,1,0,0,181162.46218283015,0
8971,15717199,Smith,657,Germany,Female,51,1,43520.960405411715,4,1,0,11600.0,0
8972,15700243,Johnson,667,France,Female,24,10,15646.571714007438,2,0,1,31347.325686516488,0
8973,15678849,Williams,637,Spain,Male,41,7,119622.68624211545,3,1,0,87314.38982663772,1
8974,15721275,Brown,749,Germany,Male,24,9,82025.08240260028,4,0,0,11600.0,0
8975,15640146,Jones,707,France,Female,48,1,115618.44132609307,4,1,0,141364.69820616028,1
8976,15778949,Garcia,695,France,Female,40,10,4218.779095264473,1,1,1,109662.16911897964,1
8977,15697850,Miller,656,Spain,Male,38,6,99980.83207913522,3,1,0,50826.42555985781,0
8978,15669152,Davis,835,France,Male,48,7,44957.6565953923,1,1,1,139498.17964109607,0
8979,15688295,Rodriguez,796,France,Male,38,9,12130.746133028684,2,1,1,11600.0,0
8980,15763526,Martinez,741,Spain,Male,38,2,17923.98069796407,2,0,1,74376.96953598905,0
8981,15785315,Smith,725,Germany,Female,25,5,30498.711418329473,3,1,0,142801.34702638866,1
8982,15714623,Johnson,589,Germany,Male,53,3,49395.244015079945,4,1,1,30445.684168214982,0
8983,15650207,Williams,645,France,Male,41,1,13245.666048837282,3,1,0,39383.99359404351,0
8984,15685315,Brown,713,Spain,Female,45,7,11599.29327055929,1,1,1,85552.77786246072,1
8985,15786064,Jones,755,France,Male,26,1,111355.65990305819,1,1,1,200000.0,0
8986,15710005,Garcia,739,France,Female,53,8,93288.19025677648,4,1,1,136969.95145278308,0
8987,15693068,Miller,708,France,Male,41,8,72787.97459937337,1,0,1,129398.84067571697,1
8988,15638583,Davis,850,France,Male,57,10,71541.73196074193,1,1,1,50037.99552437767,1
8989,15775167,Rodriguez,636,Spain,Male,49,7,72616.12385826635,3,1,1,115505.86721741497,0
8990,15750233,Martinez,751,Germany,Male,18,9,128916.807291988,2,1,1,49043.26396621258,1
8991,15753840,Smith,739,Germany,Male,47,2,92805.42678960825,3,0,1,164175.16653032316,0
8992,15729937,Johnson,694,Spain,Male,48,7,24598.08455417059,3,1,0,130157.11992587564,1
8993,15742043,Williams,698,France,Female,46,4,31866.94037573321,4,1,0,118987.35477343015,0
8994,15651586,Brown,696,France,Male,41,9,46388.22392605674,4,1,0,143149.10873327334,0
8995,15760182,Jones,579,Germany,Male,37,4,32274.998183346597,4,0,1,187440.24630955554,0
8996,15745918,Garcia,690,Germany,Female,39,1,17615.443087119562,2,1,0,159535.39699205282,0
8997,15788434,Miller,724,France,Male,53,2,98718.08153508269,3,1,1,200000.0,1
8998,15767198,Davis,682,France,Female,54,7,81341.72277349651,3,1,0,131362.4776431265,0
8999,15753056,Rodriguez,465,France,Male,37,0,24703.292851263264,1,1,1,116103.63889033103,0
9000,15684004,Martinez,491,France,Male,31,3,6089.549161349644,3,1,0,133636.70492914016,0
9001,15726258,Smith,568,France,Male,52,5,244.07297016243928,4,0,1,161761.61527841524,0
9002,15700216,Johnson,638,France,Male,48,8,4850.117616313619,4,1,1,42890.33878222746,1
9003,15801565,Williams,573,France,Female,41,7,8405.738575924723,3,1,0,94241.2216285239,1
9004,15725611,Brown,714,France,Male,29,9,53616.663239902315,3,1,0,49755.40215129026,1
9005,15805506,Jones,769,France,Female,22,4,12398.208107938171,3,1,0,11600.0,0
9006,15680438,Garcia,783,Spain,Female,47,6,50368.99446088392,3,0,0,39827.60043281309,0
9007,15779036,Miller,683,Spain,Male,33,7,19898.84759946949,1,1,0,36439.57684020349,0
9008,15832419,Davis,758,Germany,Female,33,8,112714.83135227529,4,1,1,123686.15380936205,0
9009,15803595,Rodriguez,593,Spain,Male,43,2,31656.8734881753,1,1,0,66581.03489768313,1
9010,15784236,Martinez,634,Spain,Female,34,10,55866.86782541709,4,1,0,200000.0,0
9011,15830184,Smith,533,France,Female,34,7,30897.056850697147,4,0,0,79824.66937609791,0
9012,15765651,Johnson,770,France,Male,32,2,121828.00142291447,2,1,1,21710.66932969763,0
9013,15711009,Williams,846,Spain,Male,46,0,58143.25161125477,4,1,1,170833.19627436576,0
9014,15642212,Brown,615,Germany,Male,29,3,51383.24808830106,4,1,1,65234.83247418682,0
9015,15743983,Jones,432,France,Male,24,6,44861.29221695635,3,1,1,157239.43638012273,0
9016,15650393,Garcia,554,Germany,Male,29,8,223757.64820140143,3,1,1,127247.10026386482,0
9017,15692649,Miller,584,France,Female,53,9,57720.68401853714,1,1,0,11912.900499599578,0
9018,15833580,Davis,517,France,Male,33,6,70149.68774013403,2,0,0,67791.42802289798,0
9019,15785339,Rodriguez,546,France,Male,43,9,4262.21121932604,4,0,0,66335.3702260743,0
9020,15704848,Martinez,670,France,Male,35,10,84160.28074441326,4,0,0,35004.89266746595,0
9021,15831538,Smith,715,France,Male,37,4,45405.79758992549,3,1,0,47110.78548048592,1
9022,15812125,Johnson,443,Spain,Male,52,0,20523.525505310456,1,0,0,77247.61749143983,1
9023,15720750,Williams,596,France,Male,40,0,43576.67858809648,1,1,0,56239.98019981004,0
9024,15680492,Brown,653,France,Male,55,8,49114.867362097335,3,1,1,110424.79449768178,0
9025,15772468,Jones,543,France,Male,58,3,15068.057229953902,3,1,0,11600.0,0
9026,15667490,Garcia,673,Germany,Female,54,2,28729.526337881074,4,1,0,100222.87943094563,0
9027,15772423,Miller,638,Spain,Female,33,10,63889.47300117683,2,0,1,68439.23627107394,0
9028,15681133,Davis,605,France,Male,40,4,12799.35569808125,1,0,0,135558.4946774218,0
9029,15750254,Rodriguez,563,France,Female,53,6,90432.66995337143,1,1,1,42371.04420413914,0
9030,15655210,Martinez,677,France,Male,46,6,4034.832042602978,3,0,0,109064.53536572999,0
9031,15715588,Smith,573,Germany,Female,50,4,43520.21248908598,3,1,1,44791.11172531297,0
9032,15718598,Johnson,476,France,Male,51,7,23876.537098072546,1,0,0,168414.3677167931,1
9033,15690619,Williams,652,France,Female,52,4,2739.3590770935366,2,1,1,184621.28673528938,0
9034,15692278,Brown,526,France,Female,29,9,74468.84710916645,4,1,0,93758.16014778208,1
9035,15646162,Jones,485,France,Female,38,3,39542.61379282699,4,0,1,48801.74539875537,0
9036,15820075,Garcia,662,Spain,Female,32,5,62820.499929244164,1,0,1,93382.33136075629,1
9037,15685070,Miller,633,France,Female,37,2,23911.725786500312,2,0,0,44657.487536218374,0
9038,15798137,Davis,563,France,Male,41,3,98170.24135432292,4,1,1,38861.31877199415,0
9039,15797337,Rodriguez,672,Spain,Female,40,7,4370.928060762563,4,0,0,152733.73867223304,1
9040,15834380,Martinez,692,Spain,Male,33,9,13286.469541105811,2,1,0,139888.18216395145,0
9041,15824447,Smith,673,France,Male,26,9,79140.56579729755,2,1,0,11600.0,0
9042,15667725,Johnson,670,Spain,Male,23,2,154699.52085085935,1,0,0,122923.20103739225,0
9043,15728948,Williams,489,Germany,Female,57,10,93685.05785143653,3,1,1,199873.01574438842,0
9044,15775392,Brown,779,France,Male,51,9,13124.13929524934,3,0,0,26028.28389670218,0
9045,15828311,Jones,705,France,Female,42,2,21426.85159818504,4,1,0,35225.52530082383,1
9046,15634630,Garcia,554,France,Female,18,5,72514.16735392287,1,0,1,126708.75839698927,0
9047,15828044,Miller,648,France,Male,30,7,146191.00847591116,2,0,1,200000.0,0
9048,15682201,Davis,667,France,Male,44,9,17071.537438805208,1,0,0,101402.94776905622,0
9049,15783071,Rodriguez,646,Germany,Female,47,1,24415.884078407405,3,1,1,87555.4476007863,0
9050,15680008,Martinez,829,Spain,Female,35,0,1156.9068411442827,2,0,0,194451.19878481654,0
9051,15682259,Smith,455,France,Male,44,9,35099.49473168767,1,1,1,110657.278601736,0
9052,15702162,Johnson,502,France,Male,38,0,4614.6323953149285,4,0,0,128099.37575953442,0
9053,15738745,Williams,420,France,Male,50,6,4473.97196639476,1,0,0,135885.50447852677,0
9054,15779177,Brown,657,Germany,Male,38,1,71630.76743068402,1,1,1,192248.3328767061,0
9055,15689545,Jones,704,Spain,Male,38,8,21073.61983517934,2,0,1,76547.06127980899,0
9056,15710441,Garcia,686,France,Female,34,9,137162.95646064964,2,0,0,157696.27546919184,1
9057,15717276,Miller,621,Germany,Female,46,3,62953.76755511141,4,1,0,11600.0,0
9058,15659947,Davis,690,France,Female,43,6,17461.01419969375,4,1,0,25912.151127776902,0
9059,15684992,Rodriguez,620,Germany,Male,27,4,57266.64801054018,1,0,1,197080.75864870756,0
9060,15694159,Martinez,724,France,Male,42,4,100346.68197334158,3,1,0,11600.0,0
9061,15830728,Smith,760,France,Female,40,6,28638.34297637933,3,1,1,68758.81683961241,0
9062,15636508,Johnson,556,France,Female,48,8,41250.76145787563,4,1,0,93654.95926152678,0
9063,15805841,Williams,621,Spain,Male,38,3,12262.326087994858,2,1,0,42550.953257040615,0
9064,15642563,Brown,637,Germany,Female,29,8,25725.67928784558,3,1,0,200000.0,0
9065,15791814,Jones,792,Spain,Female,34,8,43261.98354831589,4,1,1,171484.49100798462,0
9066,15753891,Garcia,568,France,Female,57,10,47787.752570056124,1,0,1,64093.520631275605,1
9067,15824375,Miller,759,France,Male,36,7,63654.42598687586,2,0,1,42574.78630573164,0
9068,15712169,Davis,503,France,Female,49,0,157740.13939947146,1,1,1,165232.1897063698,0
9069,15715266,Rodriguez,774,Germany,Male,25,9,91174.07755641508,1,1,0,54312.12852855074,0
9070,15715801,Martinez,735,Spain,Female,42,10,95387.8958040233,2,1,1,160342.513991671,0
9071,15734366,Smith,634,Spain,Male,23,10,40767.09975042352,1,0,0,135313.9978553929,1
9072,15756959,Johnson,741,Germany,Male,39,8,7784.380759779393,3,1,0,67259.52559830507,0
9073,15715331,Williams,599,Germany,Male,31,2,50460.34190964388,1,0,0,105913.4874155225,0
9074,15794235,Brown,557,Spain,Male,29,7,26065.545697763315,1,1,0,112821.53534894652,1
9075,15685170,Jones,820,France,Female,28,4,1617.9376513769075,3,0,0,138836.5129913772,1
9076,15743951,Garcia,595,Spain,Male,36,5,10836.565023756846,4,0,1,11600.0,0
9077,15707904,Miller,717,Spain,Female,19,2,71163.35249571837,2,1,1,130954.82184014266,0
9078,15729570,Davis,760,France,Male,24,10,49848.63468416687,2,1,1,91002.68228402577,0
9079,15795178,Rodriguez,730,Germany,Male,39,6,191826.15562292072,3,0,0,119603.26083624763,0
9080,15750718,Martinez,709,France,Female,21,1,128487.70877237259,1,1,1,107941.74544834207,0
9081,15671748,Smith,718,France,Male,23,2,45102.06188903396,3,1,0,116451.38852850877,0
9082,15674899,Johnson,755,Germany,Female,56,1,8417.4684130039,2,1,0,135850.20287353455,0
9083,15720996,Williams,681,France,Male,54,10,20499.70058546822,2,1,1,83145.81046893922,0
9084,15761775,Brown,646,France,Female,30,8,13264.120996663043,4,1,0,11600.0,0
9085,15760544,Jones,513,Spain,Male,42,10,31792.643550103323,1,1,0,79369.4398873193,0
9086,15834281,Garcia,681,France,Female,30,2,80615.46073822243,3,1,0,200000.0,0
9087,15651541,Miller,752,France,Male,31,7,86256.01997627965,1,1,1,11600.0,0
9088,15816389,Davis,539,Germany,Female,18,5,9804.741833155482,2,1,0,11600.0,0
9089,15679062,Rodriguez,627,France,Female,54,0,39824.11809243842,2,0,1,76124.71508744391,0
9090,15832250,Martinez,692,France,Male,44,10,56463.77823240851,1,1,0,33011.41822297452,0
9091,15833896,Smith,801,France,Male,46,5,25261.367237418086,1,1,1,189637.17155705963,0
9092,15778340,Johnson,534,France,Female,44,7,117924.2438829096,2,0,1,103978.15860215538,0
9093,15696721,Williams,729,France,Female,37,9,22237.779414119643,3,1,0,67830.37958047415,0
9094,15800995,Brown,614,Spain,Male,34,2,33680.44485880487,2,0,1,16153.721230809431,0
9095,15767453,Jones,582,France,Female,38,6,44195.51199976118,1,1,0,20846.35073513123,0
9096,15778860,Garcia,558,France,Male,53,5,27874.24811437792,3,1,0,138799.5063645145,0
9097,15782133,Miller,584,Spain,Male,39,0,165707.59369568972,4,1,0,71771.90560858168,1
9098,15639659,Davis,699,Spain,Female,58,1,71452.86005726314,1,1,1,11600.0,0
9099,15826337,Rodriguez,627,France,Female,31,10,88329.02762687413,1,0,0,127865.61413278051,0
9100,15784407,Martinez,721,Germany,Female,24,4,69843.55652444571,4,1,1,149386.15908983053,0
9101,15653759,Smith,537,Germany,Male,29,6,44349.55158425346,4,1,1,11600.0,1
9102,15669632,Johnson,719,Germany,Male,37,3,1428.4157106753826,3,1,0,50616.91252577348,1
9103,15785287,Williams,693,Spain,Female,52,5,72353.91772300874,2,1,1,152966.30295732964,0
9104,15743214,Brown,499,France,Female,34,1,47427.035799047975,4,0,1,108059.57585047577,0
9105,15749682,Jones,800,France,Female,24,4,4208.913859492268,1,1,1,104686.15547768956,0
9106,15717630,Garcia,683,France,Male,39,9,6311.1499939828145,1,0,1,171720.95650603884,0
9107,15770862,Miller,726,Germany,Male,51,2,32811.188556910856,2,1,1,126573.86045070077,0
9108,15664282,Davis,765,Germany,Male,38,0,95811.2186618391,2,1,1,158432.67058803592,0
9109,15825793,Rodriguez,746,France,Female,41,5,40343.597091264426,3,0,0,80858.21354659738,1
9110,15736904,Martinez,637,France,Male,38,8,126046.86087892165,2,1,1,173431.09481954516,0
9111,15821392,Smith,722,Spain,Male,36,9,84546.66140171094,2,1,0,121153.44218205812,0
9112,15671047,Johnson,468,France,Female,63,7,49818.62195523661,1,0,0,99870.42760681603,0
9113,15640398,Williams,689,France,Female,52,3,18797.409700189946,1,1,1,116480.45408544512,0
9114,15681820,Brown,823,Spain,Female,57,7,95775.65354483823,2,0,0,47639.570319637256,1
9115,15804805,Jones,580,France,Female,67,10,53821.990319200915,3,1,1,101307.5915745348,0
9116,15773797,Garcia,741,France,Male,51,4,40233.5931914174,4,1,1,11600.0,0
9117,15773896,Miller,827,France,Female,34,2,34719.73365792611,4,1,1,98782.28138065248,0
9118,15658676,Davis,718,Germany,Female,47,3,11964.418774283768,3,1,0,156843.79631335507,0
9119,15750690,Rodriguez,752,France,Female,58,6,793.1927324538287,1,1,0,108910.56647608543,0
9120,15795499,Martinez,493,Spain,Male,44,4,63028.39073512955,4,1,1,54265.97391076714,0
9121,15671441,Smith,556,France,Male,35,3,126043.64183186182,3,1,1,92593.93324446335,0
9122,15741714,Johnson,792,Germany,Female,52,2,10146.354320084522,4,1,1,106582.40640243854,0
9123,15762116,Williams,746,France,Female,26,2,136456.27692574795,3,1,0,112598.10360852441,1
9124,15702924,Brown,699,France,Female,40,9,3731.426775527072,1,0,0,132838.0105813981,0
9125,15690923,Jones,623,Germany,Female,46,5,40200.04521197201,2,0,1,74907.7111114121,1
9126,15744702,Garcia,678,France,Male,37,7,6139.979793076923,2,0,1,61683.162005213184,0
9127,15791662,Miller,823,Germany,Female,45,3,109958.3290046472,1,1,1,101341.031466891,1
9128,15670109,Davis,639,France,Female,45,0,5448.3611498771625,1,1,1,104302.74523876555,0
9129,15733846,Rodriguez,719,France,Female,44,3,14454.461143796054,1,0,1,135525.2909009767,0
9130,15760390,Martinez,717,Germany,Female,37,4,81977.85557331379,2,0,0,98597.07472355271,0
9131,15729853,Smith,583,Germany,Male,34,7,58315.667546748286,3,1,1,94976.19587616385,0
9132,15658408,Johnson,591,France,Female,37,6,24561.595394773525,2,1,0,79752.06155822726,0
9133,15764966,Williams,802,Spain,Male,25,1,90629.4914821123,2,1,1,133947.44490230794,0
9134,15671503,Brown,707,France,Female,52,8,50488.87108277495,1,1,1,170256.594757071,0
9135,15782717,Jones,581,France,Female,44,2,15040.221750015045,3,1,1,106133.12308846433,1
9136,15775426,Garcia,618,France,Female,40,8,67405.510495307,4,1,0,38115.34749965104,0
9137,15808290,Miller,551,France,Female,32,0,20252.738539593996,2,1,0,170524.14627614425,0
9138,15686729,Davis,756,France,Male,40,8,84569.94936439011,3,1,0,116038.60739880643,0
9139,15635055,Rodriguez,624,Spain,Male,40,6,76069.56387995378,4,1,0,152909.82247534156,0
9140,15710034,Martinez,626,France,Female,34,1,18445.923809579184,3,1,1,125892.89959028446,0
9141,15757474,Smith,734,France,Male,49,9,5471.328827934706,1,1,0,39305.803510225844,0
9142,15721964,Johnson,482,Spain,Male,27,6,85959.4428840848,3,1,0,113434.92326820613,1
9143,15645578,Williams,646,France,Female,29,0,22663.134547087946,2,1,1,141462.67152249254,0
9144,15748778,Brown,648,France,Female,50,10,19676.016354508007,4,0,1,175894.38472374168,0
9145,15733724,Jones,621,France,Male,54,2,918.0379434018093,4,1,1,161086.8214985958,0
9146,15705006,Garcia,595,France,Male,41,6,64708.203433398616,4,1,0,70977.30376948735,0
9147,15716534,Miller,578,France,Male,29,2,16014.962142563121,3,0,0,119659.58596814556,1
9148,15731772,Davis,678,France,Female,52,1,28623.73008728748,4,0,0,132210.28969168646,0
9149,15712309,Rodriguez,548,Germany,Male,41,4,115026.98992849028,4,0,1,11600.0,0
9150,15799362,Martinez,666,Germany,Female,40,2,6694.101294981602,1,1,1,90583.9011086311,0
9151,15728391,Smith,594,Spain,Female,54,8,1939.0725741614972,2,1,1,135115.75980614865,1
9152,15731118,Johnson,601,Germany,Male,47,6,41106.80513746898,4,0,0,71169.16030441318,1
9153,15767691,Williams,669,France,Male,35,10,60174.250193085674,3,0,0,173838.252812349,0
9154,15642559,Brown,600,France,Female,23,0,37556.87311793055,2,1,1,179109.60276500674,0
9155,15742326,Jones,776,Germany,Male,35,0,20743.782251406043,4,1,0,114776.70381971227,0
9156,15770466,Garcia,635,France,Male,43,5,22426.248604368597,2,1,1,20419.8233151568,0
9157,15821656,Miller,754,France,Female,45,3,8105.248883063684,4,1,0,98260.29523992451,0
9158,15647839,Davis,573,Germany,Male,26,0,18677.655393425397,4,1,1,115906.61166534448,0
9159,15686188,Rodriguez,571,France,Male,32,8,71124.2423084549,4,1,0,159821.88631199228,0
9160,15653854,Martinez,483,Spain,Female,18,1,34571.53872528804,1,1,1,108223.14546562877,1
9161,15776381,Smith,600,France,Male,42,0,110709.31399197539,2,0,0,115882.22032129203,1
9162,15799880,Johnson,626,Spain,Male,21,2,9196.235383431756,1,1,1,140987.70531571112,0
9163,15638145,Williams,657,Spain,Male,34,9,29207.700555827752,1,1,0,168494.0884210358,0
9164,15809809,Brown,719,France,Female,30,0,60467.354250364646,3,1,0,59560.29513921902,0
9165,15739249,Jones,712,Germany,Female,45,3,15892.475952284893,4,0,0,200000.0,0
9166,15669633,Garcia,763,Germany,Male,42,3,15519.980078833894,1,1,1,58714.57136532449,0
9167,15808603,Miller,561,Germany,Female,31,5,5580.217764872213,3,0,1,166134.9054773997,0
9168,15700349,Davis,653,France,Male,40,2,111714.1750046785,2,0,1,129728.86820614176,0
9169,15823525,Rodriguez,549,France,Female,45,8,9469.047450592585,2,1,1,11600.0,0
9170,15689913,Martinez,691,France,Male,42,5,175540.10037325678,1,1,1,88563.67316448083,0
9171,15700469,Smith,830,France,Male,18,6,29786.31041372505,3,0,0,119664.79676001571,1
9172,15723382,Johnson,530,Spain,Female,62,5,200276.88632336527,4,1,1,104686.18231025375,0
9173,15691798,Williams,718,France,Male,44,8,2059.5094010957177,2,0,1,150376.17160001682,0
9174,15708307,Brown,754,France,Male,50,1,41861.627666896566,3,1,1,11600.0,0
9175,15692496,Jones,560,France,Female,31,10,58694.639536755596,2,1,0,11600.0,1
9176,15722242,Garcia,693,Spain,Female,29,7,36319.58796724558,4,1,1,106785.29150391763,0
9177,15649193,Miller,614,Germany,Female,33,4,42210.45778849227,3,0,1,82501.53538216681,0
9178,15731849,Davis,637,Spain,Female,59,1,38652.85303796892,4,1,0,76083.3878059351,1
9179,15814567,Rodriguez,610,Spain,Male,35,6,8094.02495600155,1,1,0,167141.29937756562,1
9180,15635329,Martinez,627,Spain,Male,38,4,37954.4837113367,4,0,1,80009.07051211299,0
9181,15787033,Smith,765,Germany,Male,57,7,39014.81154744444,2,0,0,76476.57007284506,1
9182,15678424,Johnson,642,France,Male,35,9,21970.355016177975,1,0,0,200000.0,0
9183,15738001,Williams,589,France,Male,39,10,46758.83594290451,4,0,1,20691.790968682923,0
9184,15746715,Brown,656,Germany,Male,25,5,26543.26286475013,1,0,1,115164.83583166511,0
9185,15765033,Jones,437,France,Male,58,6,70356.47051813465,4,0,0,137009.641589993,0
9186,15776603,Garcia,568,Germany,Male,31,10,1947.96366257491,3,1,1,95277.87652399405,0
9187,15763190,Miller,774,France,Male,37,0,500.0374085438693,1,1,1,123497.58337412504,0
9188,15694693,Davis,635,Germany,Male,18,1,37108.56740531275,4,1,0,58327.757995543994,0
9189,15789193,Rodriguez,602,France,Female,37,8,226517.1791109288,1,1,0,61126.82638464508,0
9190,15783067,Martinez,667,France,Male,38,6,29480.920925088172,4,1,0,56803.67968060907,1
9191,15799992,Smith,723,Germany,Male,34,6,597.5150605474869,4,1,1,47536.85140779435,0
9192,15728794,Johnson,782,France,Female,21,3,19070.775160463298,1,1,0,119706.68998711814,0
9193,15813608,Williams,604,Germany,Female,44,3,31485.23449040741,1,1,1,11600.0,0
9194,15745407,Brown,607,Germany,Male,19,2,115697.08844119648,3,1,1,16997.404533109395,0
9195,15794514,Jones,627,Spain,Female,22,9,6464.586699745532,3,1,0,11600.0,1
9196,15752691,Garcia,752,Spain,Female,36,3,129108.43209354972,1,1,1,72730.98553118925,0
9197,15723969,Miller,655,France,Male,51,9,140798.47366364996,2,1,1,150994.9904217953,0
9198,15647867,Davis,850,Germany,Male,38,5,51215.69038384348,4,0,1,59009.84714488305,0
9199,15771098,Rodriguez,633,France,Female,41,10,12756.404468538036,1,1,1,113118.5012050294,0
9200,15786299,Martinez,826,France,Male,32,2,38469.92015288482,1,0,1,91800.09061691206,0
9201,15714224,Smith,560,Germany,Male,32,9,84818.03829169863,4,1,0,200000.0,0
9202,15794861,Johnson,511,Germany,Male,47,7,22162.01108781111,2,0,1,70564.46317656134,1
9203,15670531,Williams,639,France,Male,51,0,117858.25085182882,2,1,1,184325.1110568561,0
9204,15696494,Brown,763,France,Female,50,5,4546.7288254927935,1,1,1,118416.65768228212,0
9205,15786213,Jones,602,Spain,Male,45,1,18349.563231154876,3,1,1,119036.82488874745,0
9206,15691232,Garcia,588,France,Male,42,10,249526.27910065427,3,0,1,113341.4913087622,0
9207,15774889,Miller,752,Spain,Female,24,0,43838.38895477539,2,0,0,200000.0,0
9208,15805059,Davis,720,Germany,Male,33,3,44621.59441138966,4,1,1,200000.0,0
9209,15765627,Rodriguez,570,France,Female,31,5,13713.295543021675,1,1,0,103768.28834975357,1
9210,15722182,Martinez,564,France,Male,39,6,97440.79789487344,1,0,1,94011.15076027109,0
9211,15712064,Smith,732,France,Male,46,10,28025.4673531139,1,0,0,15832.250283654677,0
9212,15747998,Johnson,486,Spain,Female,35,0,78881.97083149727,4,1,1,94388.61217409125,0
9213,15731639,Williams,757,Spain,Male,18,2,83216.92376695185,4,0,0,200000.0,0
9214,15729912,Brown,719,Germany,Male,51,5,9609.943954989065,1,1,1,170291.67486631617,1
9215,15790682,Jones,421,France,Female,30,5,34836.46677121521,1,1,0,117505.63719870962,0
9216,15683530,Garcia,651,Germany,Male,30,9,24224.657347800705,4,1,0,11600.0,1
9217,15724478,Miller,452,France,Male,45,5,8411.801904073503,2,1,1,84133.23729005094,0
9218,15659578,Davis,529,Germany,Male,33,6,6585.021282076058,3,0,1,33315.08581697318,0
9219,15759586,Rodriguez,599,France,Male,39,10,2344.074214288032,2,1,1,61565.42411364293,0
9220,15793300,Martinez,523,Spain,Male,42,6,60526.96223732176,2,1,0,70732.89906421029,0
9221,15732858,Smith,850,Germany,Male,40,9,76197.57599915513,1,1,0,133887.51461175055,1
9222,15735139,Johnson,736,France,Male,36,7,31875.10102951749,2,1,1,162763.2096110488,0
9223,15825463,Williams,786,Spain,Male,40,10,41496.41924268967,1,1,0,127831.73925396365,1
9224,15770374,Brown,635,France,Male,62,1,15190.286533630371,4,1,1,124821.74293119638,0
9225,15743933,Jones,653,France,Female,51,9,62728.30451059456,2,0,1,180708.11065471094,0
9226,15829319,Garcia,808,France,Female,48,0,43848.28973169637,1,1,0,65272.13562002588,0
9227,15642128,Miller,693,Germany,Male,43,9,106987.61485825505,3,0,0,48501.03988623463,0
9228,15738465,Davis,711,Spain,Female,55,6,68550.13170452276,1,1,0,147557.64763497753,0
9229,15805174,Rodriguez,558,Spain,Female,48,0,955.8494182586428,1,0,1,127033.67800631095,0
9230,15833723,Martinez,558,Germany,Female,52,1,82997.0634018496,3,1,1,111943.44351771112,0
9231,15707968,Smith,676,France,Male,53,0,1375.2117008968162,1,0,0,35511.32387658077,0
9232,15824791,Johnson,687,France,Female,46,0,84058.93048283306,1,0,0,169403.08006229138,0
9233,15690698,Williams,550,France,Female,45,2,218180.5665843596,3,0,0,139141.19548784092,0
9234,15773584,Brown,685,Spain,Male,36,3,32780.86996204989,1,1,0,197291.75188582865,1
9235,15705787,Jones,527,Spain,Female,59,4,12867.19038509522,2,1,0,64221.4338151247,0
9236,15684850,Garcia,651,France,Female,39,4,480.86588336040285,1,0,0,147923.9723662767,1
9237,15767625,Miller,506,Spain,Male,28,1,8143.184875087679,2,1,1,86244.88685114795,0
9238,15830886,Davis,782,Germany,Male,43,10,35037.001261398545,3,1,0,31155.399122243485,0
9239,15714490,Rodriguez,618,France,Male,37,2,82146.07527211413,2,1,0,54972.24148507833,0
9240,15729135,Martinez,580,Germany,Male,29,7,102582.79253097699,3,1,0,114104.89543065321,0
9241,15676556,Smith,535,Spain,Male,30,1,57531.223518980965,1,0,0,57883.031845267884,0
9242,15724321,Johnson,525,France,Female,40,3,4541.166229421936,1,1,0,70051.10093417672,1
9243,15774478,Williams,693,Spain,Female,40,6,237474.90426325827,3,1,1,143271.92880804822,0
9244,15635197,Brown,750,France,Female,25,8,68738.84439710541,2,0,1,157195.54527898814,0
9245,15664194,Jones,740,France,Male,35,2,27796.132609746182,2,1,1,62371.394977431075,0
9246,15675245,Garcia,789,France,Male,49,2,84013.28693660427,2,1,1,200000.0,0
9247,15697267,Miller,824,Spain,Male,18,6,44406.172013807394,2,1,0,153618.56054127996,0
9248,15786497,Davis,745,France,Female,36,7,46163.582411843185,1,1,0,11600.0,0
9249,15640574,Rodriguez,599,Spain,Male,39,3,177546.80704459865,2,1,1,121215.28594479119,0
9250,15650484,Martinez,666,Germany,Female,45,0,80754.6923698389,4,1,1,170257.15295458757,0
9251,15832068,Smith,424,France,Male,36,4,15200.784257824651,3,1,0,50906.242708178135,0
9252,15789443,Johnson,713,Spain,Male,35,10,9628.168507655926,2,1,1,150667.77639246028,0
9253,15659622,Williams,664,France,Male,45,3,9455.75367034277,3,1,0,200000.0,0
9254,15808422,Brown,809,Spain,Male,38,10,30302.969792384876,3,1,1,77711.30571817656,0
9255,15737223,Jones,575,France,Female,56,7,24597.23100811634,1,1,0,111977.9305474273,0
9256,15719976,Garcia,701,Germany,Male,45,6,30143.559911410917,3,0,1,11600.0,0
9257,15679514,Miller,549,Germany,Male,47,1,3237.4692453080124,2,1,0,123837.44502904694,1
9258,15647481,Davis,638,Spain,Female,39,5,11287.155622025739,4,0,0,171404.39217917674,0
9259,15668400,Rodriguez,486,France,Male,57,3,79850.99563797492,2,1,1,180917.4816371422,0
9260,15742393,Martinez,785,Germany,Male,33,6,70858.55757338848,1,1,1,11600.0,0
9261,15811747,Smith,755,France,Female,27,8,24987.0105449301,2,1,0,176884.6943258179,0
9262,15710393,Johnson,602,France,Male,38,6,24752.825440980443,3,1,0,129014.18347380756,0
9263,15701585,Williams,676,France,Female,36,1,107632.10920025947,4,1,1,136414.4935726525,0
9264,15808679,Brown,653,France,Female,37,7,10037.101172246705,2,0,0,145837.6405805771,0
9265,15768524,Jones,588,Spain,Male,58,5,22097.211710284755,3,1,0,102254.97252770996,0
9266,15794074,Garcia,662,Germany,Male,31,8,72085.28066253009,2,1,0,80932.32149913438,0
9267,15646555,Miller,605,France,Male,38,6,42734.69238667197,4,0,0,200000.0,0
9268,15741012,Davis,748,Spain,Male,22,4,3107.840226010718,2,1,1,11600.0,0
9269,15759757,Rodriguez,628,France,Female,57,7,594.7182194757609,2,1,0,191651.62647225073,0
9270,15789209,Martinez,850,Germany,Male,18,6,965.9936768323736,3,1,1,183249.82475863927,0
9271,15715631,Smith,642,Spain,Male,40,0,53353.119029939124,4,1,1,58979.62469697447,0
9272,15638657,Johnson,661,Spain,Male,25,10,48707.85615819078,3,0,1,11600.0,0
9273,15672772,Williams,702,France,Male,25,4,2276.625793870115,1,0,0,98528.09993032331,0
9274,15734578,Brown,733,Germany,Female,30,6,7076.036133410924,3,1,1,107251.24814800626,0
9275,15662853,Jones,657,France,Female,27,9,64107.278144398806,4,0,0,32277.04202085032,0
9276,15770206,Garcia,700,Spain,Female,41,6,18523.470529974493,3,1,0,11600.0,1
9277,15770598,Miller,668,Germany,Female,26,10,239487.47963231013,2,0,1,68635.2388607938,0
9278,15682639,Davis,572,Spain,Male,49,2,18733.55650143033,4,1,1,11600.0,0
9279,15726717,Rodriguez,545,France,Female,52,4,20450.092092473165,4,0,1,79533.05186820876,0
9280,15712528,Martinez,719,Germany,Male,55,7,27190.800302386637,2,1,0,86642.16073221574,0
9281,15705002,Smith,801,Germany,Female,23,8,87913.21812003142,1,1,0,121272.62741691069,0
9282,15734127,Johnson,486,Germany,Male,31,8,40742.172284519824,1,1,0,90910.67916517434,1
9283,15735766,Williams,506,Germany,Female,34,9,97331.5287685969,1,0,0,161578.5820474785,0
9284,15776376,Brown,505,Spain,Female,33,4,27861.56323524671,2,1,0,24655.62169032122,1
9285,15741334,Jones,727,Spain,Female,47,1,46860.49746816198,1,0,0,122187.81398265442,0
9286,15649987,Garcia,735,France,Male,42,7,231.5009935364787,2,0,1,90896.16841464269,0
9287,15643938,Miller,552,Spain,Male,29,6,42847.79310269829,4,0,0,170070.52241870668,0
9288,15700023,Davis,850,France,Male,36,3,4197.494374306058,2,1,1,81249.89617349648,0
9289,15796899,Rodriguez,611,Germany,Male,38,4,10722.43272169349,1,1,1,152968.6026535262,0
9290,15670623,Martinez,793,Spain,Female,37,9,250000.0,3,0,0,109796.63330549326,0
9291,15769456,Smith,730,France,Female,31,10,50692.38849905191,1,1,0,82154.73097984702,0
9292,15751971,Johnson,554,Spain,Female,27,10,101725.46481577793,4,1,1,27123.81516893678,0
9293,15683713,Williams,608,Spain,Male,46,9,2951.6952576734316,4,1,0,41944.87851567436,0
9294,15724004,Brown,562,Germany,Male,27,1,24270.98330304532,4,1,0,88823.99157622701,0
9295,15754376,Jones,515,France,Female,46,8,99185.09204640532,1,1,1,90978.39208403302,0
9296,15677321,Garcia,624,France,Male,41,5,26448.164207941227,2,1,0,129254.35860367151,1
9297,15814711,Miller,530,Spain,Female,30,8,14626.703641001548,2,1,1,170787.76875410703,0
9298,15760297,Davis,632,France,Female,44,7,32791.30985055799,3,0,0,194632.66962962935,0
9299,15769187,Rodriguez,843,Germany,Male,31,0,31832.620553708628,2,1,0,123710.5520240658,0
9300,15779009,Martinez,719,France,Female,44,8,233811.57845165714,3,1,1,13677.45207972922,0
9301,15809814,Smith,594,France,Female,31,8,21886.840686832405,4,1,0,50066.53231061914,0
9302,15738728,Johnson,586,Spain,Female,40,3,157732.8825683586,3,1,0,43181.85103004009,0
9303,15712260,Williams,609,France,Male,38,0,121539.50319394462,3,1,1,11600.0,0
9304,15800514,Brown,850,Spain,Male,32,3,29847.4219919225,3,1,1,200000.0,0
9305,15665609,Jones,541,Germany,Male,35,5,145003.9363388027,1,1,0,11600.0,0
9306,15822621,Garcia,649,Germany,Female,32,3,65259.452736979176,4,0,0,22375.2685600752,0
9307,15741435,Miller,696,France,Male,50,8,108145.99170882051,1,1,0,52708.415415821604,0
9308,15753239,Davis,771,Spain,Female,31,3,111175.36260065109,4,0,1,154974.26788890365,0
9309,15755323,Rodriguez,616,France,Male,38,9,4466.75242348738,1,1,0,142521.14375367743,0
9310,15727822,Martinez,553,Germany,Female,18,7,113566.35586261643,1,1,0,11600.0,1
9311,15660995,Smith,678,France,Female,32,1,33626.127932617565,4,1,0,41525.63763234326,0
9312,15692082,Johnson,781,France,Female,45,6,50672.53381123219,4,1,1,86790.67106999063,1
9313,15751845,Williams,622,Germany,Male,43,7,17870.724007276913,2,0,1,25168.02507170578,0
9314,15722892,Brown,566,Germany,Male,43,5,51855.054823172904,3,1,1,142356.24544894905,0
9315,15738865,Jones,661,France,Male,38,9,1372.5915213302287,4,1,1,11600.0,0
9316,15774781,Garcia,487,France,Male,41,5,23195.524421815437,2,1,1,147529.49759303595,0
9317,15640595,Miller,628,Spain,Female,53,7,49522.27988856517,1,0,0,133759.2912268819,0
9318,15728252,Davis,767,France,Female,29,2,10962.123252139309,3,1,0,127977.97567072095,0
9319,15752197,Rodriguez,737,France,Male,51,1,55831.941364342485,3,1,1,79978.98944327925,0
9320,15686668,Martinez,635,France,Male,30,8,88270.03652663353,2,1,1,195736.55377815064,0
9321,15746452,Smith,815,France,Female,42,7,1902.6080269920872,1,1,1,11600.0,1
9322,15677544,Johnson,840,France,Female,30,9,46310.70349514642,4,1,1,11600.0,0
9323,15650740,Williams,716,France,Male,47,4,43449.71208168032,2,0,0,200000.0,0
9324,15753160,Brown,503,Germany,Male,26,4,76182.27700980738,3,1,1,101892.19779432222,0
9325,15810201,Jones,462,France,Female,28,5,59785.28916046436,1,1,0,167395.9803149028,1
9326,15643792,Garcia,788,Germany,Male,37,5,30313.626731072556,1,0,1,48918.42431721993,0
9327,15726861,Miller,674,Spain,Female,31,1,21888.189696013393,2,0,1,65542.67462794189,0
9328,15713024,Davis,813,Spain,Female,31,6,212196.71202794203,2,0,0,200000.0,1
9329,15821372,Rodriguez,516,Spain,Male,37,2,34835.43900509631,2,0,1,130564.87900141701,0
9330,15716917,Martinez,633,France,Male,26,7,26206.436445650917,1,0,0,140222.21285302864,0
9331,15663688,Smith,752,France,Female,40,8,248100.59580286028,4,1,1,90968.92211925096,1
9332,15782996,Johnson,577,Spain,Male,42,2,9953.170494816772,4,0,0,55033.78513802173,0
9333,15760206,Williams,751,France,Male,23,5,10297.934241927402,3,1,1,159438.28379145963,0
9334,15735416,Brown,637,France,Male,41,7,187479.3193981578,1,1,1,74537.35824761157,0
9335,15753926,Jones,652,Germany,Male,41,5,53601.97284465276,4,0,0,76801.37087865175,1
9336,15763523,Garcia,531,France,Female,43,9,36671.27720439957,1,1,0,84276.81529291697,1
9337,15638037,Miller,675,Spain,Female,40,2,3509.103716297157,1,1,1,106664.5341061793,0
9338,15736107,Davis,850,Spain,Female,42,3,21992.044741317903,1,1,0,54621.28197799553,0
9339,15687933,Rodriguez,688,Spain,Male,42,8,28399.327195371603,2,1,1,45596.96690710793,0
9340,15794616,Martinez,570,Spain,Male,41,10,35810.95979932204,4,1,1,66015.96972746347,0
9341,15825309,Smith,789,France,Male,42,0,28685.320520786467,2,1,0,60214.2105679311,0
9342,15794733,Johnson,573,Germany,Female,54,3,28822.356600278155,3,1,0,11600.0,0
9343,15823231,Williams,822,France,Male,52,9,250000.0,1,1,0,190981.58041486316,1
9344,15748059,Brown,522,Germany,Male,37,0,182465.37288726823,1,0,0,113610.19930833956,0
9345,15686991,Jones,677,France,Female,32,7,4507.062374184532,3,1,1,62448.41344034742,0
9346,15687616,Garcia,802,Germany,Male,51,6,9233.587525283823,4,1,1,165752.77884306942,0
9347,15798500,Miller,563,Spain,Male,61,6,142030.3896104926,1,0,0,11600.0,0
9348,15664899,Davis,658,France,Male,38,1,19209.56679839261,1,1,0,133328.47615140316,0
9349,15678492,Rodriguez,765,France,Female,43,9,47278.26387467713,4,0,0,89516.03087191093,0
9350,15655924,Martinez,424,France,Female,35,5,79940.66333862767,3,0,1,82404.30758100582,0
9351,15670341,Smith,742,France,Female,44,7,31826.437254049295,3,1,0,71087.8196633186,0
9352,15775393,Johnson,641,France,Male,19,7,837.9214704870249,4,1,1,158806.7509163727,0
9353,15714155,Williams,794,Spain,Male,33,4,88035.09678051824,4,1,0,83231.83579227814,0
9354,15642916,Brown,567,France,Female,46,7,70578.5754844213,3,1,1,101685.67146667013,0
9355,15728433,Jones,511,France,Female,30,1,2115.7382728398557,3,1,1,200000.0,0
9356,15709766,Garcia,595,Germany,Male,44,3,113831.94539331873,1,1,0,110035.78906969793,0
9357,15742260,Miller,593,France,Male,44,9,97250.19854179316,3,1,0,79723.6945873014,0
9358,15711630,Davis,629,France,Female,44,1,16082.333166506427,3,1,0,103478.7321102388,0
9359,15670715,Rodriguez,603,Spain,Male,33,4,4176.66854894204,2,0,1,138657.89071617444,0
9360,15751776,Martinez,449,Spain,Male,46,10,25806.46074186188,2,0,0,39665.82152100554,0
9361,15781031,Smith,640,France,Male,57,2,103933.1223733079,3,1,1,150433.07775565446,0
9362,15654967,Johnson,673,France,Female,34,5,32928.862019745095,4,1,1,74935.97345801913,0
9363,15673631,Williams,630,France,Female,32,6,16534.80355675092,3,1,0,127370.43049384364,1
9364,15636339,Brown,678,France,Male,37,5,13183.023460163451,4,0,1,125104.48700159257,0
9365,15765644,Jones,658,France,Female,41,10,21927.95809970374,2,1,1,90757.4202952109,0
9366,15720076,Garcia,511,Germany,Male,28,1,250000.0,4,1,0,131929.4440437488,0
9367,15712820,Miller,619,Spain,Male,34,1,105360.90296359565,3,0,1,140863.28035767976,0
9368,15793173,Davis,661,France,Male,53,3,39597.847712100345,2,1,0,51359.37547169001,0
9369,15763294,Rodriguez,626,Germany,Male,50,6,82620.98012236865,2,0,1,50409.15918046482,0
9370,15811831,Martinez,500,France,Female,29,7,19009.716596113696,2,1,0,156553.5587446522,0
9371,15821921,Smith,772,Germany,Male,57,4,47752.990536239806,1,1,1,124912.18259415482,0
9372,15763013,Johnson,552,Germany,Male,34,9,103080.454295181,2,1,1,46105.41841851925,0
9373,15806708,Williams,525,Spain,Female,42,0,22918.484877353298,4,1,0,112229.46628508253,0
9374,15634896,Brown,654,France,Male,39,8,80571.16037317581,4,0,0,36170.68411465317,0
9375,15659198,Jones,618,France,Male,48,7,47637.73303778391,3,0,1,102528.09416978585,0
9376,15732787,Garcia,710,Germany,Male,27,0,47772.18899137208,3,1,0,22593.497154977973,0
9377,15646036,Miller,737,France,Female,33,8,2098.235512308629,2,0,0,11600.0,1
9378,15692984,Davis,722,France,Male,29,4,114760.92721466848,1,0,0,99263.16294565846,0
9379,15672700,Rodriguez,649,France,Male,28,7,74837.64859834002,3,0,1,200000.0,0
9380,15639257,Martinez,705,Germany,Female,31,9,1857.6766699367552,4,1,1,84112.2994693365,0
9381,15717631,Smith,493,France,Female,30,9,47176.1956373964,4,0,1,78730.16743542645,1
9382,15680830,Johnson,759,Spain,Female,45,1,68501.73995860197,2,1,0,132469.76397304214,1
9383,15638373,Williams,609,France,Male,35,6,79267.08370266209,3,0,1,172176.90140051505,0
9384,15708701,Brown,846,France,Female,36,8,4635.805509779844,4,1,0,117752.05408146058,0
9385,15755413,Jones,762,Germany,Female,20,6,51074.331021477505,2,0,1,150541.29446756988,0
9386,15822473,Garcia,630,France,Female,48,8,13261.854073072962,3,1,0,118811.00400873923,0
9387,15696859,Miller,652,France,Female,21,3,30022.720788890278,1,0,1,153929.2063438002,0
9388,15652160,Davis,768,France,Male,39,4,37375.39998293729,1,1,1,90424.88205028247,0
9389,15693038,Rodriguez,423,France,Female,52,6,1386.255775609542,1,1,1,168031.61825191672,0
9390,15742381,Martinez,633,Spain,Female,54,0,17800.89207373364,1,1,1,131188.59536928913,0
9391,15759493,Smith,820,France,Male,25,1,79836.56620933853,3,0,0,11600.0,0
9392,15666978,Johnson,734,Spain,Male,37,1,92368.76135748827,3,1,0,138082.19436123056,1
9393,15712526,Williams,566,Spain,Male,46,9,20024.668825200308,1,1,1,195838.12877467758,0
9394,15663934,Brown,681,France,Female,34,8,29151.666782199543,4,1,0,127450.00529443801,0
9395,15765603,Jones,552,France,Female,49,2,88950.51122800018,3,1,1,76352.46232899485,0
9396,15681339,Garcia,615,France,Male,18,8,11206.474157460058,2,0,1,200000.0,0
9397,15765514,Miller,683,France,Female,40,0,65647.60519131538,4,1,0,103250.19126686025,1
9398,15723633,Davis,700,Germany,Female,43,10,26155.141937110682,4,0,0,80366.14238593003,0
9399,15817626,Rodriguez,722,France,Female,27,2,217541.58680071347,4,1,1,118961.68335393588,1
9400,15655593,Martinez,773,Spain,Male,47,9,46037.705566958655,1,0,1,157262.21121589435,0
9401,15662074,Smith,530,France,Male,28,1,8012.735986645804,4,0,0,75087.24361695985,1
9402,15694548,Johnson,652,France,Female,55,1,9428.929443180941,3,1,0,100490.44985739853,1
9403,15792523,Williams,564,France,Male,35,0,1384.3123645221012,4,1,0,154410.5266799021,0
9404,15636143,Brown,610,France,Male,37,5,62733.067496818185,4,0,0,76972.55846826808,0
9405,15763839,Jones,574,Spain,Male,28,4,29289.37711134062,2,1,1,122404.85029619222,0
9406,15637367,Garcia,699,Germany,Female,35,4,551.4717656226876,2,1,1,75093.93012550862,0
9407,15677676,Miller,755,France,Male,31,10,5347.006150668523,3,1,0,120291.30033424511,0
9408,15737397,Davis,760,Spain,Male,42,8,17083.699393552775,4,1,1,11600.0,0
9409,15794957,Rodriguez,539,Spain,Male,41,5,27592.568559730506,1,0,0,40871.65348846019,1
9410,15735989,Martinez,637,Spain,Male,38,8,139392.36213822878,2,1,1,45712.96854191165,0
9411,15766443,Smith,536,Spain,Female,40,3,38967.10908016901,1,1,1,122125.52828646627,0
9412,15783480,Johnson,533,Germany,Male,28,6,112327.0553916244,3,1,1,143105.8852072829,0
9413,15637574,Williams,583,Germany,Female,28,10,14419.462516808928,3,0,0,93310.6530826104,1
9414,15783930,Brown,684,France,Male,51,3,20190.768396799278,4,1,1,14176.859794933014,0
9415,15738505,Jones,701,France,Male,31,0,106347.54821619314,3,1,1,200000.0,0
9416,15784327,Garcia,715,Germany,Female,41,3,33800.909863817215,4,1,1,105548.24145002979,0
9417,15738181,Miller,709,Spain,Female,18,1,44599.57742604002,1,1,1,166415.12805141349,0
9418,15673941,Davis,565,Germany,Male,43,4,42686.69368846593,1,0,1,168837.53281320567,1
9419,15791431,Rodriguez,768,Spain,Male,50,10,51834.8133408581,2,0,1,23407.70947092405,0
9420,15737978,Martinez,730,France,Male,40,1,44452.32514559176,2,1,0,65978.66588339735,0
9421,15677001,Smith,608,Germany,Male,40,1,59268.37305744562,4,1,0,194357.3805949912,0
9422,15678615,Johnson,612,Germany,Female,54,10,7966.067668978722,1,0,0,100990.86501244869,0
9423,15780380,Williams,584,Germany,Male,41,3,62002.25410365847,3,1,1,116488.8002410248,1
9424,15803905,Brown,520,Germany,Female,32,6,8161.094355198737,1,1,0,128096.67978599046,1
9425,15662511,Jones,716,France,Female,34,2,20807.454011816924,2,0,0,128316.03436169295,0
9426,15823246,Garcia,732,France,Male,32,10,88995.55927928539,3,1,0,93506.32585796343,0
9427,15829441,Miller,557,Spain,Female,48,6,46797.14675754726,2,0,1,57156.01878755228,0
9428,15792143,Davis,526,France,Female,51,10,170813.77533087812,3,1,0,70684.96262434634,1
9429,15766987,Rodriguez,556,France,Female,49,8,14537.529038028515,1,1,1,134812.49327047728,0
9430,15773521,Martinez,661,France,Female,31,2,126752.2721377905,2,1,0,32781.08130121311,0
9431,15815896,Smith,511,France,Female,39,3,51350.4640597574,3,1,0,35053.15997421391,1
9432,15775604,Johnson,762,Spain,Female,46,0,23041.42382482156,2,1,0,80992.1093113879,1
9433,15637887,Williams,756,Germany,Female,27,6,77273.63260920461,1,0,1,65267.86937949026,0
9434,15758239,Brown,692,Spain,Female,48,0,154908.9884637435,2,0,1,123888.24200072107,0
9435,15670465,Jones,730,France,Male,47,2,75606.61534124544,2,1,0,200000.0,0
9436,15782378,Garcia,655,Germany,Male,45,8,324.7398128570567,4,0,0,137145.842522065,0
9437,15784379,Miller,696,Spain,Female,47,4,516.100884731471,3,1,1,88307.72234790963,0
9438,15766229,Davis,519,Spain,Male,38,9,6743.346472716109,4,1,0,11600.0,0
9439,15655925,Rodriguez,789,Spain,Male,30,9,95098.2489358873,3,1,0,98916.07987171307,0
9440,15705570,Martinez,601,Germany,Male,50,10,69364.12811117266,4,0,0,58998.20626185217,1
9441,15832596,Smith,637,France,Female,39,1,51051.11467622038,1,0,1,154671.26642515216,0
9442,15688517,Johnson,850,France,Female,33,8,59291.22953528348,4,1,0,53235.65513238151,1
9443,15744145,Williams,627,Spain,Male,40,5,48353.69306293573,4,1,0,47042.89910067067,1
9444,15776293,Brown,723,Spain,Male,40,8,21376.73945135374,3,1,0,137959.50463181516,0
9445,15743102,Jones,701,Germany,Female,34,10,63728.655406695165,4,1,1,78565.74000787665,0
9446,15824948,Garcia,516,France,Female,44,3,136744.160886813,3,1,1,88560.78282309072,0
9447,15786899,Miller,550,Germany,Female,58,5,69248.95811056439,2,0,1,59160.94655452098,1
9448,15745868,Davis,850,France,Male,26,6,100982.05326656297,1,0,0,144940.77478769963,0
9449,15661341,Rodriguez,707,France,Female,26,10,13535.174255513433,1,0,0,51016.59862982385,0
9450,15813382,Martinez,648,France,Female,51,5,21484.203004997853,3,1,1,118680.67123790208,0
9451,15762643,Smith,596,Spain,Male,46,3,35437.19821661515,2,1,1,11600.0,0
9452,15687621,Johnson,682,France,Female,55,7,31885.022351632364,1,0,0,58852.59678988368,1
9453,15641975,Williams,691,Germany,Male,57,5,31366.76937105676,1,1,1,138007.94074440643,0
9454,15800955,Brown,672,France,Female,46,1,51159.54516561251,2,1,1,136355.61648916078,0
9455,15654789,Jones,756,Germany,Female,27,5,96686.14116407774,4,1,1,74454.50321242533,0
9456,15702465,Garcia,563,Germany,Male,42,0,109090.11662023207,3,1,1,134599.50359070706,0
9457,15732529,Miller,549,Spain,Female,35,8,8155.465404944931,3,1,1,118538.71458737407,0
9458,15718687,Davis,754,France,Male,44,9,4723.896277190307,4,1,1,118469.552167221,0
9459,15752598,Rodriguez,850,France,Female,31,6,18641.344585902076,3,1,0,58449.93559783411,0
9460,15673822,Martinez,734,Spain,Male,44,7,66823.19318150432,2,0,0,54709.64845744785,1
9461,15765105,Smith,779,France,Male,46,10,78861.44565549755,2,1,1,79082.88831145536,1
9462,15642244,Johnson,642,France,Male,41,3,24166.755496802587,1,0,1,78000.64250202218,0
9463,15714573,Williams,676,Germany,Male,43,7,18585.66529568612,4,1,1,92881.73390678882,0
9464,15690158,Brown,675,Germany,Female,46,0,6991.528656830083,2,1,1,128096.13953644164,0
9465,15799434,Jones,644,France,Female,31,10,13605.697037271095,3,1,0,94558.11290953882,0
9466,15672794,Garcia,791,France,Male,42,3,5311.128372309344,1,1,1,85325.0927110249,1
9467,15770055,Miller,761,Spain,Male,38,5,18109.66814734631,2,0,0,109016.23362409449,0
9468,15785232,Davis,610,Germany,Male,50,9,56369.560602951555,4,0,0,200000.0,0
9469,15665384,Rodriguez,485,France,Female,47,6,6903.0304685747415,2,0,0,81222.67829512712,0
9470,15639384,Martinez,643,France,Male,33,2,19379.01431151812,1,1,1,68860.424520856,1
9471,15820386,Smith,534,Germany,Male,46,9,37606.58672759338,3,1,0,116859.0147476826,1
9472,15785136,Johnson,652,France,Female,53,9,19808.44081943523,4,1,1,111356.74492416115,0
9473,15694632,Williams,542,Spain,Male,43,1,28952.942965007533,3,1,1,130418.50161776354,0
9474,15834193,Brown,775,Germany,Male,35,8,34345.15120039966,2,1,1,157802.9424267013,0
9475,15691013,Jones,718,France,Male,28,0,74584.72917471509,4,1,0,11600.0,0
9476,15820880,Garcia,716,Spain,Male,19,9,92605.95262539803,1,1,0,200000.0,0
9477,15732071,Miller,757,France,Male,50,0,10683.789555206331,2,1,0,132386.83502377442,0
9478,15681552,Davis,689,France,Female,25,9,23048.978197157405,1,1,0,134398.26876368682,0
9479,15768197,Rodriguez,704,Germany,Male,28,1,42802.10061328008,2,1,0,100903.63491008923,1
9480,15826600,Martinez,793,Germany,Male,40,4,34595.37078029358,3,0,1,78359.4950996883,1
9481,15775351,Smith,636,France,Male,42,0,4191.823450860801,1,1,1,125242.75068273675,0
9482,15780763,Johnson,710,France,Female,53,5,21153.263154241806,3,1,1,67044.18405628663,0
9483,15770255,Williams,544,France,Female,42,7,12907.605699298816,3,1,0,103094.68209690118,0
9484,15777581,Brown,657,France,Female,36,9,27001.345888802363,1,1,0,22318.711705775597,0
9485,15771283,Jones,850,Germany,Male,36,1,20623.131375997767,4,1,1,41918.1507660598,1
9486,15816827,Garcia,731,Germany,Female,23,4,59434.934702532504,1,1,1,191782.86835592333,0
9487,15685141,Miller,641,France,Male,53,2,25661.809684386582,2,0,0,135181.95075971578,0
9488,15809817,Davis,676,France,Male,47,1,13822.35153359078,1,1,0,114549.88084356404,0
9489,15657538,Rodriguez,647,France,Male,41,5,48333.252059637554,2,0,1,45414.75645424464,0
9490,15684784,Martinez,673,France,Male,53,0,64894.25778925162,1,1,1,167651.94894125644,0
9491,15745861,Smith,610,France,Male,49,7,5729.494806870838,3,0,0,22720.0846689537,0
9492,15729644,Johnson,699,France,Male,44,5,14466.542967778745,1,1,1,30915.674006851303,0
9493,15647765,Williams,703,France,Male,38,3,11710.69282086797,4,0,0,48893.99338353049,0
9494,15825432,Brown,650,Germany,Female,39,4,11225.180493814309,1,1,0,97529.17719423833,1
9495,15811731,Jones,664,Spain,Female,24,1,116131.05073009503,2,0,1,114600.4592667338,0
9496,15778211,Garcia,684,France,Female,49,7,6735.312419978975,2,1,1,112564.75679159201,0
9497,15657021,Miller,597,Spain,Male,37,5,102449.25270218082,4,1,1,57628.120192073184,0
9498,15808252,Davis,698,Spain,Female,49,5,25035.87936032253,4,1,0,133306.17773121427,1
9499,15755813,Rodriguez,728,Spain,Female,46,2,51193.96364299586,3,0,0,200000.0,1
9500,15757364,Martinez,796,Spain,Female,40,0,29075.722602088517,4,0,0,11600.0,0
9501,15635436,Smith,681,Germany,Male,47,7,45658.04764268136,1,0,0,71202.38121848981,0
9502,15666816,Johnson,594,Germany,Female,31,6,40109.66987885679,2,1,0,33444.53153638932,0
9503,15637015,Williams,639,France,Male,24,0,28365.31134530415,4,0,1,41222.96081214322,0
9504,15644107,Brown,535,Germany,Male,37,7,16080.883965369394,4,1,1,51074.56825968685,0
9505,15737404,Jones,722,Germany,Male,43,9,133589.61395010859,1,1,0,11600.0,1
9506,15767779,Garcia,444,Germany,Female,47,1,123827.49201566707,3,1,0,50166.39049941976,1
9507,15833778,Miller,752,Germany,Male,39,10,3688.5446819861277,2,1,1,111080.8346732275,0
9508,15762905,Davis,764,France,Male,29,7,12649.294633457472,3,1,0,136569.9869198139,0
9509,15749499,Rodriguez,356,Germany,Female,52,4,42673.58823667711,4,1,0,11600.0,1
9510,15693010,Martinez,777,France,Male,35,7,196738.70862832238,2,1,1,197806.58265268512,0
9511,15803353,Smith,752,Germany,Female,42,10,64994.5517389784,4,1,0,11600.0,1
9512,15751510,Johnson,620,Spain,Female,44,5,85279.9843946206,1,1,0,11600.0,1
9513,15714333,Williams,530,Spain,Male,39,1,18860.10362049462,2,0,1,122213.7239864828,0
9514,15699733,Brown,566,Spain,Male,19,6,12353.419564083912,3,1,1,200000.0,0
9515,15698882,Jones,574,France,Male,32,10,12806.728280815858,2,1,1,152083.9257420184,1
9516,15650364,Garcia,781,Spain,Female,43,10,33012.88922524703,4,1,1,59098.89082997282,0
9517,15752400,Miller,605,France,Female,54,5,97765.79094289638,1,0,0,166245.70938354154,0
9518,15751456,Davis,740,Spain,Male,45,3,12190.910148837682,1,0,0,86962.69334627828,1
9519,15693305,Rodriguez,637,France,Male,43,8,42235.51000667901,3,0,1,15421.263329527268,0
9520,15697681,Martinez,655,France,Male,19,3,82720.39287767184,3,1,0,11600.0,0
9521,15656179,Smith,492,Germany,Female,49,0,34692.994585398315,4,0,1,189097.09712989224,0
9522,15635816,Johnson,535,Germany,Male,48,2,26970.048105212,2,1,1,27823.811964128487,0
9523,15720941,Williams,779,France,Male,44,10,21273.0919031461,1,1,1,35767.18790397077,0
9524,15682716,Brown,634,Germany,Female,41,7,45870.63837828354,1,1,1,88427.02532820734,0
9525,15697832,Jones,680,Germany,Male,44,2,85102.64906306315,4,1,1,18549.373298297156,0
9526,15798654,Garcia,830,France,Male,51,6,250000.0,2,1,1,173423.77982764115,0
9527,15701796,Miller,637,Germany,Female,38,10,101765.27566535391,2,1,0,73659.29248282703,0
9528,15746935,Davis,631,France,Female,42,0,30142.495094641185,3,1,0,107630.9436994273,0
9529,15672394,Rodriguez,770,Germany,Male,35,3,4127.9019738628085,3,0,1,81885.67151614987,0
9530,15680409,Martinez,651,France,Female,39,3,6422.204053659185,2,1,1,158353.16153274168,0
9531,15759868,Smith,682,Germany,Male,40,8,1488.181147582595,4,1,1,46519.24841903998,1
9532,15787975,Johnson,749,France,Female,45,10,22522.854823597867,2,1,1,134060.97400897328,0
9533,15770815,Williams,650,France,Female,34,0,32845.70541137369,2,1,0,152564.76483335908,0
9534,15738894,Brown,728,Germany,Female,37,10,85909.45270341875,1,0,1,89520.50586669825,1
9535,15757586,Jones,638,Germany,Female,42,8,4481.680440189189,4,0,1,143559.5652016782,0
9536,15648379,Garcia,748,Spain,Female,37,9,12946.26928278792,4,1,0,95709.55195354795,0
9537,15672948,Miller,692,Spain,Male,40,7,35734.056161780376,4,0,1,165806.5402805692,1
9538,15689305,Davis,627,Germany,Male,27,9,94781.49952574067,4,1,0,11600.0,0
9539,15729579,Rodriguez,657,France,Male,44,5,4585.9959423857445,3,0,0,39097.72099377074,1
9540,15682421,Martinez,405,France,Female,32,10,13948.404342894277,3,0,1,90451.38219850315,0
9541,15794143,Smith,769,France,Male,25,3,39252.68709307734,1,1,1,11600.0,0
9542,15769519,Johnson,524,France,Male,41,10,19605.11445497714,3,1,1,81206.7027687064,0
9543,15744788,Williams,543,Spain,Female,42,5,243965.10748736863,4,1,1,80784.56493785023,0
9544,15657892,Brown,606,France,Male,43,5,30086.12754091892,2,1,1,23639.73821259079,0
9545,15747153,Jones,470,France,Female,43,1,121156.92368602709,1,0,0,43744.909351030896,0
9546,15796373,Garcia,696,France,Male,43,6,141415.89404685557,2,1,1,49742.116822191405,0
9547,15809926,Miller,686,France,Male,53,8,15016.935990134434,3,1,1,122927.71713489831,0
9548,15733284,Davis,601,France,Male,47,7,19763.423816944265,4,1,1,130832.62695433294,0
9549,15768967,Rodriguez,582,Germany,Male,48,2,19588.232101468973,1,1,0,37153.89534923608,0
9550,15752619,Martinez,580,France,Male,44,7,28662.718845898537,3,1,1,182124.34132570052,0
9551,15754098,Smith,711,Germany,Male,47,3,3261.640142210916,2,1,1,136168.69643262314,0
9552,15691691,Johnson,490,Germany,Male,34,9,82345.0340530553,2,1,1,25937.34109433902,1
9553,15782282,Williams,609,Spain,Female,45,0,7012.2267110172725,4,0,1,154763.96646926503,0
9554,15763315,Brown,497,Spain,Male,50,2,112058.07534703442,3,1,1,51531.7869222306,0
9555,15831947,Jones,726,Spain,Female,36,0,42969.745426882175,1,1,0,150950.9404501337,1
9556,15651221,Garcia,616,France,Female,52,4,32839.571201381536,1,0,0,97757.32063588008,0
9557,15712608,Miller,704,France,Male,35,9,54056.57137448923,1,0,0,92373.25551484706,0
9558,15649381,Davis,774,Spain,Male,43,10,135228.36169316192,2,0,0,153402.36957212572,0
9559,15816714,Rodriguez,776,France,Male,28,8,17596.240593287574,3,1,0,107378.65894059312,0
9560,15821999,Martinez,547,France,Female,47,6,15748.263914029054,1,1,0,120849.3212310873,1
9561,15656232,Smith,680,France,Female,51,2,23092.095789975672,1,1,1,53511.71031425109,0
9562,15740177,Johnson,762,Germany,Male,38,6,33355.32596891679,1,1,0,112012.46337745525,0
9563,15750038,Williams,719,France,Female,25,7,3936.1776321299994,1,1,0,56046.84094027883,1
9564,15777852,Brown,729,Germany,Female,39,3,56969.715261423335,1,1,0,69268.45929743204,0
9565,15785609,Jones,471,Germany,Female,30,2,36791.720852249055,3,1,1,83821.70305480476,0
9566,15812932,Garcia,718,France,Male,39,1,38817.51616127547,2,1,1,93547.90138451292,0
9567,15657386,Miller,570,France,Male,47,7,14360.52998075526,4,0,1,80503.96741634785,0
9568,15829396,Davis,716,Germany,Male,43,2,91816.85518722255,3,1,1,72260.5558658547,0
9569,15788701,Rodriguez,714,France,Female,23,6,25379.791959908103,2,0,1,123694.60956492397,0
9570,15823527,Martinez,708,France,Female,35,10,52815.41307844177,2,1,0,97269.71962836682,0
9571,15746769,Smith,638,France,Male,41,10,13725.855428791556,3,1,1,123824.00963440264,0
9572,15701961,Johnson,781,Germany,Male,52,10,84720.49695015897,2,1,0,200000.0,1
9573,15713210,Williams,701,Germany,Female,37,1,17813.47659024513,2,1,0,170122.02680140611,1
9574,15649713,Brown,682,France,Female,43,4,127352.01682938809,2,1,0,68913.56893841564,0
9575,15797986,Jones,556,Germany,Male,40,4,30329.45056175341,2,1,1,66892.77159179529,0
9576,15658763,Garcia,689,Germany,Male,33,8,7841.468078034014,1,0,0,98702.4418015677,1
9577,15753522,Miller,847,France,Male,34,7,47233.772880549644,3,0,1,178362.4579908688,0
9578,15739425,Davis,510,France,Male,37,7,40667.99143115643,3,1,0,146225.86909259894,0
9579,15759616,Rodriguez,723,Spain,Male,51,9,27360.16292226182,4,0,0,167427.21634129836,0
9580,15765068,Martinez,735,Germany,Male,31,1,85659.70524250882,1,1,1,46045.64610823511,0
9581,15701915,Smith,822,Germany,Female,37,1,27347.576736512307,1,0,1,114047.13994107716,0
9582,15816048,Johnson,722,France,Female,33,9,7322.003684784184,1,1,1,200000.0,1
9583,15789688,Williams,651,Spain,Male,52,6,1449.9753435576613,4,1,1,68334.4101424609,0
9584,15714910,Brown,692,Germany,Female,42,3,111356.5848624813,3,0,0,65948.10498627563,0
9585,15680991,Jones,623,France,Female,52,2,31433.86245468143,1,0,1,54540.76663757945,0
9586,15783835,Garcia,771,Spain,Male,18,2,41386.74011471746,3,1,1,178953.48210521633,1
9587,15742402,Miller,495,France,Female,48,6,6093.752639074993,4,1,0,12879.260758604578,0
9588,15773164,Davis,601,France,Female,30,0,33609.65057161044,1,1,0,75423.69039298999,1
9589,15754149,Rodriguez,694,France,Female,33,3,38110.38414057145,3,0,0,129465.57282768209,0
9590,15659104,Martinez,767,Germany,Male,37,5,31298.056784171786,2,1,0,79226.64477080805,0
9591,15670359,Smith,648,Germany,Male,38,8,154086.03661188702,1,0,1,96881.32247775435,0
9592,15675713,Johnson,571,Germany,Male,38,0,42359.82152541853,2,1,0,124305.2486119435,0
9593,15732875,Williams,628,Spain,Male,31,0,183233.25536176522,1,1,1,124591.88221338982,0
9594,15693247,Brown,613,France,Female,37,1,8322.403383128554,3,1,1,125514.50652345545,0
9595,15744820,Jones,617,Germany,Female,38,6,122780.63242466604,2,1,1,132957.63064907474,0
9596,15693657,Garcia,606,Germany,Female,22,6,40251.03885540042,2,1,0,126253.8371605935,0
9597,15754417,Miller,606,Spain,Male,42,4,17558.539067171834,2,1,0,179419.96743501056,0
9598,15774672,Davis,478,France,Male,39,3,68470.19362510538,1,0,1,44375.36847698188,0
9599,15794580,Rodriguez,680,Spain,Female,40,9,40626.06689687143,1,1,0,108158.98791272227,0
9600,15735628,Martinez,717,France,Male,34,5,42862.9461315704,4,0,1,20059.134870179725,0
9601,15704794,Smith,799,Spain,Male,39,7,9433.426422726936,1,1,0,36813.79979525755,0
9602,15816151,Johnson,736,Germany,Female,18,6,56962.395504315165,2,1,1,123452.09590519346,1
9603,15802575,Williams,730,Spain,Female,33,1,17416.895076434965,4,1,0,92493.54379113916,0
9604,15686623,Brown,679,France,Female,34,10,21984.511835565565,3,0,1,102997.93049210423,0
9605,15663694,Jones,473,France,Male,38,1,118530.56409337046,2,1,1,170044.35053560452,0
9606,15766916,Garcia,678,France,Male,38,5,9891.957765611376,2,1,0,140197.61044755933,0
9607,15741445,Miller,661,Germany,Female,48,0,108861.61692347714,3,1,0,63362.779870633116,0
9608,15767505,Davis,752,Germany,Female,27,4,34699.18227104885,3,1,0,82166.52612850204,1
9609,15685323,Rodriguez,706,Spain,Female,46,0,9831.788155607215,4,1,1,139384.73812098196,0
9610,15663113,Martinez,637,France,Male,59,6,83459.09343777139,2,1,0,11600.0,0
9611,15707384,Smith,845,France,Female,34,2,52849.05466850731,2,0,1,49781.32267297183,0
9612,15731605,Johnson,734,France,Male,46,8,21295.170875877313,3,1,0,106447.39859689864,1
9613,15783976,Williams,683,France,Male,53,4,17885.636481440317,2,1,1,118495.7692071914,0
9614,15690170,Brown,695,Spain,Male,53,0,27317.72871049946,2,1,0,126761.4426190189,0
9615,15768906,Jones,656,Spain,Female,36,9,7321.480239451315,4,1,0,149172.83089839938,0
9616,15736664,Garcia,651,Spain,Male,49,3,82839.44578591126,3,0,0,180330.84013597367,0
9617,15738903,Miller,432,France,Male,47,7,16331.983546866784,1,0,0,110154.14823755618,0
9618,15686109,Davis,558,France,Female,51,6,87684.85396967642,2,1,0,50174.02029040457,1
9619,15758879,Rodriguez,595,France,Male,45,5,65708.63251681371,4,1,0,95569.25549161468,0
9620,15764601,Martinez,695,Germany,Male,50,8,142224.0923864207,2,1,1,58607.64461418003,0
9621,15734730,Smith,484,Spain,Female,36,3,5220.347095994639,4,1,1,76222.89597649314,0
9622,15645285,Johnson,597,France,Female,34,9,21476.25392275146,4,1,1,109955.23172035393,1
9623,15658266,Williams,585,France,Male,18,0,48892.90337070643,1,1,1,200000.0,0
9624,15736966,Brown,661,Germany,Female,34,9,97799.88188432869,4,1,1,106610.26863434051,0
9625,15798846,Jones,695,Germany,Male,35,5,8458.176776971035,3,0,1,21558.84501499335,0
9626,15698942,Garcia,585,France,Female,20,3,98807.6178475287,4,1,1,38483.806622707176,0
9627,15721838,Miller,592,Spain,Female,39,0,3466.185262533042,1,0,1,200000.0,0
9628,15645619,Davis,581,France,Male,49,9,32156.63643087666,2,1,1,195660.91359639016,1
9629,15671215,Rodriguez,610,Spain,Female,29,2,4411.200327845143,4,0,0,21469.851287348618,0
9630,15664950,Martinez,644,France,Male,57,10,8118.313032493954,1,1,1,200000.0,0
9631,15782122,Smith,781,France,Male,42,0,74565.00958500641,3,1,0,151776.05002601765,0
9632,15644093,Johnson,548,France,Female,47,4,940.3390486383058,2,1,1,11600.0,0
9633,15755672,Williams,825,France,Male,38,7,40524.952277611366,1,1,0,117849.93585203106,1
9634,15693361,Brown,526,Germany,Male,30,1,5173.775897755201,2,1,1,32708.8076878648,0
9635,15810227,Jones,745,Germany,Male,44,5,83369.63547743455,3,0,0,31846.875061673592,1
9636,15766642,Garcia,602,France,Male,46,5,82556.50190579727,4,1,1,99576.75916332514,0
9637,15634970,Miller,558,Germany,Female,37,4,60665.85821183416,4,0,1,62434.73964398976,0
9638,15669612,Davis,781,France,Female,41,6,70516.72806482286,1,0,1,70520.3107571962,0
9639,15819828,Rodriguez,658,France,Male,38,0,44674.75441060752,3,1,0,200000.0,1
9640,15670453,Martinez,654,Spain,Male,32,9,33227.12502944914,4,0,0,78848.5604371604,0
9641,15757363,Smith,622,Spain,Male,42,3,26393.786374955635,2,1,1,65100.38102671514,0
9642,15791170,Johnson,591,France,Male,31,10,54134.488770024356,2,1,0,74196.5422093809,0
9643,15761754,Williams,632,France,Male,46,5,24128.033025210836,3,1,0,200000.0,0
9644,15796610,Brown,350,Germany,Male,62,3,139.7991680275003,2,1,1,143024.92664142916,0
9645,15713460,Jones,464,France,Male,49,5,5309.684308394025,3,1,0,107349.25690843702,0
9646,15701607,Garcia,689,Germany,Female,37,1,52751.130916108144,3,1,1,130695.301111763,0
9647,15672095,Miller,768,Germany,Female,42,10,22700.31845007555,4,1,0,40356.86004197272,0
9648,15802064,Davis,786,France,Female,50,8,228067.35457457296,3,1,0,200000.0,1
9649,15644894,Rodriguez,554,France,Female,38,3,21841.576653981523,4,1,1,86819.22992935067,0
9650,15726979,Martinez,669,Spain,Male,44,4,5738.24964508955,2,1,1,200000.0,0
9651,15794039,Smith,430,France,Female,46,6,19903.259593977426,3,1,1,133470.01995791425,0
9652,15782881,Johnson,614,France,Female,41,7,58053.50970173283,2,1,1,102350.37891117041,0
9653,15736337,Williams,732,Germany,Female,40,0,37568.0686277214,3,1,1,113047.48278379343,0
9654,15657514,Brown,648,Germany,Male,49,6,47118.34413423109,2,1,0,99615.27333491697,0
9655,15715373,Jones,616,France,Female,56,9,5896.234199286688,1,1,0,146324.16804611302,0
9656,15822246,Garcia,648,Spain,Female,38,8,87717.8334658035,3,1,0,107916.78999463537,0
9657,15741895,Miller,778,Germany,Male,51,1,116337.32304086341,4,1,0,67845.8328569879,0
9658,15733685,Davis,625,France,Female,24,10,7853.161775797191,1,1,0,118398.98146526238,0
9659,15748257,Rodriguez,657,France,Male,43,1,49193.248384107086,1,1,1,128931.28720844538,0
9660,15784950,Martinez,801,Germany,Male,18,10,13052.986347785774,4,1,1,107366.34811295015,1
9661,15732061,Smith,627,France,Male,31,3,10061.35414242417,3,1,0,31994.128835702926,0
9662,15771208,Johnson,486,France,Male,28,0,11443.499078171511,1,0,1,20785.029499955068,1
9663,15801344,Williams,786,Germany,Female,55,8,36836.15730566666,4,1,0,101760.35546153424,1
9664,15827821,Brown,751,Germany,Male,36,4,108534.08312129288,1,1,1,41082.15080072308,0
9665,15746297,Jones,428,Germany,Male,38,2,85353.73173468343,3,0,1,157787.10598480862,0
9666,15802160,Garcia,636,Germany,Female,36,5,7738.242630283383,1,1,1,57139.14643432171,0
9667,15831231,Miller,647,France,Male,24,6,35659.31306207751,3,1,0,138222.43068492995,0
9668,15668870,Davis,786,France,Female,41,3,8178.010952158227,3,1,0,52767.74668722062,0
9669,15741940,Rodriguez,648,Germany,Female,39,1,28816.98598611184,1,1,0,137324.81300507282,0
9670,15660938,Martinez,666,Spain,Male,30,4,41336.88381403727,3,0,0,92303.50676575737,1
9671,15638243,Smith,669,Germany,Female,52,6,83453.82859674175,1,1,1,155353.4912274285,1
9672,15721734,Johnson,603,France,Female,52,9,98773.61163920604,3,1,0,110538.81082686399,1
9673,15667561,Williams,779,Spain,Female,26,9,1404.5406700507833,3,0,1,85359.7469528018,0
9674,15778980,Brown,570,France,Female,32,2,58432.75968292041,3,1,0,118462.55816146286,1
9675,15811856,Jones,601,France,Female,43,1,26395.116669760377,1,0,1,30263.453281516457,0
9676,15708725,Garcia,649,France,Male,34,1,34155.26771410014,2,1,0,183563.19321931072,1
9677,15822000,Miller,516,France,Male,36,10,12541.345189053038,1,1,0,72461.33996438721,0
9678,15656100,Davis,826,Germany,Female,28,10,1743.5313786121221,4,0,0,94112.77431630473,0
9679,15704800,Rodriguez,649,France,Female,28,3,90208.87804835635,3,1,0,69184.26134432448,1
9680,15661799,Martinez,732,France,Male,33,3,13109.035663796672,1,1,1,142091.33941192552,0
9681,15786393,Smith,554,France,Male,40,4,106137.2995138949,3,1,0,127304.77870311376,0
9682,15743377,Johnson,721,Germany,Male,40,2,3612.5190966289274,2,1,1,182299.70194702857,0
9683,15659634,Williams,729,Spain,Female,30,10,26248.98457137167,2,1,0,46636.87869452521,0
9684,15694226,Brown,744,Spain,Male,27,0,67806.84825181939,1,1,1,71281.41025383066,0
9685,15712779,Jones,840,France,Female,26,3,14835.977043615609,1,0,0,71702.7160971235,1
9686,15676566,Garcia,594,Germany,Female,48,0,171192.76803600823,4,0,0,155418.94865170805,0
9687,15795702,Miller,631,France,Male,60,7,50736.030866759065,2,1,1,122315.25386823852,0
9688,15745632,Davis,565,France,Male,43,4,12256.187575392605,4,1,1,26050.94619352852,0
9689,15689248,Rodriguez,640,Spain,Female,18,1,78899.86963245682,1,1,1,167661.25221418642,0
9690,15715789,Martinez,716,France,Male,44,4,208565.45123789215,4,1,0,73470.90550516071,1
9691,15774210,Smith,711,France,Male,50,4,14323.709216467498,3,1,0,73662.99254729746,0
9692,15752001,Johnson,814,France,Male,32,0,86440.60924208804,3,1,0,118274.75884770388,1
9693,15691349,Williams,699,France,Female,47,4,189190.69275402595,4,0,1,140558.3990460197,0
9694,15680314,Brown,650,France,Male,49,7,12469.937066384782,1,0,1,131415.6355457791,0
9695,15771947,Jones,540,France,Female,51,9,13363.235708562646,4,0,0,59679.054033241635,0
9696,15706422,Garcia,736,France,Female,33,1,63135.472351890945,2,1,0,107911.79454811041,0
9697,15759944,Miller,634,Spain,Female,39,7,150450.09167744892,3,1,1,186529.77651250712,0
9698,15725830,Davis,738,Germany,Male,40,7,59417.36316396176,3,1,1,95241.90296782667,0
9699,15708955,Rodriguez,607,Spain,Male,52,0,35120.87669362553,3,1,1,145502.96766118542,0
9700,15726693,Martinez,770,Spain,Male,34,3,5559.399610801079,3,0,0,27745.978138265753,0
9701,15720516,Smith,688,Germany,Male,48,4,129098.5529338279,2,1,0,146575.70350156917,0
9702,15816504,Johnson,749,France,Male,41,9,3580.213302394307,3,1,1,76229.65496630849,0
9703,15741320,Williams,688,France,Female,48,7,11883.476787253563,2,1,0,74883.41089950278,1
9704,15782801,Brown,557,Germany,Female,46,2,29959.87189947011,2,1,0,92443.72270334007,1
9705,15646141,Jones,613,France,Male,32,0,34719.61587535192,2,1,0,68032.82984723181,1
9706,15812435,Garcia,521,France,Male,41,6,2837.9637656344944,3,1,1,105794.59192364656,0
9707,15680821,Miller,668,France,Male,32,3,4294.133301017842,3,1,0,100438.88129545128,0
9708,15780366,Davis,503,Germany,Male,38,9,6683.7346262866095,2,0,1,13598.46775561804,0
9709,15647936,Rodriguez,679,Spain,Female,56,4,2025.2798064199321,3,0,1,63233.49292135238,0
9710,15794289,Martinez,350,France,Male,34,5,189593.437135132,4,0,0,159924.58257288602,0
9711,15642505,Smith,730,Germany,Male,32,3,13587.102196663674,3,1,0,64086.56195481137,1
9712,15794201,Johnson,539,Spain,Male,37,0,105814.11663696407,3,0,0,80451.08388221197,0
9713,15781303,Williams,554,France,Male,45,10,76701.73816502652,2,1,1,153196.84788808972,0
9714,15692610,Brown,787,France,Female,45,7,61189.209086091265,4,1,1,200000.0,0
9715,15733920,Jones,681,France,Male,42,10,53634.94203371866,4,0,0,11600.0,0
9716,15792382,Garcia,734,Spain,Female,31,8,34519.38686212292,2,1,1,80466.37903559618,0
9717,15776534,Miller,549,France,Male,36,2,41486.038581203255,3,1,1,150776.0905180414,0
9718,15783112,Davis,746,France,Female,53,9,110663.90509247335,3,1,0,134327.41553377322,1
9719,15701902,Rodriguez,636,France,Female,23,3,75147.0161247675,2,1,1,52362.2406932355,0
9720,15763865,Martinez,661,Spain,Female,41,4,13121.999170723586,1,0,1,111410.40205287971,0
9721,15655444,Smith,799,Spain,Male,36,9,5503.623743411042,2,1,0,61008.36548437037,0
9722,15825887,Johnson,533,France,Female,43,8,17388.242676136728,4,1,0,51895.7710933389,0
9723,15676974,Williams,741,Spain,Male,40,4,7108.522677239761,3,1,0,16902.456369792868,1
9724,15748918,Brown,688,France,Male,23,6,154461.31263301385,1,1,0,25240.21051476807,0
9725,15733573,Jones,628,France,Female,44,2,24122.70409876415,4,0,0,105442.29696141568,1
9726,15834580,Garcia,540,Spain,Female,29,0,9511.349153373158,3,1,0,107331.49000691691,0
9727,15673346,Miller,627,Germany,Male,27,5,48691.74955416179,4,0,1,29385.922732797277,0
9728,15750684,Davis,568,France,Female,39,9,25394.04759697504,2,1,0,65446.64655796676,0
9729,15692044,Rodriguez,768,France,Male,34,0,12292.634591629125,3,0,0,105849.31937022184,0
9730,15763672,Martinez,659,Spain,Male,31,5,2970.0605614169617,4,1,1,136272.35692563793,0
9731,15720592,Smith,582,Spain,Female,35,7,4851.313044703173,4,1,1,200000.0,0
9732,15756272,Johnson,506,Spain,Male,31,8,41427.4614352965,4,1,0,157950.7972292212,0
9733,15741519,Williams,603,Germany,Male,54,7,69383.99222585569,1,0,1,183583.46155690606,1
9734,15638252,Brown,773,Spain,Male,42,4,130039.33232497006,3,0,1,180585.74970870532,0
9735,15679719,Jones,661,Germany,Female,37,6,44026.157569847994,2,1,0,19298.665942192456,0
9736,15725846,Garcia,631,Germany,Male,46,5,52880.328280415844,2,1,0,142682.8288080619,0
9737,15818446,Miller,819,Spain,Male,37,8,13852.675542785508,2,1,1,20232.480494711504,0
9738,15637792,Davis,608,France,Male,36,3,16035.280341787105,4,0,0,143524.39059678544,1
9739,15682715,Rodriguez,569,France,Female,48,7,27026.82496888204,4,1,0,93180.6998131791,0
9740,15774463,Martinez,690,France,Female,32,10,101526.84665499112,2,1,1,146804.60359310708,0
9741,15666727,Smith,691,Germany,Female,28,8,28577.427185564808,4,1,0,98110.40239835,0
9742,15764602,Johnson,591,France,Female,45,6,13697.802740812906,1,1,1,149076.65481370396,0
9743,15783133,Williams,570,France,Male,40,6,125973.4164040477,3,0,0,108878.40867293082,0
9744,15801092,Brown,794,France,Female,40,1,26503.4486750792,3,1,1,152337.58415442545,0
9745,15746506,Jones,606,France,Male,35,8,4142.472876608773,1,1,1,31173.98492763446,0
9746,15812759,Garcia,504,Germany,Male,44,4,39425.12730204863,3,1,1,63100.542364686706,0
9747,15653370,Miller,669,France,Male,25,9,49233.24737482142,1,1,0,35639.62010959076,0
9748,15815635,Davis,739,France,Female,19,2,155483.21775173277,1,0,0,74344.11504803019,1
9749,15715701,Rodriguez,630,Germany,Male,35,3,82149.39136168746,1,0,1,101140.06618393384,0
9750,15793559,Martinez,703,Spain,Male,45,9,5329.904548307167,1,1,1,100130.67930980673,0
9751,15722023,Smith,545,France,Male,51,1,35864.31200665541,2,1,0,11600.0,0
9752,15826756,Johnson,712,France,Male,44,2,28468.117371806766,1,1,0,111236.16656172233,1
9753,15641497,Williams,554,Spain,Male,29,5,24997.881769281357,1,1,0,167964.83956229544,0
9754,15815985,Brown,680,France,Female,29,0,7530.284123270738,4,1,0,124431.7684404369,0
9755,15832741,Jones,726,Spain,Male,51,1,23527.20048471859,4,0,1,24845.115019580204,0
9756,15705619,Garcia,659,France,Male,48,3,31752.379293996575,2,0,1,131294.68282710193,0
9757,15658534,Miller,526,France,Female,44,0,12350.889585323332,1,1,0,135335.07307817944,1
9758,15655962,Davis,530,France,Female,48,5,42884.08221514946,1,0,1,49964.326881545785,0
9759,15689449,Rodriguez,809,France,Female,40,3,12505.291497932725,2,1,0,126673.76127387804,0
9760,15724967,Martinez,573,Spain,Male,36,1,6466.6255811349565,1,0,1,146725.3850938192,0
9761,15720070,Smith,726,Spain,Female,37,9,206712.06847250724,3,1,1,84112.99215734121,0
9762,15673533,Johnson,661,Spain,Male,45,3,58301.9094280808,1,1,1,63645.03831405783,0
9763,15690425,Williams,549,Spain,Female,41,7,45168.49090203707,2,0,1,165570.94315967092,0
9764,15672634,Brown,596,Spain,Male,19,5,19837.941615246957,1,1,1,157636.049685054,0
9765,15653409,Jones,819,Germany,Male,47,10,11681.167446962372,1,1,1,11600.0,0
9766,15777441,Garcia,850,Spain,Female,44,0,7049.157220386999,2,1,1,81030.29879030559,0
9767,15773745,Miller,618,France,Male,42,4,3233.5369861531867,2,0,1,81189.83609696035,0
9768,15688015,Davis,611,France,Male,53,10,60150.76938401543,3,1,0,55364.062290761605,0
9769,15791823,Rodriguez,486,Germany,Female,30,5,16162.184417177312,3,1,0,161485.37542979085,0
9770,15650142,Martinez,485,Spain,Male,28,3,19145.472022859194,3,0,0,119422.86909553889,0
9771,15704850,Smith,564,Germany,Female,44,3,8776.652901618829,3,1,1,87553.15952903965,0
9772,15745096,Johnson,605,Spain,Female,31,2,6230.784298620977,2,0,1,92690.83247089422,0
9773,15720037,Williams,647,France,Male,55,9,34159.32961369103,3,0,0,105610.76414415793,0
9774,15654389,Brown,719,Germany,Male,32,9,65008.539250755595,3,0,1,122368.77102163443,0
9775,15655584,Jones,672,Spain,Female,31,5,235152.37123457756,2,0,1,75701.02620203233,0
9776,15657208,Garcia,720,France,Male,34,8,20737.70722537621,1,1,1,65126.12120672395,0
9777,15775824,Miller,588,Spain,Female,36,6,54508.206680398085,1,0,0,125976.18298520111,1
9778,15746825,Davis,642,Germany,Male,35,8,6168.649539774181,1,1,1,95480.92721289374,0
9779,15681538,Rodriguez,613,Germany,Female,36,5,40560.120987949,1,1,0,89272.33262287884,1
9780,15727888,Martinez,523,Spain,Male,35,1,36499.110480564406,4,0,0,43559.43547053279,0
9781,15774267,Smith,452,France,Female,23,5,1629.1441154611953,1,1,0,110014.17837823665,0
9782,15783032,Johnson,583,France,Male,44,6,32984.308747694304,4,1,0,98722.16507990484,0
9783,15671983,Williams,401,Germany,Female,34,1,34202.77425581615,2,1,0,91829.28637038857,0
9784,15756067,Brown,536,France,Male,37,0,23262.285621420047,3,0,0,20609.09720556742,0
9785,15662676,Jones,704,France,Female,26,5,42612.60061591029,3,1,1,176941.3996217745,0
9786,15786269,Garcia,668,France,Male,23,7,2331.8137040845713,4,0,0,110482.05962891974,0
9787,15678796,Miller,652,Spain,Male,38,10,93038.22827825834,3,0,1,113432.16195210385,0
9788,15815051,Davis,768,France,Female,54,5,36751.87449618076,1,1,0,178234.72106796113,1
9789,15661455,Rodriguez,577,France,Male,54,7,1633.8775844777342,2,0,0,105479.1715807458,0
9790,15708321,Martinez,718,Spain,Male,29,5,206038.63990744934,1,1,1,104501.42197765886,0
9791,15786335,Smith,569,Spain,Male,31,5,24043.327923890032,4,1,0,127718.69397235401,1
9792,15816167,Johnson,677,Germany,Female,40,7,216104.10929001143,2,1,1,166112.41544689666,0
9793,15753326,Williams,665,Germany,Male,18,2,9942.804538176955,2,1,0,42901.33874553714,0
9794,15802169,Brown,670,France,Male,33,2,1521.5262083251457,4,0,0,200000.0,0
9795,15648305,Jones,611,France,Female,41,5,62480.56921077169,1,1,1,97416.71229725091,1
9796,15818754,Garcia,681,France,Male,36,3,145409.255098726,2,1,1,51889.78625467297,0
9797,15796489,Miller,689,Spain,Male,20,6,4038.3720680811807,4,1,1,55009.04801131286,0
9798,15795239,Davis,506,France,Female,20,10,66500.67444563401,1,1,0,200000.0,1
9799,15828995,Rodriguez,734,Germany,Male,24,6,3585.8421591202014,3,1,1,15328.776211722303,0
9800,15752093,Martinez,526,France,Female,38,8,78971.56166152254,4,1,1,73862.70977988723,0
9801,15693055,Smith,562,France,Male,30,1,43525.87019694106,4,1,0,31208.638205640906,0
9802,15723080,Johnson,674,Germany,Female,54,10,76122.51048613776,2,1,1,68862.14942962173,0
9803,15667763,Williams,709,Spain,Female,25,1,23219.635770025805,2,1,0,111456.86006475386,0
9804,15821665,Brown,672,France,Male,51,5,117896.62203686619,3,1,1,78433.65682803905,0
9805,15748898,Jones,682,France,Female,26,8,18024.232625420762,4,1,0,109525.94427355002,1
9806,15775390,Garcia,536,France,Female,64,6,16648.167215810445,4,1,1,200000.0,0
9807,15667951,Miller,597,France,Male,45,5,161743.02026099106,3,1,0,111282.48572759885,0
9808,15681700,Davis,444,Germany,Male,18,4,6551.93760110416,2,1,0,59230.16700067256,0
9809,15743037,Rodriguez,558,France,Female,51,7,44892.71200626264,3,1,0,71346.31801338872,1
9810,15765806,Martinez,515,France,Male,34,1,42666.554958368244,3,1,0,135553.36618501582,0
9811,15686592,Smith,651,Spain,Male,48,2,13507.69465443282,2,0,1,32211.985038388695,0
9812,15703523,Johnson,850,Germany,Female,38,5,19068.85857129049,4,0,1,176320.26657697462,0
9813,15802212,Williams,726,France,Female,35,0,16884.82970984232,1,0,0,117470.32810385828,0
9814,15735174,Brown,425,France,Male,36,7,93562.06002466864,2,1,1,115982.30884228862,0
9815,15641815,Jones,498,France,Male,27,10,24678.198057493868,2,1,1,91282.1595787224,0
9816,15759295,Garcia,520,France,Male,34,10,22212.995656951105,1,1,1,133572.94844638888,1
9817,15809897,Miller,474,Germany,Female,26,8,50629.17915113476,3,1,0,155218.86135785177,0
9818,15726257,Davis,621,Germany,Female,34,1,34210.03792196994,2,0,0,65589.48276962065,0
9819,15702973,Rodriguez,672,France,Male,40,8,27753.971189201737,3,1,0,169380.35422973346,0
9820,15702876,Martinez,520,Germany,Female,49,4,61793.90103680367,4,1,0,11600.0,0
9821,15742455,Smith,627,France,Male,53,7,26604.105229493485,3,1,0,48432.75657817671,0
9822,15638736,Johnson,672,France,Female,38,0,12561.605308576187,1,0,1,26810.58279922788,0
9823,15726030,Williams,719,Spain,Male,27,0,67710.03148128404,2,0,1,68389.4726430725,0
9824,15674203,Brown,665,France,Male,38,3,3511.151052579338,4,1,0,127379.27295239022,0
9825,15708491,Jones,683,France,Male,37,0,250000.0,1,1,0,200000.0,0
9826,15650292,Garcia,646,Spain,Male,52,0,45395.17667768977,1,0,1,165276.0194486669,1
9827,15636511,Miller,548,France,Male,47,4,12186.596064776531,4,0,1,124980.92195463562,0
9828,15725841,Davis,570,France,Male,41,1,11043.636792521003,1,0,1,55766.23230968007,0
9829,15714634,Rodriguez,517,Germany,Female,54,3,15990.695262182866,2,1,1,136320.88978325197,0
9830,15646664,Martinez,799,Germany,Female,33,7,105710.72319635144,4,1,0,44786.52711015666,1
9831,15709988,Smith,503,Spain,Female,45,10,87633.23910361114,2,0,1,193664.7771221553,0
9832,15800405,Johnson,745,France,Male,33,5,7805.103576022658,1,0,1,15784.324805668162,1
9833,15770827,Williams,504,France,Male,34,1,45819.61780834984,2,0,1,114984.68298660613,0
9834,15776155,Brown,726,France,Male,18,2,120901.44456435536,4,1,0,102559.69021256134,1
9835,15733872,Jones,747,Germany,Male,40,1,66050.49999935825,2,0,1,92442.58555131884,0
9836,15701027,Garcia,765,France,Male,40,3,44270.794962187334,4,1,1,85141.53903838273,0
9837,15829274,Miller,545,Germany,Male,37,4,11699.50146592663,3,1,0,184687.4397014542,0
9838,15719583,Davis,666,France,Male,43,8,143700.86029337882,3,1,1,129622.4905483326,0
9839,15739072,Rodriguez,589,France,Female,48,6,111190.6105510114,1,1,1,65911.90600482897,0
9840,15793879,Martinez,561,France,Female,38,7,19373.273814824228,1,0,0,80545.26935095516,1
9841,15723489,Smith,654,Spain,Male,45,6,34426.39261320517,3,1,0,74769.14085650127,0
9842,15716144,Johnson,731,Spain,Female,42,10,4269.215912065865,3,1,1,122325.85174838899,0
9843,15809823,Williams,590,Spain,Male,49,9,49909.695728525796,3,0,0,11600.0,1
9844,15683714,Brown,682,France,Male,44,7,2795.6853471506565,2,0,0,53402.12956648337,0
9845,15776614,Jones,559,France,Male,57,10,118231.93575357016,3,1,1,85157.97048292657,0
9846,15693612,Garcia,545,France,Female,41,4,106177.0648123075,1,1,0,11600.0,1
9847,15659087,Miller,617,Germany,Male,29,2,16526.210327991394,3,1,0,93474.88956938224,0
9848,15723901,Davis,623,France,Female,51,6,67749.2557607254,4,1,0,77833.06376289387,0
9849,15740186,Rodriguez,716,France,Male,45,0,28933.577692674895,3,0,1,200000.0,1
9850,15766741,Martinez,524,France,Male,43,2,93333.29460193099,3,1,1,146793.29020417552,0
9851,15655209,Smith,850,France,Male,23,6,3172.012410663935,1,1,0,11600.0,0
9852,15696199,Johnson,470,France,Female,53,3,35231.35895546258,1,1,1,200000.0,0
9853,15709156,Williams,672,France,Male,49,6,25324.05857687178,4,1,0,52764.116329495824,0
9854,15814195,Brown,621,France,Female,42,9,15080.136588989957,1,1,1,109713.39167187792,0
9855,15649789,Jones,585,France,Male,18,9,11740.607524846553,1,1,0,107126.92967220486,1
9856,15638587,Garcia,632,Germany,Male,35,5,56432.84146883425,4,1,0,125066.86730744237,1
9857,15808726,Miller,717,Germany,Female,58,3,11275.931809725469,3,1,0,11600.0,0
9858,15785237,Davis,732,France,Male,43,6,50010.27053152434,1,1,0,99771.02257416832,0
9859,15812996,Rodriguez,628,Spain,Male,26,7,24691.10261214717,3,0,0,179128.85157294112,1
9860,15826919,Martinez,683,France,Male,33,7,13893.995130563275,3,0,0,24683.935369109153,1
9861,15686116,Smith,516,France,Female,35,6,76557.91818864326,2,1,1,126321.72260504123,0
9862,15653210,Johnson,631,Germany,Female,50,1,22619.506132679355,1,0,1,125118.10321284464,1
9863,15832936,Williams,689,Spain,Male,23,7,753.04412114583,1,1,1,100950.68432756567,1
9864,15705929,Brown,421,Germany,Female,49,4,95239.20443152369,2,1,0,34525.84213005414,1
9865,15822899,Jones,658,France,Female,46,8,18882.36451660605,3,1,1,157243.4935108995,0
9866,15651823,Garcia,633,Germany,Male,61,5,86386.39728580567,4,1,0,162472.9470888147,0
9867,15683108,Miller,776,France,Male,44,3,39519.67425267758,1,1,0,53393.58387681586,1
9868,15655570,Davis,666,France,Female,26,8,106568.95327150506,3,1,1,95768.602369373,0
9869,15762279,Rodriguez,697,France,Female,38,0,27070.069532984202,4,1,1,200000.0,0
9870,15793611,Martinez,622,Germany,Male,29,3,9284.892012489441,4,1,1,139844.58430320455,1
9871,15828109,Smith,713,France,Female,42,10,908.5544557506425,2,1,0,103579.61829386161,0
9872,15815182,Johnson,706,Germany,Male,56,4,75373.55205067756,1,1,0,54257.47355287231,0
9873,15807505,Williams,519,Germany,Female,30,3,75542.55464650952,3,1,0,110720.1781862784,1
9874,15808607,Brown,681,France,Male,48,8,10884.224466389614,3,1,0,25338.49395203944,1
9875,15812981,Jones,768,Spain,Male,32,0,155565.38072807385,2,1,1,148484.63403971793,0
9876,15814014,Garcia,748,Germany,Male,23,2,148885.0054575122,3,1,0,131794.614018948,1
9877,15737553,Miller,652,France,Male,54,8,22745.902083696394,4,1,1,41372.54223162995,0
9878,15742908,Davis,682,France,Male,41,6,7984.326137755637,2,0,0,28081.928440304793,0
9879,15678203,Rodriguez,741,Germany,Female,43,4,16696.74397783357,2,1,1,78235.89379728158,0
9880,15706780,Martinez,536,France,Female,47,10,132471.52960633626,4,1,0,179378.9049991872,1
9881,15794428,Smith,697,Spain,Female,21,5,47008.286222170354,2,1,0,137961.93110066158,1
9882,15808984,Johnson,452,France,Male,36,3,122893.16086953916,1,1,0,103384.49864131397,0
9883,15704495,Williams,736,France,Female,22,4,1154.1186624501076,2,1,0,101753.71672430269,0
9884,15721401,Brown,611,Spain,Male,33,7,235050.2155666923,1,1,1,131180.31641098196,0
9885,15682969,Jones,641,Spain,Male,50,4,49442.36842581834,3,1,1,24557.987563803516,0
9886,15647803,Garcia,594,France,Male,43,9,10273.201014855558,4,0,0,83699.8918735543,1
9887,15768413,Miller,645,Germany,Male,32,1,35339.55230726274,1,1,1,25813.86367082066,0
9888,15647833,Davis,675,France,Male,39,7,85766.74408755028,3,1,1,169061.36897348502,0
9889,15808169,Rodriguez,725,Germany,Male,37,2,7604.376553410293,2,0,0,131201.66026992354,0
9890,15786842,Martinez,779,Spain,Female,42,4,46900.273050395044,1,1,0,40509.17603970922,0
9891,15798298,Smith,654,France,Female,32,10,59136.45433944499,1,0,1,28864.990777407787,1
9892,15776309,Johnson,483,France,Female,37,5,26621.437479329335,1,1,0,132080.72210794874,1
9893,15644566,Williams,780,France,Male,40,0,39000.76684479094,4,1,0,37994.52394933135,1
9894,15793459,Brown,502,France,Female,43,2,90805.11473773106,2,1,0,151077.5328587757,1
9895,15646938,Jones,607,France,Male,41,0,151577.8391030988,2,1,1,118964.09311747564,0
9896,15712077,Garcia,600,Spain,Female,22,6,40393.06634858899,4,0,0,145077.09406101418,0
9897,15793086,Miller,651,France,Male,26,1,60637.80774582893,1,1,0,119185.53040334051,0
9898,15716814,Davis,523,France,Male,45,9,19489.8842255863,2,0,0,132250.48377673476,0
9899,15709981,Rodriguez,518,Spain,Male,36,6,20327.6098603149,4,0,1,169572.22847781732,0
9900,15680193,Martinez,647,France,Female,34,2,109643.79316497834,2,0,1,76682.51607867004,0
9901,15696352,Smith,570,France,Male,36,2,5193.511705367022,1,0,1,187536.8813799179,0
9902,15725250,Johnson,784,France,Female,36,0,11501.344655178214,2,1,0,155695.96609135374,0
9903,15730736,Williams,594,Germany,Female,21,6,15728.282450821393,4,1,0,11600.0,0
9904,15801128,Brown,547,France,Male,56,7,4955.466190795323,3,1,0,92048.12114234742,0
9905,15733139,Jones,817,Spain,Male,37,10,55073.338269735425,1,1,0,108914.76619122838,1
9906,15697274,Garcia,696,France,Female,39,3,118368.38214354432,2,1,1,85356.41973681332,0
9907,15661830,Miller,850,Germany,Male,39,8,1368.3010923865288,4,1,1,169468.51160505548,0
9908,15649031,Davis,457,Germany,Female,48,3,14537.29224555648,3,1,1,93870.25841763198,0
9909,15718896,Rodriguez,670,Germany,Female,45,9,126670.41527004559,1,1,1,137857.7202238263,0
9910,15833482,Martinez,698,France,Male,38,4,31333.44074919677,4,1,1,94196.32342854215,0
9911,15750179,Smith,652,France,Male,30,10,108415.92521837857,3,1,0,42563.185349940795,1
9912,15818689,Johnson,613,Spain,Female,51,5,144155.11490288985,2,0,0,11600.0,1
9913,15722676,Williams,774,France,Female,39,8,235173.9983786819,3,0,1,25594.36755375685,0
9914,15703538,Brown,696,France,Male,44,8,25185.505383286534,3,1,0,164228.68385954815,0
9915,15691980,Jones,481,Germany,Male,28,7,21001.706451083308,1,1,1,54252.890989237916,0
9916,15671912,Garcia,563,Spain,Female,45,9,69043.12307560597,1,1,1,56176.16200074586,1
9917,15736429,Miller,533,France,Male,24,1,45139.02776230082,3,1,0,29168.529116431513,0
9918,15834501,Davis,637,Germany,Female,35,9,53823.51391204616,3,1,1,88203.63563427542,0
9919,15800930,Rodriguez,744,Germany,Female,40,9,38003.12675473702,3,1,0,84201.40078785644,0
9920,15734464,Martinez,612,France,Female,56,0,36091.89184939569,2,1,1,114764.0905923977,0
9921,15673491,Smith,624,Germany,Male,45,1,18914.481193057476,4,1,0,133508.02509905433,0
9922,15686030,Johnson,552,Spain,Female,53,5,45267.58578945862,2,1,0,54909.025761489174,0
9923,15745104,Williams,726,Spain,Male,43,10,15613.434169331238,2,1,1,12435.543178151507,0
9924,15802881,Brown,773,France,Male,27,6,21976.345941359068,1,0,1,82754.75388270649,1
9925,15684857,Jones,646,Germany,Male,27,5,49793.013775511994,1,1,0,100730.12244083015,1
9926,15740426,Garcia,808,France,Male,46,0,50616.10655171888,4,1,1,142567.6870806019,0
9927,15640011,Miller,595,France,Female,28,0,43032.98555380464,1,1,1,64522.7044462388,0
9928,15677040,Davis,510,Germany,Female,23,0,56154.86996765958,1,1,0,138725.51605099766,1
9929,15642471,Rodriguez,730,France,Male,29,0,26544.054884460737,3,1,0,139219.36774640493,0
9930,15822536,Martinez,640,France,Male,41,9,45113.5532962736,1,1,0,28898.384697528236,1
9931,15660560,Smith,591,France,Male,31,9,5006.822304413563,4,0,1,11600.0,0
9932,15785442,Johnson,657,France,Male,51,0,33055.72570163851,4,1,0,59768.21703793668,0
9933,15791819,Williams,491,France,Female,43,1,44099.81839327248,1,1,0,64106.15744699316,0
9934,15710224,Brown,475,France,Male,40,1,27426.9155646494,3,1,1,61791.8400293494,0
9935,15661044,Jones,659,Germany,Female,42,3,855.5260355686618,4,0,1,179190.3540611489,1
9936,15716550,Garcia,693,France,Female,45,2,60365.82655181558,3,1,1,18539.196874182497,0
9937,15660198,Miller,789,Germany,Male,45,3,30393.4198915867,2,0,0,93465.75292341562,0
9938,15710393,Davis,738,Spain,Male,30,4,8461.98819990301,3,0,0,72516.05058315278,0
9939,15677008,Rodriguez,713,France,Male,51,3,179710.56539383784,3,1,1,71731.11725670811,0
9940,15675126,Martinez,777,Germany,Male,45,2,142723.69498819188,1,1,1,188632.29989361038,0
9941,15789006,Smith,698,Germany,Male,35,2,8639.53892091853,3,1,1,50541.284914755204,0
9942,15744762,Johnson,615,Germany,Male,46,3,61414.44101283061,2,1,0,111999.83723540368,0
9943,15781438,Williams,741,France,Female,25,5,36440.29564954041,3,1,0,41182.946188977614,1
9944,15793237,Brown,737,Germany,Male,47,6,17075.015555284444,2,1,0,126295.44582165737,1
9945,15802044,Jones,649,France,Female,41,3,57659.53514003991,1,1,0,169636.8443778186,0
9946,15639664,Garcia,530,France,Male,18,7,29694.599012656254,4,1,0,104128.95693234977,0
9947,15679247,Miller,471,Germany,Male,58,5,114388.2026530542,3,1,1,83899.4047248935,0
9948,15757361,Davis,734,France,Male,25,4,60807.84926123061,2,0,0,29781.951044153815,0
9949,15641846,Rodriguez,697,Germany,Male,44,7,35421.75248656646,2,1,1,100352.7933220818,0
9950,15772046,Martinez,711,Germany,Male,53,5,30063.439026815762,1,1,0,124752.96520443859,0
9951,15720103,Smith,737,Spain,Female,18,0,1604.2487458658861,3,0,1,64511.50861671286,0
9952,15752052,Johnson,560,France,Female,41,10,8768.571804226913,1,1,1,110600.84214032,0
9953,15830145,Williams,462,Spain,Female,47,0,2306.2051629014413,4,1,1,200000.0,0
9954,15651558,Brown,701,Germany,Female,50,9,3276.5291774955485,4,1,0,95443.39847251555,0
9955,15806147,Jones,769,France,Female,51,9,3472.4504903283023,2,0,0,144517.64886924007,0
9956,15779568,Garcia,685,France,Female,48,5,709.1215497607832,1,1,0,11600.0,1
9957,15651311,Miller,501,Germany,Male,35,7,78353.9804816707,2,1,1,33054.879052237855,0
9958,15753030,Davis,674,Spain,Female,43,8,32559.16910767417,3,1,1,115098.81062729743,0
9959,15649812,Rodriguez,537,Germany,Female,59,3,69144.54246299606,2,1,0,117117.06606963117,0
9960,15815184,Martinez,495,Germany,Female,51,10,9179.582571708666,4,0,1,192763.4140124114,0
9961,15736683,Smith,649,France,Male,32,6,92009.98705808623,3,0,1,70525.07840029955,0
9962,15804348,Johnson,666,France,Male,49,8,4941.714527281764,2,1,0,14093.727880106322,0
9963,15734627,Williams,640,France,Female,52,7,19435.058748090054,1,1,1,90817.72048082056,1
9964,15783407,Brown,693,Germany,Female,30,7,23157.610127348173,1,1,0,124364.10808722,0
9965,15785754,Jones,570,France,Female,38,0,13441.771570793635,2,1,0,110246.92987384663,0
9966,15819086,Garcia,658,France,Female,36,9,7384.625941816497,2,0,0,89398.56878067547,1
9967,15759078,Miller,601,France,Male,48,5,49454.47615680421,4,0,1,107719.9918790019,0
9968,15824645,Davis,624,Spain,Male,34,10,426.2743903571763,4,1,0,75710.6958384614,1
9969,15805383,Rodriguez,676,Germany,Female,32,8,78423.73196939987,1,0,1,85938.2326482128,0
9970,15694448,Martinez,755,France,Male,49,7,2162.1225306199735,1,1,0,200000.0,0
9971,15700082,Smith,679,Spain,Female,26,1,166277.60440168137,2,1,1,11600.0,0
9972,15687562,Johnson,712,France,Female,40,4,101353.4733751678,4,0,1,132202.66464426354,0
9973,15806826,Williams,651,France,Male,31,10,26769.496498534136,2,1,1,92585.23056136968,0
9974,15792924,Brown,698,France,Male,49,3,7698.779769244978,4,0,1,114087.14770856877,0
9975,15720367,Jones,753,France,Female,32,7,102256.28883012952,1,1,1,78346.0275152865,0
9976,15751867,Garcia,837,France,Male,39,8,51662.05393848365,3,0,1,200000.0,0
9977,15682739,Miller,771,Germany,Male,18,2,35137.34755100699,4,1,1,11600.0,0
9978,15753524,Davis,644,Germany,Female,39,8,19239.57160987613,4,1,0,122774.59157449297,0
9979,15755882,Rodriguez,764,Germany,Female,37,0,41195.02215588943,3,1,1,11600.0,1
9980,15812086,Martinez,704,Germany,Female,39,6,26819.481189512244,4,1,0,33525.211511392044,0
9981,15678478,Smith,589,Spain,Male,52,7,31308.68894286189,3,1,1,200000.0,0
9982,15729149,Johnson,706,France,Male,44,5,93362.55738061681,3,1,1,192944.28422956966,0
9983,15684829,Williams,537,Germany,Female,42,3,152321.07763255847,1,1,1,89669.04380935564,0
9984,15798124,Brown,706,Germany,Female,31,3,164417.86076448896,2,1,1,60945.65424434222,1
9985,15719035,Jones,825,Spain,Female,60,6,119262.57657746886,3,1,0,93082.64622620834,1
9986,15708306,Garcia,732,France,Male,20,9,81040.74720850892,4,1,0,145911.00245916212,0
9987,15641463,Miller,769,France,Male,27,5,30225.42287851123,4,1,1,64950.47553267973,0
9988,15696516,Davis,612,Germany,Male,31,3,4619.118398721669,4,1,0,88206.74506986898,0
9989,15698490,Rodriguez,698,Germany,Male,40,4,49795.325110637066,1,0,0,119133.84077495601,1
9990,15713888,Martinez,719,France,Male,39,9,25710.24766780636,4,1,0,168983.45792322757,0
9991,15695895,Smith,619,Germany,Female,31,3,58086.3809159408,3,0,1,82507.00056433627,0
9992,15703117,Johnson,718,France,Male,40,0,12473.417453550435,2,1,1,31371.592013131958,0
9993,15789198,Williams,695,Spain,Male,50,3,72351.06144335207,1,1,1,46611.95140682737,1
9994,15641667,Brown,719,France,Male,39,5,9356.174897852938,2,1,0,152087.4202067323,0
9995,15803358,Jones,546,France,Female,26,10,82662.84703676902,2,0,0,200000.0,0
9996,15723322,Garcia,777,France,Female,37,1,121355.47802710051,1,1,0,47094.991329267374,0
9997,15799039,Miller,695,France,Female,30,6,115283.91114436493,2,1,1,132920.98897367928,0
9998,15693478,Davis,638,France,Female,25,8,21278.22789296032,2,1,0,197010.301476556,0
9999,15789378,Rodriguez,640,Germany,Female,39,10,24699.364856141914,3,1,0,26517.32178300625,0
10000,15823531,Martinez,646,Spain,Female,29,9,91040.4222170165,4,1,1,90199.79508821391,0
