CreditScore,Geography,Gender,Age,Tenure,Balance,NumOfProducts,HasCrCard,IsActiveMember,EstimatedSalary,Exited
535,Germany,Male,36,8,12522.88577038857,4,1,0,111873.83905702774,0
675,France,Female,23,1,34322.60694902168,4,0,0,107262.0289859429,0
786,Germany,Male,23,3,66067.72883181494,3,1,1,57198.19160272183,0
550,Germany,Male,24,1,53487.65299950218,1,1,1,171176.73959393371,1
443,Germany,Male,28,10,186352.0117261552,1,1,0,161370.80278214274,0
759,Spain,Male,55,7,122671.69345852335,4,1,1,34101.249815178715,0
805,Germany,Female,24,3,27007.486329057745,2,1,1,131709.94139057244,0
450,France,Male,53,0,83826.99182072746,3,1,1,168702.8317210874,0
696,Germany,Female,28,9,10195.92947132256,3,1,1,138515.82845132466,0
672,Germany,Female,25,2,11932.42404237276,2,1,0,36117.49314422582,0
571,France,Female,43,6,60352.78328635765,2,1,1,35945.70031906584,0
510,Spain,Female,51,2,12212.524379934412,2,0,1,43461.012517907344,0
749,Germany,Female,22,4,30000.26435748667,4,1,1,103054.5644695128,0
667,Spain,Female,38,1,19433.76556994238,2,1,1,11600.0,0
675,Spain,Male,50,7,13239.84485416306,3,1,1,162205.57685002245,0
587,France,Male,48,3,8388.361309897662,2,1,0,107829.7659509114,0
569,Germany,Female,23,0,47318.05920879531,1,1,0,11600.0,1
404,France,Male,36,3,2891.4644956352035,4,1,1,200000.0,0
627,France,Female,22,7,60625.84120188559,2,1,1,21534.64017679496,0
793,Spain,Male,42,8,112560.25175964068,2,0,0,181053.61339850732,0
560,Spain,Male,40,0,21039.482172241387,4,1,0,126491.86747622764,0
497,France,Male,44,5,26655.12661709524,2,1,1,165931.31053620428,0
693,Germany,Female,29,3,44651.0152673842,1,0,0,37027.600265623005,1
712,Spain,Male,32,10,54866.5066330693,3,0,1,120218.65787683966,1
591,Germany,Male,48,7,39352.06729613424,1,0,1,123149.97075861004,0
615,Spain,Male,49,0,58615.533299946896,1,1,1,170207.08109604867,0
676,Spain,Male,55,4,82658.79882670079,3,0,0,34706.26161623003,0
634,France,Male,53,0,230483.44408526056,1,1,1,105589.0342012362,1
750,France,Male,22,3,24939.84354632215,3,1,1,148677.3075763877,0
850,Germany,Male,51,1,43935.432300333385,2,1,1,37316.79719183352,0
479,France,Male,38,9,23595.195676708125,4,1,1,24309.942785165946,0
772,Germany,Female,46,8,13585.762301256971,3,1,1,26081.280245867747,0
660,Germany,Female,35,1,250000.0,1,1,0,70817.35402248234,0
788,Spain,Male,29,3,699.024740619362,2,1,1,68282.37761667454,1
722,France,Male,36,2,3344.354011753816,1,1,0,132094.43050255478,1
656,France,Male,39,0,43738.72103175147,2,1,0,113259.53290033108,0
726,France,Female,41,0,61867.141074011175,1,0,0,99334.014151574,0
610,Germany,Male,48,1,65251.68960333672,2,1,0,61034.70168593072,0
572,France,Male,28,7,60753.92116670013,2,0,1,102640.04501762326,0
731,Germany,Male,27,1,77700.29020387489,1,1,0,134165.44387721003,0
565,France,Male,22,0,68257.1078948851,1,1,0,11600.0,1
714,Germany,Male,36,5,39480.38550293707,2,1,0,64526.8843379699,1
653,France,Female,30,0,31754.64831762714,1,1,1,124021.46314679434,0
417,Germany,Female,35,9,63696.78431886235,1,1,0,115466.35476757505,0
592,France,Female,39,8,65899.79741458346,2,0,1,122130.06102766989,0
683,France,Male,21,5,20214.53724049582,4,1,1,63111.99019586074,0
609,Spain,Female,33,9,147.96183503514607,3,0,1,104722.73129718628,0
395,France,Male,42,5,18866.32048666184,2,1,1,104190.21602675946,0
782,Germany,Male,39,0,38257.75179712518,3,1,0,126937.77489414909,1
666,Spain,Female,35,6,37339.026031344896,4,1,0,106096.93210446685,0
694,Germany,Female,38,2,23891.03529651017,1,0,0,80622.7639044036,0
602,Spain,Male,36,0,134657.38001294353,3,1,0,60857.81472280186,0
703,France,Male,29,8,32347.033069896173,1,1,1,53584.28183483824,1
833,France,Male,27,7,7485.918831742288,2,0,1,11600.0,0
576,France,Female,65,3,10756.012976473356,2,0,0,83231.08472781166,0
816,France,Male,45,2,4968.109937823011,4,1,1,11600.0,0
689,France,Male,49,1,15617.799865617872,2,1,1,83822.15506447505,0
563,France,Male,45,1,18172.506741996844,1,1,0,11600.0,0
850,Germany,Male,52,10,20335.55321261457,1,1,1,157641.106282179,1
689,Spain,Male,44,2,90447.52146751583,4,0,0,150005.99823799572,0
717,France,Female,18,0,72510.4544663464,1,1,1,107561.1002014185,1
623,France,Male,30,9,34269.917986093795,2,1,1,11600.0,0
570,France,Female,41,6,29380.67476476384,1,0,1,90002.10366239995,0
666,France,Male,41,1,23748.552417130548,4,1,0,111700.52015004292,0
808,Spain,Female,40,5,682.8806797514716,3,1,1,41746.567316794986,0
619,France,Female,27,5,126116.06926078533,2,0,0,11600.0,0
647,France,Male,33,10,17229.865521730044,4,1,1,200000.0,0
795,Germany,Female,41,3,92225.4535153762,1,0,0,93500.50995762214,0
619,Spain,Male,39,3,67514.37373253655,1,1,1,119523.11650133145,0
701,Germany,Male,46,0,6075.090015389096,4,0,0,98800.15111078242,0
737,Germany,Male,28,10,18787.887073846352,3,1,0,162748.56088522603,0
630,France,Male,43,5,33145.817462004416,4,0,1,117847.0285731421,0
680,France,Female,33,7,15201.42413487572,2,1,1,132190.29472503753,0
716,France,Female,35,9,25717.409437309496,4,1,0,98670.84243607418,0
609,France,Male,38,3,16594.23001293049,4,1,1,80723.374326693,0
731,Spain,Female,21,0,50491.50518440856,3,1,1,78299.54261177639,0
595,Germany,Female,40,3,22366.01124046206,1,1,0,36023.58351543509,1
582,France,Male,51,1,21255.08734971641,1,0,1,101056.42175792543,1
497,France,Male,26,3,15843.32226048081,3,0,1,123009.54739871848,0
599,France,Male,57,7,80854.78591282423,2,1,1,131513.31003690406,0
568,Germany,Female,32,2,51913.66779722963,4,1,0,82912.20166431872,0
609,France,Male,44,4,63820.86947552229,4,1,0,163025.65512225858,0
711,France,Male,25,9,25032.711729157618,1,1,1,22105.360479108407,0
477,Germany,Female,60,10,91464.64851018733,3,1,1,166182.0147082151,0
452,France,Female,28,1,26924.787298058483,2,1,1,47109.05010606881,0
575,France,Male,41,8,9709.413235232048,1,0,1,61724.40875530271,0
696,France,Female,33,2,35735.17140649646,3,0,1,11600.0,0
678,France,Female,38,0,29431.197640271515,3,1,0,34808.49905568542,0
573,France,Male,40,6,4811.213418681754,2,1,0,113233.5203978978,0
766,France,Female,35,10,54335.16404844292,4,0,1,117546.37014012132,0
584,Spain,Male,32,4,83564.53904185584,1,0,0,163378.4792105364,1
696,Germany,Male,38,8,22015.125881859607,2,1,0,179254.1292304731,0
613,Germany,Male,38,2,71192.19783099124,4,1,0,51633.87204325918,0
563,Spain,Male,42,10,44076.65320576003,2,1,0,96073.61258820177,0
589,France,Male,43,0,15941.34254161877,4,0,0,11600.0,0
723,Spain,Male,47,6,21077.95873960579,1,0,1,53743.26065672673,1
686,France,Female,44,7,146054.81066295097,1,1,1,101608.77626091716,1
746,France,Female,40,10,12153.905706508993,2,1,0,11600.0,1
686,France,Male,36,1,8238.949701247586,2,1,0,14256.81674968735,0
488,France,Male,23,1,3934.3782834427743,4,0,0,108241.8480243884,0
850,Spain,Female,40,8,104206.93289613156,4,1,0,50306.12981524541,0
687,France,Male,49,3,55755.482646334334,1,1,0,62297.899008307126,0
701,France,Male,31,0,6202.545779893198,3,1,1,132346.83746070843,0
612,France,Male,32,8,72548.43168095054,3,0,1,77295.45126223865,0
761,France,Female,52,8,49633.362037356885,4,1,0,47234.15263759696,0
540,France,Female,55,5,214206.50815079987,4,1,0,162687.6921032839,0
710,France,Female,30,5,35812.29512903795,1,1,0,200000.0,0
442,France,Male,64,8,36326.87134771908,3,1,1,131018.0430028936,1
717,Spain,Female,43,1,14335.296812479502,3,1,1,114339.40413274476,0
542,France,Male,48,8,10593.109745258984,2,1,0,187745.00626703768,0
677,France,Male,35,3,66125.2747412148,2,0,0,25084.95310838535,1
785,Germany,Male,41,3,23313.45024942169,2,1,1,165005.50500756432,0
732,Spain,Female,43,8,64436.05345298514,4,0,0,157096.32707751036,0
772,France,Male,30,6,74458.76618693669,3,1,1,29156.852969583797,0
762,France,Male,55,9,116802.25920744562,2,0,1,113014.1803871512,0
597,Spain,Female,38,4,27881.736397222237,4,0,0,77613.90145355786,0
709,France,Female,33,7,5037.515447912975,3,0,0,52289.97828132981,1
477,Germany,Female,27,0,1098.0638560772763,3,1,1,11600.0,0
581,France,Male,44,6,17257.161118502394,2,1,1,139181.04320185687,0
789,Spain,Female,41,3,134764.34170154625,1,0,1,43006.87207844127,0
611,Spain,Female,29,1,68876.56556261434,3,1,1,95314.10285666572,0
463,Spain,Female,40,1,40952.40643697526,3,1,0,122287.91707036916,0
850,France,Male,43,10,13696.588369531062,1,1,0,123515.81623262983,0
706,France,Male,35,8,62384.74039809097,2,0,1,141940.01705689004,0
726,France,Male,42,5,67516.9331873548,3,1,1,80710.23759362705,0
551,Spain,Male,39,10,13097.206985507037,1,0,0,162255.96646937518,0
678,Spain,Male,36,3,61571.52537169228,1,1,1,23976.450552238617,0
675,France,Male,29,1,6404.922858029348,1,0,0,190360.42316969857,0
567,Germany,Male,40,6,5361.557812265848,2,1,1,152221.2173023527,0
633,France,Female,18,8,2840.838866915493,1,1,1,11600.0,0
499,France,Male,53,1,83088.8417374233,4,1,1,141079.18822981924,0
615,Germany,Male,50,3,15777.42766169193,2,1,1,49493.01488085531,0
747,France,Female,28,0,46339.29277775828,1,1,1,30249.047458918183,0
575,France,Male,24,0,7802.465040031543,4,1,1,199721.21789562464,1
840,France,Male,50,2,29207.972605702977,3,1,1,48616.595785780126,0
506,Spain,Male,37,0,1404.6016422462585,3,1,1,21331.396222003925,0
623,Spain,Female,39,3,98288.40198180616,1,1,0,40641.75647686646,1
584,Spain,Female,39,5,38799.10545172341,3,0,1,19288.231598599363,0
631,Germany,Female,25,4,110596.2463485529,2,0,1,29190.01026294302,0
787,Germany,Female,46,8,31535.24069006192,1,1,1,200000.0,0
551,France,Male,43,10,19013.809157463365,3,0,1,118092.59337430308,0
604,Spain,Female,39,1,25608.199786933405,1,1,1,26736.048211639747,0
715,Germany,Female,18,1,13975.765817800526,3,1,1,184630.3297380157,0
659,Germany,Female,44,2,108386.20292186136,2,1,1,37178.35269591779,0
667,Germany,Female,42,3,17521.617708420363,1,0,0,68628.5666403975,0
553,Spain,Male,38,8,17280.20702788804,4,1,0,95607.75803497204,0
642,France,Male,48,10,49931.833189579615,3,1,0,137011.45532003528,0
763,France,Female,50,5,6546.963811348925,4,0,0,111634.09647091509,0
489,Germany,Female,42,8,12370.504594834085,1,1,0,78078.71210335783,1
580,Spain,Female,23,4,28097.323630937302,3,1,0,147177.45923058013,0
468,Germany,Female,26,8,10081.911397574244,1,1,0,149912.55787476056,0
703,France,Female,32,8,14874.830930979411,2,1,1,11600.0,1
772,France,Female,36,0,60186.62832881033,2,1,1,128855.31680611716,0
631,Germany,Male,47,8,16414.168912164052,3,1,1,31455.59439736529,0
549,Germany,Male,42,6,50694.64257630536,2,1,1,66918.78802708586,0
552,Germany,Female,37,10,34101.17933369412,4,1,0,133605.35042255116,0
620,France,Female,45,7,72970.02720839407,2,1,1,100240.53600659213,1
619,Spain,Female,31,2,69459.44636898172,2,0,1,134088.03851579642,0
741,Germany,Female,45,0,11004.123279753629,1,1,1,86965.0556821809,0
583,Spain,Female,41,3,143446.22274451485,1,1,1,11600.0,0
693,France,Male,44,0,81026.72399723779,3,0,1,17040.449402134298,0
619,France,Male,47,0,38030.16122279087,2,1,1,93980.80051302131,0
575,Spain,Female,38,3,41021.53661317855,4,0,1,148722.92938005392,0
616,France,Male,19,7,88256.83406067864,4,1,0,33938.347534225715,0
683,Germany,Female,32,0,33097.19671061016,2,1,1,80456.18577780553,0
741,France,Female,46,9,32551.067348809254,3,1,0,113693.7232251634,0
624,Spain,Male,33,9,49737.56988990117,3,0,0,135339.26911809875,1
529,France,Female,32,8,4622.655617141199,4,1,0,114083.857980873,0
749,France,Male,39,5,43630.458250939504,4,1,0,105720.37855299302,0
560,Spain,Male,49,4,12674.210671803638,1,1,1,76488.34894219044,0
676,Germany,Male,43,8,6204.76242215603,2,0,0,15616.518120255469,0
647,France,Female,56,8,84482.07235205366,2,1,0,126398.68663433952,0
634,France,Male,43,8,24048.52030153262,2,1,0,109146.03554520747,0
601,Spain,Male,42,2,34939.58722148993,4,0,1,140006.9325760934,0
712,France,Male,36,7,17368.55908636668,4,1,0,198368.3087092236,0
350,Germany,Male,23,9,1569.6845608131011,4,0,1,96309.189410281,0
763,France,Male,40,3,29204.937670327967,1,1,1,40732.19861881313,0
558,Spain,Male,39,3,69366.91572267398,4,1,1,110742.25982057163,0
690,Spain,Female,45,6,71009.30048125435,1,0,0,154120.063730599,0
685,Germany,Male,42,7,127581.67411959554,1,1,1,82689.89974350612,1
777,France,Female,41,3,91755.32398176544,4,1,1,85330.12527835084,0
669,Spain,Male,50,10,201803.8506100765,2,1,1,164182.0740274943,0
567,France,Female,36,9,42388.22550766458,3,1,1,200000.0,0
489,Spain,Male,47,5,2613.968675665585,1,1,1,83505.15782974518,0
615,France,Female,51,0,99533.328441837,2,1,0,50884.15193124116,1
454,Germany,Female,33,1,151863.91726899802,4,1,1,92739.74706385296,0
587,France,Female,34,4,31197.19571543907,1,1,0,148756.9729105624,0
620,Germany,Female,31,3,6048.327770344389,3,1,0,174618.6499119911,0
581,France,Male,25,2,1246.602450451907,4,1,1,132339.45707233818,0
654,France,Female,57,10,47532.4869571622,2,1,1,67816.19360396091,0
626,France,Male,70,5,55074.3702344257,1,0,0,67084.66899423004,1
617,France,Female,41,9,817.4092960343604,4,0,1,141192.61387268134,0
407,France,Female,35,5,149052.96421914452,4,1,0,81496.48349768209,0
520,France,Female,56,10,39070.18208608495,4,1,1,78153.50884971852,0
714,Spain,Male,45,9,47372.80355210963,2,1,0,11600.0,0
730,France,Male,31,7,41522.92688750242,4,1,0,95640.95869934984,0
466,Germany,Male,30,1,19058.306317290266,3,0,0,114348.62777829538,1
568,France,Male,47,6,115420.95139022292,3,1,0,200000.0,0
757,Germany,Male,42,6,190.8539138288045,3,0,1,36223.89895779338,1
578,France,Male,50,1,68756.53410365137,3,1,0,139100.67397960022,0
638,Spain,Female,46,5,22379.31566904001,2,0,0,154641.80755322648,0
794,Spain,Female,26,4,10549.868345502304,1,1,0,113000.44152997456,1
613,France,Female,31,1,28644.46653840269,4,1,1,198860.7624750888,0
599,Spain,Male,30,8,11034.510476695885,3,1,0,143806.4128999567,0
634,France,Female,41,7,101563.33634410676,2,1,1,136445.29745860424,0
835,Germany,Female,37,6,79385.30077796383,4,1,1,68306.4660961589,0
694,France,Female,34,5,97244.42281106616,4,1,0,117630.04278316331,0
651,France,Male,35,4,90355.0987014984,4,1,0,45545.53076260778,0
597,France,Male,45,8,87095.27132711417,3,0,0,45855.93400129043,0
703,Germany,Female,37,4,43544.79750178368,3,1,1,123461.32939216236,0
715,France,Male,32,5,116122.27340067815,4,0,1,145393.4495648829,0
542,Spain,Female,25,2,3048.559319580409,4,1,1,105906.9657621143,0
718,Germany,Male,29,8,16834.843512834013,2,1,0,152705.02872952906,0
634,France,Male,49,10,11948.676696872077,2,1,1,64927.33925220787,0
652,Germany,Female,32,7,6453.093600818113,4,1,1,179174.13184874563,0
561,Spain,Male,57,8,318.5487311845436,2,1,1,165087.1572134535,0
610,Spain,Male,45,0,25762.139704901805,3,0,1,159309.90126522467,0
546,Germany,Male,30,0,64367.88825472319,3,0,0,53740.46365286786,1
542,Spain,Female,32,1,51765.84457465514,4,1,1,122598.9134174734,0
687,Spain,Male,18,3,52640.81094001393,1,1,1,200000.0,0
614,France,Female,34,9,109516.94014282303,3,0,1,11600.0,0
520,France,Male,58,4,157739.85857709468,1,1,0,94513.07565633132,1
850,France,Female,55,6,57064.21211227332,3,0,1,136251.62538732594,0
537,France,Female,55,3,4437.406686648604,1,0,0,59572.79753466462,1
759,France,Male,45,0,56459.23328927299,1,0,0,71799.4549716984,1
502,Spain,Male,37,7,40458.77279990686,1,1,0,74521.7846107682,0
695,France,Male,39,10,3328.3491651982577,2,1,1,51379.03492004751,0
624,Germany,Female,44,2,14860.8082324868,2,1,0,132204.12402692932,0
587,Germany,Male,38,8,13570.764465733377,1,1,0,23525.67182039781,0
669,France,Male,31,1,74097.54314166504,4,1,0,39208.51558378573,1
656,France,Male,38,10,21171.80472930804,2,0,1,58780.58802406397,0
568,Germany,Male,25,0,34723.8449450727,3,0,0,187137.9055284224,1
564,Germany,Male,44,9,77024.85964841407,2,0,0,187668.36883176147,0
492,Spain,Female,29,7,137846.90550819688,2,1,0,109065.74303594428,0
680,France,Female,44,2,38632.69172500261,3,1,0,200000.0,1
524,Spain,Male,28,0,40517.41634829643,3,0,1,96938.20797120378,0
650,France,Female,37,10,5038.89889958349,1,1,1,198644.58960508756,0
709,Germany,Female,41,2,34092.35694149964,2,1,0,130887.24568392242,1
670,Germany,Female,37,7,57992.485519790585,4,1,0,113444.57389532226,1
577,France,Male,45,10,10477.562888914155,3,1,0,59200.78165775631,0
740,France,Male,43,3,5897.616898559362,3,1,1,100891.80808424843,0
609,France,Female,34,9,99511.58813312063,2,1,0,75157.04777624595,0
516,France,Female,33,10,6101.408119376697,4,1,0,44313.18001370238,0
621,Germany,Male,32,6,122136.20722904624,2,1,1,53643.26880752413,0
708,France,Male,30,7,15986.59578870936,1,1,0,113341.7177633636,0
582,Germany,Male,59,6,20021.16713233353,4,1,1,38820.85700411464,0
737,France,Male,32,0,37283.072381380014,2,1,0,141478.336409083,1
572,Spain,Male,49,3,10419.133422805491,3,1,1,76153.20538738405,0
586,Spain,Male,40,9,58326.37709921919,2,1,0,93350.83638800104,0
545,Spain,Male,35,8,37105.55953507289,1,1,0,139298.8307746621,1
718,Germany,Female,40,6,146043.22226723452,4,1,1,12913.934319789028,0
644,France,Male,41,0,121078.06083523204,4,1,0,11600.0,0
552,Spain,Female,21,7,73421.48438331537,2,1,1,47207.84403508217,0
610,France,Female,38,3,10216.874489273472,2,1,0,150975.79923800367,0
350,France,Male,39,6,12026.679457678409,4,1,0,137867.74157921047,0
727,France,Male,35,5,15631.105899289349,2,1,1,24087.70597777437,0
632,Germany,Female,18,6,89831.87395180138,3,1,1,56701.0812229537,0
409,Germany,Male,35,9,52198.47051460567,3,1,1,105814.28172065524,0
504,Germany,Female,55,9,9653.77173917318,4,1,0,83458.95083352557,0
607,France,Female,44,0,30648.27269607786,3,0,1,131805.41842231128,0
518,France,Female,28,5,184244.9821895042,4,1,1,127496.30287058363,0
729,Spain,Female,47,2,65885.22442141364,3,1,1,187998.4414165184,0
691,Germany,Female,27,9,136121.97010581096,1,1,1,162989.15094892326,1
685,France,Male,41,3,82731.63396960031,3,1,1,112683.00987329058,0
389,Germany,Female,41,0,64560.02560451638,3,0,0,109175.655313171,0
597,France,Male,35,9,88574.26057748328,1,1,0,158019.01766987683,0
580,France,Male,49,7,58975.37803922259,3,1,0,200000.0,0
554,France,Male,46,1,41893.24293541295,3,1,1,33517.92760160183,0
608,France,Female,31,2,66568.74957858126,3,0,0,88122.94265563514,1
537,France,Male,36,6,13033.48720253233,2,0,1,43515.52521008348,0
671,Spain,Female,30,1,33701.464391498535,1,1,0,167959.02027503808,0
726,Germany,Male,33,3,151196.61471400643,3,0,1,141847.03771112987,0
718,France,Female,45,6,82672.73615096702,4,0,0,53462.40034029336,0
636,Germany,Male,38,2,130387.8401428755,4,1,0,131650.94089805707,1
849,Spain,Male,49,1,171246.4868414748,4,1,1,55133.688698732105,0
763,France,Male,23,7,44235.42086459267,1,0,1,112216.0640068373,0
639,Spain,Male,41,1,10918.735260660136,4,1,0,185611.42466852916,0
601,Germany,Male,47,9,67556.04593556187,3,1,1,133416.9085630555,0
783,France,Female,40,6,367.91755902966895,2,1,1,179811.56716482667,0
750,France,Male,25,10,4668.385534455775,3,1,1,183946.68538301476,0
508,France,Female,28,2,16851.62921449414,3,0,1,44206.91789982222,0
758,Germany,Male,48,3,765.1940020963754,4,1,0,200000.0,1
634,France,Male,33,5,57498.4174409476,4,1,0,41960.435986421086,0
563,Germany,Male,31,10,84800.0291455828,2,1,0,11600.0,1
452,Germany,Male,35,2,70074.17685716803,2,1,0,86695.79683038291,0
623,France,Female,36,0,7802.327572834489,1,0,1,16811.951970938127,1
648,Spain,Female,50,7,81457.92815113375,4,1,0,83869.1512195716,0
808,Spain,Male,21,3,88155.70009996633,1,1,0,131186.10677957014,1
745,France,Female,44,0,5075.51922765758,4,0,1,200000.0,0
591,Spain,Male,53,1,33901.80090356503,3,1,0,47800.339139756,0
688,France,Female,48,5,58257.66598675708,4,1,0,48609.11637825072,0
732,France,Female,62,0,26101.5123702543,3,1,0,123645.67453719064,0
658,France,Female,34,8,110031.23236254956,4,1,1,65301.09516782338,0
591,Germany,Male,47,6,37659.89049381121,2,1,1,123247.48102925518,0
596,Germany,Male,38,7,6512.251030985064,4,0,1,200000.0,0
688,France,Male,33,7,37797.3399008323,3,0,1,11600.0,0
691,France,Female,18,5,43071.11648872652,1,1,0,122427.67235144252,1
620,France,Female,34,7,153555.05009300687,2,1,1,30358.883173518014,0
388,Spain,Male,49,6,27408.056778102164,2,1,0,59435.52309203901,0
520,Spain,Female,21,0,111761.57740274236,2,0,1,106479.40172875038,0
711,Germany,Female,59,2,19280.93369005346,3,1,0,100527.193164925,0
436,Germany,Male,43,8,30101.717087709407,4,0,0,105228.52600015972,1
768,Germany,Female,27,7,56238.16461183021,4,1,0,126880.35177373582,0
753,France,Male,41,4,108361.43756955778,1,1,1,63664.66633347598,0
654,France,Male,45,0,74386.92096182566,2,0,0,192720.370256609,0
709,Germany,Male,34,1,8448.212424173866,1,1,0,41366.29523984664,1
702,Germany,Male,32,9,10764.818955985367,2,1,0,107674.2324429516,1
638,France,Female,58,9,3532.7611362268626,2,1,1,163347.34750058345,0
512,Spain,Male,35,8,48574.17422135631,4,1,1,48188.08175735523,0
746,Spain,Male,37,9,29020.592790481976,1,1,0,77115.95707844198,1
790,France,Male,52,7,104307.71130240322,4,1,0,91650.48238293412,1
529,Germany,Female,38,8,227385.91693051957,2,1,0,82028.14805502116,1
508,Spain,Female,46,1,105415.68562201246,3,0,0,70430.5064948802,0
636,France,Female,34,2,2387.251821114643,1,1,0,129911.05881838709,0
587,Germany,Male,32,2,144441.5297045307,1,1,0,101593.5592704734,1
664,France,Female,42,0,5434.353879503422,4,1,1,84339.16002249008,0
770,France,Female,29,1,29638.40014158031,2,0,0,34617.633104406406,0
425,Spain,Male,43,9,17643.4036615868,4,0,0,11600.0,0
808,France,Female,29,4,8506.507713038827,1,1,0,166268.33653307648,0
609,France,Female,42,6,9391.07845867122,3,1,0,89347.18694046827,1
701,France,Female,51,5,21219.703717271183,2,0,0,34437.75492908983,0
711,France,Female,19,1,1286.1037347190145,3,1,0,158145.63238625292,1
723,France,Female,34,7,3342.068359358777,3,0,0,11600.0,0
656,Germany,Male,19,3,62637.13017003052,3,1,0,200000.0,0
679,France,Female,36,10,49206.08989503456,4,1,1,147891.3951681944,0
678,Germany,Female,42,1,5232.358466634585,1,0,0,15379.662065424547,0
586,Germany,Male,35,3,28312.02203969716,4,0,0,52676.94392522453,1
474,France,Female,18,7,46787.61055856345,2,1,1,115867.8106949686,0
528,Germany,Female,47,0,5137.279714877936,2,1,0,95146.2626927446,0
639,Germany,Male,24,10,178771.74581762243,3,1,1,150830.70405578488,0
571,France,Female,47,8,94359.47368688928,3,1,1,165911.83864019974,0
571,France,Male,31,7,12889.766379447386,2,1,1,48822.08696608386,0
829,Germany,Female,30,7,36580.196931894,2,1,1,87660.58124141325,1
735,Spain,Male,39,9,35431.75553570548,3,0,0,95631.80317410448,0
624,France,Female,49,8,20339.11156140464,2,1,0,11600.0,0
717,France,Male,58,6,71280.02333731583,3,1,1,111192.22182421334,0
607,France,Female,34,10,53689.052145455375,3,1,1,11600.0,0
661,France,Female,25,8,99834.9850882584,3,0,1,152379.6902157525,0
694,Germany,Male,42,0,255.6678155448037,3,0,0,56145.60932776086,0
608,France,Female,25,0,46317.4019756951,1,1,0,91348.29942411772,0
581,France,Male,46,3,246388.3324539005,2,1,0,87643.2816358532,0
772,France,Female,43,1,77843.33988340817,2,1,0,42525.52821676696,1
711,France,Female,52,7,21103.809719343164,2,1,1,79910.51577607465,0
424,France,Female,49,0,8486.101024266369,3,0,0,77403.83887906666,0
583,France,Female,40,3,27955.25690465835,4,0,1,123765.84084929468,0
571,France,Male,39,10,27605.77443925397,4,1,0,11600.0,0
587,Spain,Male,30,10,44006.80920718236,1,1,1,69833.36850751074,0
736,Spain,Female,29,8,3417.46919411402,2,1,1,200000.0,0
651,France,Male,38,1,24485.141217110257,3,0,1,119430.04341905189,0
511,Germany,Male,28,5,96480.15354486307,3,1,0,84791.37845995986,0
611,France,Male,36,3,51588.21711554823,1,1,1,119017.56470787789,0
704,France,Female,34,3,28519.694718971,1,1,1,66744.99039758873,0
628,France,Male,44,5,18571.29322235174,3,1,0,180904.048309108,1
585,France,Female,38,9,16409.941444128435,4,1,1,129073.90193051904,0
683,Germany,Female,48,3,68999.45935546551,2,1,0,22478.57348625129,0
811,France,Female,35,8,27990.20361896305,3,1,1,108700.1287557318,0
696,France,Male,27,7,14133.152240470028,1,1,0,94867.87740637036,0
780,Spain,Male,44,7,83757.94555820522,3,0,0,156828.1033346818,0
592,Germany,Male,37,4,15435.584406250153,4,1,0,22310.115691539075,0
649,France,Female,36,5,3330.4734577540225,3,1,0,77671.18925516846,1
647,France,Male,34,0,39713.92357917563,1,1,1,55213.99747109979,0
661,France,Male,38,0,16359.440926047417,1,1,1,21455.247670272423,0
694,France,Male,36,8,244.7746913222553,3,1,1,29773.946454302877,0
558,France,Female,44,3,34813.49547425045,1,1,1,74535.12720221916,0
714,France,Female,46,2,112473.09990145064,4,1,1,194735.37169511543,0
487,Germany,Male,35,4,51660.055234684776,2,1,0,98977.27259203256,0
516,Germany,Male,58,8,916.0571537251498,2,1,0,129789.15239149026,0
850,Germany,Female,33,8,23802.412444585723,2,0,0,76892.35332383536,1
598,France,Male,39,2,14187.229869367668,1,1,0,40555.11408081446,0
722,France,Female,22,6,55500.22475026007,4,0,0,85714.15271380034,0
819,France,Female,37,2,30523.99372308882,4,0,0,94500.58264976768,0
418,Germany,Female,36,2,9481.430130650066,3,1,1,183693.905251616,1
762,France,Female,38,3,30466.768625849694,3,1,1,143201.03681027732,0
714,Spain,Female,48,1,133968.9189072645,3,1,0,111100.16753467488,0
814,Germany,Female,55,5,26449.345742747315,4,1,0,11600.0,1
531,Spain,Male,50,4,102138.57811343852,4,1,0,128725.2322076738,0
795,Germany,Male,37,9,32259.780139291288,3,0,0,152586.01507578013,1
576,Spain,Female,40,9,70868.49474708238,4,1,0,76824.89111309659,0
755,Germany,Male,54,1,77053.76918483878,2,1,0,134101.20295634877,0
646,Spain,Female,28,9,71511.3108548385,3,1,1,144535.0047125593,0
727,France,Male,46,1,50874.441866241024,3,1,1,85508.25015358096,0
654,France,Female,30,1,152338.9466593912,1,0,0,82408.13156137695,0
466,Germany,Female,50,3,131957.36337161105,1,0,0,39501.2552562896,0
350,Spain,Female,37,2,18032.981404360275,3,1,0,155333.97590972015,0
670,France,Male,30,8,59316.66163010783,2,1,1,157940.68366911344,0
623,France,Female,32,4,54649.915063895336,4,0,1,163299.2694255677,0
689,Germany,Male,34,0,11173.495935595887,2,1,1,109747.20632894602,0
624,Germany,Male,48,1,15398.87134007295,2,0,1,101769.10992311516,0
850,France,Male,52,6,18607.851428172715,4,0,1,140049.68773209854,0
673,Germany,Female,34,7,20142.40357369379,1,1,0,126804.84751918996,1
605,Spain,Male,30,5,96331.801466586,4,1,0,102398.42837362456,0
683,Spain,Female,59,6,70807.4170547606,2,1,1,162433.93733467415,0
607,France,Female,47,1,82443.88235567202,4,1,0,198634.94664817315,0
659,France,Female,31,5,122106.659037316,1,1,1,200000.0,0
528,France,Female,42,5,36112.53623422021,4,1,0,37951.77872307265,1
649,France,Female,34,3,90221.57601515426,4,1,1,120866.87775323106,0
602,France,Female,26,10,59427.74085064202,4,1,0,129165.35383709842,0
537,Spain,Female,35,3,31255.120571353327,2,1,1,117847.69921941838,1
847,France,Male,25,1,10774.520397458951,4,1,0,194337.92789436085,1
541,Spain,Male,34,2,28129.76622726181,4,1,0,123894.31713476764,0
650,Spain,Male,35,9,11570.037987212268,1,1,1,200000.0,0
569,France,Male,33,5,16925.338886731384,1,0,0,155491.36546649318,1
679,Spain,Male,48,3,16669.865386922796,1,0,0,11600.0,1
522,Germany,Female,43,2,71571.55819579899,4,0,0,128282.59117039492,0
734,Germany,Female,32,0,35442.38219472841,3,1,0,73655.12920449018,0
850,France,Male,42,10,78786.32871275088,1,0,0,184064.26567709076,1
566,Germany,Female,52,10,104944.39215800972,4,1,1,98576.79615752897,1
771,France,Male,30,10,47294.95153786063,1,1,0,59027.33533728442,0
611,Germany,Male,25,2,26145.330994469507,1,1,0,114368.5861717419,0
800,France,Female,28,0,97165.94214582686,4,1,0,81959.45596257494,1
850,Germany,Female,42,3,41912.71942686855,2,1,0,34030.22853374298,0
626,France,Male,53,3,97223.41744196194,1,1,1,34021.10200565934,0
497,France,Male,47,10,15422.971623285614,3,1,1,149658.32910355646,1
744,Germany,Male,51,0,41707.75076926954,2,1,1,82030.42174468495,0
672,Germany,Male,18,6,11896.888493865015,2,0,1,163935.95210184093,0
700,France,Female,30,4,59925.58358482565,3,1,1,11600.0,0
616,France,Female,27,0,44202.19060420722,1,1,0,88750.82015908968,0
561,Spain,Female,44,4,40596.50839233982,4,1,1,181578.31856092231,1
766,Germany,Male,37,6,50958.82426044086,1,1,0,142452.25939753285,0
681,France,Female,18,5,23532.42502734198,2,1,0,136591.2961785933,0
505,Germany,Male,46,9,10658.207346466284,3,1,1,132551.85829976425,0
718,France,Female,50,4,82101.33662464943,4,1,1,27563.67860323236,0
698,France,Male,59,7,24255.43877332516,2,1,0,129219.39396731956,1
617,Germany,Female,40,8,225203.53142953428,2,1,0,161956.79856684405,1
811,Spain,Female,45,0,32792.77979393406,1,1,1,46228.49254729772,0
588,Germany,Female,27,5,33668.610580125285,1,1,0,37003.443712975386,0
633,France,Male,22,1,56632.0020558577,3,1,1,147378.11916394226,0
726,Spain,Female,51,7,54941.19241935483,2,0,0,111701.56211710029,0
657,France,Female,44,4,9954.18799013418,3,0,1,48750.2525227398,0
511,Spain,Female,51,0,15894.027514964091,2,0,1,200000.0,0
668,France,Male,36,4,13166.80263836149,3,1,0,76278.15240528641,0
608,France,Male,62,9,2744.203446549169,3,1,0,142985.3976781732,0
735,Germany,Male,42,4,1133.303621733131,3,0,1,11600.0,0
665,France,Male,31,1,51780.674888554255,3,1,0,115606.94081279312,0
659,Spain,Female,35,3,34516.7022626817,4,1,0,63666.61392701437,0
545,Germany,Female,22,5,112497.55675359895,4,1,0,134588.2683002851,0
626,France,Male,29,0,17888.86392931082,2,1,1,173932.3813032702,0
747,Germany,Female,35,10,77443.8502422834,3,1,0,172128.82678060883,0
572,France,Male,54,8,5443.557642762395,2,1,1,94205.6542689219,1
646,France,Male,38,6,84761.13690863439,3,0,0,142481.29346682967,0
556,Spain,Male,49,5,127020.0824712678,1,1,1,200000.0,1
531,Spain,Female,38,0,49354.075706971234,2,1,0,94559.97274741148,1
641,France,Female,28,7,66582.75617044623,2,1,0,92651.43212720024,0
667,Germany,Male,44,7,220294.57348392287,2,1,1,38983.58149263196,1
849,France,Female,30,3,23755.79739891141,4,1,0,122940.0183116915,0
604,Spain,Male,35,3,1490.0440609111483,3,1,1,72110.4453056344,0
644,Spain,Male,59,0,57380.103529472304,2,0,0,60614.96642929543,0
524,France,Male,45,8,670.9702942321226,3,0,0,11600.0,0
711,Spain,Male,30,7,42002.52371856271,3,1,1,43819.77270852472,0
689,France,Female,46,9,45500.26795969374,1,1,1,49825.62904790587,0
798,France,Female,29,6,43913.71884856028,1,0,0,172632.45815631762,1
761,Spain,Male,21,1,9071.23209924192,1,1,1,88750.80200229608,0
685,Germany,Male,49,6,3988.758284882889,4,0,1,49520.05177988829,0
602,France,Male,41,3,119159.22841990078,3,1,0,198307.98092685812,0
670,Germany,Male,37,2,39000.8017870544,2,1,0,142982.7735620476,0
638,France,Male,22,10,19510.410684319264,2,1,1,47756.08317789231,0
745,France,Male,35,9,73864.65683040528,1,1,0,119868.44556125865,0
732,Spain,Female,40,3,127331.19682313994,2,1,1,172221.88711052312,0
620,Germany,Male,27,9,25893.878666234275,4,1,0,68327.47641556655,1
503,Spain,Male,39,5,5173.959618654559,1,1,0,111514.38205870792,0
783,France,Female,54,6,58982.97943692078,4,0,0,11600.0,0
708,Germany,Male,41,1,119042.27405566716,1,1,0,130308.57138037778,1
618,Spain,Male,44,6,196629.3129386071,4,0,0,200000.0,0
704,France,Male,34,9,83977.4346833038,2,0,0,174046.4155397173,0
657,France,Male,28,1,15613.541388743472,2,1,0,93557.34387747334,1
781,Germany,Male,33,10,22175.504218603604,4,0,0,56257.8091304359,1
457,France,Male,49,1,7351.951093543566,3,0,1,119273.96012627242,0
610,France,Female,38,0,62369.347941625456,2,1,1,192505.68313086123,0
809,Spain,Female,36,10,9271.583538680974,2,1,0,85493.04149318452,0
706,Spain,Female,33,6,28278.708157606925,1,1,1,103465.0567500392,0
827,Germany,Male,26,0,37938.24442943489,3,1,0,43694.29254195316,0
527,Spain,Male,52,2,24106.459901115355,2,0,0,61712.01684257215,0
757,Spain,Male,36,10,8108.06941266232,4,0,1,82933.31914156981,0
751,Germany,Male,33,7,17111.872317846428,3,1,1,81123.54318082485,0
481,France,Male,39,0,50087.67016910568,3,1,1,57854.42595914668,0
620,France,Male,33,5,64881.88767003219,1,0,0,60182.20640264716,0
639,France,Male,42,1,47678.36166060648,1,1,1,170258.99243192415,0
488,France,Male,32,8,168706.36106584236,2,1,0,132699.73087878514,0
622,France,Male,40,1,47548.0244626379,1,1,1,154594.42002030098,0
737,France,Male,38,5,12766.522684828264,3,1,1,145534.4132873043,0
610,France,Male,57,3,33770.56146591038,4,1,0,156110.29363574545,0
674,France,Male,58,8,90464.42332915432,1,1,1,145814.0743950971,0
674,Germany,Male,46,0,19711.54429893461,1,1,0,193788.22542376557,0
648,France,Male,38,0,66785.91145630021,4,0,1,200000.0,0
579,Spain,Male,47,9,76900.51740767297,3,0,0,123366.02231892926,0
715,France,Male,46,2,135878.68770512394,3,1,0,167120.40815511765,0
491,Spain,Male,34,10,25639.32619336187,1,1,0,11600.0,0
650,Spain,Female,22,5,15016.367183597671,1,1,0,92953.50644712966,0
788,Germany,Male,19,2,35458.569947728334,4,1,1,163015.56159374322,0
605,Germany,Male,37,6,250000.0,1,1,0,11600.0,0
577,Spain,Male,33,8,116205.74569325196,3,1,1,184944.0504577125,0
722,France,Male,33,9,16700.617688750026,3,1,1,11600.0,0
666,Spain,Male,30,1,10952.331227553665,4,1,0,200000.0,0
724,Spain,Female,30,3,32404.671107679384,4,1,1,200000.0,0
653,Germany,Female,45,2,9062.577198311286,1,0,1,11600.0,0
411,France,Male,18,5,70947.34511415011,2,1,0,138345.6793809873,0
767,Germany,Female,44,4,1864.9832031904384,4,1,0,105772.19874440516,1
850,Germany,Male,36,2,12726.921652525023,3,0,0,164710.8905164616,0
778,Germany,Male,53,8,919.4425454256047,1,1,0,97451.55277164157,0
350,Germany,Female,41,7,12856.883838572425,4,1,1,94366.1124598396,0
695,France,Male,21,2,2686.5105001862803,3,1,0,154252.87109534748,0
603,France,Male,20,9,55974.279869724094,1,1,0,171124.4979351742,0
541,France,Female,27,4,42230.35396347488,4,1,0,14338.22449115153,0
662,France,Female,41,4,12034.446108197557,1,1,1,162391.28790426446,0
635,France,Female,21,4,11475.512773021792,1,1,1,142206.58244610525,1
700,France,Female,40,7,17208.63604270412,2,1,1,89197.58967993068,0
655,France,Female,46,2,80027.10986848232,4,1,0,12213.37794940827,0
537,France,Male,33,2,8155.559252491641,4,0,1,76646.28915076426,0
592,France,Male,30,7,6488.399380366978,4,1,1,123321.43857313551,0
576,Spain,Female,18,8,35468.94372094615,2,1,1,11600.0,0
478,Spain,Female,54,4,100105.55950763484,3,1,1,150450.6500433039,0
512,Germany,Male,57,9,12687.290797673611,4,0,0,87733.27426462581,1
628,France,Female,51,7,5616.811226469299,4,1,0,200000.0,0
792,Germany,Male,36,4,33833.04763242671,3,1,1,118158.1094562905,0
596,Germany,Male,38,3,65867.31915927645,4,1,1,26998.409081695907,1
574,Spain,Male,45,1,48158.94218552605,2,1,1,149615.3459621822,0
531,Germany,Male,40,10,27078.476014576318,4,0,0,111097.235203445,0
653,Germany,Female,18,3,2061.8360983150824,1,1,0,96158.58186676812,1
767,Spain,Male,48,1,17876.142956159976,2,1,1,200000.0,1
850,France,Female,51,6,125820.74717754497,2,1,1,46412.97403427202,0
678,France,Male,49,6,12606.896560513858,1,1,0,167362.25815920177,0
663,Germany,Male,43,8,47590.02065074198,3,1,0,100126.62771386471,1
595,France,Female,48,3,118996.38772820668,2,1,1,125569.23009686956,1
612,France,Male,24,4,33482.224385958725,4,0,0,157980.17566808668,1
712,Germany,Female,38,10,29554.70438342589,3,0,1,11600.0,0
618,France,Male,32,3,7603.040325706831,2,0,0,112383.33091060178,0
633,Germany,Male,53,3,197154.1171727097,4,0,1,112552.53552348127,0
647,Spain,Female,40,4,9719.885646165036,4,0,0,81659.00846907345,0
590,France,Female,37,2,32836.68914076744,2,1,1,51272.73945212618,0
642,France,Female,28,8,9396.628050415986,3,0,1,113865.1327564233,0
448,France,Female,28,6,21414.952928694824,3,1,0,151416.02277730923,0
704,France,Female,27,0,107712.05395284951,1,1,1,192546.5440647069,1
850,France,Male,46,0,51545.91349381648,1,1,0,161133.42223052654,1
594,France,Female,44,0,494.65116088529766,2,0,0,85465.61903666992,0
687,France,Male,41,2,170203.78028793828,4,0,0,160679.41573637162,0
735,France,Male,46,8,76602.43486255207,2,1,1,71722.76946052595,0
778,Germany,Male,30,7,250000.0,1,1,0,11600.0,0
623,Spain,Male,20,8,71956.64332426437,1,0,0,184517.82893641465,1
469,Spain,Male,45,4,72377.36128939464,2,1,1,27919.950753913203,0
676,Germany,Male,38,6,60095.213940268965,1,0,1,52900.3700779653,1
662,France,Male,47,9,27516.98098674,3,1,0,101902.3278373276,0
615,Germany,Female,43,8,18912.825517210425,2,1,1,92395.30089640542,0
636,France,Female,38,4,37241.72216359299,2,1,1,11600.0,0
664,France,Female,41,7,9815.196952734928,2,1,0,67732.40972494634,0
686,Spain,Male,53,7,64084.3128632721,2,1,1,148713.77724805925,0
681,France,Female,36,2,250000.0,3,0,0,123797.8589133196,0
628,France,Male,46,4,45931.486060665695,1,1,1,133355.15731539478,0
688,Spain,Female,42,7,97056.21527857867,2,1,1,11600.0,0
621,Spain,Male,22,9,9456.963310499796,2,1,1,16153.07568683842,0
714,France,Male,25,2,87168.59787616895,4,1,1,132552.45746568253,0
587,France,Male,38,2,118991.34732393274,2,0,1,200000.0,1
657,Germany,Female,34,5,91276.43298394945,2,0,0,91260.32695253154,0
487,Germany,Female,29,6,49343.64539947078,4,1,1,112474.66431106917,0
613,France,Female,49,6,130441.96496579466,3,1,0,115301.70189395176,0
706,Germany,Male,24,5,162812.01723477937,1,1,0,151438.07894618745,0
546,Spain,Male,37,6,84468.35206228375,3,0,0,46022.04915637946,1
617,France,Female,30,6,39605.81217083157,2,1,1,200000.0,0
409,Spain,Male,53,3,90181.20364276008,2,1,0,183262.7895605373,0
513,Spain,Female,64,7,23256.03495378948,3,1,0,144563.1499920197,0
539,France,Male,35,7,21277.632713574363,2,1,0,73108.10450538248,1
660,Spain,Female,47,1,21378.438315832394,3,1,0,132588.23467724386,0
683,France,Female,51,9,11108.341159025267,3,0,0,129323.23189614748,0
644,Germany,Female,47,4,48768.19257412932,1,0,0,56516.69090579413,1
611,Spain,Male,46,1,54158.33237572217,1,0,0,38358.38502099161,0
612,France,Male,21,2,98177.10038982405,1,1,1,125973.44514083651,0
721,Germany,Female,50,2,59292.033726459005,1,1,0,88470.93542435307,0
671,Spain,Female,42,4,75692.10279913031,3,1,1,162889.05891110285,1
616,France,Male,36,7,58371.13468627921,2,1,0,26190.59524102604,1
779,France,Male,38,2,59708.63373150438,3,1,1,116494.79962160002,0
844,France,Female,41,6,20817.33791130266,2,1,0,175043.68302030585,0
525,Germany,Female,36,4,168900.5752131277,1,1,1,130413.71356414052,0
702,Spain,Female,35,9,50914.90800208331,4,1,1,176755.71770275303,0
850,Spain,Female,29,9,44231.91522888532,2,1,1,167374.53744697274,0
678,France,Female,44,9,93936.73925944924,2,0,0,97104.20206182369,0
661,Germany,Male,37,3,27318.84478008414,4,1,0,77728.3102060698,0
644,France,Male,31,1,5060.263356019011,3,1,1,168658.636879684,0
699,France,Male,39,5,13728.591030602189,1,0,1,127471.2716220034,0
725,France,Female,39,3,82536.87891079512,3,0,1,121678.65471677124,0
525,France,Male,44,3,65803.79709836135,2,1,1,150596.34010972298,0
647,Germany,Male,38,4,6232.194998439648,2,1,0,96163.97925862228,0
423,Spain,Male,45,8,3609.867350284605,2,1,0,60919.26140743957,0
629,Germany,Male,36,0,48630.6475257166,3,0,0,200000.0,1
559,Germany,Female,36,4,139556.57926987734,3,0,1,109092.05052994507,0
683,France,Female,41,4,9613.78781275352,4,1,0,40641.49431221949,0
484,Spain,Female,42,1,39816.85375102854,3,1,1,131416.40424003862,0
598,Spain,Male,51,2,83557.00788716113,1,1,1,116244.36365882248,0
746,Spain,Female,49,3,37612.24249733002,2,0,1,81178.1593302937,0
582,France,Male,38,0,21625.86750554872,3,1,1,130048.16442260335,0
459,Germany,Female,24,9,78169.02881119818,3,0,0,96731.35802660674,0
675,Germany,Male,45,2,73751.0218351833,3,0,0,54096.12802250657,0
591,France,Male,44,0,88740.8087262745,3,1,0,46083.950817768426,0
631,Germany,Male,41,0,145113.8097110523,3,0,1,33978.083582585445,0
577,Spain,Female,46,8,8163.08461168542,3,1,1,168432.07220932055,0
847,France,Female,35,3,20834.959893425246,3,1,0,146458.0578714837,0
494,France,Male,23,3,213389.6113385655,1,1,0,145226.4280460145,0
850,Germany,Male,30,3,45136.19088513344,3,1,0,133294.16073753306,0
610,France,Female,18,10,55452.82245185894,4,0,1,31792.588949167228,0
668,Germany,Male,43,8,107749.32942682951,1,1,1,17098.679625593402,0
592,Germany,Male,38,10,58727.83695540833,1,0,1,27062.463709077027,0
588,France,Male,47,7,57479.54041851154,4,0,1,135073.1713808681,0
571,Spain,Female,46,3,5518.819889866638,2,1,1,33502.7321442246,0
710,Germany,Male,34,5,35346.17452782317,2,1,1,149783.02119122524,0
508,Spain,Female,30,1,55919.34127258821,1,0,1,151717.9522798394,0
686,Spain,Male,31,5,82328.8918196208,1,1,1,132840.62218829716,0
431,Spain,Male,58,0,26656.80788288405,3,1,1,88591.58721521765,0
677,France,Male,37,4,6592.92838418645,1,1,1,149746.87372943317,0
734,France,Female,36,7,22771.56616205,3,1,1,90984.34301624564,0
522,France,Male,41,0,28082.7365063354,3,1,1,179260.73328605318,0
717,France,Female,23,10,69516.91783865688,2,1,0,147405.02544387832,0
655,Spain,Male,35,1,998.9581306911672,1,1,0,47974.40195704758,0
809,France,Male,30,2,24371.556332271222,3,1,0,50902.3116553097,0
564,Spain,Female,28,6,29699.82074070639,1,1,1,69360.16343426931,0
850,France,Female,36,7,39938.23043903299,3,1,1,85240.63407294833,0
410,France,Male,39,3,175327.0503949904,2,1,0,45338.76757367166,0
617,Spain,Female,26,7,67469.59787958943,3,0,0,143036.4990650124,0
480,France,Female,35,0,12579.032867653525,2,0,0,133730.79885845457,0
835,Spain,Male,39,2,50209.98598784288,4,1,0,85108.9813535844,0
623,France,Male,43,3,21242.18720754665,2,1,1,169210.71967591165,0
632,Spain,Male,36,4,83410.20932584647,2,1,0,101007.97334717007,0
694,Germany,Male,42,10,9380.961808429713,2,0,1,19072.73352264719,0
649,Spain,Female,35,8,7803.639747062211,4,0,1,45778.163920447405,0
590,France,Male,51,1,5345.523497451231,2,0,0,115925.5077215834,1
524,France,Male,44,6,39274.60328851227,1,1,0,179415.79565598804,0
666,Spain,Male,32,2,6576.958532435787,1,0,0,120665.22426862534,0
687,Spain,Female,34,9,2132.516818114539,4,0,0,45999.389575285495,0
719,France,Female,42,1,20207.50172684906,4,0,1,65773.88625104504,0
841,France,Male,33,8,80015.6295275302,4,1,1,122851.35323151023,0
432,France,Male,19,2,8484.51205643595,3,0,0,44235.02815059294,0
643,France,Male,41,7,22149.803170594587,2,1,0,200000.0,0
769,Germany,Female,35,0,28611.8328645719,2,1,1,167533.82733173462,0
637,France,Male,45,4,104361.64774885426,4,0,0,104442.31364328276,0
416,France,Female,39,4,32347.863584057268,4,1,0,151791.7400295192,1
520,Germany,Male,45,5,35867.425494478484,1,0,0,107764.12088004756,0
682,France,Female,64,6,14693.375203620317,1,1,1,81024.53096641657,0
679,Germany,Female,51,2,55212.8557980072,2,1,0,107981.8638602423,0
717,Spain,Female,35,4,1299.8709406228284,1,1,1,11600.0,0
571,France,Male,43,7,166826.55350372972,1,1,1,131852.5990289212,0
675,Germany,Female,40,5,34469.73980967669,2,1,1,76961.28024514299,0
555,France,Male,41,1,3190.312903807531,4,1,1,187378.06621831667,0
675,France,Male,23,6,40954.848862780615,4,1,1,131391.98949741563,0
655,France,Female,49,2,36075.49822944598,2,0,1,112282.91169505402,0
567,France,Female,18,9,13768.08008255302,4,1,0,33996.519603355424,0
805,France,Female,38,8,11710.832390939093,4,0,0,76817.74172265324,0
479,France,Male,21,3,15788.019056258026,2,1,0,112699.4108147548,0
635,Spain,Female,31,10,6947.703996656429,3,0,0,162968.99175462895,1
565,Germany,Male,41,3,37902.67798358921,4,1,1,124900.28068752831,1
833,Spain,Male,47,3,105571.7864978022,2,1,1,107634.1819267534,0
709,Germany,Female,49,9,128280.41223520663,3,0,1,101957.70490826154,0
585,France,Male,37,9,152866.6220727677,1,1,0,184088.09621838675,0
622,France,Female,48,7,45861.33279714578,4,1,1,164880.685332077,0
836,France,Male,38,0,48583.441065799285,2,0,0,141390.66303635977,0
555,France,Male,31,2,18590.64413308107,1,1,1,135365.07134406702,0
473,Germany,Female,42,7,108291.6321595336,1,1,1,119651.59676957404,1
679,Germany,Female,29,6,33485.74761468035,3,1,0,129500.15863084816,0
681,France,Male,37,5,16377.214395661733,2,1,1,11600.0,0
716,France,Male,34,6,168583.66777305127,3,0,0,84412.31870993509,0
717,France,Female,23,0,61103.12974313511,1,1,0,142611.0304181958,0
827,France,Male,42,7,31241.86215972526,4,1,0,89560.64416875673,0
478,France,Male,40,3,3555.2997861199697,3,1,1,79494.00784270177,0
529,Spain,Female,50,0,7550.541511605473,2,1,0,154068.32769318824,1
716,France,Male,20,3,10937.454321437472,2,1,1,11600.0,0
539,Germany,Female,31,1,116570.19882399324,1,1,0,63547.96314836668,1
504,France,Female,50,4,178048.57359172154,2,1,0,13734.633327105636,1
836,France,Female,44,0,15529.028986615,3,1,1,175218.88160441842,0
488,Spain,Male,46,0,34489.14380117163,3,1,1,93625.31739657832,1
614,Germany,Female,53,4,78483.29886096796,4,1,1,180756.79329106575,0
644,France,Male,31,1,24277.189391906933,1,1,0,83599.74051756125,1
780,Spain,Male,30,8,33900.8393858385,1,0,0,15376.709153343969,0
463,France,Male,47,9,109295.03107597218,3,1,1,80971.75023988192,0
691,France,Male,45,6,11628.836063348268,1,0,0,196752.37587341943,1
560,Spain,Male,37,3,250000.0,3,1,1,147214.1637082284,0
712,Germany,Male,37,6,30468.450889652697,3,1,1,108218.23310949188,0
559,France,Male,29,7,14940.720700975471,4,1,1,107470.12272527584,0
807,France,Male,54,7,111510.39483648483,3,1,0,87367.33748264585,0
559,Spain,Female,59,7,3979.441485442425,3,1,1,69689.5818568485,0
403,France,Male,50,4,51405.71849095236,4,0,1,118032.56697980966,0
571,France,Female,45,6,3183.7025425784773,1,0,0,12454.275068301213,1
623,Germany,Female,44,10,146117.22076520615,3,1,1,103654.47506839044,0
758,Spain,Female,42,6,51043.60766667518,2,1,0,85614.6688947172,0
524,France,Male,21,1,25372.45063733546,4,0,0,87885.61559939742,0
526,Spain,Female,34,2,27617.37968364678,1,1,0,48541.68541550495,1
746,Germany,Female,47,10,9024.356303884944,4,0,0,118496.07260018386,0
512,France,Female,30,1,22314.98899694102,3,1,0,187313.0055719265,0
632,Germany,Male,40,2,117065.76292580372,1,1,1,67282.40163334877,0
634,Spain,Female,50,8,81834.02141840976,2,0,1,120670.36455262768,0
671,France,Female,50,6,54158.92004798354,4,1,0,119398.26913427917,1
575,France,Male,48,3,171761.77479006542,2,1,0,187803.98077253197,0
557,Spain,Female,41,7,42599.72255596816,4,1,0,22945.454283862287,1
683,Germany,Female,46,6,9696.117086421804,3,1,1,114849.70157964285,0
560,France,Female,36,9,62520.937616003845,4,0,1,155391.30145131244,0
514,Germany,Male,56,5,44813.986937296206,2,1,1,148465.11219452793,0
772,Germany,Female,23,3,28683.57398060373,4,0,0,63426.6122086268,0
698,Spain,Male,39,4,7948.712992698223,3,1,0,51006.20781395628,0
826,Spain,Female,34,9,56607.26837570691,3,1,1,106723.6636575928,0
728,France,Male,45,7,29355.27027671811,4,1,1,152296.00307155756,0
523,France,Male,35,2,43212.605716520295,1,1,1,11600.0,1
659,Germany,Male,63,10,18946.19490122109,3,1,0,38051.37795764935,0
548,France,Female,48,2,8464.002797719857,4,1,1,123030.56497003487,0
484,Germany,Female,29,4,22307.131712621867,3,1,1,109241.24437410348,0
605,France,Male,18,8,95562.57766913764,3,1,0,169990.87789572365,0
748,France,Male,27,4,8691.83867454478,3,1,0,200000.0,0
677,France,Male,44,0,31860.398312269957,3,1,0,192280.40049496124,0
510,Germany,Female,36,4,17663.21286386183,3,1,0,95838.78272775577,1
601,Spain,Male,33,8,163947.5331604707,3,1,1,52506.54032908482,0
635,France,Male,31,6,4423.724182743184,1,0,1,21964.60741357252,0
481,France,Female,47,8,14074.992929826316,1,1,1,124088.88807458262,0
721,France,Male,35,9,29851.570039301205,3,0,1,11600.0,0
627,Spain,Male,34,9,14202.972777928464,1,1,1,91187.1010600889,0
510,France,Male,48,4,61309.68472560005,3,1,1,116862.5660362972,0
505,Germany,Female,54,2,23172.070834435854,3,1,0,200000.0,1
760,Germany,Female,27,1,75883.27483340188,4,1,0,111477.17137739409,0
611,France,Female,50,8,40067.07953683901,2,0,1,53185.06218785003,0
769,Spain,Male,37,4,27828.12386422307,1,0,0,135459.6957180658,0
807,France,Male,48,10,22696.76062766165,2,1,1,110273.4066571582,0
752,Germany,Male,45,0,12552.637692620405,3,0,1,156921.038156862,0
596,France,Female,39,1,14554.95473085026,4,1,1,188203.74450257432,0
400,France,Female,39,1,9702.283045231472,3,0,1,83777.76678001296,0
681,Germany,Female,45,3,95441.15999714108,3,1,1,137132.43284463862,1
850,France,Male,28,5,39735.0471275733,4,1,1,200000.0,0
646,Germany,Female,27,7,32973.55001774761,4,0,0,197083.25514251337,0
451,Germany,Female,59,2,19448.916213144308,1,0,0,56454.62121946697,1
582,Germany,Male,50,9,36373.36433343842,4,1,0,24268.069661246875,1
631,France,Female,48,9,107088.8925431802,1,1,1,156108.00403614188,0
540,Germany,Female,37,5,96931.3584542686,1,1,1,75310.71222009492,0
393,Germany,Female,22,3,45701.04638211867,1,0,0,182840.8584470988,0
640,France,Female,33,7,37746.55962349861,2,0,0,16242.971913792004,0
571,Germany,Male,43,8,12795.08433795166,2,1,1,58551.038935865705,0
827,Spain,Female,50,8,59033.67365227889,1,1,0,87407.63273234238,0
660,France,Female,43,5,95974.3698179855,1,1,1,44647.1594644524,0
696,Spain,Male,43,1,18241.93078945414,2,0,0,41315.13072819303,0
638,France,Male,37,1,28594.35695209865,1,1,1,63466.60398974068,0
659,France,Male,45,9,5642.2213531372445,3,1,1,151702.92206184255,0
484,France,Male,29,8,97666.01949723285,3,0,0,82682.12709525629,0
545,Germany,Female,40,4,5140.879498648554,4,1,0,128312.65572525024,1
758,France,Male,36,6,60926.81941717537,1,1,1,200000.0,0
670,Spain,Male,53,5,10349.95904036646,1,1,1,175511.95579402166,0
610,Spain,Male,18,8,66146.95616468806,3,1,0,129313.0670551208,0
698,Germany,Male,37,4,51456.00745038216,1,1,0,16208.485911095617,0
700,France,Male,41,7,58622.97058151724,3,1,0,77788.45631837311,0
849,Spain,Male,20,3,50502.320717555216,3,1,0,148262.85832510545,0
666,Spain,Male,46,6,25264.600054948,1,1,0,81313.8939376811,0
543,France,Female,37,8,48404.63000227609,1,1,1,52504.20290273227,1
638,Germany,Male,29,1,13371.345952590058,3,0,0,200000.0,0
710,Germany,Female,49,8,16005.94235615054,1,1,0,29272.016023865013,0
749,Germany,Male,31,7,3367.5617671721,1,1,0,90007.40997903679,0
488,France,Male,47,9,47444.26746513055,2,0,1,72514.4867374804,0
675,France,Male,40,0,91878.12586121734,2,1,1,39235.13188388875,1
560,France,Male,34,9,23776.94465501317,3,0,0,200000.0,0
593,France,Male,28,6,11702.532917952189,3,1,1,38587.93499210502,0
734,Germany,Male,31,4,86843.57335037009,4,0,0,50776.35976573529,0
724,Spain,Male,47,4,51658.98761503112,4,0,0,166689.83324669144,0
582,Spain,Female,50,6,111994.43957384623,3,1,0,113856.25930970193,0
634,Germany,Male,45,10,313.1613319266117,2,1,1,42353.10485147698,0
596,Germany,Female,38,9,25637.74528508911,3,1,0,96529.611144986,1
850,France,Female,45,3,115610.5974237308,3,1,1,47452.745670824974,0
677,Germany,Female,42,0,56255.4522947924,2,1,0,93181.32890414282,0
566,France,Male,32,5,31637.06105911456,4,0,1,85914.14830716392,0
782,France,Female,29,0,26768.623942996128,3,1,1,27853.0507889507,0
785,Germany,Male,35,10,112766.22264174388,4,1,1,119191.64340828008,0
829,France,Male,32,0,89128.6199063935,1,1,0,56494.81710554186,0
850,France,Male,40,7,619.410167822764,2,1,0,11600.0,0
720,Spain,Female,55,3,6453.642048762027,3,1,1,132829.38230217565,1
615,France,Male,41,4,35904.311147426146,3,1,1,102712.5495668548,0
629,France,Female,53,9,6087.832471589677,4,1,1,28957.744000978608,0
620,France,Male,39,9,16062.911051496112,1,0,0,136981.7312383696,0
609,France,Female,37,0,90062.83402854217,2,1,1,144263.02675485902,0
773,France,Female,23,9,24399.35981309044,1,1,1,100020.60725921384,0
650,Spain,Female,45,6,29975.06210949382,1,1,0,127378.41366840823,1
747,France,Male,32,10,9569.58907037407,3,1,0,24041.73584684632,0
717,Spain,Female,30,1,46104.6304718768,4,1,0,138954.3493996219,0
540,France,Female,28,5,6409.293863256581,4,1,1,100018.67376164104,0
478,France,Male,42,8,49742.5404125147,3,0,0,189757.4389371996,1
526,Germany,Male,33,1,68666.11119878228,3,1,1,11600.0,1
607,Germany,Female,55,5,103418.71506989218,1,1,0,85279.68444932625,0
663,Germany,Male,50,4,43667.29596095916,4,0,0,40348.80302716248,0
585,Spain,Female,33,1,20169.946186460234,2,1,0,62936.0526364344,1
720,France,Male,18,8,95418.05965416996,3,1,1,95095.11424267809,1
597,France,Male,40,1,45394.34135020063,1,0,1,70765.65808314286,0
675,Spain,Male,35,0,22169.06662169153,4,1,0,50159.537057396825,0
661,France,Male,47,8,19470.19024298312,3,1,1,51695.414478642655,0
823,France,Male,39,8,19328.303140462,1,0,1,192653.32844421177,1
552,France,Female,50,8,2899.649955762956,4,1,0,111742.56823097642,1
850,Germany,Male,43,7,5342.212773873069,2,1,1,11600.0,0
590,France,Female,26,3,4699.447380727516,1,1,0,49480.82386809436,1
515,France,Female,31,8,18711.984474848083,2,1,1,125561.61725859065,0
628,France,Male,34,1,32120.487371232943,1,1,0,86835.6070627434,0
850,Germany,Male,37,0,7983.796287525466,2,0,1,106800.46607436983,0
739,France,Male,36,9,87998.87592016686,4,0,0,137583.88534089754,0
710,France,Male,46,6,3393.4103038736084,2,1,1,11600.0,0
729,Germany,Male,44,5,145305.23874221853,2,1,1,132886.19928201463,0
573,Spain,Male,34,2,3867.493725040954,2,0,1,162436.2607113801,0
682,Germany,Female,45,1,112531.04677686308,4,1,0,11600.0,1
650,Spain,Male,27,7,15103.130465049502,3,1,1,111450.57651432128,0
830,France,Female,45,3,216175.66857663632,3,0,1,11600.0,0
639,France,Female,47,5,36836.96567247841,1,1,0,114128.78991504388,0
612,France,Female,41,3,923.867077923182,3,1,0,116792.55000373484,0
533,Spain,Female,44,10,16610.897066716385,2,0,1,40278.63091693774,0
664,France,Female,45,8,140806.89023977783,4,0,1,73346.63692536353,0
679,Spain,Male,49,4,17809.88279323626,3,1,0,87971.86417036755,0
529,Spain,Female,46,5,22283.760444849944,4,1,1,100092.46709939088,0
695,France,Female,51,8,2257.620319738288,2,1,0,72256.63466628404,0
673,France,Male,23,5,14601.67007588558,3,1,1,162423.17759102778,0
751,France,Male,40,1,15009.34019367283,1,1,1,119894.9901610354,0
771,France,Male,38,10,62934.44437128148,1,1,1,63701.913901084,0
659,France,Male,40,0,35237.53996733169,2,1,0,161034.58437300567,0
546,Spain,Male,48,8,8777.686359491723,4,0,1,127967.78689238192,0
566,France,Female,40,1,79383.672426369,2,0,1,31002.209873659493,0
826,France,Female,39,1,47275.51862941513,3,1,1,101869.19100681694,0
666,France,Male,43,3,15630.121389078076,4,1,0,132866.94894335643,1
824,Spain,Male,23,9,12666.199412592869,4,1,0,151624.7958408939,1
699,Germany,Female,54,9,129452.10773020067,4,1,0,200000.0,0
725,Spain,Male,37,2,50675.37382347343,4,1,0,165552.03098591493,0
743,Spain,Male,53,6,82361.33626028533,3,1,0,83724.45829015746,0
527,France,Female,30,6,12778.00642883217,4,1,0,11600.0,0
680,France,Male,29,2,44426.00160236217,4,0,1,138401.48081559018,0
526,France,Male,36,2,2748.6653023798767,2,1,1,86904.42385598973,0
621,France,Male,39,8,45158.89813840608,1,1,0,153457.98490909737,0
714,Germany,Female,33,6,11381.591429610617,4,1,1,103209.61538875935,0
547,France,Female,30,2,55295.86450135957,1,1,1,36611.22576754028,0
705,France,Male,42,2,134387.68117467113,4,1,0,72673.21818201551,0
500,Germany,Male,53,2,30689.98115074404,4,0,0,117161.0047092895,0
764,Germany,Female,55,8,18220.692533829784,2,1,0,101462.60016141718,0
583,Germany,Female,36,7,6577.650663322109,1,1,1,69431.3345126558,1
547,France,Female,28,6,55522.86696877153,2,1,0,108825.9519050164,0
506,Spain,Female,36,7,43874.871634937015,3,0,0,95844.9376244758,0
592,Germany,Male,56,0,39325.73901946389,1,1,1,72460.42092866573,0
459,France,Female,49,8,137417.10510479813,1,0,0,146676.0970319037,1
595,Spain,Female,42,4,191189.8863729832,2,0,0,145805.161213898,0
759,Spain,Female,34,4,63112.55531606229,4,0,0,120576.27895295604,0
631,France,Female,48,4,10907.140654230408,4,1,1,81522.10094749236,0
532,France,Male,61,8,146650.47562194828,3,1,1,130650.44493765602,0
672,France,Female,37,4,21150.40412190101,4,0,1,62368.64776122842,0
663,France,Female,19,1,4123.174003924944,1,1,0,160404.4206952062,1
845,Spain,Female,28,5,13793.26097614678,1,1,1,117353.62816654638,0
729,France,Male,39,6,88708.68214439954,3,0,1,119208.17452228078,0
680,Spain,Female,37,10,11393.033425008416,3,1,0,166781.93898774113,0
740,Germany,Female,52,6,25131.91122410213,2,1,1,94768.139184984,0
636,Germany,Male,33,6,15976.25750892308,1,1,0,121957.43265442702,0
642,France,Female,37,10,2449.9326809639324,1,1,0,70459.49086186288,1
815,France,Female,32,1,41244.76538043365,3,0,1,40695.24558472043,0
486,France,Male,46,5,49544.92451035815,3,1,0,140873.17986914143,0
746,France,Male,30,8,78306.28526750051,1,0,1,73110.7541577546,0
638,France,Female,36,0,26778.163872668043,3,1,1,63792.92307372479,0
620,Spain,Male,23,2,7618.558040139806,4,0,1,76887.64680602291,0
594,France,Male,33,5,52800.02984010489,2,1,0,161961.05058392545,1
665,Spain,Male,55,6,110393.3891220609,4,1,0,65244.47994569996,0
645,France,Male,56,1,6381.519871834371,2,1,1,195013.00287654504,0
608,Spain,Male,45,9,10082.36965974669,3,1,1,18057.32369686972,0
579,Spain,Male,43,7,19964.072090483947,1,1,0,137927.34271714126,1
459,France,Female,32,10,52533.47611451804,4,0,0,68457.91663754212,0
577,Spain,Female,40,5,37097.16520596211,4,1,0,69011.50273497897,0
598,Germany,Female,40,8,62303.75849332439,3,0,1,113944.51276134784,0
665,Spain,Male,39,8,1591.9590769454428,4,1,0,61063.81283699798,0
846,Germany,Male,47,8,83157.17274887436,1,1,0,58627.0402126612,0
588,France,Male,29,8,219031.5043129341,2,1,1,153285.46933380148,0
547,France,Female,64,1,2389.4188464160948,4,0,1,27309.372776733537,0
578,France,Female,55,9,34200.99540068032,2,1,0,11600.0,0
665,Germany,Female,30,9,67337.18873034239,2,0,1,108451.47080808735,0
708,Spain,Male,40,6,32351.302910427166,1,0,1,65594.7232785961,0
722,Germany,Female,33,4,44939.70644601445,3,1,0,70652.6015367067,0
732,France,Male,45,8,126869.16173861043,1,0,1,45198.69578946963,0
746,Spain,Female,38,0,38809.44106630392,1,1,0,11799.038520246162,1
622,Spain,Male,20,9,13498.320187799498,2,0,0,137168.70758233144,0
850,France,Male,29,6,67090.30807048111,3,1,0,29821.433503650405,0
614,France,Male,52,9,23534.535539727487,1,1,1,124548.32887877076,0
660,France,Female,36,4,16781.68489276646,3,1,0,136880.84178738465,0
779,Spain,Male,36,10,14277.912231370476,1,1,1,80549.47091891636,0
706,Spain,Male,45,8,4134.506003581308,1,1,1,84125.10638405495,1
425,France,Male,48,6,135084.0314498852,2,0,0,95113.6078668131,0
650,France,Female,38,3,41432.03118466589,2,1,1,145486.130733259,0
736,Spain,Male,18,10,155166.55804405417,2,1,0,121534.2435600791,0
515,Spain,Female,30,7,98948.62403417574,3,1,0,151684.62210524775,0
725,Spain,Female,18,8,1534.7389288802815,1,1,1,52422.577669480816,0
689,Germany,Female,25,8,14203.447125699287,4,1,0,135891.6016385787,0
768,France,Female,39,9,18943.19661874909,2,1,0,74969.61841946967,0
580,Germany,Female,39,3,33649.76104540745,3,1,1,175855.05621415644,0
749,France,Male,51,5,62961.6972471081,3,0,0,178464.16754878033,0
665,Spain,Male,38,3,57091.92350683199,1,1,1,11863.996711616302,0
826,France,Female,30,0,218197.3181974372,4,1,1,44935.094361420815,0
850,Spain,Male,51,5,128407.41388477608,4,0,1,46669.19721885389,0
803,France,Male,56,7,10306.131536238883,4,0,1,89673.60746840434,0
698,Spain,Female,48,5,98258.21270395783,4,1,0,58020.79868838286,0
850,France,Female,38,2,92554.8608139735,2,1,0,15827.523473830792,1
710,France,Female,35,7,42759.59294161013,4,1,1,139288.4059146468,0
559,Germany,Female,27,9,20633.60921414744,2,1,1,104765.14794806174,0
646,France,Female,31,8,11698.648612256293,4,1,1,32984.06443113144,0
726,Spain,Male,34,0,11941.888091792083,2,1,1,51384.32417751398,0
732,Germany,Male,25,10,20611.359028627103,2,0,0,11600.0,0
537,Germany,Female,35,10,35053.57547837455,4,0,1,11600.0,0
540,Spain,Male,36,5,43831.97684634072,3,1,1,11600.0,0
615,Spain,Male,51,9,19655.09825487016,4,1,1,13705.721111794206,0
703,Germany,Female,22,7,22047.811712173923,2,1,0,26036.219596076146,0
716,Spain,Male,40,1,680.5794075784253,2,1,1,89269.4832483949,0
664,France,Male,25,3,106.08819538530994,3,1,1,59322.424796658684,0
566,France,Male,19,0,118855.97902879228,1,1,0,98632.87846176076,0
823,Germany,Male,34,3,705.6422495176135,1,0,1,116073.8330050704,0
542,France,Male,39,1,1684.1177748471378,3,1,0,175608.48386539874,0
780,France,Female,51,2,11510.63066380832,3,1,0,62432.50032228443,0
723,France,Male,36,3,68011.54642814399,4,1,0,118119.56518428915,0
778,France,Male,33,2,56803.31290556498,2,1,1,143531.7306919045,0
605,Spain,Male,31,5,52089.44892380793,1,1,0,32344.89498945992,0
635,Germany,Male,33,6,42777.7955866091,4,0,0,11600.0,0
655,Spain,Female,18,10,11263.477787387885,1,0,1,48282.4843453633,0
602,Spain,Male,30,6,25369.388698552186,4,1,1,89376.55147909596,0
672,France,Female,47,0,32513.96633916815,2,1,0,22847.92825805777,1
807,France,Male,18,4,43666.687939095485,4,1,1,109133.0819199537,0
520,France,Female,34,2,11059.105659136056,2,1,0,167063.2303256272,0
584,Spain,Male,36,0,65288.03448590596,4,0,0,143655.47024996908,0
573,France,Male,46,0,18474.59429230505,2,0,1,11600.0,0
640,France,Male,40,1,53973.44539559836,4,0,0,136509.3507681563,0
636,Spain,Female,43,9,36075.600794851925,4,1,0,71401.32594757232,1
727,Germany,Male,31,7,44850.69408778532,2,1,1,130734.56166383711,0
653,France,Male,21,3,26649.165633172222,3,1,0,73548.25094376445,0
680,France,Female,33,9,29445.57977833038,3,0,1,79504.80940948668,0
689,Spain,Male,37,2,101318.80238379458,4,1,0,115583.39322828234,0
674,Spain,Male,50,7,32301.28585448675,2,0,0,190739.16645115992,1
720,France,Female,24,1,78966.97822268447,1,0,0,112272.59033698848,1
637,France,Male,59,8,25128.37288168559,1,1,0,47308.82270103834,0
814,Spain,Female,40,3,60287.40930817276,1,1,1,91276.23283956772,0
850,Spain,Male,31,10,13256.592427700389,1,1,0,164906.25956959891,0
720,Spain,Male,30,8,124457.18113147611,1,0,1,126020.34145089657,0
672,Germany,Male,37,0,170982.83573318977,2,1,1,11600.0,0
712,Spain,Female,38,4,115795.86441138604,4,1,1,114138.9070402446,0
539,France,Female,39,9,21264.31507636806,1,1,1,150414.1826827645,0
668,France,Female,45,6,16182.050385647091,3,1,0,200000.0,0
576,Germany,Male,32,10,10071.526223822068,3,0,0,22719.26894436148,1
700,Germany,Female,40,3,103176.15593987497,1,1,1,50809.39781813865,1
577,Spain,Male,35,4,6313.119451814513,3,1,1,153895.97452685653,0
615,France,Male,55,10,51407.265741464726,2,0,1,82244.96398218222,0
462,Spain,Female,20,8,20133.250308612514,1,1,1,79577.41271100617,0
532,France,Male,60,5,10407.697616782782,4,1,1,67897.19955373569,0
685,Germany,Male,30,5,10196.791439264904,2,1,1,118767.82793836652,0
563,France,Male,28,1,102385.55243376236,3,1,1,153871.00610564693,0
756,Germany,Female,36,0,98241.58959556438,1,1,0,71501.6829570247,1
554,Germany,Male,41,3,15874.687470940691,2,1,0,19774.27626962187,0
695,France,Male,35,9,1717.510264583513,2,1,0,133286.8406935968,0
573,France,Female,44,2,101661.03033891485,2,0,0,39860.03256786332,0
688,Germany,Male,34,10,2951.7032524451115,2,0,0,131956.12031746045,0
496,Spain,Male,32,6,4426.272616423591,2,0,1,101394.82664817836,0
604,France,Female,29,6,86276.31653154717,3,0,0,86153.92015937468,1
565,France,Female,51,5,84973.49217860136,1,1,1,54340.42818777997,0
738,France,Male,42,4,11313.025987860708,2,1,1,82963.13391078361,0
696,Spain,Female,27,2,1948.391094488412,2,1,1,94538.3506852102,0
526,France,Male,34,3,3252.649905559588,3,1,0,82406.30850735819,1
629,France,Male,25,4,30200.91613874013,4,0,1,180251.47882571904,1
572,Spain,Male,66,3,27084.398732132693,1,0,0,103106.09626627942,0
745,Germany,Male,40,2,10062.31288909344,1,1,0,27090.049444156743,1
777,France,Male,19,1,119866.9152933756,4,0,0,37509.63779899869,1
505,Spain,Female,25,4,40193.79457573736,1,1,0,111939.88344952404,1
732,Germany,Female,26,1,82341.1358661444,1,1,0,11600.0,0
567,Germany,Female,41,1,5475.456285038706,4,1,1,171122.92068485616,1
624,France,Female,22,1,181452.3552111988,1,0,0,178139.06958353752,0
653,Spain,Male,25,1,82967.56764892605,3,1,0,20739.987860093213,0
831,France,Male,36,7,16971.5133177384,2,1,0,115694.7928028161,0
549,France,Female,38,6,1050.2305698116036,1,0,0,123572.49235429724,0
733,France,Female,33,8,8986.772434349765,1,1,1,188124.01071761988,1
532,Spain,Female,34,2,27107.745506327374,2,1,1,167854.7972438389,0
525,Germany,Male,24,0,149.4958870827275,2,1,1,37219.800184374704,0
652,Germany,Male,43,5,2084.895398966869,1,1,0,77838.72870639287,0
652,France,Male,18,8,5192.3065754290565,3,1,0,41960.23423749778,1
366,Germany,Male,37,0,82962.00015398719,2,1,1,69198.41064653092,0
765,Spain,Male,56,0,39578.348052664514,2,0,0,33319.02264222679,0
436,France,Male,35,3,10596.62888622748,4,1,0,11600.0,1
635,Spain,Female,25,9,15357.9441475702,3,0,1,200000.0,0
782,France,Male,37,0,51386.0857806871,2,1,0,11600.0,0
850,Spain,Male,35,8,19181.03386617685,2,0,1,136352.05300310694,0
613,France,Female,40,5,57306.03320940505,1,1,0,37652.54467517299,1
506,Germany,Male,40,4,75305.32748535967,2,0,1,11600.0,0
779,Spain,Female,48,10,18309.17414863879,2,0,0,44271.01204243,0
736,Spain,Male,33,4,22825.76563446809,4,1,1,159127.53664186207,0
601,France,Female,30,10,2568.571210430257,3,1,1,145665.70730179313,0
588,France,Female,30,10,85683.93578790223,2,1,1,188397.6150262556,0
578,France,Female,32,10,46579.14814377182,3,0,1,112781.45927687788,0
615,Spain,Male,41,1,109582.82804863703,3,1,1,11600.0,0
681,Germany,Male,25,2,10469.405652787538,3,1,1,74513.71421823851,0
593,France,Male,29,6,161700.03385078476,4,1,0,130750.80146776506,0
606,France,Male,39,3,61334.04677019975,2,1,0,98893.00677989148,0
714,Spain,Male,51,5,10945.771401492677,4,0,0,56139.79468305852,0
501,Germany,Female,30,7,31085.2348145362,3,1,1,46115.27148773567,0
612,France,Male,42,0,60024.10293199517,1,1,0,116951.47690657253,0
482,France,Female,36,10,855.9167109856382,2,1,0,130512.7256233324,0
660,France,Female,44,5,75771.5752356576,2,1,0,111068.14217156338,0
456,Germany,Female,39,0,147519.1005928453,3,1,0,163173.93530417277,0
739,Spain,Male,39,7,4250.470858627583,3,1,1,11600.0,0
518,Spain,Female,64,3,114196.88266120008,3,1,0,81836.85987287962,0
472,France,Male,68,4,31222.48435176056,3,1,0,95563.98849762457,0
613,Spain,Male,36,9,36242.080942166,1,1,1,133309.74237352575,0
821,France,Female,29,1,91662.83845287748,4,1,1,180097.7480759601,1
721,France,Male,41,2,44538.22974856446,2,1,1,133426.2138648851,0
457,Spain,Female,45,6,21648.939761567603,3,1,1,112797.7986621413,0
515,France,Male,52,6,65948.81779059923,4,1,0,77382.04975931616,0
610,France,Male,18,10,7443.980463427042,1,1,0,139783.50135438837,1
850,Spain,Male,34,7,54871.920557675694,4,0,1,105167.31716071656,0
556,France,Male,33,2,74499.20874478923,3,1,0,75174.29357255988,1
556,Spain,Male,30,1,20381.098509798067,4,1,0,157141.65747644156,1
802,Spain,Male,24,1,175717.22270232072,4,0,0,84748.24453478082,1
669,Germany,Female,36,5,51166.22472646772,1,0,1,111980.5789786154,1
755,France,Female,46,1,5028.528015462482,2,0,1,49957.07897923928,0
577,France,Female,26,10,169489.7715625493,1,0,1,123638.1471478685,0
639,France,Female,39,3,68127.53749004133,3,0,1,118709.79375929442,0
781,France,Male,43,8,59477.98652776059,2,1,1,62135.033849462045,0
635,Spain,Female,55,9,14601.224248529268,4,1,0,146998.82816581507,1
762,France,Male,45,2,32041.67464595245,3,0,1,127890.3355659772,0
688,France,Male,38,0,115657.4874925502,4,0,1,86807.16843298693,0
546,Germany,Female,42,1,18419.62189765085,4,1,1,81687.23270217793,1
648,Germany,Male,46,9,27524.414468295,4,1,1,104977.41604252628,0
748,Spain,Female,40,9,14836.274192179144,4,0,1,185731.36099503795,0
716,France,Male,46,6,12161.041995410626,4,1,0,69639.03400428533,0
645,Spain,Male,35,8,2234.96750683697,2,0,1,60847.198027097904,0
460,Germany,Male,51,8,66761.00767612872,3,0,1,189118.3370418743,0
470,France,Male,33,3,4757.265780660855,1,1,1,200000.0,0
491,France,Female,32,7,37892.20333049367,4,0,0,51971.030549523006,1
598,France,Female,34,0,2553.90169701096,2,0,0,101527.22814139252,0
612,Germany,Male,29,10,206375.23643541383,1,1,1,24796.122386963518,0
502,France,Male,46,10,61798.252430590095,1,1,0,64212.33791211784,0
752,Spain,Male,23,5,49764.61806229623,4,1,1,85865.33264188646,0
523,Germany,Female,34,7,10313.917429232488,3,0,1,100417.74560282571,0
512,Spain,Male,42,1,37544.541911598135,4,1,1,17673.562905796018,0
658,France,Female,39,7,35014.43900179535,4,1,0,91321.67482569578,1
747,France,Female,38,3,22208.894927906877,2,1,0,114185.4580234161,0
850,France,Female,37,1,8486.771500495192,1,1,1,71812.37170927797,1
708,France,Female,40,3,22874.586327146822,3,1,1,158853.86702466357,0
807,Spain,Female,28,7,46965.69594097095,3,1,0,110925.8018505576,0
528,France,Female,34,3,33408.13330138813,1,0,0,140559.11308869172,1
850,France,Female,36,7,42203.64831651111,4,1,1,52637.6409492431,0
463,France,Female,43,6,42433.69414712979,1,1,0,75013.30037929642,1
599,France,Female,48,4,14030.34385195604,4,1,0,57836.86613626548,0
706,Spain,Female,37,7,5881.507342719929,4,1,1,115204.9399722493,0
489,Germany,Female,46,1,36881.230431838965,4,1,1,101162.51310083042,0
557,Germany,Female,39,2,111453.79915704216,1,0,1,32670.8874292156,0
541,France,Female,38,3,250000.0,3,1,0,78241.25347483688,0
618,Spain,Male,46,9,77065.50040215338,4,0,0,200000.0,0
792,Germany,Male,24,4,12494.7089824638,2,0,0,11600.0,0
651,France,Female,43,4,49756.33026195963,3,1,0,39069.55162058615,1
603,France,Male,32,0,13647.319714166684,1,1,1,160113.4451786225,0
361,Spain,Male,49,0,42954.45756817757,3,1,1,100468.19896074964,0
696,Germany,Male,32,10,32762.52515525298,2,1,0,162812.5915983708,0
729,Germany,Female,35,0,24027.406947200387,3,1,1,139720.72708517985,0
479,France,Female,23,4,51310.75785051995,3,1,1,199300.77640652985,0
643,France,Male,42,1,97495.0918398558,3,1,1,11600.0,0
669,Germany,Male,34,2,20584.962834387195,3,1,0,101202.15348383252,0
746,Germany,Female,33,7,33301.35889397146,3,1,0,163194.61290386986,1
577,Germany,Female,39,9,30424.20818999452,1,1,1,182284.8047058612,0
562,Germany,Male,22,7,14332.395359907325,2,0,0,80093.59274269249,0
604,France,Male,32,9,27332.27476852937,1,1,0,200000.0,0
778,Spain,Female,37,1,1091.043180247903,3,0,1,51862.28419761139,0
754,Spain,Female,53,7,36431.6740002106,4,1,0,90857.22101738006,0
647,Spain,Female,40,10,63790.04683351242,3,1,0,151181.75926992358,0
751,France,Female,42,8,22912.561660213632,3,1,0,124908.91219543072,0
413,France,Female,39,9,68634.20608627763,2,1,0,106564.45355980888,0
729,Spain,Male,73,9,69446.11355270348,1,0,1,104560.48893755344,0
538,Germany,Male,47,5,207120.14237951837,1,1,1,112713.98543695694,0
826,Germany,Female,18,0,39476.75276971265,4,1,0,200000.0,1
543,Spain,Female,41,10,25881.10875479846,4,1,1,106942.55479343464,1
564,Germany,Female,49,10,51016.53995455856,4,0,1,116979.89929351873,0
706,Germany,Female,24,2,49252.07658141356,3,0,0,135255.6060380094,1
715,France,Female,40,4,218474.0302391818,1,1,0,58605.54945537306,0
605,France,Female,33,2,61497.685966287296,4,1,1,64898.25017299906,0
687,France,Male,30,2,18306.003375259363,2,0,0,119423.47483878925,0
699,Spain,Male,52,8,10382.574785013929,1,0,1,33157.8710986215,1
689,France,Female,32,4,78685.72839528929,3,1,0,61538.94251432143,0
609,France,Male,32,7,9907.88972598208,1,1,1,112404.0945396307,0
700,Spain,Male,29,6,49368.204252608346,1,0,1,119418.06712502633,0
790,Germany,Female,28,3,7096.398518609603,1,0,0,193169.72742921076,0
527,Germany,Female,33,2,63417.6415082324,1,0,1,105446.2224137352,1
565,France,Male,33,2,76368.66101947789,4,1,0,97603.45874173948,0
652,Spain,Female,27,10,233033.6444947289,2,1,1,11600.0,0
544,France,Male,38,1,154192.11496621204,3,1,0,51269.78334042202,1
469,France,Male,18,4,62554.44548685236,1,0,1,200000.0,0
759,France,Female,40,1,16253.969420257668,1,1,0,11600.0,1
427,France,Female,48,1,2235.128060937109,4,0,0,189912.33435976744,1
609,France,Male,33,3,40511.19355716139,4,0,0,87170.1338017857,0
725,Germany,Male,42,5,72617.52297565581,1,1,1,147189.39643077966,0
676,France,Male,36,5,534.0293830559895,2,1,0,102169.19755864306,0
611,Germany,Female,62,7,37201.109764427085,3,1,0,200000.0,0
540,France,Female,48,10,107231.1861426984,4,1,0,11600.0,0
684,France,Male,30,5,50697.63750785171,4,0,1,141834.3586845327,0
551,Germany,Male,51,5,57566.017089164656,2,1,1,200000.0,0
676,Spain,Female,63,3,32154.28952403221,4,1,1,82226.99840039908,0
664,Spain,Female,36,4,143366.95985266322,3,1,0,133279.7982238202,0
665,Spain,Female,43,10,23471.96876246313,1,1,0,114452.13580513242,0
585,Germany,Male,49,6,23829.014730550774,3,0,1,67347.874341864,1
850,Germany,Female,27,9,36463.359082070165,3,1,0,68669.38040503614,0
685,Germany,Male,20,10,44086.27621017719,3,1,0,113800.37948417706,0
622,Germany,Male,40,8,38547.34091227165,1,1,0,11600.0,0
676,France,Male,30,3,85361.23801002464,2,0,0,82418.17747072078,0
572,Germany,Male,36,9,89943.12810389756,1,0,1,18239.58745444822,0
611,France,Female,49,0,7058.902419060774,4,1,0,68334.91630225166,1
850,France,Female,44,5,45337.30190634404,2,1,1,200000.0,0
573,Germany,Female,44,1,206444.35519370929,2,1,1,38462.88446226021,0
642,France,Male,37,10,45771.83815791155,4,1,0,75529.6682763423,0
604,France,Male,32,6,58263.90957247618,4,1,1,69928.88203492289,0
546,France,Male,31,5,98797.2114291368,2,1,0,140014.66178030724,0
692,Spain,Female,56,8,100720.86353382858,4,1,1,113119.33120337909,0
653,France,Female,61,5,867.011840536866,2,1,0,110691.97818532235,0
741,France,Male,49,5,13684.518465097348,4,1,1,164751.30813716532,0
731,Spain,Male,36,3,99344.28916655658,2,1,1,45579.7672480781,0
740,France,Male,27,8,54995.75750917634,1,1,1,49724.17320140151,1
558,France,Female,66,2,49943.65864160991,1,1,1,196051.14160335096,0
714,France,Male,43,0,98285.69737791063,4,1,0,200000.0,1
716,France,Male,43,10,82136.83466303827,4,1,0,11600.0,0
547,France,Male,33,9,69585.571146153,2,0,0,152177.75437742347,0
618,France,Male,45,7,2425.533299622197,3,1,1,58680.04319269906,0
504,France,Male,36,7,76083.91455907449,4,1,0,193448.36919538613,0
716,Spain,Female,28,10,11195.273517697527,1,1,0,104555.68049771171,0
716,Germany,Female,35,0,1317.648451286224,4,0,1,11600.0,0
793,Germany,Male,43,8,33852.8532024634,2,1,1,118098.130376991,0
627,France,Male,54,1,142677.03364658955,2,0,0,134654.692802308,1
695,France,Female,23,5,108776.99985173228,4,0,1,108487.64640603286,0
748,Spain,Female,26,8,201028.4027429586,4,1,0,177453.4509862216,0
574,France,Male,34,5,14153.445797320835,3,1,1,164638.17873114155,1
559,Spain,Female,29,6,59436.62703704184,3,1,1,107880.87776090816,0
577,France,Female,39,8,2873.314337290782,2,0,1,11600.0,0
615,Spain,Male,34,4,81342.63391398915,3,1,0,113620.94236419655,1
562,France,Female,40,0,37092.10132844898,1,1,0,88329.34627202104,0
582,France,Female,40,8,250000.0,4,1,0,95277.83105349816,0
738,Spain,Female,25,9,13721.477614605135,4,0,1,66704.85534271308,0
640,Spain,Male,36,6,76774.1242052762,2,1,0,11600.0,0
680,France,Male,31,7,9374.083895613228,4,1,0,38820.83172710236,0
594,Spain,Male,50,1,16926.462709619984,1,1,0,155535.41033763447,0
588,France,Female,32,4,17517.822874215457,2,1,1,161373.76614562643,0
678,France,Male,34,7,43121.74404138113,4,0,1,196097.9286780912,0
662,Germany,Male,29,6,22715.143413359823,1,0,0,86600.43309766389,0
727,Germany,Female,38,6,28876.328013017337,2,1,0,98541.72415479612,0
780,Spain,Male,37,3,36886.93760249489,1,1,0,46959.66238163307,0
580,France,Female,53,1,2893.1134873547217,4,1,0,112063.07069871222,0
736,France,Male,38,9,54735.34517138748,3,0,1,96249.35812842364,0
542,Germany,Male,52,2,52386.48852467538,2,1,1,20029.091771962805,0
850,France,Male,54,8,167338.07798247275,4,1,0,127515.10353806478,0
571,France,Female,35,3,7158.14881506755,2,1,1,11600.0,0
719,France,Female,37,0,1572.8194642409874,2,1,0,33340.02216053491,0
541,France,Male,33,9,7148.900620640157,2,0,1,117736.07920568176,1
634,France,Female,26,3,27449.29868986749,1,1,0,43935.30863298493,0
804,France,Female,62,7,12035.692123251249,2,1,1,66209.1372318154,0
568,Germany,Male,33,7,12187.594564144203,3,1,1,96192.12835773575,0
850,Germany,Male,29,9,101780.03824143347,4,1,0,145282.61438491973,0
649,France,Male,28,9,19565.61340060689,1,0,1,176337.34301710446,1
747,France,Female,32,1,26961.020741061107,2,0,1,53459.19453199791,0
690,France,Female,35,9,57624.52516959557,2,0,1,150551.08432511086,0
695,France,Male,51,3,20771.38154402641,4,0,1,78974.16358895341,0
507,Germany,Male,57,6,40411.78889453327,1,1,0,83777.90002474755,1
602,Spain,Male,18,7,36999.01305541596,1,0,0,106249.21047677696,0
769,Germany,Male,54,0,15157.974810463864,2,0,0,173435.92657823657,0
615,Germany,Male,55,7,63132.067489040375,1,1,1,113632.87567910174,0
663,France,Male,32,0,89822.60078465255,3,0,0,91271.31913302008,0
495,France,Male,29,5,76497.97025791781,2,1,0,119510.65733179467,0
596,Spain,Female,44,4,25150.28729374718,2,0,1,122726.19473482182,0
762,Spain,Male,32,9,135122.17723563925,1,1,1,11600.0,0
521,France,Male,53,6,114614.16906682246,3,1,0,129963.82428845536,0
721,France,Male,43,5,15519.272300906354,3,1,1,121983.23515376296,0
667,Spain,Male,31,9,6616.110490629706,2,0,0,143310.08277271976,0
626,France,Female,41,0,112125.2607732302,3,0,0,88849.86018672615,0
622,Spain,Female,39,5,68296.48840388577,3,0,0,107062.76027720836,0
600,Spain,Male,19,2,18625.013192074966,3,1,0,93559.34385490148,0
609,France,Male,29,5,18183.306386714383,2,1,0,105148.7530423742,1
742,Spain,Male,32,6,19442.80439422096,4,0,1,122468.40989520335,0
606,Spain,Male,42,5,98784.34052889248,2,1,0,143265.12614068855,0
830,Spain,Female,44,8,13737.05999428726,4,1,0,129715.09117764625,0
679,France,Male,51,8,52646.59307405074,3,1,1,112513.4603190924,0
592,France,Female,31,7,89922.23210718518,3,1,1,22341.1633592243,0
747,Germany,Female,24,4,24497.69742790487,2,1,0,89794.7386266111,0
712,France,Male,30,9,3173.153548532498,2,0,1,131027.43096636805,0
484,France,Male,31,2,71117.63738475705,1,1,1,11600.0,0
546,France,Female,30,3,1003.4756541295928,1,0,1,200000.0,0
638,Germany,Male,38,10,88856.8515410756,3,0,0,83199.39002093067,1
491,France,Male,45,9,22381.638007661903,2,0,0,44816.65790079993,1
850,France,Male,34,7,80803.22821855386,2,0,0,73395.13671982649,0
732,France,Female,44,8,39412.59829239365,2,1,0,59072.8192570937,0
648,Germany,Male,48,7,22253.1601927434,3,1,0,170106.54876209842,0
615,Germany,Female,38,9,114794.62647990076,1,1,1,163859.73250545064,0
590,France,Female,27,2,72845.38993704887,2,1,1,191480.4450755988,0
453,Spain,Female,36,6,4207.542931774179,2,1,0,66696.15852563441,0
476,France,Male,49,10,133387.2446511687,4,1,0,150406.28245323274,1
840,Germany,Female,45,7,31462.41146253722,1,1,1,90524.14824813756,0
807,Spain,Male,28,2,8065.002363511719,2,1,0,152181.67484878591,0
592,Spain,Male,50,0,73747.89151667037,2,1,1,11600.0,0
740,France,Female,35,6,36450.44405272395,4,1,0,100018.72170439664,0
700,Spain,Male,28,2,55849.068935250776,1,1,1,45032.216721182616,0
712,Spain,Female,38,0,59214.67976460798,1,1,1,19661.152274637323,0
507,Germany,Male,23,6,10981.939225023336,2,0,0,59832.254462139324,0
469,France,Female,45,10,176792.12299548314,2,1,1,34025.32344562739,0
768,France,Male,50,6,5576.92722288938,2,1,1,33554.8875750608,0
452,Germany,Female,28,3,46544.14816594761,4,0,0,170339.24545474158,0
635,France,Male,37,1,7910.548192942865,4,1,0,96752.82357559713,1
613,Spain,Male,47,9,104900.3123663888,4,1,1,15735.945734725408,0
603,France,Female,25,4,9512.416663345324,4,1,1,96284.4419844784,0
681,Germany,Female,26,10,29083.6075323442,4,0,1,88547.11903073527,0
582,France,Male,36,10,4543.958342429096,1,1,0,67196.40124438869,0
689,France,Male,36,8,29713.38060686121,2,1,1,116351.13618544256,0
664,France,Male,39,5,203.52788248082544,1,1,1,83309.85669221562,1
850,France,Male,37,9,29301.725974041805,4,1,0,58462.81368182937,1
511,Germany,Male,25,8,58220.34838714225,2,1,0,88567.25772958505,1
652,Spain,Female,22,0,10095.407734362792,3,1,0,156759.39626823465,0
693,Germany,Male,25,1,40258.239424405496,2,1,0,170709.23394504326,1
624,Germany,Male,44,10,32159.18298524463,2,0,1,131804.1061582125,0
516,Germany,Female,48,5,20396.97438030427,2,0,1,147393.10668525475,0
775,France,Male,38,2,55554.33136484308,3,0,1,153245.19875635087,0
683,France,Female,46,1,250000.0,1,1,1,163879.0269195997,0
523,France,Female,32,5,138853.22325702984,2,1,0,200000.0,0
693,Germany,Female,35,6,175499.99036674583,1,0,0,36258.35793551458,1
820,France,Female,48,3,1021.003314278371,1,0,1,141918.70809232554,0
646,France,Female,43,9,14812.25247591024,3,1,0,200000.0,1
649,Germany,Male,40,8,128039.41520273164,3,0,1,11600.0,0
806,Spain,Male,37,10,2474.8959997992,2,1,1,192048.6462212905,0
552,Germany,Female,27,2,22691.47542361588,4,0,1,37044.24837675423,0
822,Spain,Male,39,1,52806.698949739846,4,1,0,141116.38455814487,1
747,Germany,Male,42,10,203688.77552078443,4,1,1,105180.36250087716,0
557,France,Female,61,4,16132.452223997409,2,0,0,105215.14191197652,0
583,Germany,Female,38,8,72235.13162216653,4,1,1,11600.0,0
597,Spain,Male,35,0,53994.78389506718,4,0,1,11600.0,0
466,France,Female,41,5,47527.06607956479,3,0,1,69910.72697191176,0
676,France,Female,53,7,67921.23210230487,3,1,0,93313.08613129774,1
562,France,Female,42,6,14646.499465170127,2,1,1,125371.71961292197,0
679,France,Female,37,5,20676.213523604438,4,1,0,57801.96333257073,0
520,Spain,Male,31,2,41101.774179386855,2,0,1,84774.5154922405,0
742,France,Female,30,8,28900.03707359624,4,1,0,38156.54088529425,0
723,France,Female,46,4,64005.31466787012,1,1,1,30900.437315371848,0
579,Spain,Female,36,0,80629.16450484483,2,0,0,64086.07267873633,0
685,Germany,Female,59,8,37539.87398624492,3,0,1,11600.0,1
658,Germany,Male,39,9,25040.162824697563,4,1,1,126746.29806329112,0
798,Spain,Male,43,8,121433.48950389308,4,1,1,139508.8408450418,0
546,France,Male,33,0,69284.5240444457,1,1,1,173783.36703771655,0
634,Germany,Female,30,6,55926.89266478664,1,0,1,200000.0,0
585,France,Female,46,8,2950.323504673756,1,0,0,60853.9331490283,0
654,France,Male,50,1,37522.30793321177,1,1,1,182055.04070855517,1
703,France,Female,29,9,6477.083311951976,1,0,0,80072.89315295414,0
584,France,Female,31,5,54015.04571126928,1,1,1,120580.51869506232,0
613,Spain,Male,32,9,17807.104592513027,4,1,1,126242.6391518212,0
746,Spain,Male,45,0,67066.90872514977,3,0,0,162150.15035717312,1
785,Spain,Male,42,2,75288.163982098,3,1,0,83787.04660988569,0
699,France,Female,38,10,17863.00244211443,2,1,1,11600.0,0
636,Spain,Female,31,4,187043.77760893563,4,0,0,79400.6247175681,1
626,Germany,Male,55,6,36355.34108190152,4,1,0,200000.0,0
704,France,Male,48,10,12286.734225868437,3,0,1,115024.50363815228,1
672,Germany,Female,19,4,74626.50119334734,3,1,0,186633.78931149343,0
485,France,Female,47,7,71510.91203571738,2,1,1,184574.88206204868,0
707,France,Female,36,4,26712.73730027673,1,1,1,116292.09890836608,0
563,Spain,Male,32,5,53736.81825111683,4,1,0,71538.4471577144,0
508,Germany,Male,46,1,1098.3069719463458,3,0,1,63571.5598909518,0
483,France,Female,42,4,17211.20221481242,4,1,1,120069.35083501176,0
628,Germany,Male,39,6,106630.8221094921,3,1,0,135843.7246317282,1
548,Spain,Male,30,0,13205.575261108996,1,1,1,183442.57946484865,0
417,Germany,Female,49,9,118003.37621440692,1,1,1,34335.4783965862,0
614,France,Female,26,8,43360.31207162814,4,1,1,46216.53572549141,0
600,France,Female,46,8,116606.51693356429,3,0,1,117152.14855526784,0
635,France,Female,39,7,7013.193930146313,4,1,0,42381.13581576215,0
587,Spain,Male,38,10,31174.413299643107,1,1,0,139749.9529343496,1
832,France,Male,33,8,17581.462599635764,4,1,1,106935.29151997431,0
701,France,Male,40,4,108983.80260111464,3,1,1,53507.59909529828,0
600,France,Female,25,6,20894.0269735984,1,1,0,200000.0,1
643,Spain,Male,51,0,44392.80819887917,4,0,1,113844.2370669105,1
791,Germany,Female,34,6,87909.1784911725,2,0,1,148223.83303351398,0
745,Germany,Male,32,8,13004.839898585033,4,0,0,148880.9107283678,0
510,France,Male,37,2,2340.987532742105,4,1,1,182680.3691265748,0
552,France,Male,35,8,34074.73919812456,3,1,0,141989.77798046538,0
571,Spain,Female,51,4,57547.71525681072,1,1,1,112634.702842871,1
606,Spain,Male,21,8,63516.69139482604,1,1,1,76776.9723729992,1
590,Spain,Female,38,7,26995.23577237044,2,0,1,158691.4550864194,0
653,Spain,Male,54,10,4094.10589156894,4,1,1,185649.2428485985,0
723,Spain,Female,39,6,25804.292389343114,4,1,0,189154.9288056541,0
740,Germany,Female,40,9,6504.902324463618,4,1,0,195991.90436055037,1
617,Spain,Male,38,5,3748.000583194728,1,0,1,114891.43738692884,0
486,Germany,Female,32,1,18079.72499753653,1,1,1,75395.05977891706,1
545,France,Female,44,6,75078.51054063166,4,1,1,73916.77769288758,0
598,France,Female,37,1,73125.20470818241,4,1,0,95916.5666938765,1
525,Spain,Female,40,5,46829.37643072573,1,1,0,176994.7448758946,0
764,France,Male,44,5,87503.91156142345,3,1,0,200000.0,1
532,Spain,Male,43,8,34739.76001536882,2,1,1,161516.04901700013,0
711,France,Male,39,9,13948.968397704564,2,1,0,40250.76256101685,0
481,France,Female,47,10,42195.143847301566,2,1,1,40035.88730256863,0
715,France,Male,49,3,128357.40084312268,3,1,0,113911.44759439374,0
636,France,Female,46,8,1839.9047763285275,4,1,1,26015.316999613147,0
801,France,Female,49,1,167418.63660518,1,1,1,75221.9970361777,1
536,France,Female,52,4,68190.87450889043,3,1,0,72102.14416412843,0
593,Spain,Male,26,2,57956.62647008751,2,1,0,103429.96349027786,0
612,France,Male,66,5,47574.38586634239,4,1,1,153182.45492168932,0
634,France,Male,40,1,14902.578480303231,2,1,0,43985.1506860007,0
615,France,Male,36,9,108465.42093267276,2,1,1,118237.83060325596,0
617,Germany,Male,40,8,177824.2831390794,3,0,0,93851.45676637732,0
615,Germany,Male,24,3,128939.10800259314,4,1,1,95501.66655762064,0
442,Germany,Female,41,6,5760.067396184151,3,1,1,133767.9256731958,0
749,France,Male,31,4,66687.4391987134,1,0,1,79778.64599426545,0
850,France,Male,39,7,40670.39790433095,3,1,0,118816.9735903606,1
679,Germany,Male,40,3,77637.98235541437,1,1,0,142129.3277479168,0
536,Spain,Male,33,6,21715.332422387037,1,0,0,87900.67704379007,1
546,France,Male,20,10,157291.03926189098,1,1,0,114707.68530663516,0
711,France,Male,41,4,18742.547942418867,4,1,0,124558.6784739609,0
688,France,Female,38,2,66966.45114190223,4,1,0,67439.85472890674,1
621,France,Male,40,7,35039.844790909905,2,1,1,73118.40250828642,0
725,Germany,Female,34,5,47971.05058473445,1,1,0,12128.824424418724,1
443,Germany,Male,32,3,6146.099352649944,4,1,0,54593.291553374926,1
725,France,Female,36,8,47187.92379507606,3,1,1,26364.48946420957,0
673,France,Female,40,8,41452.35499285195,3,0,0,104315.69897355491,0
550,Spain,Female,45,1,63456.95889125325,4,0,1,144586.5884615365,0
506,Spain,Female,30,9,16963.064874967644,4,1,1,137268.64414960585,0
662,Spain,Male,46,8,89274.22481935786,2,1,0,154153.92946891717,0
790,France,Male,45,3,145272.17660111148,2,0,0,96938.0474626037,0
627,Germany,Male,44,8,106861.98237953776,2,1,0,100912.23413937948,0
564,France,Male,57,9,24825.78545459117,3,1,1,176372.89039801405,0
669,France,Male,21,7,71817.39583074393,3,1,1,19548.658759297672,0
832,France,Female,58,9,22708.811367724484,1,1,0,11600.0,0
693,Germany,Male,32,2,99430.14773568936,3,1,1,96202.67678482158,0
703,France,Male,41,9,23531.327834847478,4,1,0,139405.182027105,0
772,Spain,Male,39,6,10292.302559181317,2,1,0,40620.06648547937,0
697,France,Female,25,1,33575.34750816756,1,1,1,104219.3825017139,0
571,France,Female,44,1,7256.346572639524,1,0,1,84862.18731816819,0
475,France,Male,47,3,44206.13210504617,4,0,0,43057.37171968295,1
557,France,Male,43,9,42967.8110341659,2,1,1,106422.235971642,0
539,France,Male,24,6,33746.85497688229,1,1,1,11600.0,1
715,France,Female,26,3,46282.98993645845,2,0,1,127488.10629256692,0
729,France,Male,32,1,185078.61728823985,2,0,1,149476.9842024415,0
667,France,Female,51,1,24166.78871963716,2,1,1,64163.66966045232,0
523,Germany,Male,39,4,27476.12728133343,3,0,0,148089.28859839402,0
828,France,Male,18,2,16012.188612494843,2,1,1,131079.59790099127,0
608,Germany,Female,59,2,10194.9172332658,2,1,0,45135.60771328241,0
710,Germany,Female,54,0,17067.308675053726,4,1,0,89384.96256755588,0
654,France,Female,28,2,11953.363226919642,4,1,1,129700.18528291894,0
670,Spain,Male,34,3,28323.005553179104,1,1,1,121315.63673759151,0
706,Germany,Female,36,5,13283.867375739052,1,0,0,19820.00519629511,1
580,France,Male,44,10,36423.02293152524,2,1,1,125210.69306444026,0
780,Spain,Male,40,5,16865.338831445224,4,0,0,35267.66716215157,0
492,Spain,Male,32,4,27641.287674920783,1,1,1,11600.0,0
546,Spain,Male,52,3,6920.509104867191,3,0,1,124023.27620712473,0
779,Germany,Female,56,5,8953.454864548567,4,1,1,90902.82034344236,0
709,France,Male,38,4,47610.97134281095,4,1,1,106665.34671456696,0
850,France,Female,33,9,41657.949962651175,4,0,1,172842.4021682716,0
656,Germany,Male,54,0,9389.87229826687,3,1,0,86785.01653605606,0
820,Spain,Male,18,1,17464.36343642719,1,0,0,53749.147401672926,0
464,Germany,Female,30,8,12518.011433310823,1,1,0,16832.47373097902,1
508,Spain,Female,48,9,79840.13003439807,1,1,1,157137.29034203463,0
739,France,Female,52,3,22691.65395320713,1,0,1,118484.05080266914,0
475,France,Female,35,5,26040.70876172327,1,0,0,116440.22449513084,1
630,Spain,Male,61,4,54665.74824721057,4,0,1,136627.603609332,0
766,Spain,Female,18,1,19692.68480403493,3,1,1,181483.7333737796,0
700,Spain,Female,49,0,23725.19612332062,2,1,1,48781.15731285784,0
651,Spain,Male,39,0,79949.97114193755,1,1,0,45757.16716301406,0
605,France,Female,34,0,79123.04128083256,2,0,0,89781.4506989472,0
670,Germany,Female,47,5,46389.11481820847,1,0,0,45314.078664664215,0
707,Spain,Male,35,9,40932.97473867212,4,0,0,109948.73191767091,1
583,Germany,Female,28,6,9984.140168710275,4,1,0,76244.15051860077,0
687,France,Male,40,6,32045.10954937965,2,0,0,128186.58599117816,0
757,France,Female,38,8,16034.913146018906,1,0,1,81170.07582027029,1
627,Germany,Male,31,2,65420.62854658761,1,1,1,116279.90907645183,1
656,France,Male,33,8,49434.982336605884,3,0,0,65661.44410477825,1
698,Germany,Female,34,0,23714.11657951514,3,1,0,122672.42168815456,1
705,France,Male,22,1,38296.05797994622,4,0,0,141174.9735132924,1
737,France,Male,22,6,27329.138960083616,3,1,1,87508.35721085142,0
548,Spain,Female,48,1,7916.758633936862,3,1,1,131052.6877752532,0
597,France,Female,24,9,75881.88649168999,4,1,1,78669.70158471519,0
600,Spain,Female,38,10,114262.264979357,1,1,1,48268.681046128375,0
559,France,Male,20,3,133211.08610321063,3,1,0,134110.0409573617,0
470,Spain,Male,54,1,77840.43252826853,2,1,0,107357.45931755668,0
350,France,Female,36,10,86196.07458156889,3,1,0,159542.8136463231,0
769,France,Female,50,1,2866.8849981120984,4,1,1,34330.15259340986,0
494,Spain,Male,60,10,76138.03694546872,2,0,0,83729.25852896675,0
806,Spain,Female,26,0,18078.16462005899,4,0,1,71972.90104542513,0
723,France,Male,32,8,7414.620187223583,2,1,1,95537.81339994972,0
609,Spain,Male,47,9,36896.44529902536,1,1,1,28966.57326842715,0
711,Germany,Male,32,2,42243.54924315193,3,1,1,163221.9835335093,0
692,Spain,Male,41,0,33160.95819246528,3,1,0,87117.50717790905,0
539,Germany,Male,40,9,52890.45079018787,2,0,0,11600.0,1
648,France,Female,18,5,62626.49772120975,4,1,1,15824.937128064266,0
552,France,Male,48,7,7373.587052241785,4,1,0,76515.98510174797,0
715,France,Female,37,6,47976.09942254466,2,1,1,24991.434795216614,0
578,Germany,Female,27,6,2799.5276810377686,3,1,1,110922.3835473316,0
640,France,Female,54,1,29779.679816936416,2,0,0,166093.2826010415,0
636,France,Male,31,10,5270.780329923327,1,1,1,58072.07110445135,0
662,France,Male,31,3,29856.91743615341,3,1,0,127858.11110435496,1
816,France,Female,20,5,9645.462432681576,4,1,1,176379.9602120278,1
625,Spain,Male,44,1,66293.89280198757,1,1,0,11600.0,0
771,Germany,Female,39,4,114920.03724066242,1,1,1,83883.93953964577,0
697,Spain,Male,21,4,9288.776901471612,3,1,1,62710.61732008596,0
791,Spain,Male,41,2,66714.7567076071,4,1,0,56812.97963348814,0
616,Germany,Female,47,1,7900.286751464426,3,1,0,130626.16346912416,0
719,Spain,Female,43,10,28433.225738757093,2,1,0,61199.4224956783,0
644,France,Male,52,6,49112.800959073815,1,1,0,111082.7170021292,0
351,France,Male,32,7,38579.89589150235,3,1,0,112898.71465053131,0
541,France,Female,56,3,2942.500683909956,3,1,1,71999.03932095805,0
708,France,Male,39,3,22521.493091774515,1,1,1,186609.33267536957,0
701,Spain,Male,47,10,31759.13028218294,2,1,1,184092.1270529532,0
520,Germany,Male,51,8,24829.531332779232,4,1,0,11600.0,0
672,France,Male,65,3,54755.70429962611,3,1,0,134573.6393707362,0
700,Germany,Female,28,9,109540.17050792904,1,1,0,110590.10239440735,0
646,Germany,Male,31,2,55080.07329197898,1,1,1,37939.65992574473,0
722,France,Female,40,10,44575.326130295456,2,0,0,101372.956591791,0
709,Germany,Female,35,0,8071.011575574713,3,1,1,153488.2840922091,0
646,Spain,Female,30,2,21450.59466228923,1,0,1,78629.15381055215,1
598,Spain,Male,23,4,39735.44211217548,2,0,0,63813.61098921107,0
754,Germany,Male,40,1,135939.97477722683,3,1,0,98383.67285040264,0
696,France,Female,46,4,18176.48696245511,4,1,0,107988.9590747978,1
511,France,Male,42,8,20621.30048070227,4,0,0,101734.4020516409,0
672,France,Female,22,9,44526.21081940847,3,1,0,118396.06240963354,0
534,Spain,Male,22,10,114979.5225933436,3,0,0,45035.039389047015,0
553,France,Female,39,5,39175.46025424179,3,1,1,141327.17611504387,0
584,France,Female,36,2,9582.950901751365,3,1,1,124900.18533797836,0
654,Spain,Male,35,4,3923.960054272413,2,0,0,147098.51269835414,0
687,Spain,Male,36,0,109908.0545720258,1,1,1,26186.067680040607,0
609,Germany,Male,34,7,55424.457639804416,2,0,0,163618.92084757503,1
613,France,Male,40,8,12456.67010598561,1,1,1,126449.2632244057,0
599,France,Male,50,4,64458.51015137676,2,1,0,32920.763750891725,0
754,France,Female,29,8,63572.72149577761,3,0,0,89460.0148340617,1
364,Germany,Male,43,7,73947.79147839705,2,1,0,117540.9385569226,0
619,France,Male,39,7,111361.88365092124,1,0,0,187152.0870486588,0
804,Spain,Male,21,1,8245.634417359464,4,1,1,47682.342253463736,0
701,Spain,Male,32,4,157031.23063517094,3,1,1,200000.0,0
776,France,Male,39,7,250000.0,4,1,0,79502.76865266664,0
446,France,Female,60,2,729.6249062357762,1,1,0,17204.031578819093,0
525,Germany,Female,31,0,4787.213605835554,3,1,0,122433.21300104551,0
701,Spain,Male,32,10,28453.838818568343,3,1,1,68969.6039691381,0
805,Spain,Male,43,3,1751.1992989817854,3,1,0,11600.0,0
535,France,Female,37,3,66381.92282894033,4,1,0,165881.486678819,1
611,France,Male,26,9,52595.51824951658,4,1,0,113996.7309167374,0
690,Spain,Male,21,3,74773.51623609911,1,0,1,188937.64775788487,0
504,Germany,Female,20,3,250000.0,1,1,0,87383.71673651844,0
702,France,Male,47,8,135464.87219858714,2,0,0,42815.86870199369,0
382,Germany,Male,28,10,17822.987358109374,1,1,0,33376.935211625736,0
699,Spain,Female,62,0,25247.50362755846,2,1,1,26942.929740669308,0
550,France,Male,33,8,74798.12613173049,4,0,1,132864.91167233593,0
605,Spain,Female,46,6,24563.53540745774,1,1,0,121911.25417081769,0
715,France,Male,27,4,59971.58756346331,3,1,0,46141.75769742292,0
694,Spain,Female,40,1,125432.88469962396,2,0,1,65772.68803719839,0
649,Germany,Male,53,9,26033.501336477068,2,0,0,178094.41350888764,0
746,France,Male,35,9,41108.04158990232,2,1,0,122305.94004097502,0
479,Germany,Female,28,9,92087.71181568336,4,1,1,162730.0117384012,0
670,Spain,Female,35,3,32472.77792571492,2,1,1,122067.92096529178,0
570,Spain,Male,36,10,17063.396583573904,1,1,1,143478.57007386355,1
741,France,Female,29,3,14931.69311372378,2,1,1,109825.93778302585,0
718,Germany,Male,55,3,3729.917807140151,3,1,1,11600.0,0
722,Germany,Female,39,10,20050.93328987127,4,1,0,160174.89301289484,0
814,Germany,Female,51,1,57895.70299775414,4,1,0,84622.50015028896,0
762,Spain,Male,49,7,3032.1887289616952,1,1,0,88983.85506295407,0
634,France,Male,56,3,16030.32127195002,3,1,0,73449.65971306569,1
649,France,Male,26,8,5916.750884871379,4,1,0,95958.39471393032,0
710,Germany,Female,45,1,25915.850375802635,4,1,1,52343.66874805331,0
663,France,Male,33,6,4902.151153984296,4,1,0,198180.0269525472,0
720,Spain,Female,37,4,68531.06982044688,1,1,1,105119.46164429026,0
426,Germany,Male,28,4,131571.37378089482,1,1,1,60903.20009686906,0
838,France,Female,62,6,10680.24360890736,4,0,0,57770.37831605008,0
656,Spain,Female,31,3,14422.62601521891,2,1,0,76435.59719634277,0
487,France,Female,45,2,8726.892550957307,4,1,0,130157.87554677537,0
558,Germany,Female,26,8,10377.687979891312,3,1,1,200000.0,0
437,France,Male,36,2,18666.83449688486,3,0,1,71589.1741136512,0
540,France,Male,49,4,16506.580037670814,4,0,1,149198.18946307286,0
635,France,Female,42,1,24320.50008262444,4,0,1,102947.96910961588,0
801,Germany,Male,29,6,37216.00444701167,4,1,0,15906.496975991353,1
691,France,Female,31,10,65012.10497469828,3,0,1,103206.14520477816,0
673,France,Female,40,6,107919.34487151029,1,1,0,128009.34962159926,0
536,France,Female,38,4,30751.877387026376,2,0,1,133316.3146190673,0
567,France,Male,25,7,119830.17981679224,1,1,1,136014.67339960102,0
575,Spain,Male,35,8,56933.6053642928,2,0,1,60451.35225891324,0
579,France,Female,37,3,65264.99698181189,3,0,1,139077.73259232816,0
614,Spain,Male,44,10,36932.710175149536,3,1,1,11600.0,0
622,Germany,Female,49,1,37035.00420540186,3,1,1,121399.93170293228,0
616,Germany,Male,45,1,37961.47280714024,3,0,0,33579.33884660831,0
582,France,Male,42,10,33861.50500187296,1,1,0,162662.30691805412,1
663,Spain,Male,42,3,30705.57308481424,2,0,1,120734.6027507629,0
618,France,Female,43,5,74485.02151479291,3,1,1,23065.597491058,0
490,Germany,Male,48,5,24525.168422572115,2,1,1,111233.29988756034,0
653,Spain,Female,55,1,11579.899995581976,2,0,0,111488.15346858204,0
638,Spain,Female,29,0,7284.205651541893,4,1,0,86792.83078944674,0
492,Germany,Female,34,1,105838.3173284212,1,0,1,113480.4184577122,1
590,Spain,Female,49,7,99346.1606415526,1,1,1,121317.14654932344,0
709,Germany,Male,29,4,13962.069630841885,1,1,0,63793.839135303766,0
536,France,Female,26,2,6289.776107393572,1,1,1,31364.802847733023,0
525,France,Male,32,8,161520.75445796383,2,1,1,41348.50567182019,0
617,France,Female,39,6,32890.63261487856,3,0,1,89192.15522450516,0
712,France,Female,34,7,4901.436958917001,3,0,0,149261.57015193836,0
831,Spain,Male,42,5,12123.19860493285,2,1,1,46399.119098855575,0
715,Germany,Male,36,6,60829.05462695093,3,1,1,65343.92161220938,0
758,France,Female,35,2,4240.670107913112,4,1,1,130817.01301422944,0
684,Spain,Male,22,0,28375.453191013567,2,0,1,96143.81727985424,0
581,France,Female,44,0,27894.37767804894,2,1,1,11600.0,0
715,Spain,Male,45,0,57866.8916724698,4,0,1,113752.38766347094,0
641,Spain,Female,37,10,11119.92762895792,4,1,0,87695.46931479826,0
687,Spain,Male,40,10,206046.89953987196,3,1,1,39563.43382293944,0
555,Spain,Female,40,6,8437.4459318725,1,1,0,52667.78370444488,0
696,France,Male,49,1,45610.745003333934,1,1,1,118005.44311435187,0
637,Germany,Male,41,5,19882.45636517696,4,0,1,140811.80391570914,0
673,France,Male,25,0,7128.899582016773,3,1,0,43579.64832370573,0
641,France,Male,58,9,38705.23245285374,1,1,1,101791.71519391597,1
622,Germany,Male,51,7,9287.18385070431,4,1,0,76952.45541085751,0
698,France,Female,39,4,56948.07961701807,3,0,1,70399.75380378804,0
609,Spain,Male,40,8,1648.4204883425589,3,1,0,119479.46113424818,0
491,Spain,Female,41,2,35707.775117098296,3,1,0,85833.55622273232,0
462,France,Male,31,1,12357.9089250455,1,1,1,93070.43924994848,0
668,Germany,Male,50,7,149781.15761639577,2,1,0,136842.29805432633,0
605,France,Male,49,10,61985.50595116028,4,0,1,62856.88999271814,0
477,Spain,Female,38,4,70382.41446407701,4,1,0,50861.68705765118,1
660,Germany,Male,45,0,61098.375881025815,2,0,1,186484.08148772776,0
640,France,Male,49,10,54815.06611802452,1,1,1,161411.18791939266,0
600,France,Male,41,5,7427.785006590008,1,0,0,95519.84157518228,1
674,France,Male,28,2,250000.0,4,1,1,52015.64084021813,0
781,Spain,Male,45,7,53556.021463059056,2,1,1,169066.38038203772,0
778,France,Male,39,5,113835.65437380785,2,1,1,85985.2080873664,0
664,France,Male,28,1,35039.41604714422,2,0,0,75562.52866204554,0
641,Spain,Female,49,5,16841.591992249127,2,1,0,180741.1203243861,1
665,Spain,Male,41,2,28744.15559255124,3,1,1,75738.53826761697,0
680,Spain,Male,36,6,25471.28306673773,3,1,0,113369.22583836832,1
623,Germany,Male,59,0,804.4048970672347,4,1,1,59381.839887687085,0
667,Germany,Female,33,0,56186.98847501705,2,1,0,69653.16879562906,0
492,Germany,Male,29,9,66903.28144401805,3,1,1,133999.40542291602,0
658,France,Female,40,3,2088.6633674616533,2,1,1,120010.12548526048,0
697,Germany,Female,37,6,14114.390302798123,1,1,0,188574.64615732225,0
601,France,Female,33,3,54597.17487171607,4,1,0,163696.65466753274,0
640,France,Male,53,8,19422.641675669187,3,1,0,194594.0926482185,0
538,Spain,Male,27,7,135791.39043031548,3,1,1,195046.87071644905,0
524,France,Male,42,4,5972.738477877414,1,0,0,66166.68147485735,0
671,Spain,Female,39,0,131614.8536606013,4,0,0,42461.233468843966,0
577,France,Female,38,2,122646.81429495312,2,1,0,189119.05493772103,0
472,France,Male,50,7,155912.62337499135,3,1,0,59844.37396912232,1
538,Germany,Female,59,6,4018.639804418734,3,1,0,102523.10562597506,0
553,Spain,Male,39,7,15900.2888089886,3,1,1,84649.50593283362,0
727,Germany,Male,47,0,14472.176620931948,2,1,0,49372.49748370107,1
667,Spain,Male,39,1,108269.03070418524,3,1,1,67469.19635838874,0
562,France,Male,39,9,82298.94220354193,1,1,1,50277.80174040822,0
591,Spain,Female,43,6,8651.922916955045,4,1,0,19416.34477075319,0
781,France,Female,40,4,7627.14657351481,3,1,0,74080.39258249028,0
743,Spain,Female,29,4,32135.17637177632,4,0,0,136423.82400184078,0
538,France,Male,52,9,9518.056369080496,1,0,0,198333.73945733195,0
766,Spain,Female,43,8,32303.68456205122,4,1,0,111526.62298597784,0
641,Germany,Female,38,0,93118.09443717048,1,0,0,58351.48544811217,0
729,France,Male,32,4,34648.7851472709,4,1,1,145157.13340059036,0
633,Spain,Male,41,6,64448.43374871333,2,1,1,87780.79534213828,0
768,France,Female,36,4,14388.890276299737,2,1,0,111767.59497111688,0
534,France,Female,40,9,15447.848747970162,4,1,1,168615.57677222538,0
624,Spain,Female,37,10,45043.40927156129,3,0,0,148602.2377609166,0
771,France,Male,30,6,95672.56608494702,4,1,0,11600.0,1
410,France,Male,55,0,37869.36811538494,1,1,0,115840.75417353144,1
645,Germany,Female,29,4,11049.87237654286,4,1,0,76122.8500613969,1
610,Spain,Female,31,5,12284.267926945517,1,1,1,104187.43153031405,1
718,France,Male,45,5,47987.95508517666,2,0,0,35515.63590010661,0
756,Germany,Female,42,3,5456.894614303972,3,1,1,93027.5095500598,0
723,Germany,Female,45,4,3385.957715937279,3,0,1,28348.888915181204,0
674,Spain,Female,44,7,5423.424298942785,1,1,0,142347.96394271767,0
654,Spain,Female,31,5,24907.358225887587,3,1,1,171226.90609054614,0
615,Spain,Male,45,0,21876.452031050518,4,1,1,59054.29539033516,0
670,Germany,Female,32,4,107.44498463656603,3,1,0,187813.9197581795,0
795,France,Male,49,6,8817.295960283456,4,1,0,140781.11127557384,0
566,France,Female,29,7,21348.134171077767,1,1,1,137759.14397564554,0
609,Germany,Male,31,3,28102.49089600419,4,1,1,119011.68165569412,0
642,Spain,Female,31,1,25733.08548430298,2,1,1,141293.5267374615,0
750,Germany,Female,42,3,19255.045710679256,4,1,1,150013.78572006623,1
672,France,Female,38,5,83544.75948914906,3,0,0,11600.0,1
748,France,Female,40,5,26894.454054945392,2,1,0,129206.69889556718,0
753,Germany,Male,37,5,51707.71302581674,3,0,0,200000.0,0
709,Germany,Female,38,0,89336.70341589971,2,1,0,104873.89126419212,1
543,Germany,Male,34,10,96111.27615054583,3,0,1,148165.47657323175,0
816,Germany,Male,23,6,97251.23576172498,3,1,1,76796.50739128281,0
791,France,Female,25,6,34124.93002986856,3,1,1,11600.0,1
656,Spain,Female,30,4,54135.15953214432,3,1,1,55576.10394508723,0
511,Germany,Female,35,3,18892.816184630028,4,1,1,200000.0,0
493,France,Male,53,10,98968.6398573125,4,0,0,200000.0,0
675,France,Female,28,2,11996.03178743909,3,1,0,82391.3020146279,0
579,Spain,Female,28,10,77488.87200927942,1,1,1,120441.6088637848,0
478,Spain,Female,20,10,31723.854702464643,3,1,1,178839.54393783346,0
492,France,Female,44,10,17747.185112430845,1,0,0,104751.53109546272,1
603,France,Male,36,7,23874.23837185018,3,1,1,137333.05594233697,0
669,France,Female,26,10,44369.31299784447,2,1,0,200000.0,0
790,France,Female,38,7,132951.18387716808,4,1,0,124444.9546255568,0
698,Germany,Male,33,2,5131.711004237022,2,1,0,131277.54405526456,1
611,Germany,Male,51,10,125960.85496121696,2,0,1,95160.77300524096,0
687,Germany,Female,32,10,84561.83202617502,4,1,0,59169.11773394926,0
679,Germany,Male,55,4,44254.55718649188,4,1,1,154473.92368786427,0
723,France,Male,40,7,6983.206672310745,1,0,1,179610.86546137382,0
646,France,Male,35,9,83686.89407727304,1,0,0,58221.23203510792,0
753,France,Male,36,9,58661.16837279692,2,1,1,11600.0,0
732,France,Female,41,5,34389.94380123304,1,0,1,11600.0,0
658,France,Male,36,1,108519.65687485535,2,1,0,116598.79293708876,0
638,Germany,Male,29,0,54599.871885323526,3,1,1,96791.0062459944,0
741,Spain,Female,45,6,17028.3425384671,3,1,1,197954.81972671815,0
578,Spain,Male,48,1,2229.9965588182167,3,1,1,87229.99749319453,0
499,Spain,Female,49,9,71217.26701874389,4,0,1,180826.6329951744,0
498,Germany,Female,37,9,14750.054780981083,3,0,0,56421.98440417815,0
570,Germany,Female,49,3,16461.300413142413,1,1,1,131054.58061295544,1
715,France,Female,42,10,29865.83602159668,2,1,1,70172.0842450092,0
607,Spain,Male,36,5,69308.249454632,1,0,0,89138.04871416578,1
670,France,Male,33,6,129061.95941259142,2,1,1,11600.0,0
600,France,Male,48,6,12184.655497788684,3,1,1,28282.45125413836,0
601,France,Male,22,6,106860.42329489772,4,1,0,73275.9340400568,0
547,Spain,Male,52,3,46364.11142085469,2,1,0,72901.36968115356,1
640,Spain,Male,40,10,96751.16667001776,1,0,0,147013.6540299388,0
632,Spain,Female,33,9,94262.14717776384,2,1,0,42663.07229216909,0
691,Germany,Male,31,9,24910.621567860504,3,1,0,147519.56266828073,0
678,Germany,Male,34,5,56680.96944652196,4,1,0,11600.0,0
630,Spain,Male,46,2,146503.14248756738,1,1,0,131973.63467456505,1
499,Germany,Male,42,7,55795.729912889234,1,1,1,76910.0734878229,0
757,Spain,Female,34,0,30639.16384862261,2,1,1,40319.05615529592,0
641,France,Female,33,7,23257.680208866197,3,1,1,157391.9879503873,0
657,France,Female,42,4,7734.167139639327,2,1,1,199097.66152510876,1
810,Spain,Female,66,7,250000.0,1,1,1,163606.6265120369,0
740,France,Female,66,3,53620.69445102524,2,1,0,103158.39629217896,0
694,Spain,Female,49,1,16186.676589223598,2,1,1,194793.1503078213,0
649,Germany,Male,31,3,3868.286350423554,3,1,1,130738.85745783748,0
648,Spain,Male,46,10,70104.84632106344,2,1,1,91272.9358183552,0
674,France,Female,31,7,96575.76549959084,4,1,0,28228.69750163317,0
690,Germany,Male,36,9,27913.03982823535,3,1,1,42826.75513142351,0
821,France,Male,52,0,156270.76930689526,2,1,1,153612.1657459985,0
850,Germany,Male,36,10,19910.58491667204,3,1,0,69139.52511826938,0
679,Germany,Male,36,4,70541.87753217707,1,1,1,35150.663775208035,0
434,Spain,Female,33,10,15257.17802782542,3,1,0,127678.83947491724,0
554,Germany,Male,30,5,20468.92788733389,3,0,1,89684.89632240868,1
831,France,Male,36,3,46492.91118165108,4,1,1,91898.29200257636,0
721,Spain,Male,46,3,1867.7644906636133,4,1,0,57101.60587644972,0
692,France,Female,45,3,11838.002003497624,2,0,1,11600.0,0
633,France,Female,41,2,9700.222491591152,4,1,0,32992.27806284184,0
531,France,Male,50,9,19873.935275323875,2,1,1,11600.0,0
817,Spain,Female,21,4,75133.50108564463,1,1,0,154053.18543087936,1
567,France,Male,39,5,119082.24764632055,4,0,1,200000.0,0
722,France,Female,31,2,637.67689188282,3,0,1,90147.43297981424,0
519,Spain,Female,58,10,14869.268348575337,1,0,1,11600.0,0
628,Spain,Female,36,10,1285.840278807906,2,1,0,104610.04558871244,1
749,France,Male,46,2,98751.67472302122,3,1,1,183921.66041259316,0
625,Spain,Male,48,8,11078.08671895314,4,1,0,103745.72795516904,1
613,Spain,Male,35,1,73635.71637473397,1,0,1,132657.87677696935,0
651,France,Male,48,5,1693.6116008142646,2,1,1,123719.62191000876,0
516,Spain,Male,49,7,25406.80576273544,2,1,1,90755.7087372688,0
497,Germany,Male,46,7,22207.03505153447,4,0,1,118741.1545147024,0
721,Germany,Male,33,0,19974.20514792968,4,1,1,50236.95375739515,0
607,France,Female,24,0,42219.04855134745,1,0,0,99934.38395055592,0
720,Germany,Male,60,7,24822.218586470717,3,1,1,101809.81090446902,0
761,France,Female,36,0,25811.22285682146,1,0,1,11600.0,1
769,Spain,Female,49,2,10486.906937217014,2,1,1,92521.85148962482,0
487,France,Female,34,8,26764.937737600343,3,1,1,45143.66209844047,0
580,France,Female,59,2,67563.9568105059,3,1,1,11600.0,0
703,France,Female,34,1,19510.6319076612,1,0,1,96705.80695835206,0
705,Spain,Female,40,0,97275.30763912434,2,1,1,23536.67148899136,0
850,France,Male,62,0,9083.972743715914,1,1,1,79839.1885422688,1
559,France,Male,23,9,93746.1542078779,1,1,1,104116.10731598026,0
766,France,Female,51,2,47825.291983832336,2,1,0,123040.43795583396,0
687,Spain,Male,38,5,27563.05477025165,3,1,1,192238.01812725727,0
485,France,Male,46,6,1793.6260114297231,4,0,0,11600.0,0
595,Spain,Female,35,5,6766.237667187471,3,0,0,93143.51722693411,0
676,France,Female,55,5,26743.826256884877,1,0,1,174105.45157247002,1
479,France,Female,30,8,105157.24395987464,3,0,0,69592.73426613791,1
442,Germany,Male,39,3,157132.2150605837,4,1,1,113295.67580956312,0
473,Spain,Female,48,4,132732.55736417504,2,0,0,72881.82964982586,0
675,France,Male,30,0,16015.954178713717,3,1,0,39643.30983745456,1
601,France,Female,40,3,14821.725743690236,4,0,1,200000.0,1
588,France,Male,28,9,67260.25430244902,2,1,0,103979.63853756632,1
591,Germany,Female,34,5,141133.38866805102,4,0,1,135415.81848489158,0
507,France,Male,65,6,7155.779370068614,4,1,0,182284.62682034448,0
604,Spain,Male,52,10,23707.31535312165,4,1,1,129953.91911704888,0
467,France,Male,45,1,90516.73843577756,3,0,1,160574.55939563614,0
768,France,Male,42,9,33862.388495765,1,1,0,122141.15152573338,0
819,France,Female,23,5,92373.03941244692,4,1,1,140755.89154967896,0
417,Germany,Male,37,2,6207.495937956129,2,1,1,61339.274226033085,0
603,Germany,Male,48,6,75035.6557894194,2,1,0,110424.15033238182,0
609,France,Male,34,8,24682.45876119748,2,1,0,75174.22645257108,0
632,Spain,Female,42,10,59054.216444378224,3,1,1,104569.13930899212,1
750,France,Male,28,3,17347.04164702843,1,1,1,11600.0,1
603,Germany,Male,28,7,58866.42807008127,3,1,0,99427.52344630848,0
641,Germany,Female,61,9,60550.59896242687,4,1,1,113375.16853657905,1
850,France,Female,60,5,27179.246252719207,1,0,1,66557.07956518838,1
638,Spain,Female,38,2,173990.69301555186,2,1,0,130295.54713858064,0
826,Spain,Female,31,2,24.45437385408394,3,1,0,80313.89055696345,0
700,France,Male,29,2,56074.71699284748,2,0,0,120732.40526540363,0
594,Germany,Female,43,3,119690.8739929075,3,0,0,186389.0433358517,0
577,France,Female,58,1,97414.88920369142,4,1,1,49472.28528848927,0
649,Germany,Female,32,4,41588.02442594114,1,1,0,51109.71612821594,0
537,France,Male,40,7,113049.48641662324,1,1,0,161879.49645387696,1
563,Spain,Female,40,6,5710.6745519551005,2,1,0,55337.84684205948,0
607,France,Male,55,8,39206.1327874838,1,0,1,110559.27514194913,0
679,France,Female,41,2,198990.3575521508,4,1,1,84294.45541000707,0
832,France,Male,25,3,238720.72898357047,3,1,1,11600.0,0
601,France,Male,46,7,56840.48426831612,3,1,1,92164.6207474444,0
696,Germany,Male,40,9,9175.213709763972,2,0,0,47927.82099826514,0
487,France,Male,30,10,5991.265557357382,4,1,1,110657.56795890557,0
756,Spain,Female,49,2,127838.64486350254,2,1,1,146410.40812929848,0
477,France,Female,35,0,106288.29499838012,2,0,1,45361.56113501067,0
729,Germany,Female,42,1,18946.10299831808,4,1,1,66357.85611326444,0
641,Germany,Male,40,9,134090.9461501108,2,1,1,11600.0,1
637,Spain,Female,36,9,6993.365256567901,3,0,0,104444.33627732252,1
619,Spain,Female,30,7,17441.806584253605,2,1,1,90545.08422656656,0
519,Spain,Male,44,6,51658.97909401157,1,0,0,124250.60151427113,1
525,Spain,Female,26,3,9356.849137919382,1,1,1,114963.2254168673,0
733,France,Male,48,7,225783.24854629,1,1,0,111175.87651616386,0
651,Spain,Male,30,2,12587.93895740312,4,1,0,67407.22298284377,1
619,Spain,Male,27,0,14073.113832463538,1,1,1,151265.06870121707,0
694,France,Female,53,3,32179.4354996689,4,1,1,132042.14223453548,0
660,Germany,Male,39,5,75366.53940508176,2,1,1,123430.54518889662,0
570,France,Male,19,5,6419.581931418543,3,1,1,91004.09044489409,0
850,Germany,Female,38,3,55047.44177468112,1,1,0,168516.527341793,0
724,France,Male,45,7,5233.115415662252,4,0,1,123559.37192504243,0
662,Germany,Male,45,8,4975.614660260919,1,1,0,111111.83277384473,0
598,Germany,Female,31,1,2113.832466241795,4,1,1,14354.744854273958,0
745,Spain,Male,32,2,39331.00432595816,1,1,1,160282.0804848359,0
571,Germany,Female,40,7,28632.310472501216,1,0,1,200000.0,0
562,Spain,Male,49,0,18361.932628018003,2,1,0,73752.21986718409,1
819,France,Female,25,0,37444.76660092404,1,0,1,73367.80382114992,0
653,France,Male,26,6,34842.57938899813,4,1,0,72642.24748005153,0
573,France,Female,52,9,32111.429223580944,1,1,1,80119.9168049373,0
650,France,Male,51,6,9464.378965909904,1,0,1,57986.80379488994,0
735,France,Female,29,6,113627.31874592404,3,0,0,200000.0,0
712,Germany,Female,35,4,48382.44506205108,4,1,1,142915.17311709118,1
747,Germany,Female,60,6,6807.680396613728,3,0,1,110849.95211307229,0
525,Germany,Male,47,8,14749.61110014992,1,1,1,146109.02285828453,0
744,France,Female,38,5,72320.3309496276,3,0,1,143967.45705345052,0
632,France,Male,50,5,74897.39414213585,1,0,1,48005.18764239659,1
658,Germany,Female,34,2,64683.882091998246,1,0,1,89666.1736141436,0
770,France,Male,40,6,78143.52635087562,1,0,1,114000.4884348499,0
720,France,Male,35,5,45590.345834576656,4,1,1,137986.38800816276,0
685,France,Male,46,4,17038.028103077646,4,0,0,133854.71033929,1
451,France,Female,46,2,22132.128975280884,1,1,0,100088.71784618052,1
645,France,Male,41,2,35630.618982192354,2,0,0,11600.0,0
571,France,Male,44,5,14119.665930419627,1,1,0,12873.452789791265,1
721,France,Male,50,5,95972.95691472018,3,0,1,70394.53019261145,0
749,Germany,Female,43,4,68709.40518546135,2,1,1,161676.56129622602,1
619,France,Female,41,2,195616.4270961588,3,0,0,102545.47267421932,0
583,France,Male,43,1,26829.167482657464,2,0,0,95415.79525771672,0
805,Spain,Female,51,3,102306.33048117724,1,0,0,62152.743771307854,0
589,Spain,Female,29,3,75508.07438716502,4,0,1,87889.71631740776,0
530,France,Male,43,9,89171.13330900868,4,1,0,149822.1614715379,0
566,Spain,Male,20,1,58261.40504101716,1,0,1,98050.65047157492,1
594,France,Male,36,8,21464.962316205136,4,0,1,109230.00100074933,0
563,France,Female,57,10,13980.605297557824,1,0,0,11600.0,1
734,Spain,Female,31,10,15894.16312049892,1,1,1,29819.48720007918,0
430,Spain,Male,22,2,41849.20767260224,2,1,1,147093.5263034206,1
561,France,Male,29,0,105869.31618163336,3,1,1,105010.7404583422,0
645,Germany,Male,46,4,29808.453175176088,1,1,1,86366.50266781136,0
671,Germany,Male,37,9,45670.88711259952,1,1,0,49348.06976067866,0
819,France,Female,28,2,66175.54626887741,1,1,1,56348.98468659746,0
804,France,Female,51,5,96642.6884260556,4,1,0,84364.72444347768,0
489,France,Male,43,0,52275.12092942314,1,0,1,71832.32155987667,1
459,Spain,Female,27,9,49618.95854721143,3,1,0,121494.54184799745,0
652,France,Male,36,3,219472.39093677813,2,1,0,161784.1335893155,0
582,Spain,Female,60,0,99175.95627601063,4,0,0,153057.29836108556,1
530,France,Male,35,0,66103.62089747583,4,1,1,29610.283263914607,0
651,France,Female,22,9,89172.35597080941,4,0,0,116072.13404762612,1
673,Germany,Male,43,7,250000.0,1,1,1,187232.0304140572,0
566,Germany,Male,42,9,35232.595139845595,1,0,0,110722.93154115933,1
587,France,Female,52,10,61129.42135479757,3,1,1,153513.97836297448,0
573,France,Male,35,3,83942.3895963279,3,1,1,178679.64793505426,0
608,Germany,Female,43,9,29366.52176454081,3,1,1,113325.17019839535,0
704,France,Female,41,2,154984.76803491212,2,1,1,62283.57445392621,0
542,France,Female,38,5,24080.911360579896,4,1,1,119680.84981975012,0
585,Germany,Female,42,10,13924.320900945391,1,0,1,18657.879342180157,0
610,Germany,Male,45,9,56519.31605406514,3,0,0,113067.77143674892,0
649,France,Female,44,8,4209.738974188033,2,0,0,127063.23438074926,0
677,Germany,Female,48,5,6770.516085838009,2,0,0,11600.0,0
850,Spain,Male,18,0,176137.39476279623,3,0,1,11600.0,0
707,France,Female,24,7,16539.96592693153,1,1,0,145758.5603030451,1
709,Germany,Female,41,0,1685.4627308936908,3,1,1,11600.0,1
623,France,Female,40,2,32183.911722445064,3,1,1,33096.00403315702,0
552,France,Male,28,8,100999.89269735797,3,1,0,120624.6068503086,0
597,France,Female,35,3,20271.941701386528,2,0,1,42718.54265709314,0
578,France,Male,30,7,27178.097434543684,2,0,1,97627.44419471823,0
689,Spain,Female,44,8,8530.444197443236,2,0,1,139407.47379108658,0
484,France,Male,30,7,21239.49379638996,2,1,0,136453.4227137229,0
709,Germany,Male,41,5,168214.02222591103,3,1,1,146562.98667284628,0
638,France,Female,49,8,104864.672735046,1,1,1,120600.2972048737,0
723,France,Female,30,10,67324.98894927176,2,1,0,163285.2223243556,0
577,Germany,Female,25,5,77139.96564275137,3,1,1,64340.11381105361,0
559,Spain,Male,31,4,55334.40224808701,4,1,0,90324.96987427796,1
609,Spain,Female,30,7,6275.464209880683,4,0,1,94052.19807772384,0
606,Spain,Female,39,3,6246.752941672258,2,1,0,11600.0,1
730,France,Female,21,2,38521.59503791237,4,0,0,100211.7421706583,0
729,Spain,Male,55,3,45249.1098977752,1,1,1,161161.9211755141,1
840,France,Male,26,8,178460.68565935575,3,1,0,116594.98583714558,0
600,Germany,Female,25,3,29998.865351564986,4,1,1,139799.24826880032,0
350,Spain,Male,39,6,124734.30596459543,1,1,1,89931.20376429465,0
609,France,Female,37,0,231964.3618067125,3,0,0,150275.3722376056,0
673,France,Male,52,5,93055.87457754456,4,1,1,58119.70916849806,0
721,Germany,Female,36,7,25456.394720248416,2,1,1,113912.45734112489,0
680,Germany,Female,36,6,70007.09027729816,2,1,1,200000.0,0
600,France,Female,45,4,39423.66746676726,4,1,0,148724.98243908412,1
821,Spain,Male,48,3,11083.291777356051,2,0,1,94027.1359327816,0
546,Germany,Female,19,1,6945.959638885687,2,0,1,25437.516210850008,0
622,France,Male,39,0,3632.990032687019,1,1,1,179671.0657097831,0
542,France,Female,60,0,19758.401888038887,3,1,1,200000.0,0
651,Spain,Male,32,4,58359.68654238116,2,1,1,200000.0,0
808,France,Female,40,8,122586.88983562606,4,0,1,128226.05497612664,0
635,France,Female,49,6,19315.30678950976,2,1,0,11600.0,0
636,Germany,Male,43,1,37859.91206248859,1,0,0,67584.80764348802,1
480,Germany,Female,28,5,31631.938822078275,1,1,1,186832.3697131016,0
621,Germany,Male,38,9,5757.254075390596,2,1,0,101930.82652931132,0
765,France,Female,26,6,71413.9511819429,4,1,0,115577.73966654128,0
624,Spain,Female,28,7,36633.05679441142,4,1,1,93964.04597924794,0
618,Spain,Male,50,10,124631.83930382346,1,1,0,106473.7301892786,1
760,France,Male,47,8,90226.79990254498,4,1,1,42396.60356476248,0
618,Germany,Female,56,2,16305.438863017233,1,1,1,18889.888888317044,0
779,Spain,Male,48,1,18743.356245154944,4,1,0,11600.0,0
521,Germany,Male,37,6,38499.90521134704,2,1,0,81567.02850879793,1
717,Germany,Male,28,7,6684.913576376057,2,1,0,11600.0,1
814,France,Male,52,8,14458.769645968076,2,0,1,192091.7561385642,0
750,Germany,Male,45,9,86044.45742722368,2,1,0,98258.68816989096,0
463,Germany,Male,46,4,8302.976855777193,3,1,0,64851.12626794261,0
586,Germany,Male,44,8,39509.520337804686,4,1,1,130883.82497765924,0
625,Spain,Female,50,0,25040.923959801665,3,1,1,64719.63218095558,0
750,France,Female,23,8,11215.392072293447,4,1,0,200000.0,0
516,France,Male,26,9,174952.140503337,3,1,1,109364.14282690018,0
548,France,Female,30,4,87183.7500292494,1,1,1,130233.04207739764,0
489,Germany,Female,42,1,15508.89779258093,1,0,1,139672.58246479311,0
567,France,Male,34,5,76921.58309516458,4,0,0,35637.194167722184,1
524,Germany,Female,50,0,321.9214667246489,1,1,0,11600.0,0
809,France,Female,38,6,16256.44576419537,4,1,0,171397.0670405907,0
585,France,Male,62,6,5714.349216953935,4,1,1,144595.8368573322,1
719,France,Male,56,9,27589.490138966423,3,0,1,173178.5441070613,0
651,Spain,Male,40,7,50793.52214539136,4,1,1,66367.99419110367,0
650,Germany,Female,25,0,9395.511706325166,1,1,0,178550.0975743143,0
590,Spain,Male,45,1,13660.942584734998,3,1,0,200000.0,0
727,Germany,Female,27,10,24936.94705923626,3,1,1,68898.07005896092,0
665,France,Female,29,0,49817.57692287178,3,1,0,104135.49169232088,1
659,France,Male,35,7,18605.84593717877,3,1,1,156962.51851116685,0
590,Spain,Male,34,7,46002.74681679003,1,1,0,161111.86253952375,0
607,Germany,Male,44,2,21481.49702170856,2,0,1,200000.0,0
708,France,Male,42,9,14910.945385726754,1,0,0,144707.70957518736,0
673,Germany,Male,28,1,96568.27805243888,4,1,0,87950.89646413931,0
662,France,Female,36,8,24142.28634913405,1,0,1,136665.22978722656,0
574,France,Female,25,4,125280.52804440982,4,1,0,11600.0,1
844,France,Male,43,8,18233.53034395776,2,1,1,184689.5037264897,0
602,Spain,Female,20,1,39139.60977468031,3,1,0,90761.20448354316,1
646,France,Male,36,5,2754.295346841059,1,0,1,63449.66253159144,0
631,France,Male,32,10,57014.40257926965,3,1,0,51093.48535760741,0
845,France,Female,44,0,79352.69274675075,3,0,1,80397.43333068633,0
620,France,Male,30,6,177741.31668470774,3,0,0,16810.547962638884,0
611,Germany,Female,30,3,90581.19466048214,1,1,0,85241.66223125128,0
661,France,Female,42,6,18736.11215961353,2,1,1,82755.70301070959,0
580,France,Female,43,8,40664.45551407264,1,1,0,61381.67891827349,0
661,Spain,Male,28,0,44808.95165180228,2,0,0,88654.4051372099,0
850,France,Male,44,0,2923.093221272485,2,0,1,104272.37609434086,0
679,France,Male,63,10,3771.585428218254,4,0,0,52594.47054218368,0
676,France,Female,34,6,19711.915497238948,2,1,1,124693.47686562772,0
578,Germany,Female,26,9,68211.77586105272,4,1,0,66438.44346059053,0
820,Spain,Female,39,10,16810.969746353334,1,1,1,61973.3170199348,0
843,France,Female,25,1,103623.38822288232,3,1,0,160440.31331444663,1
735,Spain,Female,36,7,51780.54956889276,2,1,1,131761.95957681918,0
715,Spain,Female,33,3,31568.56525340115,3,1,0,196166.87989711628,0
626,Germany,Male,45,6,38887.20471307237,2,0,1,111635.185546626,0
689,France,Female,21,9,20130.635000199323,4,1,1,114667.1573107768,0
566,France,Female,23,1,182321.022915262,1,1,1,151369.1324025081,0
537,Germany,Male,42,7,9676.56709285142,4,1,1,51084.16324484723,0
501,Spain,Female,44,5,98447.56576010265,4,1,1,73271.33259544584,0
691,Germany,Female,18,0,56683.594277160366,4,0,1,166958.94310276752,0
512,France,Female,54,8,62163.6939574685,1,1,0,117655.56463199844,1
600,France,Female,47,10,90336.8053425672,1,1,1,40433.47558434164,0
643,Germany,Male,32,1,7322.04291419119,3,1,0,182074.620854271,0
749,Germany,Male,39,3,59398.54269272868,1,0,1,42276.75058966899,0
592,France,Male,19,8,74865.81055667176,4,1,0,130840.15687698306,1
761,France,Male,46,7,208713.74834016303,4,1,0,100588.82170319677,1
743,France,Male,30,7,68828.88363848854,1,1,1,21356.491049065316,0
542,Germany,Male,35,3,151571.30882729214,3,0,1,91332.2430800989,0
762,Germany,Female,37,0,94767.26765328363,4,1,0,130975.39115623414,1
621,Spain,Male,51,9,104245.34788576596,2,1,1,108501.23061922216,0
600,Germany,Male,43,3,124398.118696339,3,0,1,84692.42636232018,0
622,France,Male,35,2,37874.57416878539,4,1,1,87764.54490657171,0
649,Germany,Male,33,10,62069.87214166393,2,1,0,137765.36242200862,1
608,Spain,Male,41,2,6617.118900756909,4,1,1,135768.89438560157,0
566,Spain,Male,38,0,22037.64051996169,4,1,1,96598.67061768114,0
574,Spain,Male,36,8,105765.6763695264,1,1,1,146271.52934033365,1
663,France,Male,39,2,190117.52262016764,2,1,0,167860.82255250454,0
633,Spain,Male,36,3,5920.569963034686,4,0,1,112861.5973112305,0
702,Spain,Female,23,0,44110.02482011582,1,0,1,41237.43024245001,0
655,Germany,Male,38,2,66325.48061636617,1,1,1,124618.70802055918,0
657,France,Female,38,0,36291.74674965794,4,1,0,139132.13610945485,1
709,Spain,Male,40,3,13260.949533776187,1,1,0,119525.95966348313,1
791,France,Male,28,9,2130.712483155348,3,0,0,56249.2906949875,0
795,France,Male,31,6,151306.84786181108,3,1,0,72873.03899509003,0
784,France,Female,55,9,13513.682562456528,3,0,0,169867.66650031833,0
737,Germany,Male,31,10,17769.890599399227,4,1,1,147336.0926262093,1
850,France,Female,44,7,51470.901222042776,3,0,0,156668.08975509947,0
693,France,Female,31,7,27985.83474654677,4,0,1,168806.25629517,0
682,Germany,Male,20,0,27536.254599326283,3,1,0,52425.75895030808,1
850,Spain,Female,37,10,4310.76067733744,1,1,1,19593.747780213685,0
377,Germany,Male,45,5,240653.098200588,1,1,0,159723.42282924202,1
628,France,Male,35,7,16731.931610280048,1,1,1,11600.0,0
775,Germany,Male,19,9,5827.744259483695,1,1,0,200000.0,0
748,France,Male,18,9,57217.707149926246,4,0,0,107498.59191628727,0
850,France,Male,50,7,69757.8973116786,2,1,1,81581.91152202197,0
660,France,Female,38,8,1284.1004243877237,3,1,1,77453.45639789451,0
606,Spain,Male,45,7,15684.049166883946,2,1,0,68190.06983889038,0
616,France,Female,41,4,10806.275939620406,4,0,0,126648.52561267983,0
681,France,Male,27,0,77736.7657075498,2,1,0,93734.17785489291,0
812,France,Female,36,8,10151.942790441804,2,1,0,146731.1139431176,0
813,France,Male,22,9,13409.084188901576,3,1,0,164792.8283808506,0
644,Spain,Female,48,9,216503.1031481999,4,1,1,82014.59752624457,0
675,Spain,Female,42,9,60551.71482813053,1,1,1,128103.04931031844,0
588,France,Male,46,9,24523.34720788477,1,0,1,116773.5971032268,0
599,France,Male,51,4,70092.55137951918,2,1,1,82365.94673659324,0
754,France,Male,35,6,31412.39283685348,1,1,0,45616.63469398313,0
810,Spain,Male,31,6,11955.221215189102,4,1,1,54317.05622025895,0
580,France,Male,37,10,33468.854068262735,3,0,0,165326.3663752406,0
674,France,Female,51,3,73925.8243534905,4,1,0,84699.4078513062,0
625,Germany,Male,23,7,9821.26985638408,1,1,1,116309.34446925562,0
736,France,Male,39,10,33231.12695845497,1,1,0,181919.80961523013,0
611,France,Male,47,9,6353.108576996547,3,1,1,64952.48996232358,0
457,France,Female,42,8,92474.12199386644,4,1,0,124512.82190078052,0
750,France,Male,49,3,85409.19067834836,2,1,1,124055.10467048168,0
619,Germany,Male,23,1,55959.4952061225,2,1,1,78262.75055499561,0
630,Spain,Male,49,9,126300.4217149808,4,1,1,103124.40384861256,0
693,France,Male,32,3,25537.095032101763,4,1,1,200000.0,0
685,France,Female,18,1,7076.842784504385,4,1,1,80285.95867116329,0
695,Spain,Female,35,0,185724.82513713196,3,1,0,77900.11288245002,1
487,Spain,Female,30,0,35982.30687346073,2,1,0,57752.59514507578,0
705,France,Female,37,10,32266.92969980212,2,1,0,95185.29034336422,0
459,Germany,Female,23,3,3292.2250777725467,2,1,1,116805.33443459336,1
726,France,Male,37,8,42242.34229985302,2,1,1,182473.29542370728,0
761,Germany,Male,33,8,51745.42065687755,3,1,0,111144.32469503624,0
513,Spain,Male,58,6,32045.58500548283,2,0,0,138067.0054447477,0
682,Germany,Male,40,4,120624.94421355036,4,1,1,45440.83068873898,1
755,France,Male,41,5,67812.98158144332,2,1,0,11600.0,0
605,France,Male,36,0,1969.3184543024995,3,0,0,154290.66228551877,0
717,Germany,Male,51,2,39106.50202179612,1,1,0,62418.171381908105,0
371,Germany,Male,43,0,250000.0,3,0,1,11600.0,0
759,Germany,Female,54,9,11141.410971692392,2,0,1,200000.0,0
652,France,Female,49,4,48008.83697452451,3,0,0,176775.02600058605,1
624,Germany,Male,35,3,15975.502147518131,3,1,0,89344.65081676432,0
748,Germany,Female,46,2,23219.645153511447,3,1,1,55519.69795353966,1
822,France,Female,47,5,1710.6568006048335,3,0,0,35674.03786124957,0
698,France,Female,48,5,58224.31361133271,4,1,0,90578.05321186128,0
810,France,Male,43,8,72563.02637834442,1,1,1,139392.72079099133,0
494,Germany,Female,25,3,74121.9276295098,3,0,1,99589.33028215208,0
716,Germany,Male,38,8,176240.69322191755,2,1,0,103249.2306800009,0
636,Spain,Female,40,3,90970.20538728528,4,0,1,200000.0,0
571,France,Female,39,7,11634.826289216411,1,1,1,12683.411451723048,0
457,Spain,Female,50,7,13104.384523375442,4,1,0,127350.43424912532,0
711,Germany,Male,32,1,73048.71315257526,3,1,1,143240.672616418,0
737,France,Female,40,9,75008.18729841507,2,0,1,90913.41179154888,0
784,France,Male,38,7,6564.822765957811,2,1,0,182190.2266948552,0
767,France,Male,45,1,332.72087657918456,4,1,0,158106.58748864254,0
572,Spain,Male,57,10,25656.448372679213,2,1,0,127548.75058931294,0
779,France,Female,45,7,59318.7455542907,2,0,0,72866.89856783122,0
789,France,Female,44,5,100744.31182989987,1,1,1,41149.18877325845,0
624,France,Female,28,2,9035.949723935732,2,0,0,11600.0,0
652,Spain,Male,23,10,84448.70743373221,2,1,0,180923.67988001497,1
556,France,Male,41,6,57672.61042958074,4,0,0,200000.0,1
798,France,Male,37,5,9073.412690890917,4,1,1,136761.8377735544,0
498,France,Male,43,2,103289.9075302092,4,1,0,111456.78578269709,0
703,France,Male,32,4,135144.639159844,2,1,1,108244.44664135131,0
590,France,Male,53,3,15449.156110550088,4,0,0,116365.36797676022,0
539,Germany,Male,27,5,8049.0175763240495,2,1,0,158947.67181631003,1
462,Spain,Female,37,0,171520.35068765347,1,1,1,11600.0,1
628,Spain,Female,35,0,1157.5137188421638,3,0,1,104113.61695262502,0
523,Spain,Female,49,7,148211.2916020822,3,1,0,73217.26478633414,0
655,France,Male,36,7,12181.654473508346,3,1,1,112645.21408423089,0
826,Spain,Male,33,8,28824.262476741904,4,1,0,11600.0,0
669,France,Male,39,7,18433.893234701125,1,1,0,43214.935750250166,0
849,France,Male,31,1,8344.547213310907,3,0,1,22035.195482667856,0
551,Spain,Female,38,10,21730.04628329868,2,1,1,128861.15236138114,0
521,Spain,Male,37,4,38744.748338231126,1,1,0,86152.58035162318,1
547,Germany,Female,67,7,4926.243154184279,4,1,1,86680.9905581906,0
643,Spain,Female,34,8,82820.54145853096,3,0,0,145459.6206165637,1
850,Spain,Male,38,5,80567.369612396,3,1,0,76302.72979752962,0
483,Germany,Male,41,3,79846.24291702115,3,0,1,151192.73791297432,0
711,Germany,Female,41,8,57989.62451142361,1,0,0,86553.19775307336,1
580,Spain,Female,49,3,30372.550938027627,1,0,0,149032.58238141297,0
627,France,Female,58,5,89705.37180026254,2,1,1,156308.88953616624,0
524,France,Female,30,4,95476.159116057,1,1,1,101290.94155149214,1
737,Spain,Male,43,0,16805.60483819346,1,1,1,190804.79463017563,0
645,France,Male,37,3,32787.7772413404,2,0,0,54836.90817836808,1
758,France,Male,42,9,11342.700737197363,3,1,0,67545.2104512871,0
667,France,Male,50,2,14771.629783698114,3,0,0,11600.0,0
456,France,Male,55,7,13653.056780538847,1,0,0,96642.68124428092,0
759,Spain,Male,47,6,87707.92309688016,2,0,1,27666.54274968017,0
448,Germany,Female,42,9,14438.497622438732,3,1,0,175660.43273067457,0
463,Germany,Female,49,0,39517.47931405712,4,1,0,91152.3327629368,1
558,Spain,Male,30,10,49476.17138698413,4,1,1,67558.64778083755,0
559,Spain,Male,31,7,68262.41041541022,2,0,0,120069.25407210938,1
789,Germany,Female,40,6,1471.8151675029026,2,0,1,137397.34302848115,0
632,Spain,Male,50,1,32289.08716364317,1,1,0,26308.340353193344,0
774,France,Female,36,9,17308.565198751865,4,0,0,70976.90188769458,0
593,France,Female,37,3,89780.51922788062,3,1,0,140556.94183465283,1
681,France,Male,19,1,1872.0644675782617,2,1,0,106168.5592135296,0
697,Germany,Male,62,8,11596.231084859968,4,1,1,153936.4267073217,0
719,Germany,Female,36,7,18972.235112858747,3,1,0,111102.06769908844,0
603,Germany,Male,18,0,4051.9034914792055,4,0,1,61305.31941908418,0
612,Germany,Male,40,0,25160.884502716464,3,0,1,120949.71628319792,0
620,France,Male,43,7,68083.67848641713,4,1,1,147124.64264602732,0
484,France,Female,36,4,11932.794937687248,3,1,1,190027.95196788115,0
641,Germany,Male,29,0,70216.54394099132,3,0,1,125138.18828537328,0
611,France,Female,47,10,37646.36768741795,2,0,1,92267.26214399967,1
708,Germany,Male,46,3,21134.92740345363,3,1,1,65197.58258735101,0
659,Germany,Male,44,1,23007.105763155945,2,1,1,85750.17623445157,0
783,Germany,Female,31,8,6182.171948290387,4,1,1,77271.12406035129,0
657,France,Male,32,9,14369.50627625574,1,0,0,11600.0,0
593,Germany,Male,35,5,65693.92106124737,1,1,0,62430.91100974302,0
655,Spain,Male,34,10,99295.96490769752,4,1,1,150040.93380865437,0
722,Spain,Male,45,8,15434.948520262264,2,1,1,11600.0,0
472,Spain,Male,35,0,44417.886304257154,1,1,1,179380.81364006991,1
578,Germany,Female,29,0,1767.200754200032,1,1,0,103126.69180539396,0
580,France,Female,43,10,4028.313624432504,3,0,1,11600.0,1
691,Germany,Female,62,3,166724.53776978562,2,0,1,21507.2980239996,0
702,Spain,Female,31,1,113412.12883150438,2,1,0,11600.0,0
660,France,Female,31,0,4238.821268095393,3,1,0,90004.23516626195,0
402,France,Female,37,5,86390.79773817668,4,0,0,90531.29946521092,0
484,France,Female,46,7,5407.286730237556,1,1,1,132802.80938856574,0
626,Germany,Male,44,0,88159.8630112119,3,1,0,11600.0,1
599,France,Male,37,10,122380.95258079442,4,0,0,142663.13353227446,1
650,France,Female,34,10,8307.78124862176,4,1,0,58327.89980599831,0
603,Spain,Male,59,9,7963.440343814372,2,1,0,76358.21386313607,1
803,Germany,Female,50,9,130572.65634566009,4,1,1,121974.55485985988,0
420,France,Male,56,5,17936.1238438352,3,1,0,93706.90918669336,0
680,France,Male,46,0,31995.06150537685,2,1,0,56362.66100090896,0
732,France,Female,38,7,18151.8713131218,2,0,0,130446.43753225764,0
720,France,Male,42,5,69182.09509333274,1,1,1,65911.96042700337,0
728,France,Female,57,0,11854.932006150502,2,1,1,97504.04355628084,0
743,Germany,Female,44,8,34072.79892231551,4,1,0,41368.10128009075,1
589,Spain,Female,21,0,95010.77669958846,4,0,0,153643.96227171383,0
539,Germany,Male,53,8,142927.4003521456,4,1,1,12087.021963058956,0
446,France,Male,53,2,21750.026765498256,1,1,1,15264.106548516444,0
613,Germany,Male,51,7,6050.240157961672,3,1,1,53675.90150821288,0
572,Spain,Female,25,7,82954.13940261296,1,1,0,187694.11147744383,1
766,France,Male,42,6,5868.858931420557,3,1,0,114920.40040011898,0
621,France,Male,49,1,75544.70252549702,4,1,1,95772.1709844198,0
546,Germany,Male,39,2,58396.131546484765,3,1,1,37107.4868899801,0
531,Germany,Male,42,4,43085.34344870108,4,0,0,117706.0393923506,0
848,France,Female,44,4,140246.90919185264,4,0,1,77427.40895158114,0
647,Germany,Male,30,1,19459.40528484259,4,0,0,62351.51878306339,0
571,Germany,Male,43,0,4898.799028167494,3,1,0,163386.63393754384,1
662,Spain,Female,29,4,199781.50075562837,2,1,1,155246.28996495437,0
839,France,Female,37,4,29093.515407941377,1,0,1,11600.0,0
611,Spain,Female,33,2,28404.293009599285,4,1,1,153176.6922782672,0
718,France,Female,47,7,4689.702380133161,3,1,1,70259.6456421669,0
768,Germany,Male,45,5,68041.55208805177,3,1,0,107107.1242150688,0
460,Germany,Male,44,1,63669.28684945554,1,0,1,11600.0,0
586,France,Female,41,1,7850.022252610815,3,1,1,136320.5370655078,0
756,Spain,Female,43,3,13316.03924725007,2,0,0,123335.7680795575,1
580,France,Female,59,5,827.5337925184219,1,1,1,58662.3459802049,1
691,Germany,Female,52,8,110240.66095252028,3,0,1,105510.64720751102,0
574,France,Female,29,7,14020.63409195755,1,0,1,11600.0,0
605,Germany,Male,33,7,130892.81252202293,2,1,1,46797.373447860016,0
593,France,Male,36,1,42334.69119791167,2,0,0,15289.883001791311,0
713,Spain,Female,36,10,27704.721237274603,3,1,0,104477.44813691196,0
670,Spain,Female,30,3,393.0654892906512,1,1,0,73077.09907279583,0
659,Spain,Female,44,5,4840.540858812388,2,1,1,97233.73419086328,0
850,France,Female,38,5,8639.401814134859,4,1,1,35004.21270714725,0
823,Germany,Male,41,9,5585.490241532016,1,0,1,11600.0,0
451,France,Male,21,5,14799.380105328692,4,0,1,173638.18272616822,0
605,Spain,Male,23,7,8396.381285978432,4,0,1,12883.989196306107,0
850,Germany,Female,33,7,54507.47135629892,1,0,0,11600.0,0
592,Germany,Male,45,6,17622.15682312043,3,1,1,155194.3706937644,0
850,Germany,Male,43,4,63344.14245382698,2,1,1,99394.31160233953,0
607,France,Female,49,5,7279.7790788797665,3,1,1,164977.74242491403,0
626,Germany,Male,31,5,11729.661974365332,1,1,0,170621.36052238633,0
736,France,Female,45,2,77428.81305755196,4,1,1,11600.0,0
640,Spain,Male,54,10,50266.60422498629,4,1,0,92935.79702801122,0
699,Spain,Male,48,2,5071.028261734024,4,1,1,115322.21381262434,0
807,Germany,Female,26,6,160220.27786173188,3,1,0,113995.55677461076,0
725,Spain,Female,50,5,71886.65436432282,3,0,0,87665.78866507192,0
664,France,Male,42,4,40220.18648254197,4,0,1,200000.0,1
817,Spain,Female,43,10,20996.771746430863,2,0,1,112467.61726645124,0
737,France,Male,63,5,4932.553281800946,1,1,1,119153.01299101872,0
576,Germany,Male,41,5,22174.06925656124,3,0,0,61998.09443488423,0
848,Germany,Male,45,3,19505.888801024936,4,0,1,11600.0,0
714,France,Female,39,10,4080.658729615413,4,1,1,145010.32827338026,0
628,France,Male,36,4,76567.9461303632,1,1,0,92356.95087446037,0
447,France,Male,42,6,26835.86107342331,3,0,0,167746.04312598536,0
512,Spain,Female,34,10,110144.0275071939,2,1,0,28634.055054494776,0
820,France,Male,40,10,8596.585574989529,3,1,0,79435.17604094908,0
823,Germany,Male,35,0,19104.944734209414,2,1,1,50439.41458436298,0
658,Spain,Male,18,9,16358.343723577658,3,1,1,46371.82526027026,1
472,France,Female,34,5,100183.88208155472,3,1,1,101325.24431312107,0
541,France,Male,48,4,35436.75622427518,2,1,0,11600.0,0
487,Germany,Female,44,5,7647.1789355544415,3,1,0,101304.93727194004,0
483,France,Male,36,0,22115.28564395041,4,0,1,114215.16487355268,0
850,Spain,Male,39,3,143395.5718048376,4,0,1,200000.0,0
850,France,Female,30,7,40090.91474827044,3,1,1,70592.8980847267,0
537,France,Male,32,3,1871.261129353599,2,0,0,146681.76324370317,0
649,Germany,Female,39,9,2979.272961011236,3,0,1,77553.33840716253,0
521,France,Male,36,7,13438.483547746682,4,1,1,137455.44926502532,0
648,Spain,Male,31,10,48553.76879053284,4,0,1,175686.56234937478,0
813,Spain,Male,38,7,14069.14457144415,4,1,0,11600.0,0
757,France,Male,27,1,94894.1978597062,1,0,1,107761.06497727892,0
730,France,Male,54,5,49634.54835339193,4,1,0,180972.09412437945,1
630,France,Male,47,6,17885.959809533157,3,1,1,171043.50040135696,0
776,France,Male,18,6,25038.376512688665,4,1,1,107181.24614227025,1
714,Germany,Male,47,0,23520.80347954115,4,1,0,142918.16647277283,0
690,Spain,Male,35,3,18857.279734732245,2,1,0,79160.3800277916,0
638,France,Male,33,6,49697.249228262925,3,1,1,142773.34697230574,0
681,France,Male,46,5,11261.927725933148,4,0,0,95540.14484985528,0
678,France,Male,37,2,17273.333727414567,1,1,0,67937.57426645509,0
595,France,Female,35,9,4454.481842834211,4,1,1,135005.2840250029,0
572,Germany,Female,25,9,23583.1786806095,4,1,1,62217.0146551396,0
550,Germany,Female,48,0,3327.533788865105,1,1,1,133575.4398782456,0
556,France,Male,49,4,903.3865105212574,3,1,0,136153.0384367642,0
631,France,Male,40,10,51920.052128620286,3,0,0,155697.66556977178,0
614,Spain,Male,27,7,8864.008564034735,4,0,1,94729.28734507503,0
587,France,Female,42,2,1791.6030901807878,2,0,1,200000.0,0
580,Spain,Male,45,4,3539.008437842505,4,1,0,33073.20912366072,0
679,France,Male,38,8,11107.850273407104,3,1,0,194637.75221621912,1
787,Spain,Male,47,7,63805.85826693698,2,0,0,164567.5730417123,1
648,Germany,Female,40,10,596.6615026424162,1,1,1,141776.2236165065,0
642,France,Female,42,8,64826.33480906545,4,0,1,157571.2307235429,0
556,Spain,Male,53,4,45448.15109254115,1,0,0,73592.54363639292,1
627,Germany,Male,34,2,36067.997285827885,1,1,0,11600.0,0
769,France,Female,23,10,120000.74716472316,4,1,0,68456.12126177302,0
753,France,Male,37,8,88476.73700999781,1,0,1,125827.21824234168,1
746,Germany,Male,33,3,27130.480935641237,4,1,1,147583.5305041224,0
743,Germany,Female,24,0,336.14160883364684,3,0,1,182822.9629785409,0
693,Germany,Male,45,10,61993.20409153999,3,0,1,83063.65668611671,0
690,Germany,Male,39,1,2445.131033671085,2,1,0,14348.136193581871,0
674,Germany,Male,20,7,16290.241465622568,2,1,1,79822.23455494836,0
608,Spain,Female,54,1,33965.61918990179,1,1,0,114817.801233913,0
658,Germany,Male,31,5,5231.44139218876,2,0,0,31640.029868483005,0
671,France,Female,32,4,56858.03020837612,3,1,0,200000.0,1
713,Spain,Female,48,8,19383.88960541116,2,1,1,126456.31867938187,0
660,France,Female,43,7,22444.26713460953,1,0,0,83140.15580557201,0
850,France,Female,49,0,52252.36569470391,2,0,1,117623.4081842906,0
529,Germany,Male,18,2,25394.98709950649,3,0,1,99188.58661412608,0
725,France,Male,36,4,12716.86105183478,2,1,1,17790.548038389752,0
645,France,Female,40,7,9725.260849310613,1,0,0,165569.80575622787,0
650,France,Female,52,6,64375.317652657504,3,0,1,161032.55663420036,0
568,Germany,Male,30,1,69431.83820422532,4,1,1,36791.06577941219,0
751,Spain,Female,35,6,10889.161032551248,2,1,0,154323.24705680384,0
715,Germany,Male,40,4,19210.128640134222,1,1,0,11600.0,1
733,Germany,Male,46,5,156874.1505429683,2,0,1,82984.39385858926,0
666,France,Female,27,7,207480.22977984548,4,0,1,102321.46375992218,0
617,France,Male,47,4,44010.94572793454,4,0,1,135744.72532624926,0
643,France,Male,33,8,70723.49038579129,2,1,1,200000.0,0
693,France,Female,42,0,68966.57891064585,3,1,0,188539.0991193983,0
449,France,Female,37,4,25172.765359250443,3,1,1,96293.9427906788,0
737,France,Female,41,0,2482.040587868447,3,1,1,11600.0,0
850,France,Female,41,0,67489.22757117226,4,1,0,84131.40665079048,0
698,Germany,Female,51,0,7296.012785314175,4,1,1,113642.5104957394,0
621,Spain,Female,36,4,17159.628668679743,1,1,1,146878.36032153852,0
633,Spain,Male,35,8,18956.51253959216,2,0,1,200000.0,0
720,Germany,Male,49,1,21469.357036639805,1,0,1,49780.8245473743,1
624,France,Male,53,5,31338.19438718712,3,1,1,102435.93073533666,0
736,Germany,Female,35,4,34818.68846950894,1,1,0,132890.68588999813,1
632,France,Male,45,6,33036.31761727834,1,1,0,28404.790013098987,0
821,Germany,Male,30,6,8887.64951955533,4,1,1,122553.72759693168,0
818,Spain,Female,45,2,52320.39015471429,3,1,0,106818.28374305996,0
616,Germany,Male,48,5,78086.11560814679,2,1,0,187614.0640157158,0
641,Spain,Male,36,2,30970.74884771994,1,1,0,23968.339507964974,1
647,Germany,Male,50,1,91106.72463289142,2,0,0,96882.62126717252,0
649,Germany,Female,36,4,29372.452260094306,4,1,1,135979.28083479343,0
555,France,Male,39,3,42003.413098194105,3,1,0,95280.76275026702,0
541,Spain,Male,42,3,3604.334190159365,2,1,1,23805.547981433017,0
774,France,Male,29,3,7940.742900134178,2,0,0,69205.4844383028,0
758,Spain,Male,25,7,72907.40235674819,2,1,0,111917.28642543088,1
757,France,Male,41,0,14329.363509926328,2,1,0,200000.0,0
643,France,Female,31,2,4923.466854981289,1,1,1,27992.807974713414,0
839,Spain,Male,26,8,41995.12836792181,1,0,0,95665.6675055578,0
647,France,Male,46,2,4957.434892117949,3,0,1,112029.7652188029,0
736,Spain,Female,54,0,57612.3637162037,3,1,1,145577.3748120685,0
511,France,Female,47,4,58426.18909051914,3,1,0,48304.38359918118,0
627,Spain,Male,27,3,30170.620693289235,4,1,1,116458.27169272426,0
634,Germany,Male,40,9,57881.0282910162,1,1,0,200000.0,0
643,Germany,Female,35,7,80315.58187416368,4,1,0,29991.436655517013,0
517,France,Male,30,10,11012.09522051465,1,0,0,108248.62969040866,1
720,France,Female,39,10,52424.46545703075,4,1,1,143497.7857472147,0
752,Spain,Male,38,8,58939.1839325266,1,0,1,103397.6019537372,0
575,France,Male,36,9,10811.582921611736,2,1,1,108118.2168908622,0
535,France,Female,48,4,64891.58181220488,1,1,0,138285.6020573664,0
573,Germany,Male,51,0,63567.36220031983,1,0,0,104167.21604752228,0
699,France,Male,35,3,8554.40226922245,1,1,0,142052.85416987003,0
590,France,Female,37,2,19094.336272683384,3,1,1,80199.7976050277,0
636,France,Male,36,5,141640.20044392202,3,0,1,125480.65269314544,0
542,France,Male,44,1,3690.051106444855,4,1,1,62603.44799985837,0
847,Spain,Female,42,4,12999.892430674076,3,1,1,87786.21609496197,0
657,France,Female,31,7,43232.4575062773,1,0,1,97897.06842786015,0
764,Spain,Male,37,10,173208.13927195102,4,1,1,57119.780117024886,1
699,France,Female,24,4,14862.710569428711,1,1,0,11600.0,0
645,France,Male,23,4,84853.64917767457,4,1,0,28308.523243131145,0
640,Germany,Female,27,7,22892.229987204755,4,1,1,86400.17472907912,0
577,France,Female,36,10,21730.74268392271,4,1,0,160990.5678862902,1
604,Germany,Female,45,4,250000.0,3,0,0,120518.85937907672,0
549,Spain,Female,31,3,84972.79552363775,2,1,0,157287.639864488,1
538,France,Male,37,9,14286.116015743808,3,1,0,136103.98350386706,0
850,Spain,Male,41,8,10268.38250981855,2,0,1,156121.99678631293,0
677,France,Male,54,1,4391.36397027221,2,0,0,75251.91629276428,1
796,France,Male,39,0,32956.76320075919,1,1,1,103584.29264617297,0
570,France,Male,40,3,20361.511783287657,4,1,0,88409.97157660809,0
524,Spain,Female,32,9,23968.09014863199,1,1,1,98158.58795732628,0
552,France,Female,57,2,28229.724832433443,1,0,1,16217.708732385276,0
607,Spain,Male,46,8,235768.9599511841,4,1,1,129133.2529130394,0
653,Germany,Female,27,2,143.8348552700246,2,0,1,93903.8807811979,0
634,France,Female,53,2,27761.912110767145,2,0,1,166806.79751636815,0
572,France,Male,46,9,3358.992442073773,3,1,0,28183.58888959448,0
658,Spain,Male,41,6,55892.18826446332,3,0,1,11600.0,0
667,Germany,Male,45,1,2587.2381795246906,3,1,1,119058.43970316034,0
720,France,Male,50,10,72799.63931236701,3,1,1,47309.15799794849,0
797,Spain,Female,31,7,101166.31920973264,2,1,0,122101.3385427017,1
613,France,Female,35,5,176682.02931375155,4,1,1,133490.09723169246,0
771,Spain,Male,38,10,6441.1631799700135,1,1,0,190212.8509406887,0
656,Spain,Female,26,8,192903.92090109532,4,0,1,143017.33167538664,0
497,Germany,Male,46,7,26579.976093064484,1,1,1,145719.88362490345,0
828,Spain,Female,36,3,50062.32282694412,1,0,0,11600.0,0
850,Germany,Female,35,7,2.3770039734765134,2,1,0,57219.39640926442,0
711,Germany,Male,32,3,23122.31842765439,1,1,1,141535.08189220645,1
658,Germany,Female,38,10,21762.459996838144,3,1,1,92205.50837312412,0
622,France,Male,40,4,35039.39876122998,3,1,0,179639.41045433047,0
603,Germany,Male,48,10,7112.314328057371,1,0,1,90675.74436081808,0
771,France,Female,49,9,58589.13613848043,4,1,1,74648.8975978471,0
648,France,Male,27,10,45280.21873261757,1,1,1,65795.92929187945,0
817,France,Male,43,6,11943.822561651132,3,0,1,40868.074865139344,0
653,France,Female,51,5,205633.9223105879,1,1,1,108333.0259249186,0
608,France,Male,36,4,280.43580176426457,1,1,0,110883.92533933771,0
589,Spain,Male,37,1,20467.48742345629,1,1,1,11600.0,0
575,France,Male,35,4,15171.934858914336,2,0,0,71453.76791350858,0
701,Germany,Male,44,9,41053.49290887284,1,1,0,124306.06740935372,0
520,France,Male,41,6,109641.5511187946,4,1,1,102620.79585907087,0
568,France,Male,48,10,53614.36550502192,4,1,1,101296.72350379566,0
782,France,Female,37,5,2438.210305386536,3,1,1,63050.53202136031,0
554,France,Female,51,5,99534.28000161408,4,0,1,60322.90033602232,0
736,Germany,Male,44,4,15399.68519496242,2,1,0,74908.92255963522,0
443,Germany,Male,50,8,5844.913388697986,4,1,1,119527.601808534,0
795,France,Female,33,0,28330.481907069905,4,1,1,11600.0,0
522,France,Female,54,3,114489.06556914776,3,0,0,51295.99507558965,1
562,Spain,Male,33,6,1759.7969580000636,3,1,1,200000.0,0
718,France,Female,33,0,49129.71220151192,1,1,0,200000.0,0
677,France,Male,35,10,20210.55141892585,4,1,1,174732.11958594038,0
739,Germany,Female,33,3,48718.88427811669,3,1,1,113572.9529641409,1
522,France,Male,57,5,15485.886762799846,1,1,1,18571.515144801782,0
621,Spain,Female,44,9,170708.26500475197,2,1,0,79456.74647830187,1
588,Germany,Male,43,7,6042.33976109119,1,1,0,78687.03798825109,0
538,France,Female,20,6,8598.405719575621,1,1,0,66708.46701179753,0
709,France,Male,51,8,2337.166596500606,1,1,1,53940.721706429154,0
744,Germany,Male,28,6,79236.73803703501,1,0,0,91409.3479237077,0
616,France,Female,38,2,4933.415065920264,4,1,1,38154.33034074965,0
802,Spain,Female,31,9,16191.273382097635,1,0,0,49943.63966324591,1
571,Germany,Female,41,3,11508.491806356433,2,1,0,70248.21662198198,0
799,France,Male,54,2,21811.712293210083,1,1,1,86551.03353002445,0
706,Germany,Female,29,8,72575.07440491278,2,0,0,121784.8655831596,1
527,France,Female,31,10,149979.01131594306,3,1,0,40595.30408491269,0
848,France,Male,40,10,105544.55295139264,1,0,1,74893.70090935582,0
605,Germany,Female,54,7,91994.7013110041,3,1,0,68177.27849316753,0
770,Germany,Female,34,9,27018.78813863001,2,1,1,136497.45819658542,0
664,Germany,Female,31,8,80928.65093782247,1,1,1,103423.55143116218,0
687,France,Female,40,9,75063.02942269844,4,1,1,11600.0,0
740,Germany,Female,39,9,14219.753602043098,1,1,1,23381.57566860963,1
734,France,Female,28,1,15217.373009913448,4,1,1,110947.83351871894,0
615,Germany,Female,34,4,34556.840904679215,4,1,0,37435.48014773642,1
703,Germany,Female,19,4,165491.51476245723,3,0,0,11600.0,0
695,Germany,Female,38,6,5708.94915671991,3,1,1,73527.48537988981,0
671,Spain,Female,26,3,222836.6088861212,4,1,0,47012.02925913179,0
629,Spain,Male,63,3,8653.992731246884,3,1,1,160479.12629061242,0
671,Spain,Male,44,7,33238.7204025902,4,1,1,151765.33029857808,0
846,Spain,Female,41,0,18118.258102281423,2,0,0,98300.29592824116,0
620,Spain,Female,44,5,27215.132980052156,2,1,1,82848.63413080986,1
770,Spain,Male,34,8,158306.49620204233,1,0,1,161993.94035812715,0
588,Spain,Male,37,1,49956.754241792325,3,1,1,72410.34388212094,0
561,Germany,Male,44,4,17656.34060331737,2,1,0,132868.696846136,1
850,France,Female,29,9,49500.500478803966,2,1,1,106246.45262588584,0
704,France,Female,45,9,30088.067838435567,2,1,1,111073.78765297416,0
706,Spain,Female,60,8,143551.9402381431,4,0,1,156280.6064630755,0
709,France,Male,24,10,21758.470120140053,3,1,1,35047.740312949,0
790,Spain,Male,44,3,43910.57929515709,2,1,0,163441.98422440578,1
690,France,Male,30,8,94663.61629138804,2,0,1,88597.14267697337,0
731,France,Male,45,7,159517.50271803734,3,1,0,100564.95202469996,0
544,Germany,Female,42,8,80264.33841390378,4,1,1,88041.74065862756,1
748,Spain,Male,57,1,137081.34908302157,2,0,1,46811.49778190285,0
626,France,Male,56,9,31160.103874847504,3,1,1,193460.04717222264,1
717,Spain,Male,24,4,72302.3438761116,4,0,0,11600.0,1
478,Spain,Male,46,9,4971.663082331227,3,0,0,90536.1973304767,1
713,France,Male,46,8,45047.13330676343,2,0,0,144124.3738932627,0
425,France,Male,50,4,679.7473959524956,3,1,1,91349.85705652644,0
622,France,Male,43,3,15058.398307454874,1,0,1,200000.0,0
479,France,Male,44,7,54764.84411995186,3,0,0,62759.521450338056,0
713,France,Male,28,5,9410.671605821355,1,1,0,21162.479217079177,1
656,France,Female,43,1,11166.077840403126,4,0,1,33869.18656846367,0
572,France,Female,36,7,3185.259170344385,1,1,1,122246.51208707088,0
793,Spain,Male,45,4,68795.02623608563,4,1,0,200000.0,0
560,Germany,Female,38,6,29705.38229237312,3,1,0,128499.8744736846,0
350,Germany,Female,43,3,109440.35958606792,1,1,1,23567.376370473125,0
701,France,Male,45,8,22491.16807712708,1,1,0,55910.97604036453,0
473,Spain,Male,45,1,28569.22549260025,2,1,0,171464.81352911505,0
563,Spain,Male,31,9,34152.01668446505,3,0,1,53359.69340742265,0
598,Germany,Male,63,8,98631.74659131112,3,1,1,50351.20758029864,0
507,Spain,Female,41,3,17278.725112025877,1,1,0,200000.0,0
600,Spain,Male,45,5,2647.8690601934954,3,1,1,28466.38939165816,0
509,Germany,Female,39,4,49334.505239407314,4,1,0,131359.27716139494,0
666,Germany,Male,27,2,87349.12276061227,3,1,1,75480.05171232889,0
527,France,Female,46,6,40625.52949785396,2,1,0,137069.27761255574,0
653,France,Female,41,3,19318.291071619227,4,1,0,182422.1137371395,0
766,France,Female,47,0,49776.08198286234,2,0,0,143151.59731148137,0
728,France,Female,32,7,235544.47388251225,3,1,1,11600.0,0
641,France,Male,35,2,42670.69922233742,4,1,0,162009.75393379896,0
551,Spain,Female,41,5,18932.621401533583,2,1,0,171370.84506646165,0
665,France,Male,39,1,13960.27481534938,3,1,0,101355.0704225386,0
580,Spain,Female,36,8,250000.0,2,0,1,119737.50925493622,0
670,Germany,Male,41,3,94996.83528775716,1,1,1,59410.509528887975,0
478,France,Male,53,6,16389.489072751905,4,1,0,78759.48214361527,0
730,France,Female,43,8,15220.804874817832,2,1,1,24965.551471618102,0
653,France,Male,50,10,81397.96742964069,1,0,0,132675.93781568873,0
850,Spain,Male,37,2,243231.69730370297,4,0,0,91519.4484615804,0
780,Spain,Male,39,2,31330.83317049446,2,1,1,108144.2606696697,0
706,France,Female,41,2,12890.992502891208,4,1,1,119190.18152914663,0
637,Spain,Female,34,4,13090.554481529944,3,0,1,38067.68087023924,0
577,Germany,Female,41,9,79814.15907795666,3,1,0,106532.14309519524,0
744,France,Female,54,5,46445.61895894108,1,1,0,22704.059483239093,1
627,Germany,Male,56,2,50222.12732376385,4,0,0,11600.0,0
766,Germany,Male,52,9,10803.77350215459,1,1,0,151877.89297319643,0
690,France,Female,42,8,6990.322501301697,3,1,1,11600.0,0
690,Spain,Female,31,0,534.8929809635754,2,0,1,11600.0,0
709,France,Male,63,6,123374.31886086188,4,0,0,11600.0,0
558,France,Male,33,10,21924.45355916304,1,1,0,82269.63391765184,1
547,France,Male,54,8,70935.9257685305,3,1,0,78393.36892928675,0
544,Spain,Male,42,4,107906.07449286772,2,1,1,34187.602820996064,0
754,Spain,Male,28,2,45635.52268448255,3,0,0,135252.11146491833,0
555,France,Male,24,9,27604.7011977106,3,1,1,97159.57895581827,0
567,France,Male,52,3,1971.7694805783915,2,1,1,134305.22698790868,0
703,France,Male,33,7,20558.68218075125,2,0,1,123581.56504677545,0
624,Spain,Female,26,2,19402.935239618742,4,1,0,170820.8706369652,0
612,France,Female,36,4,41775.47644400476,2,1,0,11600.0,0
603,Spain,Male,38,2,72210.39491948915,2,1,1,56536.41623156316,0
417,Spain,Male,42,5,62083.91608880881,3,0,1,133275.93865996017,0
553,Germany,Female,42,0,101980.21013610282,3,1,1,11600.0,1
768,France,Male,31,6,2398.9499772095683,3,0,1,67890.94123014112,0
596,France,Female,39,10,46443.9084920312,2,1,1,11600.0,0
459,France,Male,56,5,10474.809758232775,4,0,1,123784.68274496232,0
549,Germany,Female,28,5,179748.7555154222,3,1,0,159708.61336575644,0
685,Germany,Male,43,2,26306.41204522857,3,0,0,73883.75589625566,1
684,Germany,Male,28,0,48889.07796572662,2,1,1,73282.63783385583,0
620,France,Female,34,10,21661.021170638363,2,1,1,179819.7063719913,0
581,Spain,Female,50,0,12434.370902868988,1,1,0,83511.35748529938,1
509,France,Male,18,6,58217.68583519969,2,1,0,69058.72723762764,0
686,France,Female,59,3,140056.9881147737,3,1,0,151846.16165894663,0
733,Spain,Male,26,5,3066.112841375954,2,1,1,147035.93976732812,0
778,France,Female,18,3,87217.21377531449,1,1,0,124971.12002317456,1
538,Germany,Male,39,7,20896.58381948367,4,1,1,90037.206840277,0
786,Spain,Male,34,8,6444.164461973704,1,1,0,160717.5539159791,1
644,Germany,Female,32,1,62461.43107528187,4,0,1,100279.46022590825,0
652,France,Male,45,0,4303.472490170856,4,1,1,82740.84077615006,0
739,France,Male,29,0,65049.261806055205,3,1,1,101054.2441804688,0
595,France,Male,44,6,28617.1009749999,2,1,1,140852.04790118616,0
433,France,Male,47,1,9000.49031396005,2,1,0,124684.47970094236,0
720,Spain,Female,25,2,8550.818522774405,1,1,0,167069.25367126218,0
684,Germany,Male,49,3,68956.47964125795,2,0,1,104867.27210771057,0
613,France,Female,46,8,88093.21007016808,4,1,0,53739.78410696532,0
712,Spain,Male,54,9,57858.469250702125,3,0,1,85106.63226401093,0
732,Germany,Male,39,1,63799.44190484458,3,1,0,68985.69049395891,0
498,France,Male,30,9,94241.53824516328,4,1,0,80431.33993653941,0
652,France,Female,51,1,27979.218024423782,4,0,0,82821.16993427953,0
422,France,Male,39,0,9177.099777154202,4,0,0,125403.94743432436,1
637,Spain,Male,57,7,23682.11678048436,4,1,0,91771.80601182378,0
612,Germany,Male,46,7,193847.1807857304,2,0,0,104811.56648400596,0
699,Spain,Female,38,4,29754.668658084574,4,0,0,93660.30328500028,0
542,France,Male,30,2,128778.841798545,2,1,1,104202.39962668662,0
607,Spain,Female,37,0,60656.428343471016,3,1,1,108682.39287384244,0
350,France,Male,48,1,66921.81266624724,2,1,0,127640.71927953804,0
705,Spain,Male,23,8,10549.165073685195,4,0,1,168043.1703543914,1
641,Spain,Male,34,7,23001.14099343329,1,1,1,166301.74079285463,0
658,France,Male,22,9,65910.42234990494,1,0,1,75290.00331944112,0
500,Spain,Male,28,10,53292.43426238034,2,0,0,11600.0,0
689,Spain,Female,32,3,99245.5311059424,1,1,1,11600.0,0
815,Spain,Male,36,2,11785.567612829092,3,1,0,117976.70843216615,0
631,France,Male,42,4,68977.65632674519,2,1,0,85088.77891781593,0
715,France,Male,46,7,2012.0963414487685,1,1,0,189804.99762328173,1
562,Spain,Male,52,9,17819.495743831965,3,1,0,158733.7718875304,1
642,Spain,Male,55,5,49779.3699665713,2,1,1,11600.0,0
496,France,Female,50,9,195712.9560049216,2,1,0,108242.09082205556,0
728,Spain,Male,35,10,227219.9718491977,2,1,1,45844.02819556293,0
665,France,Female,41,3,28914.944212081624,2,1,1,120668.86316005324,0
528,Spain,Male,33,7,72339.66731638872,4,0,1,161329.65605137678,0
569,France,Male,41,3,45876.77439293511,1,1,1,11600.0,0
656,France,Male,37,4,61738.10795679122,2,0,0,127109.64559653107,0
742,France,Male,27,1,65828.65964893364,2,0,0,200000.0,0
797,France,Male,53,9,39628.31401736203,1,1,1,74852.92001078739,0
636,Germany,Male,56,3,84083.70884506665,1,0,1,122650.19239079225,1
513,Germany,Male,31,9,43912.83974617754,3,1,1,62453.8535970827,0
673,France,Female,44,9,5302.239036121567,1,1,1,72865.53136336658,1
828,France,Male,31,2,226428.68209659515,2,1,0,82012.13198289444,0
487,Spain,Female,38,7,18109.68640371234,4,1,1,83262.75762048758,0
554,France,Male,33,7,166473.2712429578,1,1,1,62687.370211678,0
711,Germany,Female,32,6,17309.306582220055,4,1,0,141840.89540778892,0
665,Germany,Male,40,5,95917.8782326804,2,0,1,11600.0,1
595,Spain,Male,20,8,58492.41154996672,1,1,0,193486.6875492112,0
672,Germany,Female,33,3,22070.427664622268,4,0,1,84303.7132459279,0
747,France,Male,79,3,139034.30851538375,3,1,1,129452.99337996136,0
640,Spain,Female,23,5,43751.01401010211,3,1,1,56459.04921998786,0
631,Spain,Female,35,0,88528.0884094871,3,1,0,123381.37250043984,0
708,France,Male,41,1,79712.8028929695,3,1,0,175340.2768701614,1
622,Spain,Female,37,1,2374.717638143072,4,0,0,200000.0,0
764,Germany,Female,31,9,15657.59566018096,4,1,0,162384.57521686985,1
850,France,Female,48,3,31953.377277629508,4,0,1,126110.47146659363,0
560,France,Female,40,4,135168.30012949285,4,0,1,122942.3303040593,0
524,Germany,Male,32,1,3224.8588715333294,3,1,0,46630.46849070212,1
687,France,Male,47,7,10267.86327696596,4,0,1,11600.0,0
521,France,Female,33,4,48977.962629349975,1,1,0,67861.0068000331,1
519,France,Male,30,7,52878.26828314829,2,1,0,134292.96272764835,0
445,France,Male,44,8,8955.233067478739,1,0,1,137738.43361454149,0
611,France,Male,25,10,148115.15846263792,4,0,1,11600.0,0
646,Germany,Female,56,8,9729.958795899924,4,1,0,14170.533568138577,1
598,France,Male,54,3,10065.662443111818,3,1,1,80188.63716387995,0
789,Spain,Female,44,9,50467.96990624246,3,1,1,54606.69063506143,0
781,France,Male,33,1,27362.69703232181,2,1,0,40156.69685655255,1
842,France,Male,28,10,1317.7972620664416,3,1,0,151618.48914372112,0
654,France,Female,18,1,126605.49273969092,1,1,1,87975.33726213481,0
768,France,Female,55,4,3905.74568259152,3,1,0,150345.64763862075,1
680,France,Male,29,9,8498.938107517117,3,0,0,11600.0,1
670,Germany,Male,42,3,113701.82950053771,2,1,1,87677.86665670153,0
603,Spain,Male,40,5,16100.68409269855,4,1,0,56164.44318191379,1
423,France,Female,22,8,85099.30862132832,3,1,1,106264.51639956124,0
713,France,Male,32,6,9359.53045573374,4,1,0,11600.0,0
765,France,Male,27,10,2469.1875709649576,1,0,1,200000.0,0
497,Spain,Female,46,3,13376.374345410131,4,0,0,72074.89263429817,1
649,Spain,Male,47,6,67742.85317397231,3,1,1,121841.57426653344,0
749,France,Male,36,1,54323.30715927594,4,0,0,157966.6780300068,0
614,France,Female,30,4,18598.08987847193,1,1,0,177183.19673019546,1
769,Spain,Female,40,10,50185.0960594678,3,1,1,68126.70954434005,0
635,France,Female,50,8,54678.66189157895,1,1,1,165794.92935610708,0
597,Germany,Male,24,10,41583.99039612839,3,1,0,163717.2321403521,0
775,France,Female,60,8,137073.28284127556,2,1,1,82994.54064532008,0
556,Germany,Female,36,3,78902.00172903601,1,0,0,112535.29489116282,1
577,Spain,Male,37,7,84633.9783069879,3,0,0,39013.60451985946,0
560,Spain,Female,55,4,27747.09176994904,1,1,0,74589.89677694628,0
535,Spain,Male,38,2,57584.74250444741,3,0,0,120776.5320953498,0
665,France,Female,37,5,10127.311355418393,2,0,1,184910.3593297659,0
598,France,Female,29,3,17545.64346691737,4,1,1,88022.31355502011,0
698,France,Female,33,2,34899.8997944047,4,1,1,76056.57956855863,0
476,Spain,Male,31,3,84708.89541796043,2,1,1,98093.72009094727,0
537,Germany,Female,21,0,20543.89640435862,2,0,1,11600.0,0
655,France,Male,18,9,28974.432696025797,4,0,0,29416.73869768255,0
796,France,Female,36,7,157726.30782579593,1,1,0,68398.941678381,1
687,Germany,Female,25,8,16710.598445986154,2,1,1,39686.3265178778,0
591,Spain,Male,45,5,48125.27886127018,4,0,1,11600.0,0
501,Germany,Male,36,4,5298.239519740943,4,1,0,101886.67108058426,1
585,France,Female,23,8,26523.877821262948,4,1,1,200000.0,0
645,France,Male,54,3,20030.592374557997,1,1,1,101333.83342035208,0
414,France,Female,34,0,657.9161295412072,1,0,0,11600.0,0
528,Spain,Male,44,10,43999.22045009999,2,1,0,145180.90813878842,0
576,Spain,Female,55,6,20130.12313537624,1,1,1,131473.74572437635,1
624,Spain,Male,38,0,14495.82592377277,1,1,0,137668.22958856574,1
644,Germany,Male,39,8,111558.33255338985,1,1,1,33363.4775216486,0
588,Germany,Female,53,3,13043.5911871975,1,0,1,132772.6638944426,0
700,Germany,Female,36,2,26000.51743566661,2,1,0,143549.2043036809,0
662,Germany,Male,49,3,149218.8219538516,1,1,0,117527.32502761528,1
612,Germany,Female,38,0,4185.768022424396,2,1,0,107808.9945874763,0
714,France,Male,40,5,139382.83860109802,2,0,0,95724.92129529628,1
706,Germany,Female,40,6,24732.42345559771,1,1,1,196788.391859164,0
504,France,Male,35,6,78253.727661199,1,1,0,89611.91679497104,0
646,France,Male,33,4,21994.82652336053,2,0,1,160883.6399936352,0
739,Spain,Male,32,9,26854.235247893783,2,1,0,129513.91777241316,0
755,Spain,Male,26,9,28792.977697057715,2,1,1,170290.07443705547,0
687,Germany,Female,34,4,146692.77108519728,4,1,1,184788.39519007015,0
626,France,Female,36,5,39953.66021997384,1,0,1,137495.9087165117,1
692,Spain,Male,43,9,12223.219157011974,4,1,0,118250.00548505136,0
730,Germany,Male,38,7,47274.52341989575,4,1,0,200000.0,0
661,France,Female,49,8,110123.94353104068,1,0,1,119634.84676293992,1
672,Germany,Male,49,5,12064.16477030465,3,1,1,134135.72398460947,0
625,France,Male,52,2,20590.885700710445,4,1,0,197102.834361847,0
516,France,Male,36,5,42368.90596536286,1,1,1,138394.53473545847,0
632,Spain,Male,33,3,218142.45590768056,4,1,0,11600.0,1
582,France,Male,25,3,31307.987090230534,1,1,1,11600.0,0
582,France,Female,52,10,43895.46860725938,2,1,0,11600.0,0
793,France,Male,27,10,7269.124247125685,4,0,1,44007.74695883376,0
745,France,Female,29,6,70972.9336658686,4,1,1,91834.44849500502,0
480,France,Male,41,5,12414.787040857893,4,1,1,120638.55319951296,0
541,France,Female,35,7,19869.01182008562,1,1,0,32502.894065312124,1
613,France,Male,53,10,61818.77519113972,3,1,1,125492.76587912058,0
585,France,Female,31,7,62355.26922171236,2,0,1,44497.32178046474,1
681,France,Male,39,2,19194.960713115943,3,1,1,154020.97336975546,0
525,France,Male,20,10,94961.68210935737,4,1,0,165251.9021174011,0
745,Germany,Female,51,3,79165.42751823585,1,0,0,156107.42964634323,0
645,Germany,Male,22,1,47826.868513235895,4,1,1,81165.4167911188,0
615,France,Female,63,0,9843.18629070306,4,1,0,200000.0,0
648,Germany,Female,37,6,117630.78505505236,3,1,1,30347.701169112348,0
608,Spain,Male,36,7,37477.56904528052,4,0,1,61250.16084202693,0
446,Spain,Male,38,7,23612.63539691651,1,1,0,146504.3338641707,1
651,France,Male,28,5,131057.26151381747,2,1,1,98345.46664826755,0
617,Spain,Female,45,6,178137.66571424293,3,1,0,189973.87091417387,1
554,France,Male,34,7,63149.49025854223,1,0,0,11600.0,0
759,France,Female,35,3,78361.03082099823,4,1,1,104658.70517811508,0
716,France,Female,51,7,14168.884958794471,2,1,1,30559.714103867824,0
850,France,Male,21,5,14973.935505842728,2,1,0,82255.24618377682,0
733,Germany,Female,37,6,42105.52997781307,2,1,1,98964.6371005515,1
585,Germany,Male,37,9,204328.148650434,1,1,1,88776.82258326552,1
559,Germany,Male,40,6,67977.63430951347,2,0,1,45888.47182422309,1
600,France,Female,33,7,68519.1765615922,1,1,0,110569.154044488,1
583,France,Male,35,10,14893.185034832895,3,1,0,178890.8944751271,0
660,France,Male,57,4,27217.5688199842,1,1,0,73868.89158637315,0
496,France,Female,43,1,20967.777327694213,4,1,1,200000.0,0
714,Spain,Female,31,7,17995.272503134744,1,1,0,144093.81222265563,0
659,Spain,Male,45,0,65671.04898428795,1,0,1,86995.10281881728,0
703,Spain,Female,39,1,5259.921593126809,4,1,0,73750.36060317916,0
535,Germany,Male,46,4,9042.663886466891,3,0,0,128748.68657356178,1
674,France,Female,36,3,26576.57245499186,1,1,0,66432.97674598187,1
779,France,Female,30,10,18028.978980031985,4,1,1,142527.75258367095,0
563,France,Male,22,1,116843.88005885528,4,0,0,72595.54723297257,0
561,France,Male,50,3,11184.896700612837,3,1,1,56317.14176439128,0
721,Spain,Female,45,6,14307.036914913826,3,1,1,94912.36402857302,0
553,France,Female,42,4,9805.904315690916,4,1,1,190927.8671420221,0
626,France,Male,45,3,97719.86786734276,3,1,0,30871.52511729175,0
797,Spain,Male,51,1,11286.028428357671,4,0,1,21707.90896144217,0
562,Spain,Male,22,1,21699.258352927667,3,1,1,62052.16588553452,0
804,France,Male,39,0,55328.89711358864,4,1,1,22325.6524850992,0
616,Germany,Female,20,9,4040.540643961689,2,0,0,129990.12812496978,1
537,France,Male,35,5,84817.68156335283,3,1,1,90875.27415948128,0
710,Germany,Female,42,5,61251.421336569874,2,0,1,117837.97495607934,1
660,France,Female,35,3,15125.414491849451,4,1,1,119384.64343453207,0
651,France,Female,56,8,24862.128253798983,3,1,1,72558.70361682007,0
573,Germany,Male,36,3,48388.456134960375,3,1,1,51293.7189805347,0
660,France,Female,31,2,146363.9364321828,2,0,1,189720.687197259,0
443,Germany,Female,39,10,49612.77608120184,2,1,0,118386.67938704167,0
671,Spain,Male,28,9,14587.165319944705,1,0,1,11600.0,0
779,France,Male,30,8,32936.974344417744,2,1,0,96089.67609950092,0
473,Germany,Female,48,0,29856.83977458784,4,1,1,42651.50332182676,0
609,Germany,Male,48,1,38029.28416551648,4,0,1,122856.74496701796,0
562,France,Female,40,0,36599.479635196105,2,1,1,156139.93560046886,0
498,Germany,Male,45,6,22631.95216730452,2,1,0,59795.984274260736,0
444,Germany,Male,59,0,102718.54134951092,4,1,1,142666.31955398768,0
531,Germany,Male,38,10,20032.1779273351,1,0,0,167816.52513515772,0
625,Spain,Male,30,10,37746.059465394246,1,1,1,114770.36158357476,0
764,Germany,Male,44,0,15113.60751696438,3,0,1,58513.60066741617,1
497,Spain,Male,47,5,28528.928499780686,4,1,1,187650.45170666493,0
679,Germany,Male,48,5,57189.52281159583,3,1,1,188005.9126045225,0
671,France,Male,50,10,70911.15697225038,1,1,0,97792.8076179805,0
817,France,Male,48,4,82052.16216639275,2,0,0,101867.45747608312,0
707,France,Female,44,3,66746.72302042939,1,1,0,115821.0196778974,0
712,Germany,Male,45,7,31438.747520777928,1,0,0,76574.05449191542,0
719,Germany,Female,43,2,1909.4185185987,1,0,0,87690.23033822916,0
557,France,Female,23,0,37168.585735707136,1,1,1,62021.61803782269,0
592,France,Male,21,0,2836.490198476086,4,0,0,169822.7016048886,0
761,France,Male,28,4,169735.71349020465,4,0,1,11600.0,0
444,France,Female,47,2,23737.26195439825,4,0,0,71580.4207685333,0
581,Germany,Female,34,2,35025.846115092754,1,1,0,157247.66225366367,0
516,Spain,Male,40,10,6937.074701575158,3,1,1,100984.51650338448,0
673,Spain,Female,54,1,250000.0,2,0,0,36266.72271600228,0
607,France,Male,49,8,33883.560515187746,3,0,0,70178.96486835896,0
712,Germany,Male,18,10,17711.75100881288,4,1,1,183419.22209601768,0
639,Germany,Male,46,5,10724.595956043484,4,1,0,168718.375903384,1
495,Spain,Male,39,6,52481.21398769833,4,1,0,90008.29734198915,0
500,Germany,Female,32,1,28661.586915176416,3,0,1,35982.77563656444,0
649,France,Female,35,10,19087.184602257148,4,0,0,153288.75824867003,1
572,France,Female,35,0,484.4693231330208,4,1,0,68018.75787764986,0
596,Germany,Male,25,7,1853.7959987365828,1,1,1,200000.0,0
743,Germany,Male,41,9,59145.33480042627,4,1,0,56994.95961653045,1
725,Spain,Male,60,3,32748.31830921663,4,1,1,127265.62210073796,0
829,France,Male,49,8,94487.49866644204,3,1,0,176873.28004586842,0
618,Spain,Male,18,8,70025.43933733884,2,1,1,122382.82568697284,1
585,France,Female,41,10,42600.16560949312,4,1,0,112437.72055098464,1
691,Spain,Male,41,3,41161.75429011823,2,0,0,25940.784040120765,0
593,Spain,Female,29,9,68392.26896323173,2,1,0,122837.55459303012,1
597,Germany,Female,26,2,67577.7064072754,4,1,1,118910.93578240824,0
629,Germany,Female,47,4,20362.14490086744,1,0,1,100815.90369141348,0
815,France,Female,40,5,5564.427822194709,4,1,0,57904.42847327315,0
720,France,Male,34,9,73882.82704835261,3,0,0,90901.8769226446,0
730,France,Male,45,3,12622.564031614616,4,1,0,138940.83644157476,0
810,France,Female,60,0,78334.50843524591,1,0,1,94224.36039251182,1
740,Germany,Female,41,6,48128.74064219484,4,1,1,131949.80553569752,0
536,France,Male,41,4,22155.24108651421,3,1,1,116074.54409313729,0
738,Spain,Female,38,1,95619.77973326306,3,0,1,73799.31234848144,1
751,France,Female,35,10,58747.98074193284,2,1,1,109472.68323971996,0
715,Germany,Male,47,8,39384.79211615063,3,1,1,67366.31878217356,0
630,Germany,Male,37,7,17898.07075411497,2,1,0,57325.47750608147,1
704,France,Female,43,9,214447.23824216667,1,1,1,138834.9244547761,0
647,France,Male,54,6,91175.05126034476,3,0,1,119396.32859186768,0
552,France,Male,46,8,7342.454760615346,3,1,0,94093.29204246803,0
577,Spain,Male,26,9,82053.85075195025,2,1,0,139690.42177204852,0
720,Germany,Female,25,1,6402.385683946671,3,1,0,64740.42187889668,0
559,France,Female,51,2,14234.177315556892,4,0,1,60642.27770379516,0
568,Spain,Male,37,8,157971.13986032188,2,1,1,17844.91193452962,0
725,France,Male,41,5,101974.410314085,1,1,0,39788.583415547066,0
663,Germany,Male,31,1,46570.65410195616,3,1,0,90289.41861279318,1
707,France,Male,45,5,60053.5455818858,1,0,0,200000.0,0
527,Germany,Male,57,4,4694.080872411068,1,0,0,29286.97883273881,1
704,Spain,Male,40,9,20201.34640334643,4,0,0,11600.0,1
583,Spain,Male,45,4,19461.723322166377,2,0,1,84146.32168083187,0
548,France,Female,51,4,1660.7208144711574,2,0,1,106286.61524915976,0
599,France,Male,55,1,60887.00816228471,3,0,1,48442.45789441939,0
786,Spain,Male,32,5,18376.26839521302,1,1,1,164802.3740066834,0
613,France,Male,43,6,50132.29768211082,2,1,0,52295.81524322322,0
850,France,Female,51,8,1380.074942282721,3,0,0,85247.4014638872,0
443,Germany,Male,54,4,82.24186768130602,4,0,0,104210.97332624122,0
495,France,Male,34,10,9316.892426629633,1,0,1,179213.8695786902,0
782,France,Female,32,10,60682.07186013807,4,1,0,147721.97428698372,1
807,Spain,Female,37,4,46338.706300607264,3,1,1,121201.10305903186,0
563,France,Female,35,8,11213.853318839694,1,0,1,114676.7320550334,1
656,France,Male,36,5,37051.14954000312,4,0,0,139587.7643959009,0
721,Germany,Male,43,6,48276.74604511575,1,1,1,200000.0,1
627,Spain,Female,33,3,139798.90483179636,3,1,1,11600.0,0
664,France,Male,54,3,71863.753825956,1,1,1,42383.851440686536,0
651,Germany,Male,34,0,7299.484204647962,4,1,0,44067.60546133039,1
501,Spain,Female,32,10,15751.296581624005,2,1,0,200000.0,0
615,France,Female,27,4,25832.64853893625,3,1,0,11600.0,1
651,France,Female,51,1,5562.8153056473975,1,1,1,21091.5526902822,0
660,France,Female,26,4,40524.14165596738,1,1,0,96168.33518238353,0
476,Germany,Female,43,4,118807.73380593015,1,1,0,175060.34114198864,1
725,Spain,Female,45,3,18291.385317529617,1,1,0,158271.97740704374,0
662,France,Male,18,9,208818.61387916876,1,0,1,83991.57640884678,0
544,Spain,Female,25,8,14338.622522968231,4,0,1,59744.93390947482,0
829,Spain,Male,35,4,31958.18256485984,4,1,0,117695.52764650276,0
615,France,Female,57,5,21006.23028379038,3,1,1,20055.19342207235,0
621,Germany,Male,35,0,18416.76025220611,3,0,1,200000.0,0
714,France,Male,33,4,23730.37464987544,4,1,0,121289.43910095184,0
838,Spain,Female,31,8,1647.447016655255,2,1,1,200000.0,0
718,Germany,Male,31,10,37965.45386937747,4,1,1,81052.37321752877,0
732,Germany,Female,32,5,67625.49723812271,2,1,1,84251.1225487649,0
549,Germany,Female,32,8,99678.78670465488,4,0,0,119535.3432507621,0
658,Germany,Male,31,3,19604.38923395143,3,1,0,91458.697025775,0
596,Spain,Male,31,1,39970.32032044332,3,0,1,88843.98079637508,0
720,Germany,Male,35,8,111651.0987392946,1,1,0,16541.64710363651,1
729,Spain,Female,48,3,80439.96415214989,2,1,1,92001.47149778872,0
813,Germany,Male,27,10,31188.05321565176,2,1,0,11600.0,0
434,France,Male,32,1,9006.972321162588,2,1,0,54629.58313207361,0
586,Spain,Male,33,0,40856.50816213914,1,1,1,74904.726816427,0
780,Germany,Female,38,1,228762.10028393773,2,1,1,46120.57997027278,0
509,Germany,Female,31,4,70837.80499681574,1,0,1,89906.98959924476,0
730,Spain,Male,59,2,94201.17252911876,1,1,1,87261.8309299532,0
763,France,Female,44,5,10459.667895121884,1,0,1,200000.0,0
647,France,Female,48,3,117113.73732696168,1,0,0,149484.50263036363,0
507,France,Female,41,1,711.1644080146451,4,1,1,111420.65279654348,0
637,Germany,Male,53,6,99101.81566475418,3,1,0,26873.79669996811,0
795,Spain,Female,27,10,13664.030502125554,2,1,1,51129.30689575789,0
803,Spain,Male,33,5,48737.49145255618,3,1,1,11726.65407976367,0
670,France,Female,30,7,17339.91246034026,2,0,0,125902.80060699882,1
552,Spain,Female,37,9,7268.398572531154,3,1,1,58751.02485176597,0
823,Spain,Female,54,4,14191.008245534416,1,0,1,127392.69270733782,0
732,Germany,Male,60,2,32020.933067037604,3,1,1,135967.11209198355,0
558,France,Female,48,3,126075.2507033716,1,0,1,75785.77929999713,0
684,Germany,Male,38,4,24633.23837203356,3,1,1,68414.64132431312,0
679,Spain,Male,50,4,2874.546317924757,1,1,0,95652.26571217332,0
586,Spain,Male,53,5,1202.746755982146,3,1,1,52720.23548197906,1
684,Germany,Female,50,8,11777.927642624794,1,1,0,39969.08739055159,0
760,Spain,Male,37,3,2671.5614430847004,2,1,1,11600.0,0
620,France,Male,37,6,23191.48623005309,4,0,0,13474.56323314205,0
770,France,Male,32,6,24245.953451854763,1,0,0,102359.06643845647,0
474,Spain,Female,36,5,179029.58039394018,3,1,1,123023.81314826608,0
850,France,Female,31,0,18281.06906512212,2,1,1,93616.52627398015,0
655,France,Female,38,8,45681.48050550289,1,1,0,52835.31266377147,0
757,France,Male,38,5,85414.23531112794,3,1,0,149519.5559069353,0
671,Germany,Female,30,2,35976.90557355577,4,1,1,200000.0,0
567,Germany,Female,65,10,59630.45023877391,4,1,1,102579.41243218808,0
646,France,Female,41,1,183236.35943026468,3,1,1,83924.03910620305,0
459,Spain,Female,51,2,19589.377993221427,1,1,0,119237.15238534904,1
718,Spain,Female,51,10,3855.423725761473,2,0,0,11600.0,0
669,France,Female,58,0,28133.55447015928,3,1,0,141075.59621891053,0
630,France,Male,29,2,38895.35390008003,4,1,0,44096.120752333416,0
725,Germany,Male,33,4,43373.41158832163,3,0,0,167042.9345181044,0
653,Germany,Female,20,3,67078.02147197127,3,1,1,20430.032084453796,1
710,France,Female,22,9,114180.81744175726,2,1,0,67721.55914325641,0
746,France,Female,28,0,34673.887940224035,2,1,0,13764.129508019556,0
595,France,Male,37,4,7739.543672882481,3,1,0,178542.44764582795,1
566,France,Male,38,2,25826.12692370862,3,0,0,11600.0,0
477,France,Female,70,9,8442.795264630284,2,1,1,82310.19061643345,0
662,Germany,Female,44,10,10063.18083191993,2,1,0,58074.76791827649,1
695,Germany,Female,48,6,85.05840862560255,1,1,1,85456.06469527482,0
517,Spain,Male,40,9,132757.82890737365,1,1,0,154157.40533338417,1
792,France,Male,25,10,68375.57551904683,1,1,1,118987.01292120502,1
567,Spain,Male,41,7,5283.364036000389,1,1,1,87640.10549629849,0
439,France,Male,22,4,126352.99930904795,3,1,1,11600.0,0
799,France,Male,37,9,102149.05375134028,3,1,0,197778.9078560641,1
452,Spain,Female,45,7,120336.21650142876,1,1,1,109367.49534464547,0
746,Germany,Female,33,5,5119.022606994032,3,1,0,120705.0299199121,0
722,France,Male,40,5,4163.270883123896,2,0,1,30121.367401411426,0
681,Germany,Female,32,4,3506.922641366543,2,1,1,168724.09439253874,0
597,Spain,Female,27,10,170444.73207923275,1,1,1,26049.93414070383,0
700,Germany,Female,43,9,54009.64838836647,3,0,0,200000.0,0
754,Spain,Female,49,5,9799.654314529633,2,1,1,130876.3048240785,0
551,Spain,Male,49,0,132366.21006356078,3,1,1,175313.37174681074,0
747,Germany,Male,36,7,29274.3192044678,2,0,0,56576.69817662996,0
743,Germany,Male,18,4,76959.91878514478,3,1,1,91465.74286632358,0
679,France,Female,39,7,50555.93363491105,2,0,0,14354.533587411264,0
596,France,Female,51,2,52441.81553064652,2,1,1,141180.98281850037,0
743,Germany,Male,25,9,28966.746455773773,2,0,1,135447.52860875265,0
700,Spain,Female,56,5,25122.228435929217,1,1,1,106039.00733748185,0
548,France,Male,18,0,8832.117186057403,3,0,0,116495.23420150609,1
613,Spain,Female,42,0,3670.525546680688,1,1,1,62469.630814465854,0
731,France,Male,47,3,131548.55644277047,3,0,0,32431.48324483038,0
661,Germany,Male,53,9,137933.2636706658,2,1,1,187976.94886912787,0
758,France,Male,43,5,51263.16088030526,4,1,0,105014.20636032747,0
615,France,Male,35,2,24556.15707066441,1,0,0,89529.58671588375,0
550,Spain,Female,40,10,1270.5064261625537,2,0,0,115819.60866280225,1
850,France,Male,32,10,29679.22476816033,1,0,0,53844.63919239882,1
481,France,Female,19,4,53790.02416445591,4,0,0,200000.0,0
600,Germany,Male,36,9,17854.240750865654,3,0,0,170550.83579476696,0
677,Germany,Male,43,10,20960.754998676635,3,0,0,57778.21996977595,0
748,Spain,Female,49,3,31963.58505397366,4,1,0,118658.00614674907,0
714,Spain,Female,34,9,34151.700070928535,4,1,1,37698.89675391766,0
850,France,Male,53,2,67907.66455568736,3,1,1,90573.05448021038,0
638,Germany,Female,37,8,34633.48853263585,4,1,0,11600.0,1
562,Germany,Female,43,3,93305.20385167572,2,1,1,200000.0,0
628,Spain,Male,46,9,32964.01303330404,1,0,1,161995.5494585518,0
618,Spain,Female,39,6,1621.6102957960509,1,1,1,61981.140851211225,1
643,Germany,Male,38,4,7622.962295664518,1,0,1,82053.25648948282,0
551,Germany,Male,54,6,63321.105163076696,1,1,1,100359.3480077458,0
728,France,Female,22,4,30061.38491597496,1,1,1,163600.16660090417,0
687,France,Male,39,2,30922.15953941837,1,0,0,112530.2682115103,0
523,Germany,Male,20,5,190851.1057296412,3,1,0,60983.896258459325,0
746,Germany,Male,21,8,42368.74575237092,3,0,1,109679.11957873146,0
568,Germany,Female,38,5,6216.993622152302,1,0,0,185969.6069211203,1
531,Germany,Female,33,3,28436.366806994924,1,0,0,131116.12478031684,0
658,France,Male,59,0,41199.856306154375,4,1,1,116818.6425167194,0
474,Germany,Female,36,2,1909.2752961828853,4,1,1,196480.7893773394,0
708,France,Male,50,2,22675.8033488391,4,0,1,71687.3484056062,0
366,France,Female,39,1,171817.6044026214,1,1,0,118742.4829080612,1
547,France,Female,26,9,69576.04405068044,4,1,1,50880.20632191958,0
807,Spain,Female,21,1,23272.904206840427,1,1,0,57086.542448910695,0
581,France,Male,25,7,15198.145708743736,3,1,1,172997.018004596,0
598,Spain,Female,42,7,16644.6004698084,2,1,0,19188.57960028693,0
777,France,Male,54,2,88133.69496998125,3,0,1,11600.0,0
570,France,Female,29,3,25677.04689511472,1,1,1,172934.18085167633,0
726,Spain,Male,47,4,92631.18187186074,1,1,0,11600.0,1
767,Germany,Male,37,10,119704.13771010331,3,1,0,174792.35464705844,1
697,France,Male,28,8,31199.638812307247,3,1,0,121591.87049291328,1
505,France,Male,42,4,145269.38166910055,4,1,1,75719.9734523958,0
589,Spain,Female,54,10,17830.275226931393,4,1,1,108813.2301604205,0
850,France,Female,38,5,15056.64582402872,2,1,1,55190.84941204324,0
600,Germany,Male,47,6,5675.345664751358,4,1,1,37083.31691031362,0
850,France,Male,42,10,14105.154435058055,4,1,0,148985.03851607288,0
820,France,Male,42,1,74064.0415974111,4,1,1,67490.85260768073,0
701,France,Female,30,3,25857.91699121028,2,1,1,200000.0,0
679,Germany,Male,43,5,8017.997235207353,4,1,0,98052.586848006,0
603,Germany,Male,24,3,5660.199126314145,4,1,0,105916.32677302852,1
641,France,Male,42,4,33690.92805303187,3,1,1,55388.829810577896,0
581,Spain,Female,52,2,38756.31684245422,3,1,0,121963.42555157372,0
643,Spain,Male,57,1,79128.8468527868,4,1,0,109246.37953409996,1
513,Spain,Male,28,0,62729.647195171056,3,1,0,67601.82817476749,0
508,France,Female,43,2,9142.98285423114,1,1,1,118619.29794817016,0
780,France,Male,31,9,16209.50069302332,3,1,1,88941.09576085562,0
488,Spain,Male,40,8,59169.99692338342,2,1,0,86357.87688046375,1
738,France,Male,58,0,9957.485257598211,4,1,0,167003.9135819149,0
460,France,Female,47,7,81284.54531453119,1,0,0,26774.87576725356,1
712,Spain,Male,32,4,53553.39896570772,3,1,1,156829.76826017987,0
629,France,Male,31,3,38430.43721128428,1,0,1,25975.87537813376,0
782,France,Male,39,4,51677.15067032865,1,1,0,92014.5333318644,1
616,France,Female,39,10,5252.230881392707,4,1,0,119877.58707350674,0
449,Spain,Male,40,6,39706.093227778176,1,0,0,86334.69178263636,0
631,France,Female,24,7,30010.14858175273,2,1,0,145887.78311229852,0
665,Spain,Female,58,1,35970.96066501711,1,1,1,128203.94727216844,1
636,Germany,Female,59,5,20599.338468701888,4,1,0,42563.55283051656,0
707,Germany,Female,43,3,31572.222785575344,2,0,1,85750.49126882375,0
593,France,Male,30,7,107385.91472969968,2,1,1,111738.3252210081,0
523,France,Male,32,3,21144.82852734817,2,1,1,165543.91576113054,0
550,Germany,Male,29,2,2298.826264234512,2,1,1,155875.74944308994,0
598,France,Female,28,4,14818.086566053951,1,1,1,100155.95604058164,1
597,Spain,Female,32,3,30290.119550725005,3,1,0,195380.08617242717,1
850,France,Female,43,4,38123.85133261859,3,1,1,11600.0,0
775,Germany,Male,40,8,27856.39678367482,3,1,1,56271.83655808238,1
718,France,Female,54,10,87611.21455584263,3,0,0,91098.96128077433,0
694,Spain,Female,23,2,123357.02113120616,3,0,0,119488.75838874624,0
679,France,Female,30,1,33354.55381701653,4,1,0,133867.18702372216,0
680,France,Female,18,1,3945.6557819710656,3,0,1,28852.886038454657,0
666,Spain,Female,40,8,27321.54606910835,4,0,0,92472.01072746962,1
654,Germany,Male,55,6,9998.149126729644,3,0,0,129556.61536708933,1
440,Germany,Male,34,9,16668.600420537336,3,0,1,41804.74529845848,1
613,Germany,Male,52,3,89457.95804715903,2,1,1,93542.94450809358,0
625,Germany,Male,45,5,38317.29035065848,1,0,1,139487.71834283433,0
575,France,Male,47,9,88185.34615001173,2,1,0,200000.0,0
594,France,Female,44,5,212117.97989401448,3,1,0,68072.40623709965,0
680,Spain,Female,57,2,39398.03316874446,4,0,1,119455.56852204724,0
726,France,Male,36,8,121670.15900549167,3,1,1,122740.81770471785,0
679,Germany,Male,45,3,57516.2262079711,3,0,0,43181.0009315856,0
724,France,Male,57,0,5369.155364213672,1,0,0,150632.02833678818,1
726,France,Male,28,1,27055.55734176441,2,1,0,96294.24542631806,0
620,France,Male,36,4,53784.82593070865,1,1,1,126188.93707398616,0
702,Germany,Female,44,7,61083.36363375813,2,1,0,83242.56955367068,0
475,Germany,Male,30,6,98544.06001960572,2,0,1,86636.87285540695,0
611,France,Male,29,8,50707.7620954688,3,0,1,75262.68678291372,0
599,France,Male,59,0,4720.688233081422,2,1,0,47410.57724926079,1
803,Spain,Female,30,1,7683.381177044453,2,1,1,11600.0,0
683,France,Female,35,9,19898.820991529185,1,0,1,104569.66647789426,1
516,Spain,Male,41,3,17410.098704700733,2,1,1,68261.34898398348,0
709,Spain,Female,43,6,12526.081674535237,1,0,0,51545.82201957992,1
740,Spain,Female,33,0,48024.69809335267,2,1,1,131705.26450615437,0
641,Spain,Male,36,4,28080.52028527261,1,1,0,108476.0124135522,1
719,France,Male,28,1,57757.35123719213,3,1,1,34189.00167428475,0
400,Spain,Male,33,1,24466.98688568488,2,0,0,98377.42027358932,0
380,Spain,Male,45,1,16015.901877489545,1,1,1,75320.41492753629,0
532,Spain,Female,48,8,39977.764840722,1,1,0,118314.44378838137,1
664,France,Male,49,10,5088.352978329336,3,1,1,166348.96887417944,0
803,Spain,Male,38,9,223963.61771160472,3,1,0,54893.39193167272,0
537,Spain,Male,37,4,53301.92117063117,1,1,0,79297.83247969091,0
564,Spain,Male,25,7,6514.680508408193,1,0,1,127820.1875322208,0
658,France,Female,35,9,48697.13113082908,1,1,0,66836.92391912587,0
600,France,Male,40,5,3867.394453818847,2,1,0,109091.71394984607,0
595,Spain,Male,49,10,35283.85879271606,2,1,0,77096.71499915625,0
607,Germany,Female,19,0,17185.329107986254,1,1,1,153437.99378357377,1
781,France,Male,35,9,60325.961651775215,3,1,1,126594.94773204609,0
761,Spain,Male,18,8,33380.9892556185,3,1,0,76102.23803660739,1
652,France,Male,22,6,77059.74058524174,4,0,0,91275.27698752817,1
815,France,Male,52,10,13052.534867988954,4,1,0,26877.413008735137,1
700,France,Male,25,1,53381.71485350666,3,1,1,93018.07161148354,0
765,France,Male,40,7,58211.81395393097,2,0,1,48664.69600553141,0
563,France,Male,49,1,32458.14646081449,3,1,1,112625.3375548155,0
584,France,Female,34,1,97704.15360272804,3,1,0,127657.70453215264,0
583,France,Male,26,3,7929.131751551111,1,1,0,98019.32424484457,0
641,Germany,Female,40,7,71026.39421981302,3,1,0,118457.48871694924,0
655,Spain,Male,54,6,7077.468486332031,4,1,1,115514.38961575922,0
682,Germany,Female,48,1,8533.748424516922,2,1,0,148138.87302684126,0
847,France,Female,36,9,11250.206759506447,4,1,1,11600.0,0
722,France,Male,33,5,54099.07667778868,2,0,0,141487.76511856576,0
598,Spain,Female,50,10,50945.60204536664,4,1,0,189470.20815863425,0
649,Spain,Female,24,10,29519.276450297184,1,1,1,132620.4996003328,0
800,France,Male,48,3,18877.727435362027,1,1,1,41073.148797291055,0
728,France,Female,33,9,47437.094902726174,2,1,1,161550.0608553983,0
799,Germany,Male,24,0,7785.281823256872,1,1,0,83052.42909256223,1
601,Spain,Male,21,7,49531.72794274079,2,1,1,83927.31695960708,0
578,France,Female,55,7,601.1917936347999,3,1,1,126709.4354515886,0
580,Germany,Male,36,5,7801.644058505355,2,1,1,116216.61584324072,0
609,Germany,Female,30,9,61537.43468102695,4,1,1,154434.62258436877,0
543,Spain,Female,38,6,103561.77856471251,2,1,0,14190.732339580514,1
679,France,Female,33,2,3930.522048616892,3,1,1,80905.0648506543,0
681,Spain,Male,33,8,50911.61402626512,3,0,1,33982.534788920224,0
783,France,Female,34,3,3195.249974153532,3,1,0,11600.0,1
473,Germany,Male,39,10,105585.6964848435,1,1,0,61373.45152184006,1
555,Germany,Male,46,1,24851.472857896217,1,1,0,118427.81870093396,1
730,France,Male,23,3,67580.34428414596,4,1,0,171020.88670078438,0
668,Germany,Female,52,1,9482.54622891982,1,1,1,186483.2758530809,0
654,France,Male,29,3,98790.25768166211,2,0,1,98823.04841209317,0
776,France,Female,41,1,28033.226201903955,3,1,0,66044.00451635863,0
549,France,Male,38,10,11713.842498975802,1,0,1,117990.62248220367,0
577,Germany,Male,30,7,42484.1080065334,1,1,0,182467.95833338812,1
565,France,Female,50,5,16995.20096581906,4,0,1,104940.00401991064,0
448,Spain,Male,31,7,16917.215827924083,1,1,0,179486.88083188434,0
663,France,Male,53,10,6082.703679135167,1,0,1,151540.90160926688,1
597,France,Female,45,0,12033.4080348195,3,0,1,142550.00655314792,0
576,France,Male,31,8,79940.6037915688,4,0,1,107290.4325031612,0
558,Germany,Female,27,10,37072.623004792746,3,1,0,200000.0,1
648,France,Male,49,1,21920.564483871625,1,0,1,136314.97089839907,0
570,France,Male,27,7,132517.2313087694,2,1,0,116069.67193997987,0
672,France,Male,37,3,79823.01604656226,3,1,0,153100.55609345593,1
695,France,Male,45,1,18572.9100923403,2,1,0,11600.0,1
620,Spain,Female,43,0,5867.862327138994,2,1,0,76778.03554257027,0
613,Germany,Male,36,3,10187.994996415018,3,1,1,62810.71104464903,0
668,France,Female,31,9,56222.45277046282,4,1,0,58342.24455625408,0
647,France,Male,46,0,41398.73538944047,2,1,1,128075.09736559135,0
783,Spain,Male,20,7,197584.2123853631,3,1,0,200000.0,0
681,France,Female,41,1,679.2926929761065,1,1,0,66830.6947371295,1
759,Spain,Female,26,7,104694.57488825242,3,1,1,74991.54387877608,0
711,France,Female,30,9,718.599679689837,1,1,0,82713.6640593952,0
518,France,Female,42,0,27648.32988585416,4,0,1,107409.86792243998,0
594,Germany,Male,31,6,124198.57627737704,2,0,0,59141.31572725408,1
645,Spain,Female,50,6,53707.99631848025,4,0,0,43843.250053837815,0
736,France,Male,46,4,43769.39738325823,4,1,1,116955.03064098603,0
842,France,Male,32,2,18807.402118974576,2,1,1,27061.23616124684,0
601,France,Female,36,5,169257.60510648097,1,1,1,60904.98880153747,0
655,Spain,Male,27,10,9209.638699424488,3,1,1,191638.0591098065,0
729,Germany,Female,43,4,15727.83385781,1,1,1,80337.91400970716,0
644,France,Male,54,8,30161.277409567465,2,0,0,33521.48001848854,0
814,France,Male,27,3,6750.862262029138,1,1,0,159633.5537807938,0
515,France,Male,40,8,27543.09596882225,1,1,0,94643.00528821709,0
717,France,Female,42,9,2006.8914016993767,1,1,0,60424.55964288656,0
716,France,Male,26,5,128929.29329364884,2,1,0,102822.78945137908,1
765,Germany,Male,28,8,19440.66137266972,4,1,0,11600.0,0
656,France,Female,20,2,50229.13484266464,3,0,0,121545.98055416728,0
739,France,Male,44,0,102214.1734253198,4,1,1,46213.56672136781,0
625,Germany,Male,35,5,85277.12717766654,3,1,1,134474.5888958209,0
569,France,Female,31,3,103332.49544365962,2,0,1,200000.0,0
555,France,Female,59,10,63703.430086831846,2,1,0,200000.0,0
505,France,Male,20,9,10767.688047169073,1,1,1,156713.89677187474,0
605,France,Female,51,3,22828.595342332665,3,1,1,200000.0,0
681,Spain,Male,18,3,35875.243482087615,4,1,1,121902.444041637,0
629,Germany,Male,33,0,20545.270335802416,3,1,1,57821.33388002718,1
669,France,Female,22,4,155315.24213534853,3,1,0,22287.67498703467,0
773,France,Female,30,8,82211.03188142063,2,1,1,90812.857246064,0
598,France,Male,33,2,80210.49688246776,3,0,0,11600.0,1
850,Germany,Male,31,1,22400.7823842509,1,0,1,26353.54085835496,1
725,Germany,Male,41,1,70291.90486094668,4,1,1,154169.89350920494,0
630,France,Male,47,9,47602.71618387048,3,1,0,92234.3144475163,0
628,France,Female,37,6,23517.338993625854,3,1,0,54279.46788022323,1
549,France,Male,42,5,18428.69547214521,1,1,0,101400.22627587095,1
647,Germany,Male,54,1,77755.84754713393,4,1,1,42692.95707811709,1
433,Spain,Female,32,0,45416.12703631688,4,1,1,163873.00521760745,0
775,Spain,Female,48,6,1884.8538066440824,1,0,1,68391.43784591848,0
368,France,Male,64,10,1096.896513616639,2,1,0,72241.82794335503,1
654,Germany,Female,57,5,92248.72967628624,4,0,0,97299.78966200617,1
535,Germany,Female,55,4,4705.601392306153,2,0,1,78331.37567903032,0
579,Spain,Male,46,4,36632.02048403398,1,0,1,185606.62645955136,0
592,France,Female,50,9,46909.41318920621,3,0,0,196508.68598147732,1
842,Germany,Female,34,2,123824.38300273503,3,1,0,105781.38288457584,0
539,France,Male,38,10,36131.51535058268,1,1,0,200000.0,0
741,Germany,Male,37,4,10785.363219854376,4,0,0,132849.20760405512,1
766,France,Female,32,5,15100.580804346622,2,1,1,102409.03699289472,0
416,Spain,Male,40,10,2504.4915617615284,1,1,1,159536.36822004608,1
588,Spain,Male,33,6,12555.124964615476,3,1,0,110276.84503851748,0
798,France,Male,39,6,84407.88308792013,3,1,1,105388.16749469646,0
518,Germany,Female,25,9,70709.72116439452,4,1,1,93799.75818847818,0
769,France,Male,33,9,4274.783071622778,4,1,1,63210.44031316638,0
648,France,Male,52,7,32657.637276197565,2,0,0,62592.320680599296,1
643,France,Male,40,4,17964.106204427462,2,1,0,11600.0,0
656,France,Female,52,3,52483.78768835964,2,1,1,13046.162145761671,0
684,Spain,Male,32,6,162648.1933805028,1,0,1,51689.69931750312,0
554,France,Male,36,1,49805.50483537498,2,1,1,11600.0,1
623,Germany,Male,41,7,68461.94171614852,1,0,0,75381.42242691366,1
687,Spain,Male,37,3,25385.539803360258,1,1,0,38659.80359666777,1
667,Spain,Male,25,9,1661.6985083551906,4,0,1,122935.25700695996,0
684,Spain,Female,44,0,27072.72706942449,1,1,1,134857.62016218703,1
578,France,Female,29,1,35748.74264149465,4,1,0,57590.58209007549,0
713,Spain,Female,38,0,33930.66191452534,2,0,0,190042.1417693799,1
662,France,Male,18,4,13298.83976746508,1,1,0,69311.68812746445,0
491,Spain,Male,32,0,32217.152734960026,2,1,0,149126.0930613113,0
596,Germany,Female,37,10,63291.13878212847,1,1,1,64918.91411468752,0
560,Spain,Male,44,8,18660.292715272128,1,0,1,128621.81974891452,0
559,France,Female,26,10,50256.46171732634,4,0,0,108134.73194562751,1
602,Germany,Female,30,10,8316.550519407087,2,1,0,75537.50561431708,1
711,Spain,Female,56,3,16289.704203247846,1,1,1,167459.80727637955,0
587,Spain,Male,58,9,107677.19080713388,3,0,1,89131.5656663855,0
672,France,Male,44,2,49258.24763845727,1,1,0,89605.23599449916,1
656,Spain,Male,51,8,4487.456373999192,2,1,1,145723.32726284108,0
572,France,Female,35,3,15369.538913818476,4,1,1,15260.482922300114,0
615,Germany,Female,45,0,250000.0,3,0,0,144901.8669377854,0
736,Germany,Female,45,1,15742.7193983794,2,1,1,136414.58473828685,0
664,France,Male,29,3,43435.655523912086,1,1,1,75576.88528706273,0
704,France,Female,40,10,39963.989527229634,4,1,0,89862.29371617617,0
777,Spain,Female,36,0,25738.63332877173,4,0,0,34523.82126641643,0
693,France,Male,42,5,1718.071390339912,2,1,1,200000.0,0
457,France,Male,33,6,16727.291343296234,1,1,1,29408.630747073214,0
677,Spain,Female,24,0,153253.31570218215,3,1,0,41905.47153367756,0
588,Spain,Male,39,5,968.873001049079,2,0,1,200000.0,0
831,Germany,Male,47,2,62883.361557038086,3,1,1,200000.0,0
689,France,Male,47,6,111629.461086277,4,0,1,43104.73670138818,0
590,France,Female,21,10,71855.52071150247,4,1,1,155071.25163610585,0
706,Germany,Male,40,1,19522.635734573523,4,0,1,137962.0286151399,0
659,Germany,Male,45,1,36747.22057873553,3,1,1,71009.4429694663,1
478,Germany,Female,40,10,101076.5657469241,1,1,1,78650.15963865141,0
736,Spain,Female,47,3,185367.91266253788,2,1,1,95188.1390880431,0
609,France,Female,24,10,5103.245840639588,2,1,1,178755.88376509232,0
792,France,Male,27,7,6639.428967331267,2,1,0,180371.92014456767,1
637,Spain,Female,44,2,155963.51376811462,3,1,1,62490.405627022046,0
793,Germany,Female,35,7,103030.76183626476,1,1,0,112405.58381774524,1
692,Germany,Female,50,6,11854.21557306157,4,1,0,74211.08682411883,0
747,Spain,Male,42,4,175501.61901512888,4,0,0,11600.0,0
600,Spain,Male,30,3,11722.994009438991,3,0,1,143251.19772502987,0
685,Germany,Male,29,9,4634.021730928399,2,1,0,87265.82534378984,0
477,France,Female,20,9,57267.22225673404,1,1,1,50464.03635087461,0
637,Spain,Male,45,1,38804.272226629386,1,1,1,97802.68013330904,0
501,Germany,Male,37,8,13699.80950882444,1,1,1,47962.55811001061,0
535,France,Male,48,3,131747.77640808013,1,1,1,198926.67760978424,1
560,Germany,Male,41,4,25895.8586916906,1,1,0,165139.12053387403,0
716,France,Male,40,1,25784.085626536707,2,1,1,144100.79453183463,0
635,Spain,Female,47,1,49959.96124692132,4,0,1,56057.29021652269,0
653,France,Female,38,1,13119.891159046532,2,0,1,88740.59099186408,0
632,Spain,Male,35,9,44196.92590250333,4,1,0,37785.635086646886,0
758,Spain,Male,38,1,22626.668157776672,2,1,0,98873.83471932184,1
650,Spain,Male,47,8,59373.62336793908,4,1,0,67584.02531724333,1
674,Germany,Female,29,4,14231.50132539175,2,1,1,100547.74399189872,0
592,Spain,Male,48,10,10256.705128823052,3,1,0,152374.27360525337,0
764,France,Female,39,5,14371.689405450636,1,0,0,114214.3597204954,0
772,France,Female,35,3,137392.71893911535,1,0,0,79489.74997208858,0
646,Spain,Male,40,1,94599.63298961762,2,1,1,49015.516273037865,0
591,France,Female,50,2,88274.88563876474,2,0,1,11600.0,0
488,France,Female,50,2,75864.51436791674,1,1,1,165372.62830591688,0
563,France,Male,42,10,50660.83513163013,3,1,0,122413.87565089724,0
433,France,Male,45,10,5179.172772093551,4,0,1,185631.88434950035,0
558,Spain,Female,39,9,19626.352281849107,4,1,1,69406.5526701988,0
685,Germany,Male,33,7,41261.8342359456,3,1,0,11600.0,1
644,France,Male,43,7,5588.47976550788,1,0,1,132568.98274553815,0
850,Spain,Male,34,5,1528.959976737571,2,0,1,37041.785214126685,0
612,France,Male,28,10,4904.271642928826,4,1,0,185713.0137483798,0
605,Spain,Male,34,9,5718.361341685341,4,1,1,36029.01420065965,1
756,France,Female,22,10,5800.764320519063,4,1,1,94863.28501843582,0
457,Germany,Female,26,7,10546.683869930464,1,0,1,128462.00131927528,0
501,France,Female,59,2,34567.10572766912,2,1,0,120465.90550121074,0
716,France,Female,50,6,16805.160274328755,1,1,1,95231.6977468149,0
630,Spain,Female,36,4,98352.98710844936,1,1,0,86318.56333422239,0
632,France,Female,44,8,104429.59627001068,4,1,1,162538.7228319245,0
556,Spain,Male,29,8,126442.77277573314,2,1,1,85246.65989890104,0
673,Germany,Female,45,4,31853.38604827784,1,0,1,113398.16388411226,0
569,France,Male,41,5,74370.26226414728,1,1,0,181316.63870707137,1
657,Germany,Female,31,0,44699.90536656563,3,0,0,112594.80427095214,0
534,France,Female,35,3,7796.013545839733,3,1,0,25437.82744055499,0
631,Germany,Female,35,0,50488.68674955454,2,1,1,151477.38443259822,1
850,Spain,Male,47,3,90706.70698429788,4,1,0,92449.16129305233,1
607,France,Male,38,0,21380.98673382717,1,1,1,148344.35003136058,0
636,Germany,Male,23,9,68654.1660106752,3,1,0,62004.63722264738,0
629,France,Male,34,3,74475.58025681681,2,1,0,72285.68903779,1
667,Germany,Male,31,5,51582.73996062096,4,1,0,103874.64119783072,0
696,France,Male,24,8,107396.42514778188,3,1,1,67777.1601912592,0
675,France,Female,31,1,7822.244850578481,4,0,1,78206.53069802874,0
677,Spain,Male,18,1,92708.33831903436,4,1,1,183313.45330290304,0
631,France,Female,29,5,47174.241740772464,3,1,1,90981.22682776029,1
660,Germany,Male,40,10,96779.97833683855,1,1,1,11600.0,0
628,Germany,Male,43,9,38036.79706451109,3,1,1,150189.39810683718,0
468,Germany,Female,44,5,19872.059524471275,3,1,1,143953.07753862243,0
850,Germany,Female,48,2,113745.41102630508,1,1,0,183000.2646085109,0
722,Germany,Male,50,1,104942.87816175228,2,0,1,82683.30114563732,0
552,France,Female,28,2,15576.725132745189,1,1,0,61875.4277605274,1
673,Spain,Female,25,3,68150.03310714713,1,1,1,141036.11441071774,0
515,Spain,Female,39,3,4786.722489074667,4,1,1,107516.47496076548,0
600,France,Female,44,6,4495.028296799624,2,1,1,170637.81610888647,0
501,France,Male,30,3,35811.01190246276,4,1,0,157033.83794963773,0
644,Spain,Female,41,9,1820.835135899451,4,0,1,113996.0432942621,0
491,Spain,Female,57,5,28436.25258050716,3,0,1,38770.69111579596,0
688,Spain,Female,25,5,78210.70950432446,1,0,1,146349.51309164832,1
718,Spain,Female,39,9,110125.0769660943,1,1,1,138697.10939956445,1
567,France,Female,49,2,14703.886207552305,4,1,1,139294.67797089522,0
666,Spain,Male,37,8,4005.2332578017854,1,1,1,48880.37517547743,1
562,Spain,Male,43,9,49801.12326407044,2,1,0,135431.42034218018,1
701,France,Female,48,4,15382.868926527715,1,1,0,11600.0,1
581,France,Female,35,9,1186.3731095438152,4,1,0,54362.62153573657,0
728,France,Male,28,8,7032.000190508085,1,1,0,101096.4292631574,0
468,Germany,Male,37,9,139318.76478458976,4,1,0,128349.94782652354,0
549,France,Female,28,5,104002.61104555133,2,0,1,141212.9170482209,1
539,France,Male,33,5,88485.44038041317,3,1,1,33641.649313156435,0
670,France,Male,43,8,20735.90481255958,4,0,0,173406.14232027845,1
705,France,Male,40,9,62679.644196339024,4,0,0,57113.91326119475,0
678,France,Female,48,4,157344.9484369973,1,1,1,76993.41956760857,0
599,Spain,Male,41,2,41918.02390937914,3,1,0,82017.98111413719,0
370,France,Male,31,2,20255.47424385213,2,1,1,11600.0,0
653,Spain,Female,29,1,80304.53456910788,3,0,1,52994.4051539345,0
728,Spain,Female,45,1,28135.55801515796,4,1,1,113196.82717284423,0
850,Spain,Male,41,5,43059.79701816882,2,1,0,181500.17956949477,1
607,Germany,Male,37,7,38958.280590216855,2,1,0,123706.77158413253,1
583,France,Female,42,10,12257.81920466285,3,1,0,155720.14123503424,0
682,France,Female,31,7,33.381852364792856,4,1,0,35148.1427672559,0
624,France,Male,18,7,250000.0,3,0,0,116799.0328690564,0
777,Spain,Male,49,9,26963.97901490235,1,0,1,107266.66697476116,0
569,France,Female,45,6,16690.941014873806,4,0,0,85088.07183617551,0
625,Germany,Female,38,1,72596.41688547774,2,1,0,90158.81429121437,0
737,Spain,Male,30,9,44888.74964377129,3,0,1,11600.0,0
680,Spain,Male,36,10,106205.16091514465,1,1,0,122808.6869856788,0
766,Spain,Male,21,1,75957.24430274092,2,1,1,104739.13330575087,1
606,Germany,Male,40,9,16548.220095659017,1,1,0,97041.2649738383,1
776,France,Male,19,6,44854.34829476437,4,1,1,152966.28185582015,0
483,Germany,Male,40,3,34928.28718483406,1,1,1,169604.9242469078,0
487,France,Female,31,5,155147.68963476174,2,1,0,78417.59824302897,0
777,Spain,Male,37,8,13693.569933801084,1,1,1,200000.0,0
650,Germany,Female,27,4,16692.198820340254,3,1,0,142261.5793070265,1
742,France,Female,54,9,126554.780331065,4,1,1,11600.0,0
659,Spain,Female,42,3,30607.01827362684,1,0,1,116113.03598149706,0
649,France,Female,32,2,30555.73880547795,1,1,0,178824.428975754,1
517,Spain,Female,37,6,101326.74510571716,2,1,1,114098.40275617302,0
647,Spain,Female,55,6,17552.4355531176,3,1,1,27845.793705230943,0
786,Spain,Male,29,6,59684.2353769019,3,1,0,75758.19429774197,1
655,France,Male,27,4,63921.003589404376,3,1,0,78908.43456158857,0
718,France,Male,27,9,29205.52272553897,3,1,1,45061.98505557856,0
715,Spain,Male,32,7,20320.316332917497,1,0,0,106526.39416080803,1
548,Spain,Male,53,10,68650.28006926402,3,1,0,186170.42463617932,1
735,France,Female,33,1,14780.588927054609,4,1,1,28819.143952551807,0
618,France,Male,34,3,85548.59465408213,3,1,0,70638.6194654381,0
624,France,Female,41,0,26927.95617307916,2,1,1,200000.0,0
850,Spain,Male,38,5,927.4139886208048,3,1,1,53770.94412681931,0
709,France,Female,48,5,42113.82569674563,2,1,0,40475.38663836427,0
586,France,Male,47,2,10809.500118346834,4,1,0,107875.25433192957,0
656,Germany,Female,42,0,31420.923764443363,3,1,0,13128.202082820557,1
653,France,Male,36,4,82600.43406641044,4,1,0,63040.01465413709,0
818,Spain,Female,48,0,10536.857154747117,1,1,1,151269.93985900882,0
653,France,Male,31,2,11666.81759313674,3,1,1,11600.0,0
850,France,Female,30,7,32108.065293770127,4,0,1,63957.92040406999,0
520,Germany,Male,34,9,32361.020812159004,4,1,1,11600.0,0
646,France,Female,50,8,30226.59793517409,2,1,0,173123.65552145257,0
573,France,Female,30,2,59289.12573386431,4,1,1,56901.22430770953,0
600,France,Female,32,8,15673.790657583264,4,1,1,95693.66003783968,0
602,France,Male,40,6,15090.9296246367,3,1,1,70875.46056549242,0
578,Spain,Female,38,7,1130.7446350305952,1,0,0,29942.92621565165,0
823,France,Male,35,5,24041.880029218733,4,1,0,126992.61694444246,0
792,Spain,Male,43,4,10893.698497292306,4,1,1,80850.315926994,0
690,Germany,Male,34,9,44775.20347129385,2,0,1,116855.17819708146,0
602,France,Male,49,7,9993.981461260728,1,1,0,135466.02415014984,0
581,France,Female,41,1,112466.9350894762,4,0,0,122173.5209464406,0
724,Germany,Male,49,6,94528.5148453522,3,1,0,107392.48197075615,0
680,France,Male,31,0,72444.65533201305,3,0,0,86269.00095161074,0
635,France,Female,37,6,82649.68876340828,2,1,1,16922.683127520853,0
704,France,Female,20,5,160425.57116482622,1,1,1,123479.1753024564,0
739,Germany,Female,52,3,19269.07751580452,1,0,0,85994.08341084546,1
634,Germany,Female,61,2,195250.38618902216,4,1,1,180397.23636412047,0
571,France,Female,36,8,110601.8871657734,2,1,0,162745.12526002148,0
517,Germany,Female,42,5,22462.39357114832,3,1,1,174709.24902672702,0
675,Spain,Female,40,5,99782.19651612994,4,0,1,126555.45084371978,1
850,France,Male,26,0,113799.49319853848,3,1,1,163685.2952021262,0
538,Spain,Male,51,4,1837.779959821463,1,1,0,101631.00136004246,0
759,Germany,Female,36,6,104358.51430551716,2,1,1,200000.0,0
582,Spain,Female,18,3,28391.373759322112,1,0,1,11600.0,1
602,France,Male,31,1,83391.4923247199,3,1,0,160175.36857294416,0
741,Spain,Female,25,8,5892.126390909688,3,1,1,49220.30622025517,0
624,Germany,Female,40,5,9448.40042658832,1,1,0,89509.11698073355,1
674,Germany,Male,40,8,192631.42621178197,3,1,1,74633.68911359865,0
672,Germany,Male,50,7,26908.17220250662,4,1,1,33135.576779995754,0
582,France,Female,57,0,80087.21329907335,4,1,1,50673.10537385428,0
739,Spain,Male,58,1,69363.5638442191,3,1,0,11600.0,0
643,Germany,Male,28,1,77100.47635687928,4,1,1,23084.16826161163,1
511,France,Female,45,1,72328.20821101776,4,1,0,11600.0,0
560,France,Female,46,3,122646.90428644384,4,1,0,72668.41066338654,0
350,France,Female,33,6,44896.37803659364,4,0,0,38718.49203365828,0
655,Germany,Female,41,6,27708.82556370686,2,1,1,48728.09422148397,0
780,Germany,Female,42,0,129666.83963026931,2,1,1,192641.78297345765,0
545,France,Female,34,7,22076.85861114521,2,1,0,50509.074465837664,0
708,France,Male,51,3,49807.13384727507,3,1,0,11600.0,0
693,Germany,Female,41,7,96626.33063227544,4,0,0,200000.0,0
574,Germany,Female,37,9,123857.28741988742,2,1,0,178670.3854318154,0
803,France,Female,26,8,149219.95799131843,1,1,1,161121.78264939404,1
622,France,Male,50,6,53930.59260628632,4,1,0,79112.8078844894,0
850,France,Male,39,2,63684.07622771516,3,1,1,19711.111551760376,0
486,Spain,Male,39,2,34410.041352329274,4,0,1,11600.0,0
623,Germany,Female,30,4,16766.119233852576,1,1,0,11600.0,1
634,Spain,Female,47,6,815.5921605697753,3,1,0,118119.75162705376,0
645,France,Female,27,6,12554.055765646155,1,0,0,26455.8307245778,0
721,Spain,Male,18,8,195499.61276937136,2,1,0,106885.82308279078,0
850,Germany,Male,31,0,82093.36272801597,4,1,1,105935.3279328686,1
695,France,Male,42,2,32603.715445418384,3,1,1,33090.170504261885,0
652,France,Male,42,0,21048.568573673587,3,1,1,70650.37416053828,0
540,Germany,Female,40,5,3325.3894454209203,1,1,0,39275.86651429228,1
460,Spain,Female,37,9,509.4296647876238,3,1,1,101117.8657007406,0
767,France,Male,40,6,70337.2172078307,1,0,1,92338.83653079534,0
595,France,Male,67,1,211933.9619742565,2,1,1,167556.72666910366,0
850,Germany,Male,41,8,14640.01824718942,1,1,0,72829.60624367655,0
736,Spain,Male,34,4,16047.244270567173,1,1,0,139097.242467242,0
684,Germany,Female,37,2,136418.92538796333,3,0,0,107101.2538214695,0
689,France,Female,36,6,46072.92999151756,2,1,0,170998.65260948817,1
690,France,Female,39,6,9546.593742947134,2,1,1,82762.36087353034,0
580,France,Female,29,0,2338.15290742719,2,1,1,23356.15360093981,0
474,Spain,Male,46,5,41457.02988124415,2,0,0,40126.50735198909,1
594,Spain,Male,41,2,30124.871915549928,3,1,0,55051.74268740842,1
648,Germany,Male,31,6,28290.002846609063,3,0,1,187196.3872340652,0
585,France,Female,49,4,174116.52703697528,3,1,0,160454.52517574243,0
521,Spain,Female,19,3,15250.06037425002,2,1,0,117859.6260716735,0
575,Germany,Female,60,9,33470.61416987845,1,1,1,68799.98215670591,1
753,Spain,Male,57,6,11998.2123143662,2,0,1,200000.0,0
724,Germany,Female,56,6,19414.852596569493,2,0,0,11600.0,0
667,Spain,Male,34,7,72598.93014826489,2,1,1,74432.64969248394,0
708,Spain,Male,41,4,10988.742409788414,1,1,0,191385.63568255387,0
536,France,Male,32,3,56425.40984521451,4,0,0,120493.1853190666,1
570,Spain,Male,43,0,6942.673061924086,1,1,1,200000.0,1
681,France,Female,39,3,10571.418760566068,4,1,0,89213.5459243378,1
549,Spain,Female,34,10,1168.2068897329657,3,1,1,43116.5201710678,0
660,Spain,Male,34,9,49775.43517510859,4,0,0,90023.62675190237,0
523,France,Male,39,0,231887.1880462218,2,1,1,121434.18862714597,0
485,Germany,Male,68,6,53424.8192212777,2,1,0,11600.0,0
723,Germany,Male,52,5,128406.51751509652,4,0,1,83358.08128436595,0
752,Spain,Male,39,6,37370.44447101507,2,1,1,92870.4920827471,0
586,Spain,Female,37,7,57016.48745717845,4,1,0,93892.51026790588,0
497,Germany,Male,45,5,129869.93690836808,2,0,0,47919.921501852186,0
429,Spain,Female,32,1,4508.217907010029,3,0,0,11600.0,0
834,France,Male,36,1,45495.195734270776,1,1,0,41777.24823397584,0
661,France,Male,19,8,42845.57666701094,3,1,0,51719.92718638689,0
589,France,Male,39,5,1685.672702542325,3,1,0,165446.61804759997,0
613,Germany,Female,40,5,8491.948732576795,4,1,0,122835.53023178696,0
458,France,Male,33,0,40187.12139126089,3,0,0,200000.0,0
711,Germany,Male,43,7,34425.41004933909,1,1,0,102829.95396868326,0
850,France,Female,40,10,21066.641613148528,4,1,1,125569.161409882,0
571,Spain,Male,33,7,59819.68399751389,3,1,1,114510.01386325865,0
850,France,Female,47,3,22332.477225074617,2,0,1,47556.713304581135,0
638,Germany,Male,37,6,73238.47983170657,3,1,0,153469.79829983093,0
816,Germany,Female,28,8,82836.25082849675,4,1,1,135584.53502593838,0
680,Spain,Male,21,10,51722.48999913419,2,1,1,175691.76298808894,0
680,Germany,Male,53,0,16354.48705889217,3,0,1,108265.63149606327,0
834,Spain,Male,40,4,81140.87637717558,3,1,1,121402.31156938196,0
728,Spain,Male,39,7,14503.392117988362,2,0,1,153005.763625237,0
687,Germany,Female,38,6,18049.17629219726,2,0,1,119436.88477044956,0
455,France,Female,51,9,46927.51713765912,2,1,1,60830.44880207704,0
499,Spain,Male,40,3,58405.455396813,2,1,1,155405.25411569863,0
695,Germany,Male,54,2,23204.28644705936,2,1,1,200000.0,0
796,France,Male,40,0,44749.420500075,1,0,1,99564.61691095593,0
662,Germany,Female,18,2,14250.190712398042,1,1,0,138500.53161721703,0
590,Spain,Male,51,1,79192.21037004856,1,1,0,26962.722446367712,0
466,Spain,Male,42,4,242223.1368841044,3,1,0,48638.27326191026,0
571,Spain,Female,33,0,59927.37286266502,1,0,1,151840.20349945192,0
663,France,Male,36,3,19236.469789727144,2,0,0,84482.01029447853,0
564,France,Male,35,7,21443.65295104953,1,1,0,95582.37973101172,0
553,France,Male,26,8,1550.0532710879722,1,1,1,130001.81644370905,0
644,France,Female,47,0,52057.73539930704,3,0,0,61021.68543968076,0
794,Spain,Male,34,2,45817.18182873904,2,1,1,154178.3654212236,0
718,France,Female,30,5,154599.63151874836,3,1,1,128119.45444769385,0
678,Germany,Male,81,4,25719.4762856412,4,1,0,163400.15665732726,0
668,Germany,Male,27,0,135096.52222980672,1,1,1,193165.0489313134,0
705,Spain,Female,38,1,71407.4825504835,4,0,0,130869.6427944391,0
638,France,Male,18,1,16984.0873748714,1,1,1,116629.34502639197,0
608,France,Male,51,6,828.469516156361,4,1,1,67682.34791814303,0
723,France,Male,36,5,64852.15391232749,3,0,1,118171.3042061614,0
627,France,Male,47,5,34293.46030061051,4,1,0,99858.46261548909,0
531,Spain,Female,29,0,163319.33749645384,3,0,1,91476.27846090858,0
794,Spain,Male,22,0,1117.6564259111572,4,1,0,106871.79871549126,0
463,France,Female,31,3,36897.27200642291,2,1,1,124240.5824211034,0
801,Spain,Female,52,9,77752.96165700912,1,1,0,69691.78188033811,0
700,France,Female,44,5,77978.2970864022,2,1,1,100414.37978428324,0
553,Spain,Female,22,10,55746.15055706216,1,0,1,116695.88672634226,0
652,France,Female,18,5,25074.5065155434,4,0,0,179795.49986956804,0
607,Spain,Male,35,4,3480.511936565137,1,0,1,127475.6112113863,0
730,France,Male,49,3,17959.55342499165,3,1,0,118367.06788744067,0
728,France,Male,31,1,52656.00436405013,4,1,1,137466.5210908605,0
696,France,Female,49,6,73714.52834270628,1,0,1,200000.0,0
724,France,Female,40,5,85017.442197094,1,1,0,129795.5220808694,0
638,Germany,Male,56,6,74378.99076192948,2,1,0,123090.68439057928,1
826,France,Female,32,2,19562.710064072948,4,1,0,181037.19296122924,0
772,Germany,Female,38,0,59223.05750435342,1,1,1,142516.51039401934,0
602,Germany,Male,32,0,173815.59022664954,1,0,1,11600.0,0
731,Germany,Male,48,3,7338.162419350378,4,0,0,36420.60092513619,0
722,Spain,Male,44,3,65719.41159792674,1,1,0,129775.7693071014,1
624,France,Female,22,6,26380.028873296764,1,0,0,29566.342367294565,1
616,Germany,Male,45,6,12744.202756612172,3,1,0,130475.01167373464,0
771,Spain,Male,24,3,19286.25176456285,1,0,1,159246.79774091567,0
648,Germany,Female,29,6,9104.40021892796,1,1,0,105116.50108571208,1
676,Germany,Female,46,7,84462.591678512,3,0,0,98870.28803172344,0
790,Germany,Male,26,8,24507.1695891974,4,0,0,94765.09327030087,1
850,France,Male,35,5,138725.00691456787,1,0,0,121383.03708005424,1
597,Germany,Male,46,3,169640.71408414296,3,1,1,22131.88430065053,0
627,Spain,Female,43,9,168692.27542964497,2,1,1,135941.07484116792,0
657,France,Female,42,1,8463.04526272772,4,1,1,160503.15176828057,0
659,Spain,Female,46,8,21261.92022649844,1,0,1,177297.34013314376,0
687,France,Male,52,6,18581.080210188364,3,0,0,13308.071660237489,0
600,France,Male,26,5,127989.25685545371,2,1,0,181909.22888267704,0
523,Spain,Male,42,3,4522.238728167706,4,1,1,107255.47304743069,0
825,Spain,Male,48,3,44411.33887578821,1,0,0,123054.87438825582,1
711,Spain,Male,46,1,33215.59548302799,4,0,1,114164.67418949948,0
608,Spain,Female,37,0,187049.79236054013,2,1,0,75604.72261291704,0
693,France,Male,36,4,165248.41556689606,1,1,0,33962.607035914494,1
833,Germany,Male,47,5,27582.259442383624,4,1,0,29842.36799220879,0
571,France,Female,41,9,29113.757074833786,3,1,1,137562.2709107111,0
671,France,Male,49,8,24268.851716935827,4,1,1,30398.436831085943,0
511,France,Female,40,0,77835.66579138866,3,0,0,105170.94624163942,1
638,Germany,Male,35,4,5278.087784341241,3,0,1,143259.30107803852,0
711,Germany,Male,21,10,6173.2203847920455,3,1,1,62622.65323643263,0
538,Spain,Male,36,4,60986.9538159327,4,1,1,200000.0,0
631,Germany,Female,26,8,841.3777298883526,3,1,0,87086.50433671224,1
729,France,Female,20,10,55589.40034382679,1,1,1,113495.5836853397,0
708,Germany,Male,30,10,6888.218687330021,3,1,0,86412.89894723031,1
534,France,Male,46,3,77132.34159839492,1,1,0,56489.64614138259,0
687,France,Female,36,2,67284.20154634234,1,1,0,163524.15765156742,0
705,Spain,Male,40,2,10060.560341121058,1,1,0,66151.96629683525,0
660,Germany,Female,45,5,70720.8475775125,1,1,1,69543.45992695718,0
758,Spain,Female,38,10,78087.31799469012,4,1,1,19377.130983067294,0
591,Germany,Female,32,0,129889.51309676442,1,1,1,82972.74786500187,0
691,Germany,Female,34,0,64448.34015889352,1,1,0,62226.25102359609,1
533,Spain,Male,46,0,101096.8236425646,3,1,0,200000.0,1
489,France,Male,38,6,50733.74557435765,3,0,1,142879.8754261075,1
728,France,Male,18,4,49110.35928437216,3,0,1,61185.77872422885,0
652,France,Male,35,10,56249.45157587084,1,1,1,113508.66814364056,0
603,France,Female,44,8,26073.386475013656,1,1,1,68965.18591808445,0
543,France,Male,40,10,12975.71140122019,1,1,0,61016.34035382116,1
732,Spain,Female,28,2,26663.335506999963,1,1,0,11600.0,1
499,Germany,Female,31,5,44995.06607215752,2,1,0,50916.800200136815,0
749,Germany,Male,19,6,58560.01042224155,2,1,1,150922.14529704663,0
695,France,Male,44,2,30505.01461490372,3,1,0,101490.83229257764,1
504,France,Male,45,8,20032.1202491039,4,0,0,93554.18263867924,0
662,France,Male,37,1,14177.26948475828,3,0,1,73803.81175917911,0
850,Germany,Male,35,6,10117.989801228778,1,1,0,76744.01482720354,0
768,France,Male,28,9,32348.490309783672,1,1,0,168579.2736070265,0
567,Germany,Female,42,3,61275.2914960223,3,1,1,113866.73630768296,0
721,Germany,Female,22,8,88553.20775434867,3,1,1,141538.1046408678,0
508,Spain,Male,46,6,21179.82341809516,4,0,1,116011.84059640102,0
512,France,Male,44,7,47229.9153747469,3,1,0,146748.25851532622,1
643,Spain,Female,50,10,32476.425166650857,4,0,0,148403.8399496669,0
705,Germany,Male,39,9,169456.78549582348,1,1,0,71367.35348770385,0
731,Germany,Male,33,2,107020.2827465213,4,1,1,128509.18844353966,1
732,France,Female,43,5,106969.53585224113,3,1,0,147272.93098988896,0
699,France,Female,46,3,43280.01043075798,1,1,1,76076.66801863017,0
488,France,Female,27,3,28708.917046019145,4,0,0,84208.45990519837,0
643,Spain,Male,38,1,52757.11503403847,2,1,1,188803.89584385883,0
746,France,Male,41,10,8696.985584842567,1,0,0,168096.30921607927,1
694,Spain,Male,43,9,107267.41862532165,3,1,0,95224.68129348592,1
668,France,Female,35,8,15820.04446842819,4,0,1,122048.6681336414,0
682,France,Male,45,10,87694.02790047342,2,1,0,135536.9639910835,0
681,Germany,Male,29,0,17726.79299604191,3,0,1,120874.95036519322,0
453,France,Female,59,0,36909.27208063907,2,1,1,76053.47929538385,0
765,Spain,Female,32,6,73981.11772693219,1,1,1,174755.80085223145,0
638,Spain,Female,43,9,25022.227029491416,4,1,1,64593.207052890175,0
720,Germany,Male,33,6,22158.642800076897,3,1,0,179312.4309601154,0
419,Germany,Male,39,3,109405.80092894562,3,1,1,121837.74957995204,1
816,Germany,Female,28,7,3569.9127194839803,3,1,1,100084.1732192109,0
534,Spain,Female,49,4,92110.85027775564,2,0,1,99437.6179943766,0
850,France,Male,30,5,131692.4620987766,4,0,1,122475.46714209336,0
850,Spain,Male,39,3,41409.52365648081,4,1,1,158250.99648712052,0
517,Germany,Female,38,2,59531.542124301326,1,0,0,157680.01276375586,0
731,Spain,Male,31,1,98825.40448397688,4,1,0,152689.7829682612,0
548,Spain,Female,18,7,28593.213888992108,3,1,0,11600.0,1
586,Spain,Male,49,10,105510.67720274803,2,1,0,11600.0,0
588,Germany,Male,40,4,23281.56758999363,2,1,1,11600.0,0
694,France,Female,21,9,18298.14121463206,4,1,0,126764.67885024106,0
682,Germany,Male,19,5,204320.43069225055,3,0,0,148590.66592390492,0
529,Germany,Female,35,5,1582.1705038079565,1,1,0,151591.79304328695,0
693,Spain,Male,38,3,19250.840117933625,4,1,0,151366.0603001095,0
629,France,Male,36,8,30675.2334506479,2,1,0,112797.05594593192,0
467,Germany,Female,53,6,18617.302972416077,2,0,1,143203.16459384124,0
606,France,Female,22,9,16575.63018133015,3,0,0,188019.80155877868,1
816,Spain,Female,41,7,23155.82815932761,4,1,0,85447.54063777057,0
609,France,Male,45,6,25379.95829794176,3,0,1,136817.83384233457,0
466,Germany,Male,45,3,3714.8494667714367,3,1,0,66214.67885162348,0
731,France,Female,47,8,74636.54379299247,4,0,1,171471.76181904727,0
557,France,Male,40,1,9210.97844599278,3,1,0,18073.681495275057,0
671,Spain,Female,41,4,2094.333647973329,2,1,1,46543.0326537842,0
632,France,Male,35,1,44626.16629621688,2,1,0,92660.74498772268,0
826,France,Female,23,7,55220.49867285736,4,0,0,111472.46441455568,1
632,France,Female,42,8,71414.01084193523,2,1,1,45958.13183240993,0
535,Germany,Male,34,2,4593.941241287377,4,1,1,200000.0,0
603,Germany,Female,31,4,9420.501956777043,4,0,1,200000.0,0
527,France,Male,42,8,10064.052477604626,2,1,1,72670.40529318686,0
629,Germany,Male,43,5,45025.82456843792,2,1,0,85134.19336011236,1
826,France,Male,31,2,110237.2755664888,3,1,1,64861.43177561053,0
774,Spain,Female,41,5,61281.45586726355,2,1,0,137816.63713993985,0
850,Spain,Male,38,8,18895.470841921604,1,1,1,24743.179249346053,0
697,Spain,Female,40,10,95920.64917878112,4,1,0,180952.0375656929,1
664,Spain,Male,51,10,55401.86965408582,4,1,1,173370.94928560095,0
550,France,Male,43,9,58309.29773201132,4,1,1,136501.1637816003,0
676,France,Female,42,6,157748.28956198244,4,1,0,93514.33262254809,0
636,Germany,Male,30,3,150152.59110132058,3,1,0,22912.05805087615,1
727,France,Female,31,3,24361.37073988381,4,1,1,15299.032343547602,0
537,France,Female,43,0,50507.41040488738,3,1,0,43696.62321007976,0
655,France,Female,23,2,11283.605801800202,3,1,0,153184.0850970212,0
492,France,Male,35,8,26543.955712476512,1,1,0,155402.16459570132,1
683,Germany,Male,31,0,15969.851228878955,2,1,1,62153.57589407725,0
717,France,Female,37,1,22893.078201291213,2,1,0,165922.18465075706,1
487,France,Female,36,1,56259.06143996224,3,1,0,140310.85516104495,0
516,Germany,Male,40,7,11801.6366364254,1,1,1,11600.0,0
520,France,Female,43,5,9942.610669013187,4,1,0,63139.513901096165,0
632,Spain,Male,48,6,23848.46395167977,4,1,1,70124.11082339872,0
510,France,Male,49,10,5164.684607769288,3,0,1,157579.29632050483,0
787,Germany,Female,36,3,84071.87522226696,2,1,0,122723.46983346264,0
693,France,Male,33,10,159101.39647607654,3,1,1,175743.22743969533,0
709,France,Male,31,3,80807.2048731746,1,1,1,183213.7220281214,0
491,France,Male,35,3,37901.14780514567,2,0,0,157042.80758786493,0
779,Germany,Male,29,5,56063.85614010937,4,1,1,98304.60912681746,0
714,Spain,Female,43,3,81886.30979642134,4,1,0,105004.4317971048,0
581,Germany,Male,49,0,3533.377841602904,3,0,1,124543.97656948304,1
495,France,Female,23,0,27074.895519741684,1,0,0,85155.85513911769,0
642,France,Female,39,7,7761.421633186461,1,0,0,11600.0,1
603,France,Male,54,1,4756.373909917977,1,1,1,139838.358318931,0
607,France,Male,24,8,71142.32822721462,1,0,0,122176.93952322064,1
579,France,Male,53,9,97621.36545048408,2,1,1,171493.13445967512,0
722,Spain,Female,30,7,4375.802491679491,1,1,1,36735.65611393796,0
389,Germany,Male,32,0,9849.540059675825,3,1,0,46580.46504246043,0
792,Germany,Male,45,9,12475.733364409409,1,1,0,200000.0,1
749,Germany,Male,44,10,97229.13569563752,4,1,1,11600.0,1
671,Spain,Female,37,7,122420.42320982902,2,0,1,36154.159784146366,1
635,France,Female,31,8,72403.18550366073,2,1,1,128910.7445248306,0
758,Spain,Female,26,3,79574.1916999095,3,0,0,11600.0,0
645,Spain,Female,38,6,20979.912103618462,4,1,0,31935.01812104463,0
622,France,Male,36,3,26239.020646345863,3,1,1,124025.00333189942,0
763,France,Female,31,2,16459.191832494314,3,0,0,63558.158155313606,0
850,Spain,Male,36,10,158958.87410325042,3,0,1,79056.47407787538,0
552,Spain,Male,41,0,65034.54217599342,1,1,1,115298.196043077,0
692,France,Female,49,1,20877.82684226765,1,0,0,141669.80882924126,1
541,Germany,Male,40,6,7290.339139516373,1,1,0,145130.22580394745,0
700,France,Male,37,5,10833.832029481802,3,1,1,105965.99063119324,0
572,France,Female,30,7,11413.057385183243,3,1,1,111158.2337845045,0
771,France,Male,31,10,47701.071254692586,3,1,0,183390.14536722575,0
639,France,Male,41,2,116629.71566025051,1,1,1,142613.4632594838,0
654,Germany,Female,41,5,101505.05273092727,1,1,0,148063.4601511553,0
813,Spain,Male,36,5,3613.3502460043023,3,1,0,110799.72394688713,0
576,Spain,Female,48,1,61731.356509362166,3,1,1,138009.09051989438,0
718,France,Female,39,0,9177.284207657518,1,0,0,142849.35035415262,1
586,Spain,Male,34,1,18579.17032658131,3,1,1,48139.19949159824,0
769,France,Male,32,8,39241.93182908134,1,0,1,98118.86921110224,1
828,France,Female,31,5,91916.8364581612,1,0,0,15692.527771084802,1
623,Spain,Female,43,2,13508.188322929234,3,1,1,167454.84617709182,0
430,France,Male,32,9,103506.36366606625,3,1,1,11600.0,0
581,France,Male,40,6,66352.44923165468,3,0,1,126908.64046457745,0
850,France,Male,30,0,56083.27338937916,4,1,1,161442.99034661442,0
590,France,Female,37,7,7130.323575977483,4,1,1,20685.154101842894,0
827,Spain,Male,38,9,32144.18190993711,4,1,1,30395.999156430746,0
589,Spain,Female,62,6,16088.072552621195,2,1,1,104517.92823543574,0
586,Spain,Female,25,2,44353.94515103091,2,0,0,15360.078240082556,0
727,Spain,Female,47,3,55981.48963505858,4,1,1,103633.50259278476,0
715,Germany,Female,31,10,3380.089967990084,3,1,1,200000.0,0
735,Spain,Male,52,6,51667.495275548514,4,1,1,101993.64170212467,0
650,France,Male,32,3,34469.24089087757,2,1,1,165824.8716047545,0
753,Spain,Female,49,4,91221.8740323794,1,1,0,120339.6785316852,1
746,France,Male,41,0,78815.5088008937,4,1,0,132192.3104444999,1
764,Spain,Male,25,4,26634.15115985252,1,1,0,11600.0,0
587,France,Female,40,9,186913.3092728211,1,0,0,92177.4140874091,0
753,Germany,Male,44,9,44204.28344597825,4,1,0,140298.6245674512,0
597,Germany,Female,44,3,165721.36039211068,1,0,0,160936.25794838724,1
634,Spain,Male,36,2,63517.02503268845,1,0,0,192223.11577627665,1
632,Spain,Male,64,8,26174.519918875765,4,1,1,62234.97467380132,0
550,France,Male,58,0,13314.193507350556,4,1,1,79039.35423209505,0
476,Germany,Female,42,9,31312.645714147995,1,1,0,70023.00314603545,0
772,France,Female,25,4,137481.27841959815,1,1,1,62066.81434243325,0
579,France,Male,28,9,6976.142120455231,1,1,1,122344.69619415145,0
623,France,Male,36,1,30838.660902864696,2,0,0,111394.59922344908,1
576,France,Female,38,4,21299.80565699604,2,0,0,147428.31679736613,0
624,Germany,Male,30,4,100973.22498946651,3,1,1,11600.0,0
599,Spain,Male,33,9,81496.85603577076,4,1,1,68857.6835915651,1
777,Spain,Male,19,10,40163.53964698277,1,0,1,194164.609293212,0
590,France,Female,18,0,26812.99737888384,1,1,0,111756.22964817828,1
821,France,Male,39,3,57629.17216506328,1,1,1,84810.0867326649,0
763,France,Male,54,6,152968.0780634388,2,0,1,134757.81946977423,0
602,France,Female,23,0,5332.601193754888,4,0,1,39597.99216321484,1
681,France,Male,36,9,114546.38585362468,3,0,0,173943.50867987837,0
701,France,Female,38,1,17423.32863552827,2,0,1,81186.03583565689,0
734,Germany,Male,42,3,211.28640062108263,4,1,1,11600.0,0
744,Germany,Male,33,9,67546.72414891081,1,1,1,177217.63350200097,0
668,Germany,Male,27,1,77658.79199633152,4,1,0,164056.54688962016,0
554,France,Female,45,1,18174.82209853246,2,1,1,75788.07359751333,1
714,Germany,Male,19,0,75354.7199871344,2,0,1,166148.99348857702,0
626,Spain,Male,42,1,79978.93282641245,2,1,1,148170.62226268812,0
371,France,Female,30,2,56243.28156689763,2,1,0,186770.6739954093,1
689,France,Female,41,3,1970.341531927428,1,0,0,94776.74139797984,1
576,France,Male,50,0,55043.53009905688,1,0,1,110729.39210647122,1
604,France,Male,32,0,134711.67507318448,2,0,0,195616.63939100457,0
650,France,Male,35,6,48420.69352602626,1,1,1,11600.0,0
494,France,Female,34,4,22858.197599022016,2,1,1,85847.83629871022,0
663,France,Female,61,6,41446.2251626234,3,0,0,165442.58940345197,0
618,France,Female,37,9,249145.35631311577,4,0,0,36886.20736491077,1
562,Germany,Female,37,8,31988.10666239941,3,1,1,109933.13069757853,0
654,France,Female,38,0,92116.02996231132,1,1,1,74867.76169111519,0
480,Germany,Male,52,7,7455.998010021275,1,0,0,29211.07552352756,1
657,France,Male,32,9,2906.933736769088,4,1,0,76566.25650627463,1
697,France,Female,46,3,24726.93509883552,1,0,1,111155.76088244448,0
680,Spain,Male,31,8,7411.810811888109,2,1,0,151254.47672325824,0
728,Germany,Male,30,1,20063.261647839,4,1,0,200000.0,1
766,France,Male,42,8,62838.41769535534,3,1,1,69729.93437001156,0
641,Germany,Female,51,7,29483.33753573657,3,1,0,132367.8020323453,0
759,Germany,Male,35,5,19372.48719203634,1,1,1,173857.68934593356,0
641,France,Male,35,4,111052.06226225042,3,1,1,121485.52804989672,1
580,France,Female,45,2,473.677908286199,1,1,0,44761.240132158826,0
610,Spain,Male,38,0,84108.05098417726,1,1,0,166395.66222178692,0
676,France,Female,45,5,48546.42688003537,3,1,0,182888.001717638,0
758,France,Male,22,9,2378.4702774999105,3,0,1,142153.6535732746,0
650,France,Female,28,4,1737.5497030974504,2,1,0,77464.0125280034,0
582,Spain,Male,38,7,9431.104454642678,1,1,1,95180.5896013802,0
794,Spain,Female,43,0,189503.26325105023,2,1,1,11600.0,1
506,Spain,Female,37,9,4480.314341074838,2,1,0,115157.28798709158,0
583,Spain,Female,39,0,67134.11855136201,4,1,1,161369.72332432558,0
739,Spain,Female,45,6,25674.13728593698,3,1,0,33738.79774835761,0
826,Germany,Male,26,7,13501.647155834977,3,1,1,103067.31814385312,0
698,Spain,Female,45,9,42783.83432531522,3,1,1,66275.6556253425,0
674,Spain,Female,49,0,22958.154872054394,2,1,1,179092.29858822067,0
620,France,Female,35,8,18566.39472629997,4,0,1,147135.39365029387,0
704,Germany,Female,30,6,13696.997940117975,3,1,1,161643.60713154636,0
662,Germany,Male,47,6,30607.6166220561,3,1,1,103879.69797993898,1
574,Spain,Female,56,7,9292.688519912468,4,1,1,129040.0349595912,0
619,Spain,Male,40,7,95509.47858873414,1,0,1,34380.451151448404,0
563,Spain,Female,30,0,44792.88958625582,4,0,0,102074.99884293364,0
651,Spain,Male,38,3,3247.276342660235,4,0,0,53934.64336093959,0
666,Germany,Male,30,10,30536.31009334268,3,1,1,52483.62368056568,0
813,France,Female,46,8,49657.2864374203,1,1,1,37229.39592364004,0
590,France,Female,38,2,98884.16073950766,2,1,0,25283.855527044507,0
631,Germany,Female,29,5,1187.9846442131172,1,0,1,63578.80497237241,1
775,France,Female,40,3,30465.623057344947,3,0,0,118940.1177755602,0
830,France,Female,32,0,61181.72313142606,1,1,1,97249.39749199948,1
697,France,Female,25,2,10915.750768063592,3,1,0,200000.0,0
624,Spain,Male,46,2,12509.416911982693,4,0,1,168645.6315407437,1
602,France,Female,41,2,33635.25385769753,4,1,1,137051.1783701109,0
465,Spain,Female,34,10,107921.91338476403,4,1,0,123128.11910080646,0
557,Spain,Female,51,5,25397.42867390185,2,1,1,72953.54381106423,1
660,France,Female,31,8,33129.58217359884,4,0,0,163745.92705248998,0
631,France,Female,34,6,50496.875433044384,1,1,0,75017.00521641696,0
712,Spain,Male,42,6,18610.06618975296,4,1,1,128560.53214492998,0
630,Germany,Female,47,0,100902.64225073384,3,0,1,197535.06689743447,0
577,France,Male,42,8,163324.00230934427,3,0,0,44675.86872209048,0
684,France,Female,33,3,52535.03611417776,1,0,0,58535.07976798841,0
850,France,Male,36,7,50871.36836182704,4,1,1,27119.901969279017,0
618,France,Female,32,0,55974.043737587774,4,1,0,11600.0,1
663,France,Female,35,7,10777.190769600043,1,0,0,104465.44337800902,0
734,France,Female,36,8,65907.94620294299,2,1,0,145866.4804357917,0
592,Germany,Male,43,4,21307.171816768307,3,1,1,152343.46404674524,0
777,Spain,Male,32,6,250000.0,3,1,1,68323.36931033357,0
492,Germany,Female,48,10,69750.14053297677,4,1,0,142213.30086031792,1
609,Spain,Female,38,9,43825.44910660225,1,0,1,175664.9661959182,0
618,Spain,Male,30,1,121654.98082709336,1,1,1,168274.62174604143,0
665,Germany,Male,42,0,175394.97013493412,4,0,0,27040.405150776656,0
452,France,Male,37,10,85207.89994275503,2,1,0,71626.14902828383,0
785,France,Female,34,5,70651.89111905951,1,1,1,104802.493877705,1
691,Spain,Female,53,8,3128.7166188189185,1,0,0,71963.4574820078,1
762,Spain,Female,35,0,61211.4990514435,2,1,0,48252.8694259016,0
811,France,Female,34,9,20455.1900658116,1,1,0,184107.88391253352,0
575,France,Male,48,0,132900.82217150155,4,1,0,74883.25396441805,1
400,Spain,Female,44,3,47306.98660320909,3,1,1,76998.0094844169,1
764,France,Male,46,9,23153.66178600332,3,1,1,147313.2129068954,1
621,France,Male,33,5,20698.41825878696,4,1,1,63020.16645193245,0
536,Spain,Male,41,8,40465.107905950965,4,1,0,87566.46786812328,0
707,Germany,Male,25,1,33814.300755911354,4,1,0,33800.091341919644,0
850,Germany,Male,19,4,24786.591982237955,2,1,0,155472.02649052872,1
639,Spain,Male,33,6,11688.345124847445,4,1,0,124230.82137960385,0
745,Germany,Male,39,3,79597.66756991894,2,1,1,200000.0,1
551,Germany,Male,63,5,28406.048576242072,2,1,0,107701.06352243046,0
481,France,Female,51,5,5206.71768599308,4,0,1,193567.64705056604,1
741,France,Male,28,3,4463.622013984958,4,1,0,103841.92807666588,0
704,Spain,Male,47,3,13598.0718417493,1,1,1,137936.9345877392,0
603,France,Male,25,8,40173.721508924136,1,1,1,138492.1932925665,1
820,France,Female,54,10,8007.163405546676,3,0,1,145874.48171062366,0
473,France,Female,33,0,12104.66327187658,2,1,0,135022.3118610228,1
526,France,Female,33,4,34827.97153409896,2,1,0,121300.88343998585,0
595,France,Female,49,10,12279.709123211776,2,1,0,117618.62604449345,1
614,Germany,Male,33,8,97619.073647128,3,0,1,157353.4539620499,0
796,France,Male,56,8,44580.94973675273,2,0,0,95127.31237650996,0
654,France,Male,33,8,4486.745880669817,3,1,0,87953.69590066028,0
630,Germany,Female,47,1,7534.504701125279,2,0,1,64102.01121283288,0
522,Spain,Female,40,6,10856.461297050131,3,1,1,91330.91017184332,0
758,France,Male,45,9,49698.3370559193,3,1,1,142954.48677629273,1
536,Germany,Male,28,7,5582.926543832905,1,0,0,109306.56732542648,1
522,Germany,Male,20,0,2212.7333741617435,4,0,0,163020.99332211004,1
609,Germany,Male,29,1,65182.36159080511,3,1,1,75345.10002642185,1
666,France,Female,34,0,32516.519570114066,4,1,0,85151.36250454104,0
577,Spain,Female,37,8,94455.3137373776,2,1,1,41699.272540274826,0
720,Germany,Female,34,9,78717.49160516611,4,1,0,141608.6755493144,1
621,Spain,Male,18,10,15976.370102765111,2,1,0,11600.0,0
755,France,Male,32,4,10675.707668133664,4,1,0,177299.08014786057,0
700,Germany,Female,39,3,36315.5043021452,3,0,0,162505.38651796622,1
829,Spain,Female,36,7,4174.739919454467,3,0,1,187241.7173849285,0
605,France,Male,35,2,50100.84057556248,1,1,1,120460.19314565722,1
734,France,Male,34,7,612.7094494215407,3,0,0,200000.0,0
471,Germany,Female,39,2,81254.29012933164,4,1,1,164540.52676786284,0
850,France,Male,28,5,110681.67270680856,4,1,0,157003.29126177888,0
729,Germany,Male,36,3,250000.0,1,0,0,125483.96964116069,1
620,France,Male,34,7,21087.904416413578,2,1,1,23235.144692025468,0
624,France,Female,26,6,41268.402585330114,4,1,1,100632.88474080082,0
625,Germany,Male,37,4,99374.60370225809,4,1,1,81400.99779724664,0
834,France,Female,19,2,31007.756235941222,1,0,0,90815.0389885262,1
739,Spain,Male,32,4,19968.58855827385,3,0,1,96488.43829619032,0
605,Spain,Male,42,3,2502.867828532269,2,1,0,143728.02923921988,1
526,Germany,Female,43,7,25049.822348033173,4,1,1,106734.18241769916,0
769,Spain,Female,39,10,4108.862929271511,4,1,0,36910.531701478816,0
733,Spain,Female,41,4,22548.97126656358,3,1,1,17560.00428022472,0
720,France,Male,45,9,21005.99888110801,3,1,0,139826.12537705325,1
641,Spain,Male,40,9,52089.96986123897,4,1,0,51678.065964768255,0
620,France,Female,50,4,22791.363208346844,2,0,1,11600.0,0
818,France,Male,18,1,24239.27017130691,1,1,0,102830.3629948036,1
827,Germany,Male,47,8,16868.17818129759,1,1,1,131567.02618097304,0
714,Germany,Male,18,5,46822.30439754493,1,1,1,104237.49182065958,1
746,France,Male,32,10,24661.57670587773,1,1,1,64122.482652722494,0
673,France,Male,46,0,148394.20983088686,4,0,1,200000.0,1
513,Germany,Female,45,2,111267.97781343572,4,1,0,32690.45810319799,1
552,France,Female,29,3,13519.421115364594,1,1,1,126491.56888414572,0
764,Spain,Female,38,9,25873.40374597685,1,0,0,131642.4552019131,1
777,Germany,Female,33,9,50335.74578948756,2,1,0,114097.4725482343,0
755,France,Male,47,1,822.3064831009746,4,1,0,126243.38065481812,0
684,France,Male,38,10,12900.4609831814,3,1,0,157931.5580210243,1
759,Germany,Female,32,9,16775.720576148124,2,1,0,65398.69787137423,0
644,France,Female,42,3,25741.42837834996,4,1,0,128464.57517283052,0
712,France,Male,44,1,110052.11394547625,4,1,0,91546.65955956304,0
629,France,Male,37,5,5064.387379559257,3,1,0,54096.77238252934,0
544,France,Male,45,9,3405.006293349561,2,1,1,39212.084000423645,0
736,France,Male,54,8,54594.48464982845,3,0,1,83182.4873161625,0
777,Germany,Male,18,0,22666.70174611161,3,0,1,124137.1489122147,0
850,Spain,Male,51,4,9783.750915487435,2,1,0,87957.5148067527,0
676,Germany,Female,53,8,60500.51997343391,1,1,0,132862.66225840364,1
545,Spain,Male,43,10,13915.673967144545,3,1,1,137821.42589861422,0
617,France,Female,35,6,41694.05405000108,4,1,0,89611.8527655073,0
636,France,Male,23,10,26276.36502372563,2,1,1,128506.20573752574,1
664,Germany,Female,39,5,22409.45588187952,3,1,0,200000.0,0
697,Germany,Male,34,6,63852.57072153698,4,1,0,159313.32883313322,0
686,Germany,Female,25,8,47519.39474705448,1,1,0,11600.0,0
727,Germany,Male,32,2,36061.074548379336,4,0,1,200000.0,0
669,Germany,Female,38,7,6853.153216849016,3,0,0,141658.21972560586,0
427,France,Female,41,0,44051.07647333438,4,0,0,51296.52883795112,0
672,Germany,Male,28,9,59004.99581357567,1,1,0,72923.46120418425,0
658,Germany,Male,18,5,84315.789079732,4,1,1,170370.17279831885,1
705,Spain,Male,36,8,17791.270603085755,4,1,1,132907.65976538474,0
613,Germany,Male,29,0,15347.4016123062,4,1,1,139383.77673472406,0
672,Germany,Male,34,4,69069.8296184321,3,1,1,49404.983679285295,0
705,Germany,Female,18,7,31504.270407224667,1,1,1,87544.19241084448,0
633,Spain,Male,35,9,26031.624644646377,3,0,1,74448.50787639995,0
717,Spain,Female,42,10,8754.63822880273,1,0,1,146526.76065967942,1
657,Spain,Female,34,5,28471.69747955422,3,1,1,104291.9427733106,0
665,Germany,Female,40,5,64754.57197401371,2,1,1,107120.4374334146,0
357,France,Male,36,2,29942.11009251491,3,1,0,108690.47761933692,0
535,Germany,Female,19,7,103072.37240719018,1,0,0,83141.02426562816,0
535,Germany,Male,39,0,210.90077116878916,4,1,0,30619.120035112806,1
671,Spain,Male,31,3,9920.502013359252,1,1,0,143969.86715000783,0
777,France,Male,25,7,47675.82650827177,3,1,0,130245.61179183915,1
638,Germany,Female,45,5,55734.29847147713,3,0,1,97315.8802733663,0
734,France,Female,41,10,16127.58835838733,3,1,0,98660.46041862882,0
714,Spain,Male,32,8,142272.08867334778,1,1,1,78876.93179206722,0
663,France,Male,37,0,20071.8973162648,4,0,0,159398.34588845156,0
707,Germany,Male,40,1,26482.60337802739,2,0,0,113529.42789127708,0
674,France,Female,22,0,187279.6564596332,2,1,1,66592.64985905087,0
635,France,Female,27,10,32618.53573950363,4,0,0,117145.51594516326,0
689,Germany,Male,28,3,47449.34225431774,2,1,1,46889.04086221754,0
794,France,Male,43,8,38845.83716679341,4,0,1,82657.34869467768,1
697,Germany,Female,54,3,9770.649428343952,1,1,0,111308.888167148,1
671,Spain,Male,44,8,238391.4423878708,1,1,0,125471.90484804918,1
562,Spain,Male,40,5,3044.492011579201,4,1,1,65412.62056352803,0
791,France,Female,28,4,205206.4576637294,2,0,1,75892.09015952754,0
509,Spain,Male,46,9,31555.18579085369,2,1,0,101887.09059721133,1
479,France,Female,35,3,10511.761666987442,1,1,1,38758.02586900605,0
687,Spain,Male,28,9,9131.9280159853,1,1,1,46297.00742096405,0
561,Spain,Female,46,1,53294.6945548047,4,0,0,84233.74529187974,0
758,France,Female,52,7,62033.20254904062,4,1,0,33969.435337669245,0
481,France,Male,46,2,114480.7310462141,1,0,0,90335.68674783972,0
746,France,Female,62,0,13493.359404346516,1,1,0,109041.01105485173,0
732,Spain,Male,31,10,28388.44673782951,1,1,1,36408.94079554087,0
661,France,Male,34,9,177354.88032873216,1,0,1,104977.52479927664,0
440,Germany,Male,30,6,27931.04438743959,2,1,0,11600.0,0
477,Germany,Male,30,7,30770.55934038309,1,0,0,97840.15702948904,1
673,Spain,Male,52,6,17021.151046246094,3,1,0,96176.13520177326,0
626,Spain,Female,27,3,102378.2047679086,1,1,1,92550.26178264208,0
722,France,Male,33,7,22755.505215363235,1,1,1,179758.49344743777,0
643,Germany,Male,51,9,50467.034757155605,2,1,0,171607.52458247682,1
634,Spain,Female,42,3,10081.294607094524,2,1,1,26572.24341775215,0
407,Spain,Female,28,4,47822.143485653854,1,1,0,116527.11017611572,1
732,France,Male,38,7,135878.5906340199,1,1,0,66063.7988468743,0
585,France,Male,22,1,74991.41131276732,3,1,0,145696.92518247332,1
610,France,Male,36,9,3504.622660554104,2,1,0,74882.77679305049,0
543,France,Male,39,7,50251.14159176483,4,0,1,135612.07770395282,0
495,France,Female,40,4,40898.4823459074,4,0,0,121147.00678680492,1
797,France,Male,57,4,20667.900772261823,2,1,1,79537.68867759818,0
729,Germany,Female,46,6,92480.82757374948,4,1,1,81655.68995181765,0
731,France,Female,27,3,78440.647187998,1,0,1,125037.74661773612,0
628,Germany,Female,40,2,52292.372945252886,1,1,0,112568.86259846564,1
476,France,Male,38,5,68164.40558740872,4,1,1,29450.56143065756,0
850,Spain,Female,57,5,10731.64591654466,3,1,0,200000.0,1
692,Spain,Female,34,9,126515.35428698036,4,0,0,136149.57452903537,0
663,Germany,Female,40,5,55135.86974880871,3,0,1,111010.20993043692,0
614,Spain,Female,41,6,31538.424774983538,4,1,1,141937.36702652945,0
445,France,Male,28,3,10728.28900182134,3,1,1,37336.57655586032,0
764,Spain,Female,23,2,57405.36428653635,3,0,1,30406.5635621517,0
544,France,Female,36,2,5085.969155544574,3,1,1,15686.373638662248,0
704,France,Male,45,2,19264.576140334557,1,1,1,11600.0,0
727,France,Female,25,1,42640.16839693165,4,0,1,108420.28575637923,0
683,Germany,Female,38,5,51936.3601321158,1,1,0,79415.49581190739,1
696,France,Female,32,0,874.1052446320487,2,0,1,111472.9425956036,0
784,Germany,Female,19,5,442.451217954369,2,1,1,95611.47796684517,0
570,France,Male,41,7,5908.868814375147,2,1,1,167250.5201461545,0
666,Spain,Female,43,5,73121.85617015936,1,1,1,97095.06451000368,0
627,Germany,Female,45,1,41862.71668136752,2,1,1,11600.0,0
466,France,Female,46,6,46877.48910803161,2,0,1,66368.39755293971,0
678,France,Female,38,2,46245.025454103314,3,1,1,200000.0,0
775,Spain,Male,43,8,1875.6068316153312,4,1,1,48894.274476367806,0
787,France,Male,40,10,9453.98585482774,3,0,1,130928.4029030467,0
835,Germany,Female,18,7,65073.0946035444,4,0,1,162602.11552674876,0
472,Germany,Female,24,5,51883.114154534735,2,1,1,117059.09820970683,0
812,France,Male,31,0,29465.50400189141,3,1,1,20580.780927783853,0
668,France,Female,39,1,1030.5242698152597,2,1,1,93458.088172307,0
810,France,Female,41,7,26965.064851696898,3,1,0,11600.0,1
610,France,Female,45,5,14247.900819042728,4,0,0,148604.966641169,0
596,France,Female,45,0,59745.57284953156,1,1,0,100932.35084608952,1
528,France,Male,40,8,87056.24168276785,1,1,0,200000.0,1
727,France,Female,43,7,35039.4731544516,1,1,0,133853.2681891453,1
701,France,Female,54,1,25835.947225453816,2,1,1,11600.0,0
538,Spain,Female,43,9,15944.35491003988,2,0,0,78642.77528039478,0
433,Germany,Female,38,4,4859.188307130747,2,0,1,11600.0,0
691,Spain,Male,43,2,23240.721241453757,3,1,1,185546.6807527659,0
702,France,Female,47,0,56665.15876366037,2,1,0,27394.978114568978,0
551,France,Female,54,6,54842.33678983394,4,1,1,153238.4079587226,0
531,Spain,Female,28,8,26617.57564752644,2,1,1,144023.24021937145,0
715,Germany,Female,22,10,169037.95527513433,1,1,1,65180.34484232343,0
835,France,Female,41,6,140732.88049563294,2,1,0,168044.48714745522,0
600,France,Female,24,2,104233.06597077029,4,1,0,107577.03003482544,0
562,Germany,Female,36,5,28617.16481040232,3,1,0,200000.0,0
679,Spain,Male,57,2,68625.90867312074,4,0,0,21065.27943273593,0
713,France,Male,39,3,132253.6407929945,4,1,0,175713.90056410886,0
613,Germany,Male,39,0,66901.3072516906,1,1,1,135157.0631751845,1
850,Germany,Male,34,1,18972.372842918747,1,1,0,51979.45375766876,0
740,Spain,Female,54,0,3521.551983362875,4,1,0,181867.49840367617,0
611,Spain,Male,43,9,158519.0925293894,3,0,1,56980.93104716087,0
490,France,Female,34,1,244152.85714617308,2,1,1,182364.2420237745,0
781,Germany,Female,53,3,59149.89387226609,1,1,0,39465.37437066653,1
769,Spain,Male,40,5,18942.594307723703,4,1,1,121661.60910603552,0
619,Germany,Male,34,10,100134.66313364069,1,0,1,109541.77904117956,0
685,Spain,Male,18,7,153366.19049178896,2,1,1,200000.0,0
634,Spain,Female,40,9,35305.83746853423,3,1,0,99156.44569407227,0
702,France,Male,34,8,18672.839683739607,2,0,0,11600.0,1
547,France,Female,35,9,26074.088638056222,3,1,1,83999.97139803227,0
533,Spain,Female,35,6,3835.8494939089614,2,1,1,28089.75567229369,0
731,France,Female,20,3,41697.30801450725,1,1,1,200000.0,1
743,France,Male,64,6,23809.414989944937,2,1,1,93023.31443185153,0
600,France,Male,32,0,107941.83388244704,4,1,1,47817.57425758165,0
575,Spain,Male,45,10,16117.288165511794,2,1,0,77259.76928795749,1
764,France,Male,36,9,420.27807409669856,4,0,1,200000.0,0
578,Germany,Female,18,10,66810.97942141572,4,1,0,198204.5552530297,1
655,France,Male,37,10,371.7964656504825,1,1,0,133474.97146265258,0
642,France,Male,40,5,39479.72184551898,4,1,0,46720.0948466299,0
503,France,Male,33,0,9999.371536288676,1,1,1,101031.8969953954,0
669,France,Female,53,7,47141.89629626004,3,0,0,44467.31035694115,1
659,Spain,Male,56,3,11025.119116878315,3,1,1,134892.50840540786,0
686,Spain,Male,41,7,34845.423834628986,2,0,0,43358.86832310937,0
665,Spain,Female,43,7,20403.59037693932,2,0,1,163303.0679992026,0
850,France,Male,27,1,10078.576617633638,1,1,0,58012.835581963926,0
766,Germany,Male,27,5,46631.49129247767,1,1,1,103556.5470711034,1
653,France,Male,32,9,4289.8043590725365,2,1,0,122969.050371017,0
663,France,Female,59,3,141626.4819004116,2,1,1,88419.43488764347,0
826,Germany,Male,33,2,75283.08417788657,2,1,1,151604.4425052168,1
736,Germany,Male,52,8,123768.19115494048,4,0,1,103173.05837688208,1
527,France,Female,31,9,2169.768074159942,3,1,0,93881.53358967487,0
744,France,Male,29,8,107.0999186283094,2,1,1,112067.02367350088,0
774,Spain,Female,33,1,22152.768401338195,4,1,0,115473.10786068908,0
811,France,Male,33,4,47944.32670262908,1,1,1,139871.0983806831,0
609,Spain,Male,31,9,14011.863005046116,2,1,0,11600.0,0
602,Spain,Female,54,9,39850.52735328874,1,1,1,160739.53487804288,1
555,Germany,Female,38,6,46570.42517722638,1,1,1,65723.78570638006,0
680,France,Male,37,8,8221.743761981339,3,0,0,15747.78519301802,1
723,Spain,Female,39,7,73239.27039269825,1,0,0,27926.49221907431,0
598,France,Female,48,9,137724.9822297893,4,1,0,180836.3843925764,0
635,France,Male,39,3,51100.30625730676,3,1,0,135804.40218936454,0
444,Spain,Female,42,2,147680.38604077126,2,1,0,11600.0,0
800,France,Male,49,0,14127.018564383445,4,0,1,107032.75390035832,0
493,France,Male,28,0,1859.8941498459812,1,1,1,71410.73718219223,0
687,Germany,Male,30,8,14213.434578330369,2,1,1,95877.97167457468,1
673,Germany,Female,40,3,52222.00954996808,2,1,0,11600.0,0
654,France,Male,31,7,45519.77227496061,1,1,1,127228.94031544877,0
656,France,Female,36,3,15558.158863996832,4,1,1,130660.9605658462,0
548,France,Male,27,5,26216.426842037305,4,1,0,90186.72473796048,0
617,France,Male,30,3,22914.44386574747,2,1,1,95454.48982651145,0
746,Spain,Female,50,1,150214.1845970756,1,1,0,48678.73134318419,0
776,Germany,Female,35,0,18868.52866419512,1,1,1,83692.7770616618,1
607,Germany,Male,34,7,10728.57389053338,2,1,0,171300.07226171295,0
493,France,Male,30,5,41690.9312309882,1,1,1,85249.15121598414,1
572,France,Female,30,0,6666.50502226244,3,1,1,157721.4353345771,0
835,France,Male,28,4,35450.60705210319,4,0,1,67477.12480613292,0
578,France,Female,26,2,58068.767069533766,4,1,1,111606.11746214233,0
640,France,Female,31,1,143466.5141545712,4,1,0,111845.78303971364,1
791,France,Female,37,2,111400.64906454574,3,0,0,82146.15267966913,0
597,France,Female,45,1,92010.4956978507,2,0,1,186666.59327598687,0
633,Spain,Female,38,9,25033.26873802288,4,0,0,125474.9281500269,0
729,Spain,Male,28,1,112203.70367063764,1,1,1,153697.73317750334,0
821,Germany,Male,33,0,63051.66058270183,2,0,1,51758.99737923128,0
585,France,Male,32,2,29127.454484781178,2,0,1,196775.10011756452,0
789,Spain,Male,32,2,41514.64472543338,4,1,1,83879.05524653185,0
621,Spain,Female,35,3,28644.88071526847,1,0,0,151098.8693574897,1
561,France,Male,47,2,10956.809835691916,2,1,0,74614.46633340126,0
674,Germany,Female,45,7,30045.4875775082,4,0,1,51709.7778846961,0
534,Spain,Female,54,3,82359.50182371093,1,1,1,183799.89579211216,0
697,Germany,Female,30,9,15502.386941429411,1,1,0,67267.37053162466,0
850,France,Female,27,0,51129.87559476872,2,1,1,114423.0100055211,0
760,France,Female,35,1,40290.40383153862,3,1,0,62408.58257459824,0
639,Germany,Male,50,6,126354.5383375875,3,1,0,11600.0,0
755,France,Female,18,5,68554.45047730987,4,0,1,107625.62145728598,0
556,Spain,Male,40,8,22423.178012074262,4,1,1,190954.2703808788,0
573,Germany,Female,35,5,41245.59535630677,3,1,0,51811.35823881598,0
642,France,Male,45,1,121075.18916994832,1,0,1,60136.81536364272,0
658,Germany,Male,43,7,12840.22557657212,2,1,0,109421.04910271784,0
520,Germany,Male,45,8,32168.66721784292,1,0,1,117009.08836767563,0
619,France,Female,43,4,12530.91641615601,2,1,1,66436.68141947562,1
635,France,Female,67,5,27100.717967173525,1,1,0,24108.78607342871,0
804,Spain,Male,56,3,2999.3504721168592,2,0,0,124590.55728163153,0
520,Germany,Male,47,10,104361.76986973095,3,1,1,66704.20579693577,0
511,France,Male,34,1,191397.31033256924,3,0,1,150154.91492633178,0
667,France,Male,35,4,41944.3179612481,3,1,0,47687.46538986489,0
765,Germany,Male,50,4,40380.1066489798,3,0,0,76134.41071310424,0
705,Germany,Male,50,0,155977.99117237952,2,1,1,46815.77805267351,0
680,France,Female,30,4,24981.236619388383,2,0,0,98742.65663644156,0
621,Germany,Male,19,0,48522.93442877324,3,1,1,54309.81637719485,0
717,France,Female,20,2,90780.41431284414,2,1,0,134171.00764712875,0
732,France,Male,50,10,35235.097570127306,1,1,1,90432.90994231844,0
624,Germany,Female,52,8,12519.192589243,4,0,0,113818.28556645713,0
555,France,Female,39,3,83752.58898958292,2,1,0,111142.53395144844,0
555,Spain,Male,42,8,15813.368073413109,2,1,0,41233.96165630841,0
737,France,Male,56,5,92823.19438760036,1,1,1,198571.9439565251,0
495,Germany,Male,59,0,144670.5701089921,3,1,0,173208.0079895356,0
817,France,Male,45,2,39488.37581375914,1,1,0,54679.3076749677,1
604,France,Male,38,2,2527.7097275582432,3,0,1,19515.34414026701,0
680,Spain,Male,34,3,155745.85535966285,1,1,1,90368.703262248,0
720,France,Male,36,9,88988.86935122866,3,1,1,48029.62879717872,0
581,Germany,Male,31,3,6241.853563255901,1,1,1,77879.8359128157,0
604,Germany,Male,45,7,49629.92969838923,4,0,0,80519.43833572595,0
663,Germany,Male,37,2,18961.52818797149,4,1,0,11600.0,0
564,Spain,Male,30,10,20048.512400288437,2,1,0,32966.12641119376,0
543,Germany,Female,50,3,43411.65291415207,4,1,1,25002.31080086781,0
552,Germany,Female,44,2,62218.91237386693,1,1,0,138303.27047596168,0
770,Spain,Female,41,6,564.8701651565896,4,0,1,75007.50636390541,0
689,Spain,Male,37,5,8283.416714471618,1,1,0,146742.92607046923,0
570,France,Male,43,0,116549.99365615072,3,0,0,14150.625647187291,1
737,Germany,Male,35,9,34159.05078528873,4,1,1,113876.30947299152,0
576,France,Male,66,0,33851.57732453851,4,1,0,119641.89148968016,0
454,France,Female,61,5,91727.56456265124,3,0,1,107757.62844482716,0
719,France,Male,30,2,6927.193685323648,4,1,1,136658.86918515727,0
814,Spain,Female,36,8,62529.52080778816,2,0,0,55809.07495506421,0
705,Germany,Female,30,1,35283.830440436075,1,1,1,141834.1742149759,0
461,Germany,Female,20,2,67660.17381028889,2,0,0,53585.32028350538,0
647,France,Male,56,8,56857.36432144161,3,1,0,72468.79017260068,1
622,France,Male,37,5,54903.2839363293,4,1,1,131768.39718763967,0
687,Spain,Male,28,0,96910.2523332436,1,1,1,174158.44774123142,0
565,France,Male,21,1,40012.12062321026,2,1,1,11600.0,0
616,France,Female,41,6,26199.73474665069,2,0,1,36964.31704231586,0
507,France,Male,42,5,11063.226104114634,3,1,1,110111.91318637312,0
672,Germany,Female,43,0,21077.9601113976,4,1,1,163417.5757911765,0
511,France,Male,49,9,101983.59517460394,1,0,1,11600.0,0
693,France,Male,47,1,20584.69962219589,4,0,1,11600.0,0
574,Germany,Male,26,5,211418.06150444667,4,0,1,197979.0438047196,0
350,France,Male,28,5,46823.16513136589,3,0,0,200000.0,0
729,Spain,Female,48,5,84361.26685679649,3,0,0,110837.92371919936,0
699,France,Female,32,8,33987.99019130748,1,0,0,71938.41080347839,0
785,France,Female,24,1,53146.01027270719,1,0,1,90060.62437602348,0
440,Germany,Male,25,9,227962.9033586393,3,1,1,11600.0,0
584,Spain,Male,48,9,34684.35734309567,3,0,1,98083.12070667076,0
663,Spain,Female,48,10,15282.743770471348,1,1,0,11600.0,0
707,Germany,Male,40,8,52473.57513295092,2,1,1,46889.76283131536,0
503,France,Female,29,8,126041.57245881096,2,1,1,84736.35710475071,1
693,France,Male,38,9,867.4114852611796,4,1,0,112996.43255855794,0
592,France,Male,37,8,245014.68827168216,1,0,1,159111.36557902393,0
464,Spain,Male,34,8,39323.28954371656,1,0,0,11600.0,0
574,Spain,Female,45,2,80333.18505543785,4,1,1,200000.0,0
701,Spain,Male,34,9,6290.737634203193,1,1,0,100374.56587138992,1
468,France,Male,44,8,17230.41996083862,2,1,1,15381.057739392769,0
713,Germany,Male,42,9,188960.35085815733,1,0,0,156332.17048319423,1
678,Germany,Female,24,8,16977.173123374938,3,1,0,128176.34619072838,0
624,Germany,Male,58,2,26569.70955879419,1,1,0,38126.964096314245,0
486,Germany,Female,44,3,16473.91795349114,1,1,1,42077.88495723559,0
494,Spain,Female,23,3,31599.55462679293,4,0,1,147248.56638712002,0
610,France,Female,24,3,8661.363667714748,3,1,1,63562.7098881245,0
537,France,Male,54,6,35550.05406157388,4,1,1,44136.75672732072,0
616,France,Female,40,4,17722.42034001121,1,1,1,105434.6336131808,0
740,France,Male,44,6,84403.91765762569,3,0,0,26381.399275121352,0
622,France,Female,42,5,24695.454236482423,2,0,0,196849.30186651493,0
619,France,Female,49,6,78684.30682823856,2,1,1,114041.26333736844,0
620,France,Male,50,7,51326.85581024544,1,0,1,114711.25866334209,0
751,Germany,Female,30,5,123310.66645162096,2,1,1,21092.03879043841,0
779,Spain,Female,44,8,83201.04410141088,1,1,1,59698.51397730176,0
692,Spain,Male,24,3,115691.698312826,4,0,0,162733.20490468276,0
663,France,Female,28,4,37289.65780312575,1,1,0,61222.83214202039,1
672,France,Male,35,8,122348.7794257558,3,1,0,46115.98168213234,0
792,France,Male,21,8,8405.523413687422,3,1,0,45025.59926251878,1
697,Spain,Male,31,1,4410.94270578333,1,1,0,46347.02359948491,1
802,Germany,Female,18,1,37329.70167589661,2,0,0,99878.3889317467,1
608,France,Male,38,8,87448.83946293477,4,1,1,57299.59678402929,0
516,Spain,Female,55,5,11923.98316967452,1,1,1,80415.43761336053,0
583,France,Female,39,7,173071.1777676818,2,0,0,150921.3976378055,0
593,Spain,Female,39,7,10243.18955265445,3,1,1,99454.49163487276,0
810,France,Female,35,7,61670.02312107054,4,1,0,189407.56055589303,0
723,France,Male,48,4,123325.83476934544,2,0,1,56895.26564669453,0
586,Germany,Female,38,10,168137.1101018365,1,1,0,24100.608000552704,0
730,Spain,Male,28,10,54148.55546587567,4,1,0,166477.12913844603,0
637,Spain,Female,40,9,42690.217520817605,4,0,1,113821.7014398878,0
813,Germany,Male,54,3,4762.867686199142,2,0,0,98177.65862986076,1
616,France,Male,24,2,1000.3295418108676,2,1,0,84943.39542627928,0
496,France,Female,29,3,212582.16032194448,1,1,1,47562.38644844756,1
631,Spain,Male,37,7,16035.556990850322,3,0,1,11600.0,0
616,Germany,Male,35,3,3749.116221421343,4,1,0,150682.55254060694,1
515,Spain,Male,43,7,38661.41409806659,1,1,1,152491.44963616927,0
708,France,Male,29,7,18741.765897719724,3,1,1,41480.996702475095,0
792,Germany,Male,33,0,22126.719954034645,2,0,0,17403.85215814662,0
537,France,Female,39,10,21829.48058090465,3,1,0,62220.88702168177,0
747,Germany,Female,39,10,14296.804653678006,2,1,1,16229.0462929504,1
589,Spain,Male,65,8,171603.1449111002,3,1,1,172477.33471461874,0
647,Germany,Male,46,2,15409.261214281549,1,0,1,29252.1286756136,0
637,France,Female,23,5,40714.88569934418,2,1,1,147475.9691880498,0
647,France,Male,28,2,13631.42688034363,4,1,1,48104.39918460968,0
697,France,Female,25,8,71744.86190457776,1,0,1,145080.33351625322,0
547,Spain,Male,55,0,13004.522490422469,1,1,1,129443.35077634588,0
779,France,Male,28,6,47680.81603716945,3,0,0,191297.37850333552,0
700,Spain,Male,44,4,89776.27906429172,1,1,0,30943.498879516323,0
733,Germany,Female,43,2,15847.454096100122,3,0,1,26700.56548590539,1
571,Spain,Female,24,10,81289.05076133889,3,1,1,62138.58919992582,0
538,Spain,Male,34,6,4852.393970092346,2,1,1,200000.0,0
768,Germany,Male,36,0,6187.836184774924,1,0,0,55981.91718398732,0
534,Spain,Female,23,5,25589.95421462642,1,0,0,96376.32189203092,1
664,France,Female,56,6,26121.83362879832,4,1,0,110811.7555817348,0
751,Germany,Male,40,8,36333.18263980276,1,1,1,80486.57551615748,0
637,Spain,Female,54,8,1198.6594043199214,4,1,0,164097.60624424406,0
767,France,Female,61,6,6229.4453833026655,1,1,1,97780.31718117704,0
622,Germany,Male,40,4,516.4064473908602,3,1,1,162156.44641335434,0
522,Spain,Male,42,6,154526.5496178451,4,1,1,192703.3174652024,0
687,Spain,Female,31,10,18796.49466851645,3,1,0,111825.99764141964,0
669,France,Male,52,0,58248.83100295771,4,1,0,79987.2038767302,0
850,Germany,Female,38,6,46880.90626602044,1,0,1,132496.71394963513,1
555,France,Male,34,9,64496.27771005002,4,1,1,168201.19585563662,0
624,Germany,Female,31,3,107215.95293354108,3,1,0,65346.75114284293,1
576,France,Male,39,1,13273.069581337244,3,0,1,143595.51460020524,0
635,Germany,Male,45,5,27734.6975512294,1,1,1,108801.27441960854,0
631,France,Male,41,6,19907.91887969436,3,1,1,102127.26686608246,0
562,France,Male,43,10,4303.226813033154,1,1,1,11600.0,0
696,France,Male,36,6,1622.313834254618,2,0,1,150236.22961604502,0
628,France,Male,44,7,72363.67522078536,3,0,1,107434.47510634211,0
784,Germany,Female,43,4,6918.72535530292,2,1,0,101005.40955849287,1
585,Spain,Female,51,9,774.1629499545854,2,0,1,59144.63151816775,0
836,France,Female,47,10,28849.15025821028,4,1,0,14519.116957497785,0
677,France,Male,40,9,19450.103318184923,2,1,1,45492.7597130082,0
777,France,Male,43,10,3419.690412460398,4,1,0,45892.49031671176,0
661,Germany,Male,27,7,2648.5017994108352,3,1,1,172177.6879359748,0
571,France,Female,51,3,122182.17987355532,1,1,0,49773.233904627225,0
623,France,Male,36,9,140399.17085254085,1,1,0,67157.90359636054,1
511,France,Female,37,0,32917.05490668603,4,0,0,132193.55427549095,0
638,France,Male,34,7,94287.49132103471,4,1,0,180251.69041909088,0
667,France,Female,30,3,80495.118986262,2,1,0,123641.6215416174,0
654,France,Male,30,4,43298.07542906348,4,0,1,200000.0,0
783,Germany,Male,28,3,69475.5834997231,2,0,0,166377.93218444154,1
635,Germany,Female,36,6,133351.208092779,2,1,0,156232.667359279,0
460,France,Female,47,9,41770.72821058372,4,1,0,143986.33498757822,0
850,Germany,Female,38,2,35838.112422278406,2,1,0,141117.16590403934,1
580,France,Male,45,1,177.49544018708278,3,0,0,46806.363557871766,0
746,Spain,Male,43,9,39059.83668736399,3,1,0,53709.833883363695,0
499,France,Female,34,1,85050.5117727726,4,0,1,102745.83227432908,0
674,Germany,Male,51,6,71795.96920264316,2,0,1,200000.0,0
570,Germany,Male,48,10,51894.177895548906,4,1,1,56490.11311318931,0
367,France,Female,47,9,1244.5995698389193,3,0,1,76958.48737222847,0
621,Spain,Female,43,5,129756.93151206698,2,1,0,54545.7770383465,0
644,France,Female,35,1,28027.584423147797,4,1,0,108953.6427647316,1
628,Germany,Female,35,7,42377.30316264755,1,0,1,121987.50861484327,0
674,France,Male,38,5,25352.360982793136,2,1,1,68988.84494528314,0
623,France,Male,52,7,21453.02502186409,3,1,1,134560.8372839925,0
656,Germany,Female,50,5,35728.128626116115,1,1,1,119003.53223895078,0
667,France,Female,24,3,34130.02921731905,3,0,1,50211.56593637524,0
646,France,Female,41,7,22035.02525266132,3,1,0,180389.22100720444,0
632,France,Female,18,3,81444.8422281174,4,1,0,112631.94481017828,1
560,Germany,Male,34,5,2597.0602939305263,3,1,0,200000.0,0
709,France,Male,32,4,6222.782906300749,1,0,0,174970.57159142804,0
621,France,Male,44,3,4307.296819407944,4,0,0,104780.84960658426,0
613,Germany,Female,28,6,41619.64389041679,4,0,0,85114.4293910994,1
701,France,Male,23,7,26595.359782934265,2,0,0,191260.59956211213,1
671,France,Female,34,5,30078.02244700412,1,1,0,63692.53343111613,0
580,France,Male,38,0,42989.33173813504,1,1,1,23198.46439969346,0
775,France,Male,21,6,19575.753592827947,3,1,1,92642.6025801176,0
531,France,Male,50,3,10113.54551249337,4,1,0,11600.0,0
546,Spain,Female,36,1,18324.15437537133,1,0,1,114965.47139952086,0
716,France,Male,39,2,250000.0,1,1,0,107019.11914770192,0
825,France,Female,50,9,152550.38656861606,3,0,1,35160.391076320215,0
592,France,Male,31,3,156905.3401130806,2,1,1,142805.28560432838,0
691,France,Male,53,6,1400.9708467293026,1,1,1,147478.96575971085,0
530,Germany,Male,39,8,4685.384363528978,3,1,1,11600.0,0
557,France,Female,46,9,2339.356489036115,2,1,1,157119.67535277863,0
763,France,Male,43,10,84497.56126869589,2,1,1,150058.82336041276,0
686,France,Female,45,5,237616.24094421192,2,0,0,108135.4875164622,0
766,Spain,Male,39,9,39152.308675161126,2,0,1,56111.56225842353,0
758,France,Male,34,4,60337.42601675487,1,1,0,72767.43844211426,0
441,France,Male,58,8,21710.441883186384,1,0,0,128242.57976417396,1
530,Germany,Male,38,7,72493.9621357215,3,0,0,59338.82609468649,0
677,France,Female,28,7,53367.78232369478,1,1,1,194822.37965914715,0
480,Spain,Female,53,7,80712.64616527264,1,0,0,143159.8446233865,0
544,Germany,Female,35,7,34659.75602663451,1,1,1,200000.0,0
792,France,Male,21,7,10784.67579049737,2,1,1,67256.43836002768,0
595,Germany,Male,30,9,32286.784325626984,1,1,0,70799.92847383597,0
721,Spain,Male,19,9,18705.060930899926,4,1,1,47671.20717210352,0
647,Germany,Male,31,6,59225.984403300325,3,1,0,133284.70790299715,0
582,Spain,Male,56,1,7358.323314740032,1,1,1,154523.21769235237,0
483,France,Female,43,1,20166.69504120767,4,1,0,88020.8297391973,0
673,France,Female,38,10,329.9437085911966,4,0,1,57983.51102847503,0
795,Spain,Female,33,4,84512.17622119709,2,1,1,73385.12443519989,1
584,France,Male,37,5,26096.545551146417,3,1,1,200000.0,0
656,Spain,Male,50,8,74847.26593020036,2,0,1,125733.39059311818,1
498,France,Male,20,0,5134.8118391812895,4,1,0,200000.0,0
582,Spain,Male,68,10,10770.914917805963,1,0,0,85636.12120629947,0
684,France,Female,30,6,95012.33581391165,4,1,1,64854.84943477919,0
724,France,Male,36,6,45250.24272407226,3,0,0,47400.0864232042,0
705,Spain,Female,37,7,295.88759982038005,4,1,1,162061.06028281848,0
446,France,Female,37,0,117761.54961139597,4,1,0,132215.11792937326,0
604,France,Male,32,9,205213.3900788776,2,1,0,179392.86857681343,0
553,France,Female,47,3,54115.0582417281,4,1,1,47203.999913202446,0
619,Germany,Female,50,9,65065.49033207235,2,1,0,63930.86858251805,0
638,Spain,Male,48,4,7170.477834734801,2,1,1,46171.43531507761,0
756,France,Female,39,1,72675.00527676132,1,1,1,86744.47918371185,0
679,France,Male,33,1,5212.195676553549,4,0,0,108359.98772669538,0
791,France,Female,37,10,110249.5301865178,1,1,1,112374.1791732158,1
580,Germany,Male,38,3,35140.28476398987,3,1,0,62521.90016782402,1
508,France,Male,29,2,7609.712210351209,2,1,0,189035.99890409652,1
795,France,Male,40,6,4644.837406747028,2,0,0,100095.30219328435,0
693,France,Female,56,6,29001.16349062683,3,1,1,166907.02604375704,0
575,Germany,Male,37,1,267.6512972053756,2,0,1,11600.0,0
693,Spain,Male,43,4,162501.18623648383,1,1,1,71462.9917790511,0
733,Germany,Male,32,4,9357.721203747738,1,0,0,200000.0,0
661,France,Male,47,7,27194.845912732944,3,1,0,102212.1632071877,0
577,Germany,Female,32,7,46655.448537316384,4,0,1,63637.0614898949,0
605,Spain,Female,34,10,56168.23345753379,2,0,0,144123.02147482126,0
679,France,Female,44,3,41598.56977404894,4,1,1,96787.63039556064,0
669,France,Female,29,9,9836.656894368978,1,0,1,198277.44751306385,0
771,France,Female,43,0,31914.013751912436,1,1,0,23272.81001535141,0
622,Germany,Female,49,5,19474.40563390222,2,0,1,15227.697416235547,0
553,Germany,Female,40,6,4681.471688885577,3,1,0,22195.726984679397,0
850,Germany,Male,47,0,24512.29224424561,1,1,0,140603.39169250947,0
667,France,Male,26,7,46931.0541332791,4,0,0,75754.54136631328,1
733,France,Female,43,8,5382.105019591041,1,1,1,105040.23503292668,0
702,Spain,Female,34,7,9014.825392072558,2,1,1,104197.5284457201,0
668,France,Female,42,2,4511.258904373231,3,0,0,163042.11511951894,0
627,Spain,Male,54,8,55.9428758084005,1,1,0,191646.05530207924,1
369,Germany,Female,18,9,137784.36276699885,2,1,0,181719.46090823677,0
543,France,Female,32,2,91095.15431906882,1,1,0,93705.55088641663,0
682,France,Male,18,3,13168.678524142691,1,1,0,111265.19171483822,0
378,Spain,Male,26,5,43094.03982936936,4,1,0,200000.0,0
657,France,Male,34,6,80874.07386039644,1,0,0,183316.5768836536,0
716,Spain,Female,47,7,22827.712434458503,1,0,1,84516.09744666217,1
733,France,Female,47,6,67171.45627224677,3,0,0,164120.99110386742,0
709,Germany,Female,46,2,101497.66934938324,4,1,1,48036.83814078722,0
745,Spain,Male,44,10,34522.92479501719,3,1,0,11600.0,0
810,Spain,Female,25,10,109481.91855840488,2,0,0,11600.0,0
759,France,Male,47,1,11784.340620057936,1,1,0,60638.22367391599,1
669,Germany,Male,32,10,115856.31443557392,4,1,0,94123.3288361738,0
636,France,Male,43,1,81863.16520522827,3,1,1,147578.71065434537,0
661,France,Female,29,8,91649.52545568976,3,1,1,182688.9874872352,0
622,France,Male,37,6,225.41721187658,2,1,0,18633.71244926228,0
761,France,Male,38,6,54476.38978340175,2,1,1,108240.61375498257,0
707,France,Male,42,4,25595.65647773561,2,1,0,161463.68942609988,1
611,France,Male,30,5,46388.33735464911,3,1,0,138815.02530368685,1
782,Spain,Female,45,6,4368.287463122631,1,1,0,17129.274603868587,0
620,Germany,Male,25,8,13490.487209688112,2,1,1,93776.14999331758,0
555,France,Female,56,9,21637.92970745441,3,1,0,41366.412010460335,0
648,Spain,Female,31,3,63368.59684443399,2,0,1,118034.14698239585,0
567,France,Male,19,5,40250.24344679715,1,1,1,180671.52486442876,0
743,France,Female,38,0,736.8369083915735,2,1,1,12245.212665451676,0
565,Germany,Male,34,6,20381.546741001068,4,1,1,109392.4892916506,0
638,France,Female,29,3,140637.7489183733,3,1,1,125400.35118380774,0
743,Germany,Male,52,1,9913.434173630774,3,0,1,179454.64235105438,0
578,France,Female,46,3,13510.265728819464,2,0,0,147488.42972927738,0
691,France,Female,43,7,18364.043416283606,2,1,1,130549.75540332725,0
552,France,Male,29,1,15597.91645540909,1,1,0,57170.00052111022,0
674,Spain,Male,33,0,6489.784215727243,2,1,0,146455.0315145117,0
706,Germany,Male,32,0,18746.3255439303,2,1,0,50835.02511013985,1
645,Germany,Male,20,6,38764.64078179542,1,1,0,102053.49687828112,0
653,Germany,Female,41,6,56239.54599038808,4,1,0,156465.0275335183,0
694,France,Female,42,3,51480.83356909475,1,1,1,100538.2498194464,1
621,Germany,Female,40,4,8877.201008612923,1,1,1,97357.61585116848,0
738,France,Male,41,4,47663.84047023284,1,1,0,137562.0374657347,0
787,France,Male,27,6,22183.64132966276,3,1,1,11600.0,0
557,Germany,Male,30,2,86252.51092238082,2,1,0,200000.0,0
826,France,Male,35,4,22503.09981784135,4,1,1,47559.96214073691,0
619,France,Female,52,6,187684.23235578608,3,1,1,42434.88042965396,0
849,Spain,Female,50,10,47702.42123319396,2,0,1,13730.297021129372,0
621,Germany,Male,44,6,28016.47000606974,3,1,0,141728.41382808433,0
720,Germany,Male,59,8,34969.55513857413,3,0,0,23470.71021986105,0
720,France,Female,44,3,9676.392262605046,2,1,0,134156.36703811647,0
611,France,Female,45,0,56993.26603491286,4,1,0,64020.26556616288,0
657,Germany,Female,53,4,164933.37425085466,3,1,0,111621.12661819588,1
793,Germany,Female,45,10,36176.02080027938,1,0,0,94210.3313703571,1
617,Germany,Male,55,3,243662.28003934963,3,1,1,24636.08615421552,0
608,Spain,Female,39,2,8153.152255173092,3,0,0,104602.72125755894,1
534,Spain,Male,32,6,50761.901997275294,2,1,0,53030.86777341381,1
806,France,Male,38,8,56646.90841476762,3,1,1,127759.43810557907,0
601,Spain,Female,41,3,18678.163039980987,4,1,0,90265.79363098663,0
769,Germany,Male,29,5,21659.67174568675,3,1,0,122958.55491324268,0
589,Germany,Male,31,0,145450.46600547567,3,0,0,52781.04504349047,0
766,France,Male,34,0,47329.66494867807,3,1,0,79955.51590512336,1
730,Germany,Female,28,2,76054.35570994712,3,1,0,135692.85534974805,1
627,Spain,Male,33,4,64728.62427861459,2,0,1,179301.55001948826,0
576,Spain,Male,46,5,47206.507582771126,1,0,1,73923.27482215193,0
584,Spain,Male,46,8,2452.7682278910493,1,1,0,122563.52888245488,0
583,France,Female,24,8,54337.80208184564,2,1,1,27439.17347707864,1
756,France,Male,42,9,21149.353164946988,3,1,1,68974.1852480545,0
666,France,Female,38,10,31651.87005961961,3,0,0,25344.369159199952,0
538,France,Male,49,0,95343.04503023432,2,1,0,91687.96077998502,0
624,Germany,Female,36,1,173218.8902397109,1,1,0,129232.8643823616,1
636,France,Male,26,10,59254.60150799966,4,0,0,130753.88842713536,0
436,Germany,Female,34,7,13197.00719616398,3,1,1,180250.02538961757,1
630,France,Female,27,4,19113.459408687107,2,1,0,52548.51819094714,0
722,France,Male,18,2,7431.415459796668,3,0,1,11600.0,0
636,France,Female,38,8,43458.735536464286,1,1,0,66574.85855699968,0
675,Spain,Female,44,1,132903.35446447594,3,1,1,95544.70989501066,1
698,France,Male,40,6,83283.24486988294,1,1,1,11600.0,0
615,France,Female,26,9,39223.49648535234,4,1,0,41547.71969600776,0
723,Spain,Female,25,7,141850.36615271858,4,1,1,82068.8588834911,0
795,Spain,Male,41,1,113529.92712876704,3,1,0,175560.86726226506,0
497,Germany,Male,55,0,22398.457550184976,2,1,0,140104.94950746052,0
615,France,Female,51,2,39900.89402432126,1,0,1,191426.2002837664,1
850,France,Female,36,7,17546.13860365411,3,0,0,31495.89641553069,0
667,Spain,Female,41,3,440.5234993533716,1,0,1,121820.49957395993,0
646,Spain,Female,48,4,30000.004386886703,2,1,1,103714.3451485242,0
624,Germany,Male,37,8,69336.807516515,3,0,0,11600.0,0
777,France,Male,25,3,50279.32692603328,2,1,0,54122.04614202105,1
556,France,Female,18,8,130740.82928829028,1,0,0,88267.36978070707,0
742,France,Female,40,5,57882.17221216363,3,1,0,152328.95239949838,0
622,Germany,Male,37,6,7614.292190121716,2,1,0,43609.1951142078,0
575,France,Female,21,7,15518.080320273955,4,0,0,120774.9956725631,0
626,Spain,Female,24,9,6696.08077779314,1,1,0,47008.86395640799,1
645,France,Female,36,9,79172.78709811432,3,1,0,175957.15465565573,0
600,Germany,Male,33,0,150487.1092862273,4,0,1,72971.75647732288,0
761,France,Male,53,8,12826.298879760032,2,1,0,79435.57766097938,1
575,Germany,Female,53,1,72519.99800240075,4,0,0,104238.83644622884,1
664,France,Female,30,2,28724.00544798261,1,1,1,11600.0,0
703,Spain,Male,54,0,21941.883663391603,3,1,0,83309.16879950982,1
662,Germany,Female,55,9,216699.3034963048,4,0,1,127612.76987068183,0
727,France,Male,41,10,21223.18461738222,2,0,0,77354.36405564426,1
606,Spain,Male,29,2,54092.14155766844,4,0,1,78867.69707172658,0
712,Germany,Male,40,1,62378.48931757716,3,0,1,11600.0,0
715,Spain,Male,18,6,74146.67775411953,4,0,1,85611.27004741295,0
746,Spain,Female,33,6,99027.73614871614,3,1,1,138306.23702276344,0
461,Spain,Female,41,5,41757.047553702505,2,1,0,180538.94637024825,0
700,France,Male,42,9,46367.1843315349,3,1,0,40377.41410443225,0
740,France,Female,34,10,62090.200286231135,2,1,0,187002.37303847537,0
608,Spain,Female,39,3,8060.54358303901,4,0,1,200000.0,0
595,France,Male,28,2,11160.329072160905,3,0,1,99364.45935800718,0
579,France,Female,53,6,72261.89607183004,1,1,0,53869.67495223035,0
546,Spain,Female,53,10,7249.285235044846,2,1,1,102976.21670263744,1
716,France,Female,46,2,58312.60550846908,4,1,1,114964.58986663386,0
850,Germany,Female,36,8,1647.5522840306564,4,1,1,95626.39730831144,0
594,Spain,Male,30,9,20590.33104400744,2,0,0,11600.0,0
603,Spain,Male,47,7,54271.63576752357,1,0,0,102334.8974144428,0
651,France,Female,40,6,61330.34881923375,2,1,0,118304.04688788866,0
489,France,Female,28,1,49728.40897864867,3,1,0,143531.60525802558,0
580,France,Male,49,9,29128.58626498016,4,0,1,200000.0,0
644,France,Male,34,2,14696.515271179134,2,1,0,15785.520307542436,1
560,France,Female,30,7,47505.00647095198,3,0,0,161803.60354898006,0
769,France,Male,48,10,10226.687626293671,4,0,1,66750.21374286176,0
520,Germany,Male,31,2,3107.929931084624,4,1,0,46846.82707802613,1
740,Germany,Male,40,7,989.864608802543,3,1,0,140762.15847711673,0
796,Spain,Male,51,3,15580.482278060548,2,0,0,166202.40466548363,0
688,Germany,Male,50,4,1521.223449903401,2,1,0,113812.07979852796,0
636,France,Female,42,8,14331.376246111617,4,0,1,78638.22324555542,0
674,Germany,Male,27,10,17082.669305453957,2,1,1,80834.9097657163,0
605,Spain,Female,34,9,21150.91080786853,1,1,0,200000.0,1
446,France,Female,63,1,62497.3835603423,2,1,0,81065.00820147115,0
552,Germany,Female,48,2,29108.208050938112,2,1,1,142133.61428964167,0
648,France,Female,36,0,210998.61030724883,4,1,0,91897.59902784158,0
555,France,Female,26,7,147210.96485643293,4,0,0,103039.59989509192,0
608,Spain,Male,20,10,199600.1030013297,3,1,0,172547.4274011266,0
697,Spain,Male,51,8,26570.9437652204,4,1,1,200000.0,0
664,Germany,Male,51,9,2260.46514321034,2,1,1,69077.31927516169,0
755,Germany,Male,38,8,98412.06222101508,1,1,1,65206.71808051568,1
679,Spain,Male,34,2,28536.42229152087,3,1,0,113680.5193271906,1
685,Spain,Female,50,4,51244.15037861353,4,1,1,72821.12917887021,0
578,France,Male,24,8,92711.76288148286,3,1,1,11600.0,0
516,Germany,Male,58,4,46736.28437382996,2,0,0,23162.62826118364,0
608,France,Female,46,0,66761.60378949811,3,1,0,115145.46134042484,0
577,France,Male,26,0,14300.726489271292,4,0,1,102757.2299836795,0
633,France,Female,46,3,10849.057961301856,3,1,1,11600.0,0
543,Spain,Male,32,6,40514.31192399499,2,0,0,86757.8545777309,1
734,Spain,Male,25,6,50798.07083244011,4,0,0,147438.44840938327,1
576,Spain,Female,46,6,102701.01732650529,2,0,0,144721.15007522923,0
613,France,Female,27,5,86129.9506789812,4,1,0,73964.40271314993,1
647,Germany,Male,25,0,225734.353505957,4,1,1,130957.51196907715,1
762,France,Female,43,10,169592.15039998372,1,0,0,20351.5574280321,0
825,France,Female,37,2,48843.16008478338,1,1,0,148239.13481867514,0
832,Spain,Male,49,4,35005.684603447655,4,1,0,89765.77968388675,1
521,France,Female,35,3,71489.89494136393,2,1,1,140159.76445514386,0
612,Spain,Female,35,10,15148.082882185385,3,0,1,119345.49022250187,0
593,France,Female,18,3,21722.257179349173,4,1,1,142866.29755997634,0
687,France,Female,44,8,72862.86897346393,1,1,0,200000.0,0
680,Germany,Female,38,6,149757.33455973188,1,0,1,200000.0,1
591,France,Male,50,8,112860.13878349416,2,1,1,22750.36522720936,0
583,France,Female,46,6,3782.383941059549,4,1,0,80567.30659772837,1
550,France,Female,42,9,13192.841854118917,3,0,0,181188.45495301957,0
384,Germany,Male,31,2,15961.93226190345,1,1,0,52240.95666235184,0
520,Spain,Female,34,10,24159.627999269786,2,1,0,200000.0,0
736,Spain,Male,44,9,3667.569655278419,4,1,0,107800.1601485066,1
796,Spain,Male,38,3,13125.609804627818,2,0,1,48868.43855815344,0
784,Spain,Female,53,8,62964.2144167609,4,1,0,108497.6004306484,0
740,Spain,Female,52,0,14015.548806182424,3,1,1,61949.19187531628,0
548,Germany,Female,36,2,142834.880901446,2,1,1,84946.55756628282,0
531,Germany,Male,39,10,27498.58987367294,2,1,1,114831.20883830838,0
468,France,Male,31,3,5250.570910838084,2,1,1,64100.02579045234,0
591,Spain,Female,37,3,92471.23834438456,4,1,0,107834.31367446516,1
658,France,Female,48,6,123550.74500143086,1,0,1,64482.74248735308,0
549,France,Female,33,10,131633.0675095292,4,1,0,78276.4579283011,1
693,Spain,Female,35,3,34053.933849355606,3,1,0,36206.76787853561,0
715,France,Male,27,9,126606.80739647934,4,1,1,83522.58209153735,0
602,Spain,Female,33,7,61754.08895485608,2,0,1,144410.18950922627,0
515,Germany,Male,45,0,10883.909707030112,2,0,1,114967.02363507995,0
788,France,Male,36,2,38091.90699595591,3,1,1,174313.58915406704,0
653,Germany,Male,27,9,28356.00592272253,1,1,1,100348.34067686411,0
844,Spain,Female,41,9,29987.70592213822,3,0,1,127473.683147089,0
659,France,Male,38,5,26664.56097707788,1,1,0,137603.08649065308,0
666,Spain,Male,50,2,9635.215048320446,2,1,0,85526.01182596372,1
553,Spain,Male,37,7,24717.502485209243,3,0,1,11600.0,0
607,France,Female,29,6,35872.132968592945,1,1,1,36619.0404295877,0
494,France,Female,48,4,16820.813314190855,3,1,0,200000.0,0
515,France,Male,29,1,9730.881978594958,2,1,1,138291.40762667573,0
724,France,Male,25,10,11047.012178983234,4,0,0,56090.33003661417,0
621,France,Male,28,4,10719.740947511878,4,1,1,200000.0,0
607,Germany,Male,32,8,29597.296085462225,1,1,1,50810.83688092154,0
575,France,Male,20,10,11727.891744535787,2,1,1,11600.0,0
611,Spain,Male,21,4,63173.2311716388,3,1,0,119515.32223524609,0
763,France,Female,46,2,20445.631802185937,2,1,0,108312.66240204163,0
664,France,Male,37,6,140160.0659577232,3,1,1,47165.58519416704,0
531,Germany,Female,37,2,3239.1515644331207,3,1,0,102178.88483608176,0
753,Spain,Female,38,7,18549.755942758413,4,1,1,71406.33196854562,0
822,Germany,Male,44,4,67037.45505010738,2,0,1,107115.38227726558,1
699,France,Male,30,4,57724.75906773471,1,1,1,84830.84036290014,0
739,Spain,Female,44,5,27290.88968828994,3,1,0,191243.68381706643,0
772,France,Male,40,10,102087.14186609982,3,1,1,138985.48909756233,0
484,France,Male,29,9,3702.354688527516,1,1,1,191365.7772715033,0
836,France,Male,45,5,35575.54201271338,1,0,0,124593.36335886076,0
759,Spain,Female,39,2,11183.046970017602,1,1,1,17172.75518822648,0
698,France,Female,28,10,23415.72667643903,2,1,0,35857.197536347565,1
637,Germany,Male,29,6,60042.57282701961,1,1,0,200000.0,0
516,Germany,Male,43,8,5210.965598413424,3,1,1,11600.0,0
616,Spain,Male,49,0,2237.92764011225,4,1,0,96660.06985176013,0
694,France,Male,41,3,27307.98393162378,4,0,0,11600.0,0
539,France,Male,47,3,15833.005365756206,4,1,0,135093.527681028,1
643,France,Female,51,0,63741.22783954919,4,1,0,33267.236862950274,0
531,France,Male,36,5,3389.889707219536,3,1,1,104601.73798255844,0
611,Germany,Male,40,1,169818.60887741807,2,1,0,120719.68337224568,1
514,Germany,Male,45,10,48478.27122354119,2,1,1,152467.73538426575,0
504,Spain,Male,27,10,34784.09008996322,3,1,1,96746.22688112158,0
684,Spain,Female,49,5,26598.178209996662,4,0,1,26261.11786730308,0
592,Spain,Male,52,0,69116.16072164699,3,1,0,157727.97823167167,0
601,France,Male,31,9,22027.97261230983,4,1,1,180133.54649288504,0
586,Spain,Male,67,4,75017.49791538811,4,1,0,139314.23200839828,0
850,France,Male,46,5,62013.25957947773,3,1,0,140703.8172648786,0
710,Germany,Female,37,9,40075.49442546759,2,0,1,136066.0000962152,0
721,Germany,Male,18,1,109763.9453599956,3,1,0,117766.53240490236,0
572,Spain,Male,38,0,21231.31002194225,3,1,1,83551.19901596477,0
700,France,Male,43,6,2979.547900262156,4,1,1,147882.6627837355,0
627,Spain,Female,42,0,23596.36624667726,2,0,1,184957.252220792,0
571,Spain,Female,25,6,104106.22279351752,3,1,0,56449.18064605032,0
842,Germany,Female,32,0,4023.404072863462,3,0,1,147478.50229117536,0
707,Spain,Male,45,8,72017.040380112,1,1,1,115232.89160707848,0
702,France,Female,44,4,87222.50775043631,3,0,0,11600.0,0
552,France,Male,48,5,27926.68046220545,1,1,0,87268.49639792142,1
522,Spain,Male,40,6,10815.805524108244,4,0,0,50088.72523365095,0
644,Germany,Female,38,0,21965.234489717597,2,1,0,130736.34903092404,0
592,Germany,Male,44,7,25414.08108426782,2,1,0,80904.02814996366,0
711,France,Male,39,5,134603.09039458734,1,1,1,28525.35362528329,0
717,France,Male,23,1,16747.243264915312,3,0,1,115937.52614920594,0
656,France,Male,54,0,179883.6466956459,4,1,0,66322.65042043943,0
732,France,Male,48,0,5760.467293383153,1,0,0,98910.19689416628,1
669,France,Female,43,3,182539.54947305785,2,1,0,152451.2821936276,0
562,France,Male,25,2,12636.296147222962,4,1,0,93339.12512973067,0
630,Germany,Female,47,10,9181.7045706828,4,0,0,13859.683759726846,0
663,Germany,Female,34,5,6397.37545498697,3,1,1,105956.90685649226,0
742,France,Male,47,9,19008.786673951054,4,1,0,54315.96496977342,0
672,Germany,Male,44,7,47928.81638400912,3,1,0,68528.25427574314,0
592,Spain,Female,35,0,54880.14241289093,2,1,0,108373.06036188013,1
746,France,Female,49,6,23098.209907494736,1,1,0,87383.99462806225,0
688,Spain,Male,27,7,13117.48976556154,1,1,1,154997.1087405735,0
804,Spain,Male,39,4,250000.0,2,1,0,144199.1237895051,0
658,France,Female,55,7,15775.768740916765,3,1,1,162543.42263592675,0
546,France,Female,43,10,23764.11844411348,4,0,0,11600.0,0
767,France,Female,48,0,32790.59768228899,4,0,0,73623.4638416511,0
592,Germany,Female,39,1,67274.52542712286,2,0,1,11600.0,0
679,France,Female,38,3,8249.318115266205,3,1,1,18396.993746257605,0
668,France,Male,26,0,15471.4524218481,1,1,0,117242.17311622004,1
654,Germany,Female,37,4,250000.0,1,1,0,71945.8358296029,0
633,France,Female,45,9,87193.92885708259,1,1,1,141118.04257503524,0
484,Spain,Male,28,2,29337.95707221898,1,0,1,117424.10805908412,0
549,France,Female,29,1,5753.101046917407,2,1,0,11600.0,0
762,Spain,Male,43,6,100760.90337120788,1,0,1,105839.47023126608,1
692,France,Male,47,1,76393.86751528822,2,1,0,143861.8665576534,0
840,France,Female,59,8,43456.96522105246,2,0,1,89780.68799822361,0
546,France,Male,36,5,25914.093229039405,4,0,0,185735.7387464668,0
646,Spain,Male,36,7,137143.53751817695,2,1,1,11600.0,1
766,France,Male,47,2,17524.76689392068,4,1,1,70243.88680568257,0
593,Germany,Male,44,4,19350.384446955235,3,0,1,60085.33712736189,0
601,Spain,Female,36,2,104186.32854565124,1,1,0,98678.98860671469,0
620,Germany,Male,38,8,49220.77766959329,3,1,0,125662.75982247626,1
605,France,Male,32,0,150695.25567742423,3,1,1,150216.0227178969,1
703,Spain,Male,27,7,51783.45308800472,4,1,0,67198.94405672667,0
471,Spain,Male,37,5,1677.368045738287,4,1,1,64813.64821014419,0
814,France,Female,54,6,9727.567502287033,4,1,0,102746.32120784585,0
554,Germany,Female,31,1,16550.95868832304,2,0,0,95980.12014341082,1
438,Spain,Male,24,6,100968.44822532935,1,1,0,114087.28389802577,0
648,Spain,Male,28,0,88850.09318839914,4,1,0,148138.53780833102,0
612,France,Female,44,6,78110.31998285872,4,1,0,80762.35132665528,0
632,Spain,Male,43,10,40320.0069315654,2,1,1,40228.99578907736,0
681,France,Male,51,7,7480.712963785722,1,1,0,83080.27434244027,1
714,France,Female,49,1,7032.1605831756,3,1,1,40915.0939331305,0
818,France,Male,41,9,6739.005751438234,4,1,0,200000.0,0
580,France,Male,45,1,96417.45889698376,3,1,1,84539.12326583886,0
727,Germany,Male,31,2,7631.754920224688,2,1,1,67965.70295279461,0
720,Germany,Male,45,9,82650.5317967363,1,1,1,74578.97397867109,1
385,France,Male,37,3,93135.78701657485,4,1,1,153793.42816007152,0
566,France,Female,47,7,5548.485574856047,2,1,0,160365.23452800856,0
521,France,Male,43,2,116141.00296646968,2,1,1,113713.56284166175,0
694,Spain,Female,34,5,113913.24239726175,3,0,1,84256.41086407189,0
683,Spain,Female,27,9,50834.81185113506,2,1,1,77777.44617184893,0
685,France,Female,33,10,35975.5447360489,2,1,0,11600.0,0
619,Spain,Female,40,7,52107.66509681058,1,0,0,152557.0736546075,1
629,France,Female,30,9,25944.24778865298,1,1,1,191487.1645182904,1
647,Germany,Male,37,1,44416.79100873483,1,1,1,56009.72328300157,0
609,Spain,Female,49,3,174542.86664516697,2,1,1,119124.30217479522,0
727,France,Male,50,0,6011.851891398529,4,1,0,150464.87727117186,0
543,Germany,Female,43,10,13315.00546399892,1,1,1,65749.68664027963,0
571,France,Female,52,7,37126.35190688079,4,1,1,91807.25779957708,0
662,France,Female,26,0,14961.326056487687,2,0,1,140763.65831617464,1
613,Germany,Male,51,8,246471.925897446,1,1,1,125716.03695076553,0
539,Spain,Female,25,5,63696.58833686349,4,1,1,136031.2860965661,0
703,France,Male,39,2,28455.9771520114,1,1,1,15308.335928431685,0
592,Spain,Female,30,7,116519.28714147337,1,0,0,109075.4421708514,0
565,Spain,Male,46,1,7800.357888579539,4,1,1,60736.88349350585,0
632,France,Female,23,10,16977.196083632152,4,1,0,71526.11685198682,0
560,France,Female,21,2,156102.50100120468,4,1,1,138771.55860332632,0
646,Germany,Male,32,6,40706.10858091005,2,1,1,14221.620876348548,0
614,Germany,Male,31,10,126702.57585193656,3,0,1,147405.7332315258,0
598,France,Male,33,0,207410.8627561042,3,1,1,68675.98908088414,0
599,Spain,Female,32,8,22332.021230624287,2,0,1,173131.92567091482,0
749,Spain,Female,45,9,42958.3148343116,4,0,0,89507.13547463236,0
686,France,Male,38,8,93766.17904032202,4,0,1,200000.0,0
479,Germany,Male,54,2,15923.636439213367,2,1,0,11600.0,1
738,France,Female,41,3,29597.6481588175,3,1,1,11600.0,0
701,France,Male,47,1,8321.604593339944,2,1,0,169834.11120103672,0
695,Spain,Female,44,9,52854.85739693527,4,0,1,168443.77068481472,1
738,Spain,Male,30,10,210.1613308985274,4,1,1,17063.979468417427,0
651,France,Male,33,0,29829.00645511272,1,0,0,52658.88805809773,0
712,Germany,Male,48,10,132355.9815297254,3,0,1,81484.5818549281,0
603,Germany,Male,21,7,113798.3565873412,4,1,0,114457.10017540566,0
734,France,Male,43,10,81423.3373068907,2,1,1,160577.32513968082,0
671,France,Male,37,8,7608.579854223781,2,1,0,94867.14297611688,0
512,Germany,Male,31,8,36725.555201996,3,1,1,174118.24307710657,0
753,Germany,Female,36,9,63494.78902916134,2,1,1,137735.35541251578,0
637,France,Female,55,4,5333.267258400784,3,0,1,112906.0073890175,0
623,France,Male,21,4,7950.018198376559,2,1,1,56364.941833395904,0
605,France,Female,26,4,2044.5208915546875,2,1,1,172761.13549026864,0
613,France,Female,19,5,19509.637856161746,4,1,0,31167.21411524882,0
672,Germany,Female,34,3,104909.7487353909,3,0,0,48087.34142039368,0
551,France,Female,32,1,35410.58159157988,4,1,0,147680.57031688467,0
493,France,Female,40,1,95958.2978705266,3,1,1,97268.25714719856,0
543,Spain,Male,34,5,4367.853936090808,4,0,0,163644.01855654822,0
688,France,Male,43,4,2886.8971983335573,4,1,0,69715.84217882168,0
633,France,Male,31,3,81456.79988932484,1,1,1,196657.06343688344,0
761,Spain,Female,59,5,34432.87955444707,4,1,1,71212.93947363173,0
643,Germany,Female,45,3,31831.636228308274,4,1,0,93729.62672606276,0
734,Germany,Male,44,9,32279.724962675355,2,0,0,171367.90372787468,1
580,France,Male,45,3,23988.256398709666,2,1,1,85689.63073559428,0
606,France,Female,28,5,108755.83270429744,3,0,0,107699.13409240416,0
650,Germany,Male,36,10,36802.43449968052,1,0,1,40233.6822794219,0
635,Germany,Male,36,3,182266.8098954892,3,1,0,32006.0293311508,1
625,France,Male,34,8,93711.18836171496,2,1,1,200000.0,0
562,France,Female,35,6,66888.73866060865,3,1,1,79234.57544703761,0
491,Spain,Male,47,5,50558.64764865615,2,1,0,169936.2751811116,1
713,France,Male,38,2,90142.09927228357,2,1,0,93914.0113070439,0
701,France,Male,41,10,106739.55610168276,3,1,0,65096.47651100648,0
588,France,Male,22,3,7149.707743609631,2,1,0,76885.11379118316,0
687,Spain,Male,21,1,22294.12339835253,2,1,0,23676.09135398481,1
633,Spain,Male,29,2,81853.03609917096,1,1,1,61718.65167258535,0
760,Spain,Male,55,10,12506.834382099069,1,1,1,183305.245272322,1
518,France,Male,59,0,44118.391857669085,2,1,0,200000.0,0
637,France,Female,48,8,75808.88020653259,2,1,1,148309.30453333692,0
629,France,Male,35,9,12676.13572339845,4,0,0,139995.8891031597,1
666,Germany,Female,43,2,25709.403846481266,4,0,1,77213.66733486518,0
803,Germany,Male,51,7,123323.29130202132,2,0,1,47528.907351864895,0
637,Spain,Male,57,3,22003.010808627685,1,1,1,113359.5115831214,0
724,France,Female,27,10,46408.03653192409,2,1,0,68682.74979330073,0
635,Germany,Male,41,7,28444.357135248934,1,0,0,107122.66896541572,0
757,Germany,Male,35,6,104792.37892149862,1,0,0,124695.62020443736,0
725,France,Male,44,3,27595.1961893114,4,1,1,52785.385094958045,0
616,France,Female,39,6,22254.047977053026,2,1,0,138792.08646449976,0
609,Germany,Female,28,7,9514.009396399411,1,1,0,11600.0,0
698,Spain,Male,42,9,21480.88869116599,2,1,1,150031.90072448328,0
584,France,Female,32,2,55365.66012323313,3,1,1,98622.8114830374,0
669,Spain,Male,38,4,9667.760106474929,3,0,1,43012.67533037615,0
614,Germany,Female,39,10,61102.45933906239,4,1,1,58834.891980791945,0
686,France,Male,55,2,535.205791487811,3,0,0,92459.20794604586,1
633,France,Female,42,6,22860.530926180825,3,1,0,137682.96814838305,0
580,France,Male,38,5,31361.87037029853,2,1,0,104982.35673320988,0
760,France,Male,46,0,5052.952240077805,4,0,1,146649.1944557299,0
673,France,Male,30,9,57616.0670227054,4,1,1,61306.5532925978,0
644,France,Female,40,4,5421.422478852765,3,1,0,92579.77241524316,1
691,Spain,Female,45,3,4713.434610523121,2,1,0,131829.66011192577,1
482,Germany,Male,44,1,22938.001528587298,2,1,0,161975.21365267204,0
850,Spain,Female,33,0,67027.51871029922,4,1,1,37090.3951610735,0
652,France,Female,42,6,165762.39792684308,2,1,0,11600.0,0
453,France,Female,45,6,74809.44215345556,2,1,0,71357.5468320183,0
769,France,Male,29,5,31368.41119489005,4,1,0,58966.12085827944,0
574,Spain,Male,32,4,15913.755571923482,2,1,0,143719.80199108526,0
754,France,Male,35,8,17934.83022061819,1,1,0,46449.26890718878,1
662,France,Male,62,1,16682.71437017354,4,0,1,189660.3667401016,0
492,Germany,Female,31,10,16308.865194524633,3,1,0,112192.22241906587,1
676,Germany,Female,42,10,3579.9554385277743,1,1,1,93248.68240757368,0
668,Spain,Female,35,2,12451.659988789048,1,1,0,63732.781937544976,0
765,France,Male,29,8,5710.392635473773,4,1,1,19208.81634581936,0
702,France,Female,45,1,370.0548595283333,3,0,0,66078.04534460277,0
526,Spain,Male,24,2,16815.73115853281,4,1,1,109358.76208453794,0
750,Germany,Female,53,5,21707.99731458315,2,1,1,114982.76071983104,0
608,France,Male,28,9,131162.53785430282,4,0,0,53769.61117636117,0
822,France,Female,32,6,250000.0,2,0,1,197741.52005456592,0
614,Spain,Female,44,1,43308.11530313656,3,0,1,186818.13188302028,0
628,Spain,Female,46,7,115623.44459904946,4,0,1,166856.54650580388,0
567,Germany,Male,41,8,48146.32788343866,3,1,1,118616.67374397916,0
600,Spain,Male,33,0,34415.73464989906,3,1,1,43093.65836622796,1
573,Germany,Male,23,5,2181.047892269845,1,1,0,70249.53486443411,1
767,France,Male,38,3,2281.056001201899,4,1,1,107956.60829762358,0
516,France,Female,30,9,1564.082914663583,4,1,1,153166.29768456367,0
730,Germany,Female,63,10,8130.671338675799,1,1,1,65547.9874516655,0
732,France,Male,40,9,4000.994295662965,3,0,0,132317.79753992357,0
787,Spain,Female,26,4,10825.694027498885,4,1,1,41033.49033371818,0
654,Germany,Female,35,5,36616.21927747578,3,1,0,94393.05766560842,0
547,Spain,Male,46,5,34978.47437537642,3,0,1,93965.49097915889,0
632,Germany,Male,50,6,21093.658611085182,4,0,1,47148.47551861767,0
709,France,Female,35,8,54826.98241287446,3,1,0,140844.0051389749,0
658,France,Female,37,3,24872.7340932518,1,1,1,109083.1795374098,0
686,France,Male,44,8,12438.468471933287,3,1,0,92069.9680781652,0
786,Spain,Male,29,0,58907.63387550168,3,1,0,71907.62816147409,1
708,France,Male,42,8,196113.88906877371,4,1,1,49589.84580636525,0
669,Spain,Female,41,7,83222.47646546512,3,0,1,161626.0464106477,0
465,Spain,Male,44,1,26726.177548218384,3,1,0,13545.296976971906,0
571,Germany,Male,38,6,23553.671963289307,4,1,0,130699.56602670636,1
609,France,Female,23,6,1970.7697545663816,2,1,1,11600.0,0
452,France,Female,41,1,53511.8332546657,2,1,0,145561.7182712568,1
539,France,Female,30,7,12591.554001567836,3,1,1,126879.82563636827,0
623,France,Male,56,5,57524.44844023762,1,1,1,69632.0085831205,0
639,France,Male,56,5,71391.11942519894,4,1,0,153019.52889501202,1
700,France,Female,27,10,105928.27604624788,4,1,1,124676.93892677204,0
629,Germany,Female,30,4,39731.31841510748,2,0,0,80324.96605467991,0
674,France,Female,18,10,88591.25595101868,1,1,0,151061.2067191702,1
608,France,Female,46,7,64220.348154201,2,1,0,95761.78277111886,0
654,Germany,Female,33,9,21768.99416641628,2,1,0,42396.7234194543,0
695,Spain,Male,41,8,5626.4653636658295,3,1,0,174918.5588596658,0
797,Germany,Male,33,4,13864.806117413224,4,1,0,18241.245935670187,1
598,France,Female,22,0,93080.51663233658,3,0,0,120326.54449892396,0
664,Spain,Female,41,10,38223.75715676679,3,0,0,162507.53772466845,0
736,Germany,Male,51,5,54765.26724608388,1,1,1,77824.42203521608,0
506,Spain,Female,38,0,82013.97672430812,4,1,0,55132.55227771746,0
849,France,Male,28,4,54987.07260358679,1,1,0,101016.76264567446,0
767,Spain,Female,37,5,96916.06172581406,1,1,1,11600.0,1
478,France,Male,44,2,4515.90985045897,3,0,0,193449.8457046168,1
687,Spain,Male,36,0,116986.7739202967,2,0,1,76449.82478615263,0
593,France,Female,28,1,83731.33897807874,4,1,0,83171.23721268827,0
610,Spain,Male,59,10,116656.09786052923,2,0,1,153504.19030268764,0
685,Spain,Male,23,2,65625.81086192862,4,1,1,162918.58706708637,0
755,France,Male,61,2,16037.37581114114,2,1,1,108290.81087810513,0
603,Spain,Female,38,1,6045.108021225271,3,1,0,28641.20293419172,0
604,France,Female,47,5,6942.311021100668,4,1,0,122791.3564696098,0
687,France,Female,41,6,34547.95454234041,2,1,1,124632.5439141705,1
707,France,Female,30,4,24791.62995825367,2,1,0,105221.4554416742,1
549,Spain,Female,52,6,53097.25517437941,4,0,1,134991.82610706994,0
822,France,Male,45,2,34986.202080617026,1,0,1,120331.45313043705,0
585,Germany,Male,38,10,6694.858540915713,1,0,0,11600.0,0
746,Germany,Male,46,4,112.40181549157674,4,1,0,42953.71469440254,0
695,Spain,Female,37,2,6866.251601101367,3,1,0,107456.80775996191,0
710,Spain,Female,18,3,7934.486657966959,4,0,0,90732.18821648072,0
587,France,Male,21,5,63633.736747645584,4,1,1,98021.58358142716,0
477,France,Male,38,3,16793.29392858243,2,1,1,86875.67470346087,0
647,France,Male,35,3,4915.766134319852,3,0,1,87165.97916239886,0
648,Germany,Male,38,6,70402.26013258121,1,1,1,59457.067786202606,0
554,France,Female,35,5,141077.19336354957,2,0,1,77733.48273637662,0
741,France,Female,27,0,5294.826459475466,2,1,1,119736.89827177298,0
644,Spain,Female,25,7,164921.76115722288,1,0,1,26511.204983510324,0
569,France,Male,30,0,150052.0744048404,2,1,1,55464.94393740072,0
708,Germany,Female,46,8,37024.27122130207,3,1,0,78623.570139619,0
711,France,Male,30,3,17532.192297554397,2,1,0,97057.20147461418,1
578,France,Male,49,6,7430.347224317122,1,1,1,116163.05612886956,0
773,France,Female,28,4,86821.97210106233,1,1,0,200000.0,0
850,France,Male,50,9,46410.566981044285,3,1,0,72813.32435448201,1
540,Spain,Male,33,2,52676.96802055559,3,1,1,163769.9389040745,0
631,France,Male,35,7,98619.77928473044,4,1,0,17377.685621050885,0
683,France,Female,36,9,29344.331151874525,4,1,0,200000.0,0
850,Spain,Female,44,1,22951.871600088776,1,0,0,134146.84905268095,0
576,Spain,Female,41,10,71838.2832335529,3,0,0,11600.0,1
556,Spain,Female,40,9,17635.58288086017,1,1,1,67595.83642903244,0
555,Spain,Male,38,2,19869.32930681532,3,1,1,69908.96722630081,0
772,Spain,Male,33,4,23989.870480150446,1,1,0,11600.0,1
579,France,Male,49,4,97021.56054137646,3,1,0,122860.96788622948,0
564,Spain,Female,39,4,75505.75192247408,3,1,0,95569.41211601312,0
673,Germany,Male,44,6,17224.46582552025,4,1,1,122782.79972465197,0
680,France,Female,41,7,7751.607827862267,4,1,0,101648.86516179574,0
757,France,Male,34,7,24944.29113150317,4,1,0,42109.1716270691,0
659,France,Female,62,10,48981.73115684175,3,1,1,200000.0,1
674,France,Female,51,2,56388.71406487382,3,1,0,36246.92744142566,0
639,France,Male,33,7,11184.067235052771,4,1,1,41708.79010172248,0
519,France,Female,59,9,14344.246319782924,4,1,0,175359.749442555,0
630,Spain,Male,48,1,133035.35350856435,2,1,0,81842.06456812705,0
656,Spain,Male,28,3,24311.513795393035,1,1,1,30926.15649160149,1
605,Germany,Male,47,1,18854.27980753416,4,1,0,11600.0,0
493,Spain,Female,43,4,59488.74396885935,1,1,0,127100.80385327162,0
536,France,Male,40,2,31544.039004414048,2,1,0,25814.976156848395,1
646,Spain,Male,49,9,14171.35314511051,3,1,0,43814.67920991099,0
743,Germany,Female,42,9,26322.10942030904,3,1,1,122959.50115561749,0
818,France,Male,18,10,7785.652785132124,1,0,0,20609.803511365404,0
631,France,Male,25,2,16394.913952082323,1,1,0,13957.09845351422,0
578,France,Female,30,4,27103.99520334064,1,1,0,200000.0,1
612,France,Male,58,3,36489.92355836733,2,1,1,87250.75831185315,1
545,France,Male,45,5,67673.42455383748,1,1,1,104766.78597722806,1
728,France,Female,44,4,24302.06471170843,4,1,1,63746.31763756503,0
850,France,Male,40,9,39450.387858365335,4,0,1,144979.66464853197,0
580,France,Male,29,4,150803.17684582577,2,1,1,195786.1213887359,0
530,Spain,Male,24,2,85274.3985267311,2,0,0,87746.1956724496,0
750,France,Female,48,3,13525.440701226657,1,0,1,115086.933690884,1
681,France,Male,55,2,12007.068197759052,1,0,1,82430.2304659294,0
683,Germany,Male,45,2,54338.60777754077,1,1,1,34455.355168572685,0
808,Spain,Male,34,9,45234.159886795394,3,1,1,80229.07426132857,0
513,France,Male,34,8,39579.1375549343,3,1,0,122557.17618305272,0
510,Spain,Female,45,9,8371.890425753658,4,0,1,135877.6262121853,0
633,France,Male,37,5,22519.27829852222,3,1,1,140497.97591457775,0
656,France,Female,37,9,71224.85115910794,1,1,1,33726.51989178428,0
614,France,Male,33,1,64293.1519295163,2,1,0,32780.20660629452,1
850,Germany,Male,32,0,9026.586638094725,2,1,0,109337.25609905724,1
618,France,Male,37,2,27831.25299359879,4,1,1,110347.79604576112,0
594,Germany,Male,23,2,29233.791296004223,3,1,1,65266.53364515755,0
662,France,Male,45,3,35522.99206119437,2,1,0,11600.0,0
747,Germany,Female,20,3,30916.687667401155,3,0,0,97509.45702226272,0
577,France,Female,49,4,34829.21927692571,2,1,1,152248.06378355838,0
635,France,Male,33,3,83870.97323964933,1,1,0,136314.0330458949,1
749,Germany,Female,37,1,24671.201093095584,1,1,0,163843.4365788532,1
755,Germany,Female,44,10,40150.92370155604,2,1,1,148927.39452014794,1
671,France,Male,36,0,46667.64070249468,3,0,1,47775.25561910997,0
850,Spain,Male,31,9,142629.279020761,1,1,1,130786.68625447137,0
848,Germany,Female,41,6,53172.33372468072,2,0,0,127286.77075563656,0
509,France,Male,60,8,7002.383839335195,3,1,1,167447.4811852397,0
480,Spain,Female,46,8,43668.46653832656,2,1,1,192695.45248082443,0
729,Germany,Female,31,10,54223.47797630135,3,1,0,38349.90901710832,0
786,France,Male,35,0,477.3538540174984,2,0,1,54930.8394536248,0
627,France,Female,34,8,3914.615035263167,2,1,1,80389.03896896652,0
599,Germany,Male,28,0,959.0438809932684,1,1,0,129944.97631087928,0
567,France,Male,44,0,2472.7990547704208,4,1,1,22498.53028597801,0
533,France,Male,35,1,4697.133707536719,3,1,0,31037.41753955274,0
763,France,Male,42,9,158285.11164190527,1,0,1,200000.0,0
611,Germany,Male,18,10,11579.007537101576,1,1,0,73030.30595814926,0
680,France,Male,45,10,11442.850401872363,4,1,0,87499.93336964629,0
467,Spain,Female,33,5,97392.41933997996,1,1,1,161445.3994924081,1
750,France,Male,28,8,69869.08943526115,2,0,0,36276.33673513279,0
708,France,Male,25,4,56322.10368877367,4,1,1,17062.36544051151,0
515,Spain,Male,29,8,27386.181801251536,2,1,0,145293.77450384296,0
675,Germany,Male,34,8,1583.667219213267,1,1,1,145890.86863937494,0
650,France,Male,47,7,87590.35344021014,3,1,1,60389.59588273463,0
604,France,Female,34,10,98590.83368036569,2,1,1,110179.54589064428,0
359,France,Male,48,6,32869.03209869852,1,1,0,184669.6994088195,0
583,Germany,Female,41,2,51765.55217913432,4,1,0,94423.7798999204,0
680,France,Male,57,9,32471.283566745435,2,1,1,71868.26284750164,0
595,Germany,Female,33,2,17560.12597243822,1,0,0,11600.0,0
627,Germany,Male,43,3,38858.566082463,2,1,1,200000.0,0
799,France,Male,51,8,58333.66466950949,1,1,0,39823.21346596244,0
642,France,Female,45,2,8394.696544028671,4,1,1,144066.90920398632,0
440,France,Male,37,7,37827.303599693216,3,1,1,48390.3730685659,1
631,France,Female,34,7,74796.47012186133,3,1,0,53224.06164403306,0
659,Germany,Female,19,5,32274.14794081596,3,1,1,154800.08473477807,0
567,Germany,Male,36,1,8533.156593556321,4,1,1,101846.34342139003,0
723,Spain,Female,29,5,101905.3934422686,3,0,1,61023.89036656445,0
503,France,Female,33,3,56021.25113648009,4,1,1,86546.62000759994,0
636,Spain,Male,39,6,50055.3876201132,3,0,1,179560.16896056157,0
502,France,Male,23,10,52730.43490877926,1,0,0,103997.70237606934,1
620,France,Female,29,0,14055.869659091206,4,1,1,142320.1270781312,0
720,Germany,Male,42,2,33894.56458017729,2,1,0,106536.63607363308,1
633,Spain,Male,26,7,19725.326594867056,4,0,1,53823.08288171385,0
627,France,Female,38,0,89646.2549130355,1,0,0,166867.68176548422,1
652,Germany,Female,24,9,44429.3773171231,3,1,0,156367.7154299533,0
657,Spain,Female,44,2,63167.35552810626,1,0,0,200000.0,0
719,Spain,Female,45,2,53984.82666960149,1,0,1,89996.89441519516,0
719,France,Male,51,7,33055.34107483874,1,1,1,147090.51729103384,0
792,Spain,Male,51,0,81700.69054605928,1,1,0,113148.8906677427,0
666,Spain,Female,41,9,47773.25844508375,3,1,1,97662.46087990006,0
483,Germany,Male,21,4,12859.936502299275,1,0,1,181141.8000393581,0
735,Spain,Female,39,6,17177.212641533195,1,1,0,139896.15752850613,0
784,Spain,Male,43,3,87713.77252278743,4,1,1,105318.5607668494,0
850,France,Male,40,9,141707.3447255327,1,1,1,115079.42975345733,1
795,France,Female,55,2,39704.05730948748,3,1,0,28985.406844841786,1
600,France,Male,51,9,24350.626026040965,4,1,1,123238.25906618756,0
668,France,Male,39,5,49043.04661057763,4,1,0,137754.4455416756,0
622,France,Male,46,4,33034.645249825124,1,1,1,79088.61644925672,0
609,Germany,Male,24,1,92161.47839483542,2,0,1,164856.54983148162,0
638,France,Male,40,5,89486.46043026965,3,1,0,101381.37053763024,0
778,Germany,Male,26,10,30454.422382849923,3,1,0,100255.30899832386,0
491,Spain,Female,37,2,81630.77745991139,4,1,0,79414.25732313289,1
549,France,Female,32,8,10718.875465673776,1,1,1,34416.73804438276,0
771,Spain,Male,32,2,23413.37956976028,3,1,1,44813.22025886194,0
795,France,Male,30,8,4147.443486642916,2,1,0,108142.12950583824,0
584,Spain,Female,34,5,82459.44281489172,2,1,1,108690.2087659631,0
815,Spain,Female,33,7,184932.6173539107,2,1,0,90597.55489064564,0
747,France,Male,45,8,42991.30455263694,4,1,1,152808.21104492026,0
623,France,Male,36,7,72727.86670272458,4,1,1,95911.22583610057,0
406,France,Male,38,10,25674.299544078825,3,1,0,110522.67770452036,0
483,Spain,Male,41,1,41225.81699757498,3,0,1,144540.75549107345,0
584,Spain,Female,41,2,21336.151694773256,2,1,0,117579.7248257429,0
725,France,Female,28,7,59675.9431980529,3,1,1,35153.42833751482,0
726,Germany,Female,36,4,14134.389946203482,3,1,0,200000.0,0
603,France,Female,41,9,8317.031792703769,3,1,1,45193.96666640135,0
626,France,Male,30,3,114413.94535519747,3,0,0,78849.15994336818,0
646,Spain,Female,29,5,99858.62633800588,3,1,1,184639.8366052665,0
628,France,Male,27,5,90078.3955101576,1,1,0,94352.07966479994,0
666,Spain,Male,41,6,86170.26681342047,4,0,0,35655.34736754234,0
646,Spain,Female,36,4,65375.07928347332,4,0,0,92297.94143321886,0
482,Spain,Male,37,0,103876.06447258084,3,1,0,118470.66235994056,0
629,France,Male,21,7,11799.683241009814,1,1,0,55830.18811936316,0
647,France,Female,39,0,102166.16934931668,1,1,1,157783.4110235024,0
748,France,Male,40,3,124924.91610204784,2,0,0,200000.0,0
566,Germany,Female,41,2,62939.71978849779,3,1,1,120149.42703825794,0
670,Germany,Male,53,2,45733.5313637886,3,0,1,175164.09352052142,0
706,France,Female,31,5,13463.975963458544,1,1,1,151104.41436863376,0
635,Spain,Male,43,7,100555.77179963038,1,0,0,11600.0,0
474,France,Male,42,4,42998.758250970655,2,1,0,42173.90613940985,0
751,France,Male,43,5,47166.30777875848,4,1,0,127306.8303673245,1
724,France,Female,35,5,46641.50346947619,1,1,1,83952.29096771257,0
672,France,Female,46,0,100787.47311378978,1,1,1,35708.00463180255,0
654,France,Male,31,6,7365.706659325077,3,1,0,139197.767681659,0
471,France,Male,34,0,3182.803250320847,3,1,0,170600.1141321392,0
727,Spain,Male,37,6,12679.091287289362,1,0,1,88402.24036314314,0
798,Spain,Female,36,7,33840.05119353925,4,0,0,33489.213321825126,0
538,France,Male,42,3,31688.836382178943,2,1,1,56791.37682985948,0
784,Germany,Male,41,7,35875.169565103766,2,0,0,31351.59830325333,1
763,Germany,Female,41,5,6070.839228754647,4,0,0,89402.04687729554,0
535,France,Female,52,5,78725.8411774766,3,1,1,117249.1039537309,1
610,Germany,Male,36,10,17985.688084027774,4,0,0,118943.6521323758,1
510,Germany,Male,49,10,122224.71024902852,2,1,0,11600.0,1
643,Germany,Female,28,8,91617.6268724904,1,1,1,11600.0,0
694,Germany,Female,37,5,3278.276408685467,3,0,1,68262.07033453844,0
517,Germany,Male,38,10,2752.5920581998444,3,1,0,200000.0,1
688,France,Male,25,4,49574.76789628548,4,1,1,85030.4804691968,0
713,Spain,Male,39,9,4021.259889657261,1,1,0,174978.50988142856,1
715,France,Female,40,9,42412.67777134923,4,1,0,200000.0,0
695,Spain,Female,44,5,4123.646410113583,4,1,0,65604.2822058987,0
527,France,Male,43,7,32633.710593449083,3,1,0,11600.0,0
637,France,Male,26,8,27159.403691609667,3,1,1,141720.61172386422,0
685,Germany,Male,50,9,44693.940096540544,4,1,0,122026.43535950375,0
796,France,Female,34,9,22017.96907421653,2,1,0,105875.86394083148,0
650,Spain,Male,32,10,7543.888203295481,3,0,1,93710.2254357471,0
692,France,Male,43,7,92294.7605488666,4,1,0,137528.70947340573,0
556,Germany,Female,47,7,17783.83087744411,2,1,1,145935.02327428717,0
534,France,Female,34,6,3492.318191176112,4,1,0,200000.0,0
521,France,Female,38,0,34716.87682642691,2,0,1,21162.96753518537,0
607,France,Male,48,3,105053.69453937664,4,0,1,191717.4747828375,0
850,Germany,Female,29,3,16475.244000871688,3,1,0,11600.0,0
609,Germany,Female,18,2,29960.34576140731,4,1,1,91728.83043113364,0
686,Germany,Female,44,3,25755.72992137104,3,1,0,200000.0,0
705,Spain,Male,48,1,2479.893933774545,4,1,1,200000.0,0
540,Germany,Male,23,2,101379.26751726244,1,0,1,138990.2132302023,0
606,Spain,Female,38,2,71123.30047224446,4,0,1,153848.17661232338,0
712,France,Female,34,9,5033.515080408491,4,0,0,42865.93569098119,0
692,France,Female,40,0,7087.734435979252,3,1,0,91723.8434355016,0
450,France,Female,18,6,531.9124036647481,3,0,1,145492.2905514726,0
709,France,Male,26,3,212438.5380543278,4,1,0,91076.39415727876,0
594,Germany,Male,43,7,26908.14493517004,3,1,0,146004.21235845823,1
597,Germany,Female,37,8,133242.2133847614,3,1,1,126965.54593007964,1
690,Germany,Female,54,1,27248.71124047409,1,0,0,200000.0,1
802,Germany,Female,44,1,5479.60408902264,3,1,1,148065.80911536352,0
629,Spain,Female,29,1,21028.2403690971,3,1,0,159608.259984772,0
767,Spain,Male,46,7,27084.1449551305,4,1,0,95015.40995771026,0
505,France,Male,56,1,9716.530264869025,4,1,1,108654.21799264572,0
663,France,Female,38,5,2749.630457669269,3,0,0,96915.07605176912,0
595,France,Male,43,4,19027.766786454045,4,1,1,185736.35113663063,0
678,France,Female,47,9,38749.68010817456,2,1,1,69379.3249266154,0
620,Germany,Female,37,8,14740.443166365469,1,0,1,101341.39614772056,0
515,Germany,Male,18,1,159325.2367990523,4,1,0,11600.0,0
561,France,Female,44,0,32833.51054595998,2,1,1,83539.74176273079,0
485,Germany,Male,46,1,6978.72196614404,3,1,0,16113.438385928486,0
519,Germany,Female,53,9,26678.561073140707,3,0,0,107061.92486596556,0
698,France,Male,27,4,61498.7448699714,4,0,1,11600.0,0
624,France,Female,28,7,33388.43876578797,4,1,0,150867.86011107388,0
673,Spain,Female,32,7,20116.04476475801,1,1,1,62541.97525194713,0
831,Germany,Male,37,1,5619.2561887594175,2,1,0,62619.3366213772,0
620,France,Female,44,4,30768.188059460277,4,1,1,122647.63551059389,0
713,France,Female,27,1,5123.026949244445,2,0,1,30178.84842734167,0
652,France,Female,48,6,23171.84349136845,3,1,1,86628.42926075304,0
850,France,Female,47,9,6177.59719672574,2,1,0,151198.46380546782,1
350,Spain,Male,48,7,56375.33168899017,2,1,1,69091.07907939814,0
578,France,Male,35,4,74053.0032481326,4,0,0,135499.52896063364,0
715,France,Male,18,10,13951.661456439577,3,1,1,112423.11395798402,0
574,France,Female,55,0,3882.723227204847,3,1,0,198567.60352568177,0
706,Spain,Male,33,6,21311.238388158672,2,1,0,160194.26713352898,1
643,France,Male,46,2,41109.0203149487,3,1,1,200000.0,0
736,France,Male,40,1,73037.55365453067,1,1,0,54486.2009637246,1
536,Germany,Male,50,5,25783.352613885112,3,1,0,118706.47263413278,0
667,France,Female,38,1,22781.010581628558,2,1,0,133710.76171196596,1
696,France,Male,39,9,119481.6742528241,2,1,0,40763.74219813506,0
663,France,Female,40,7,29863.345169067496,3,0,1,83837.28291729723,0
664,Spain,Male,43,2,29639.584089484983,1,1,0,200000.0,0
770,Spain,Female,26,1,26381.56179456686,3,0,0,142004.34509265888,0
482,France,Male,57,7,22566.52083157296,1,0,1,159693.3150715847,0
662,France,Male,38,5,65186.49133854041,4,0,1,109837.69077874983,0
529,France,Male,44,3,16549.149086402056,1,0,0,71890.12538762979,1
725,Spain,Male,54,4,23803.160770618542,4,1,1,65703.92495170768,0
566,Germany,Male,38,9,16584.509112749744,1,1,0,11600.0,1
402,Spain,Male,29,6,42235.5960131192,1,1,1,11600.0,0
728,Germany,Male,28,3,161435.26157307217,1,0,1,116963.15897296077,1
623,Spain,Male,34,10,24738.993706242967,4,0,0,200000.0,0
685,Spain,Female,42,6,172420.19500554775,1,1,1,11600.0,0
792,Spain,Male,43,5,53456.36916621178,2,0,0,106294.32282578317,0
687,France,Female,50,4,79346.07197676151,1,1,0,62010.72898804159,0
666,France,Female,23,2,20248.50465545012,1,1,1,151698.49521497052,0
645,Germany,Male,41,0,12707.34288023048,2,1,1,11600.0,0
535,Germany,Male,45,7,42996.72899249869,1,1,0,24696.39330736721,1
628,Germany,Male,44,10,234162.64027915863,2,1,0,86979.84548512749,0
847,France,Male,18,6,61926.44290727501,1,0,1,192078.62249950223,1
612,Germany,Female,35,5,57226.21365563008,4,0,1,16953.463049703874,0
634,France,Male,47,3,29901.16176630679,4,0,0,90235.15833132088,0
775,Germany,Male,30,4,105798.97317127248,2,1,1,54429.09194072623,0
495,France,Male,27,4,59695.8137446667,4,0,1,26716.24357246654,0
712,France,Female,44,1,56178.53214848874,3,1,0,112456.22519619096,0
491,France,Female,41,5,17303.18506644901,4,1,0,97335.86346861711,0
689,Spain,Female,41,10,158187.90355137578,4,1,0,11600.0,1
647,France,Female,32,4,14409.971406651995,2,1,1,33878.92989347308,0
711,France,Male,25,0,37084.00916166663,3,1,0,16619.15509295871,0
548,France,Male,48,8,20742.1229074102,2,1,0,43049.51384252997,1
596,Germany,Male,72,6,9969.84090750596,3,1,1,39656.04095178816,0
716,France,Male,22,10,7779.699715437528,3,1,0,200000.0,0
599,Spain,Male,49,1,17328.446860943368,2,1,1,66802.65522410219,0
725,Germany,Male,37,5,58394.810505728114,4,0,1,49613.43723893671,0
670,France,Male,42,0,184010.00182049893,1,0,0,198776.02679246583,0
605,Germany,Male,38,1,95957.03949122864,3,1,0,62896.1871596844,1
618,France,Female,60,6,12296.775623118352,2,1,1,110442.70419205831,0
650,Spain,Female,30,2,4082.894175337808,4,0,0,81177.42167410716,0
627,France,Male,32,6,58026.61196990835,3,1,1,186707.89419905283,0
723,Spain,Male,39,5,1524.738504689127,2,0,1,86793.3549872588,0
612,Germany,Male,44,4,97993.31865444678,3,1,1,57097.47433759768,0
592,Spain,Female,52,9,87305.20897529981,2,1,0,61072.01818074644,0
741,France,Female,43,8,78921.26955180513,1,1,1,121531.56717284353,0
607,France,Male,41,9,40195.040409088,3,1,1,133651.85485872687,0
595,Germany,Male,34,4,181594.7838825447,1,1,1,150872.42877522085,0
401,Germany,Male,44,4,30658.27630026554,2,1,0,66621.70497974358,0
546,France,Male,31,7,215373.66450190984,1,1,0,35035.22589913645,1
566,France,Female,41,6,106799.11321096764,1,1,1,86683.16647085952,0
595,France,Male,36,0,6764.760155096825,2,1,0,124634.24425605424,0
577,Germany,Female,29,9,112640.98191933036,2,1,0,173722.77979507757,0
748,France,Male,54,1,18182.62527303407,1,1,1,85311.95518598086,0
572,France,Female,29,3,73104.90422281044,2,0,1,154776.22814115311,0
579,France,Male,35,8,10.459077160927704,4,1,0,27199.00290510246,0
665,France,Male,23,6,16137.655128550252,2,1,0,98297.8286339692,1
539,France,Female,37,1,71033.60303736979,2,1,1,15097.21018865431,1
806,Spain,Female,43,10,179401.62364914766,1,1,1,83463.8680157174,0
730,France,Female,29,7,9374.499977719384,4,1,1,163962.5003084312,0
533,Spain,Female,20,0,30754.868200080797,3,1,0,146424.87407945673,1
751,France,Female,35,7,44235.93255818182,1,1,1,47466.16822062355,0
772,France,Male,37,4,152417.16814072867,4,0,0,65042.83233825185,0
535,France,Female,36,0,30189.914528744805,3,1,0,27099.51675222574,0
533,Germany,Female,54,2,135553.78609835514,3,1,0,78525.53568951259,0
588,Germany,Male,42,10,191264.67544410191,4,1,0,150174.75573913826,1
508,France,Male,41,6,142049.33453879657,3,1,0,11600.0,0
571,France,Female,42,6,69061.45343513237,3,0,1,149897.8881435375,0
609,Spain,Female,42,7,6746.939728932485,4,1,1,11600.0,0
700,Spain,Male,34,10,46117.121087913976,4,1,0,11600.0,0
658,France,Female,29,10,70025.09724345963,4,0,1,11600.0,0
635,Germany,Female,63,3,154950.22749417328,1,1,1,76361.71979404561,1
601,France,Male,37,5,75244.87483462068,4,1,0,48315.93439437526,0
519,France,Female,39,6,38710.81129494016,1,1,1,173228.8122022404,0
709,France,Male,39,7,11480.952902680374,1,1,1,115837.10913712632,0
706,France,Male,31,2,30537.461526442727,4,1,0,40830.945892429205,0
588,Spain,Female,40,4,50847.12528542624,3,1,0,99067.03117182617,0
539,France,Female,26,7,19622.44673069632,1,0,1,64688.789807672685,0
805,Germany,Male,46,5,30481.720716468848,1,1,1,85155.89987540766,0
674,Spain,Female,36,0,875.6420537796822,3,0,0,94565.41668868148,0
689,France,Male,50,1,105608.58440808712,3,1,0,164178.747827169,0
694,France,Female,44,2,1769.230795002873,2,1,1,200000.0,0
529,Spain,Female,42,6,26321.522872532943,2,1,1,155217.09522593644,0
799,France,Female,31,9,35766.981251145524,1,1,1,53969.80031610469,0
609,France,Female,39,2,179529.6443670709,4,1,1,90257.17596732976,0
732,France,Female,46,8,136794.33378327716,1,1,0,73414.12271978287,0
795,France,Male,40,8,51973.80245738139,1,1,1,11600.0,0
658,Spain,Male,25,10,43859.95095243513,1,0,0,102681.52350680529,0
531,Germany,Male,48,7,22829.177023975,3,0,0,140843.54956597305,1
400,France,Female,46,8,2097.766099227169,3,1,1,11600.0,0
646,Germany,Male,23,7,15578.742203568236,4,0,1,53704.211011592255,0
675,Spain,Male,40,8,94102.62324781614,2,1,0,46137.35863384051,0
591,France,Female,47,3,52244.4556351701,4,1,1,116067.29878162808,0
663,France,Female,33,3,84215.11996365034,3,1,0,128354.62041758509,0
693,Spain,Female,25,4,90692.05832479056,4,1,1,200000.0,0
749,Spain,Male,28,6,3211.321728327883,3,1,1,102584.4834125557,0
627,France,Male,37,8,20559.795652783163,1,1,0,148698.4731151647,0
645,France,Male,48,3,56348.64282051427,2,0,1,93073.59030709269,0
632,France,Male,28,6,95896.19491603869,3,1,1,76770.26956449676,0
653,France,Male,28,5,80831.447975387,3,1,0,77160.1154025684,0
598,Germany,Male,35,8,27421.71339967251,2,1,0,127496.02027813428,0
598,France,Male,45,8,134488.06044932103,1,1,1,78685.2639901939,0
604,France,Female,56,8,17884.994319938363,1,1,1,16304.288428335873,0
665,France,Male,39,4,23562.323282425317,4,0,0,102420.01358913074,0
565,Spain,Male,32,2,10009.258199208449,1,1,0,115493.44313248756,0
604,France,Female,31,5,12868.67118683967,3,0,1,92369.74178951365,0
830,France,Female,52,1,437.5651738400003,3,1,0,94839.4360150819,0
739,Spain,Female,26,6,18443.935544923483,4,0,0,118647.20148187276,0
554,Germany,Male,40,6,18305.26221983153,2,1,1,75023.27792437845,0
736,France,Female,52,1,3482.2480268602294,3,1,0,122118.80278265785,0
712,France,Female,37,5,20811.988817866728,1,1,1,110565.05826197064,0
639,France,Female,28,3,17932.649928549712,1,0,0,114127.10614603218,0
579,Germany,Male,44,6,80236.10093030521,3,1,1,156334.7647498615,0
567,France,Male,40,7,8494.755270563777,3,1,0,126441.9804484998,0
672,France,Female,43,9,64564.20867781533,1,1,1,11600.0,1
565,France,Female,44,10,6962.316549126438,4,1,1,140729.64679724374,0
759,France,Female,44,0,34282.15399868253,3,1,0,170933.12481812428,0
788,Germany,Female,41,4,66663.07739693901,3,1,1,171308.73069853758,0
645,France,Female,45,8,46628.08016976393,2,1,0,179667.81985523505,1
763,France,Female,52,1,51905.5600268662,4,1,1,122142.08629807514,0
608,Spain,Female,31,3,11556.942516211588,2,1,1,108831.2331742512,0
578,Germany,Male,36,7,87839.71433972848,3,0,0,71637.86976363733,0
760,France,Male,46,4,151947.1045968007,1,1,0,18103.12520513448,1
807,Germany,Female,38,7,8383.635335893363,1,1,0,122509.26413128331,0
846,France,Female,26,9,109582.22897150296,3,1,0,96364.24958205609,0
683,Germany,Male,42,9,25349.284082350365,3,0,0,50132.64819644865,1
736,Germany,Female,34,0,60004.884706950375,2,1,0,147454.49773499102,1
681,Germany,Female,60,6,35333.97339424172,1,1,0,57166.79115171579,0
790,Germany,Male,48,5,78833.84741793445,1,0,0,132429.99554157982,1
693,France,Male,50,1,2316.99236108553,2,1,0,99325.25157775708,0
730,Germany,Female,39,6,19554.948451726785,4,1,1,173670.5375232186,0
536,France,Male,42,2,2432.559853398181,1,1,0,196947.63275963493,0
626,France,Female,35,3,142107.4588198338,2,1,1,140892.58030392538,0
731,Spain,Male,30,10,9325.580247288584,4,1,0,46944.86740143375,0
722,Germany,Female,29,5,27631.447053117736,1,0,0,85407.46597796705,1
739,Spain,Female,60,2,51283.820748595776,3,1,1,132424.1467234624,0
662,France,Male,42,0,30948.505050592863,2,0,0,82984.69230517637,0
584,France,Male,25,9,38452.010631773606,4,0,1,165131.71611710393,0
644,France,Female,48,0,11408.907610118338,2,1,1,93365.28626335776,0
654,Germany,Female,65,5,3469.060710087666,4,1,1,129740.9683320371,0
674,France,Male,23,3,14879.104911853035,4,1,1,137895.34278631513,0
553,France,Male,45,6,19074.479747851918,1,1,1,133327.06542305506,0
623,France,Male,27,8,26876.782436732417,4,1,0,52345.60532000858,0
641,Germany,Male,50,7,17545.30720840166,2,0,1,185668.2609151016,0
425,France,Male,18,2,1823.3956053143409,2,0,1,110074.98730256844,0
733,Spain,Female,39,6,4969.362070039896,1,1,0,84809.95476143858,0
666,France,Male,43,0,56015.04365555597,3,1,1,14933.648613244106,0
676,France,Female,25,1,3261.783112729448,4,1,0,15530.49682908434,0
598,France,Female,43,8,2365.77668506575,4,1,0,65199.16328636752,1
708,Spain,Male,34,9,83508.8464851569,1,1,1,63639.69655505281,0
566,France,Female,56,7,2105.905803873876,1,1,1,26926.480650876707,0
582,France,Female,24,6,3560.482179008084,1,0,1,69770.45403359496,0
712,Spain,Male,48,10,39871.26608640139,4,1,0,157350.88478608432,0
685,France,Male,38,9,29245.538184325957,2,0,0,121897.61940831644,0
522,Germany,Male,51,1,166843.41260664508,3,1,1,32271.020675770807,0
807,France,Male,52,1,138109.47309174616,2,1,1,159413.80022937604,0
574,France,Male,36,6,53972.649827223904,1,1,0,158169.96159391152,1
636,France,Female,38,6,3729.034918685813,4,1,0,11600.0,0
824,France,Male,48,5,34977.38940434163,2,1,1,179847.10158682632,0
444,Spain,Female,44,9,2305.693475269255,3,0,0,137578.8044224619,0
479,Spain,Male,37,4,119264.17462018544,1,0,0,158689.8991929732,0
694,Germany,Female,30,5,53937.98556979312,3,0,0,44135.95623088905,0
402,Spain,Female,42,8,42653.62904643532,4,1,1,81079.96220067624,0
445,France,Female,27,3,27922.410695583378,1,1,1,72221.53392295189,0
767,France,Male,45,9,35638.611362266056,1,0,0,59049.11082438228,0
609,Germany,Male,50,0,25565.83972775036,1,1,0,61569.774701060414,0
850,Germany,Female,30,8,5246.587765161686,3,0,1,47250.74813820159,0
546,France,Female,34,7,54085.76032977824,4,1,1,135182.4951790762,0
618,Germany,Female,32,10,250000.0,1,1,0,110917.41196672784,0
704,France,Male,49,1,5966.948182328039,2,1,0,163519.36559493322,0
697,Germany,Female,39,3,250000.0,1,1,0,11600.0,1
624,Spain,Female,35,2,114935.80450931702,1,0,0,123152.33608130134,1
585,Germany,Female,45,2,112302.971774676,1,1,0,64992.09015693992,0
673,France,Male,34,5,88966.68816842184,2,1,0,72694.63278233405,0
787,Germany,Female,36,6,128558.19507134352,2,0,1,83670.40043571441,0
726,Germany,Male,27,7,14146.304305592324,4,1,0,200000.0,0
586,France,Female,47,6,28737.235936243487,3,0,0,57852.31002074671,0
550,France,Female,28,8,32678.529130640203,1,1,0,133494.19637611255,0
580,Spain,Male,53,1,3520.0630636433825,3,0,0,200000.0,1
522,France,Female,41,9,198047.7528715848,3,1,1,30979.08772591487,0
664,France,Male,37,3,58469.318583411536,1,1,1,97026.98448272535,0
731,France,Female,38,1,30034.77112976803,1,1,1,24493.39992439889,0
642,Germany,Male,56,10,243077.3063153888,2,1,0,55934.08156310007,0
821,Spain,Male,25,2,15886.258189889835,4,1,1,126464.4184013014,0
827,Germany,Female,26,9,20550.5657279304,2,1,1,97145.94736424356,0
680,France,Male,48,0,10588.861691958831,3,1,1,11600.0,0
720,Germany,Female,29,7,10321.182916799762,1,1,0,132204.61831562998,1
559,Germany,Male,31,4,10442.323249053368,3,1,0,200000.0,0
613,Germany,Female,34,4,47187.83491767473,2,1,0,132552.93348283996,1
777,France,Female,50,7,17416.5182563496,3,1,0,71021.79499448063,0
592,Germany,Male,47,10,151545.0877000341,1,1,1,42459.3097779323,1
798,France,Female,37,8,84838.64322769245,4,1,0,103095.14577951995,0
761,France,Male,43,8,8789.493242316468,3,1,1,39143.41435130026,0
725,Germany,Male,42,9,89782.56656210312,4,1,1,171169.2597005294,0
532,Spain,Male,28,8,21206.233004865637,3,0,0,87318.14007479776,0
618,France,Female,29,1,12923.523620834112,1,1,1,11600.0,1
714,Spain,Male,18,6,76179.37691337416,1,1,0,72791.41658009042,1
551,France,Male,53,6,97244.85225397644,4,0,1,65448.58621961244,0
630,Germany,Female,32,3,161508.27861318836,1,0,0,146243.20445780843,1
725,France,Male,39,4,27255.25717516,4,0,0,125656.76646127323,0
593,France,Male,44,5,41289.53555882192,2,1,0,107926.8367704036,1
565,Germany,Male,29,6,47714.844664136384,4,1,1,62586.17569965292,0
469,Germany,Male,30,1,49403.31544892845,3,1,1,11600.0,0
611,Spain,Male,29,9,25721.27720872781,4,1,0,178987.06972031776,0
727,Germany,Male,18,1,8264.38912729199,4,1,1,99900.68673664624,0
562,Germany,Male,38,1,3652.51166437343,3,1,1,186329.1745245149,0
651,Spain,Male,62,4,118216.84825755688,1,0,0,120520.80642611191,0
627,France,Male,33,5,22828.79199730155,1,1,0,43182.80620973219,0
583,France,Female,33,10,9964.47508152453,2,1,1,129122.03722850906,0
733,France,Female,35,5,205438.44480595097,1,1,1,23174.86373824268,0
814,France,Male,42,2,81204.20305074757,2,0,0,11600.0,0
750,Germany,Female,47,3,198649.42897730132,2,1,1,142839.16759933982,0
580,France,Female,30,6,16342.330936735923,2,1,1,63451.11235868538,0
849,France,Female,43,6,31110.93421876145,1,1,0,175502.8382643034,0
750,France,Male,38,5,82693.78414734952,3,0,1,38147.475176828615,0
604,Germany,Female,41,0,40135.927669386016,1,1,0,194369.98230705984,1
572,France,Male,43,9,21922.415722250666,3,0,0,159624.47100627102,0
762,France,Female,29,5,8624.101855190745,1,1,1,139806.35447449156,0
667,Germany,Male,33,0,41250.02285524659,2,1,1,88876.9805090169,0
564,Spain,Male,43,10,45613.36060371183,3,1,0,110250.05138580818,0
635,France,Male,37,4,63782.01364775426,1,1,0,156606.75426444938,0
609,Germany,Female,46,5,78157.7191778533,1,1,0,118183.30626632967,0
567,France,Female,36,6,6284.32299832693,4,1,1,150395.93598313307,0
751,Spain,Male,49,7,49436.76981467009,3,0,0,117062.74372075275,0
728,France,Male,19,8,76035.02276082351,2,0,1,71245.21131362925,0
733,Spain,Female,42,5,24633.38429448032,2,0,1,200000.0,0
732,Spain,Female,26,10,16118.318985797165,3,1,0,200000.0,0
558,Spain,Female,50,6,32663.20688841322,1,0,0,171471.47618862713,1
589,France,Female,37,3,18559.45996310211,2,1,1,113292.74378201464,0
795,Germany,Male,35,9,35652.68213260445,1,0,0,96615.66021583682,0
660,France,Male,30,6,18444.105805289502,4,0,0,161231.51083627832,1
502,Spain,Male,45,9,27469.800504273524,2,0,1,93970.13544838864,0
671,Spain,Male,44,0,123336.6362037624,1,1,0,30418.527208471583,0
715,Spain,Female,36,2,124208.72577597963,2,0,0,88989.99019250151,1
702,Germany,Male,45,0,242546.66780679557,1,1,0,149359.40948115388,1
556,Germany,Male,41,10,33288.60598433638,4,0,1,114198.2686681368,0
838,Germany,Male,39,7,9198.474245016776,4,1,0,99555.43813260936,1
499,France,Male,46,2,109923.25475080532,4,0,0,56043.43767069888,0
661,France,Female,57,6,45421.49642554392,1,0,0,21726.07148604265,0
823,Germany,Male,41,1,68860.80163383446,2,1,1,72936.9833939028,0
709,Spain,Male,41,4,8872.32452204074,2,0,1,120081.33248003104,0
733,Germany,Female,48,2,19260.935543064432,1,1,0,65615.25078819442,1
544,Spain,Male,29,9,16094.219550203845,4,1,0,106050.88916534664,0
684,Spain,Male,37,2,41021.333633132825,4,1,1,133667.647252791,0
646,Germany,Female,35,4,250000.0,3,1,1,144289.42866620742,0
536,France,Male,42,7,47382.45217394687,1,1,1,113020.3930805664,1
736,Germany,Female,41,1,42532.60874268139,4,0,1,20335.313385781337,0
568,France,Female,56,10,71165.06583425302,3,1,0,119660.4335614015,1
579,France,Male,53,3,19935.53710329616,4,1,1,90099.01169189547,0
693,France,Male,23,3,14597.310446901003,2,0,0,11600.0,0
635,Spain,Female,42,10,91021.58165470502,3,1,0,82322.92309377118,0
666,France,Male,46,4,161638.04013657314,1,1,0,200000.0,1
629,Germany,Female,39,5,27357.830055050126,2,1,1,107215.10518913236,0
791,Spain,Male,33,8,2107.0022214321457,2,0,0,133310.273377901,1
557,Germany,Female,52,4,9871.397617450106,3,1,0,186918.22268009945,0
603,Germany,Female,42,9,97239.00339440748,2,0,1,113090.52003054242,0
698,Germany,Female,28,7,6485.20800531288,3,1,0,102234.83381760107,0
551,France,Male,48,4,71986.06882734782,1,1,1,16286.095780675736,0
546,France,Male,43,2,48411.44262832631,4,1,0,97709.66897614083,0
663,Spain,Male,32,5,64865.30660579032,2,1,0,81070.30033679411,0
736,France,Female,31,3,14825.415346807737,1,1,0,122250.62086028344,0
749,Germany,Male,31,4,925.0006386181054,4,1,1,74158.60169867142,1
659,Germany,Female,50,7,2028.3116812795977,3,0,0,65945.15995668372,1
582,France,Male,44,10,64521.88588066661,3,1,0,11600.0,0
677,Spain,Male,48,10,47517.903639002754,1,1,0,150942.70712295358,0
706,Spain,Male,41,3,91770.87886445515,4,1,0,39259.16208186121,0
676,France,Female,32,6,25478.598686432462,3,1,1,135343.30013551936,0
773,Spain,Female,31,2,40546.03757474928,4,1,1,168621.14426893322,0
548,Germany,Male,49,3,76509.55681776039,3,0,1,54409.5533073862,0
580,France,Female,43,7,34323.53507996381,4,1,1,192343.0546066438,0
759,Germany,Male,36,7,250000.0,1,1,0,105762.30892547044,0
502,France,Female,39,8,67912.89762028586,1,0,1,122838.2679912352,0
596,Germany,Female,48,3,57491.66460802653,2,0,0,76898.08021520992,0
576,France,Male,44,9,80856.41744780031,2,1,1,68631.68897527743,0
493,Germany,Male,38,3,75071.83925404144,1,0,1,11600.0,0
631,Germany,Male,38,4,12403.536422532534,2,1,0,200000.0,1
724,Spain,Male,33,4,11810.422794564258,3,0,1,11600.0,0
665,Germany,Female,39,2,46579.64384124176,2,1,1,11600.0,0
729,France,Female,36,0,28639.325177739043,2,1,1,90709.18615243594,0
769,Spain,Female,38,9,102621.13474473637,4,1,1,92908.42387267172,0
611,Germany,Female,33,0,17131.721111278188,3,1,1,11600.0,0
850,Germany,Male,25,7,20088.057302959067,1,1,0,72850.46182521961,0
615,France,Male,48,3,9094.907230759363,3,1,0,62375.28165359555,0
628,Spain,Female,44,10,200157.51400700823,4,0,0,81723.90800285137,1
579,Spain,Female,36,9,6167.542842217943,2,1,1,153593.44071225508,0
704,Spain,Female,35,10,203433.81824881263,3,1,0,182113.27669147536,0
620,Spain,Female,25,1,61275.59980427757,4,1,0,195420.82641730784,1
642,France,Male,49,5,4668.928667007538,1,0,0,132475.77752069422,0
629,Spain,Male,51,8,8244.639527234727,2,1,1,14640.609298148032,0
627,France,Female,38,4,19798.355531183646,4,1,0,128622.72836117233,1
665,France,Male,42,2,15078.642922470544,4,1,0,125560.7856349154,0
604,Germany,Female,29,3,180834.086751914,4,1,0,123203.0173470499,1
609,Germany,Male,39,1,47510.74515406924,1,1,0,147753.9274421428,0
757,France,Male,32,6,3865.1122703026895,1,1,1,59197.10928036631,0
620,France,Male,32,3,37264.63323382274,4,0,0,25769.97212779586,0
688,France,Female,36,3,113719.22125002996,3,1,0,31749.96801267477,0
561,France,Female,34,7,26908.283995541588,1,1,1,60648.29385242811,1
605,France,Male,37,9,54850.26253422473,3,1,1,81267.5988671185,0
526,France,Male,49,4,74182.69972671586,3,1,1,117912.85118972376,0
835,France,Male,18,2,10230.13898485052,4,1,1,63222.4656163215,0
787,Spain,Male,33,5,96724.0449729518,4,1,1,179292.57721805084,0
709,Spain,Male,45,7,29784.79747919824,2,1,1,101679.22110833168,0
850,France,Male,40,9,2917.941266906659,1,1,0,63497.52035081156,0
727,Spain,Male,31,0,105558.32980853316,1,1,1,166152.5855032765,0
632,Germany,Male,60,8,41546.17400643806,1,0,0,76561.28727505567,1
687,France,Male,65,3,11052.396881465356,4,1,1,61276.528685318845,0
786,France,Male,38,4,19095.9764157684,1,1,0,180060.38723407104,0
561,France,Male,29,9,42125.64550558904,4,1,1,112305.11462693708,0
532,France,Male,36,2,23434.14794693595,1,0,1,200000.0,0
690,France,Female,27,8,13288.335325222057,3,0,1,29046.931707323514,0
591,Germany,Male,43,5,32630.058916347243,4,1,1,16543.598229682306,0
424,Germany,Female,44,0,10231.163746251885,2,1,0,115678.6019501594,1
525,Spain,Male,48,8,14076.993644805323,2,1,1,200000.0,0
618,France,Female,42,10,87646.37901012617,1,0,0,58880.240062059805,0
654,Germany,Female,41,4,12973.601896798596,3,0,1,107166.3702733192,0
657,Germany,Male,28,2,59432.44933571071,3,0,0,68081.96729885454,1
850,Spain,Female,26,3,14415.434317129444,1,0,1,76501.16427153771,1
629,France,Male,18,4,11938.14292966684,2,1,1,129440.04303967362,0
677,Spain,Male,39,0,14461.200100039994,1,1,0,45460.51855475045,1
487,Spain,Male,47,9,31583.60177205464,3,1,1,11600.0,0
646,Germany,Male,50,2,7907.581327926386,1,1,0,120218.50263888974,1
683,Germany,Male,47,6,5636.745242827174,1,1,0,84102.7355632729,1
512,France,Male,35,8,70681.357589312,1,1,1,151818.33911451494,1
556,Spain,Male,57,5,1178.872381068231,3,1,0,157122.7890412905,0
698,France,Female,29,3,24346.030352068672,2,1,1,39203.42592761648,0
595,Germany,Male,29,3,25211.90301889696,4,0,0,88041.00440718277,1
639,France,Male,46,8,111765.64527003389,1,1,0,131016.9469432288,0
704,France,Male,53,0,74469.7828912904,4,1,0,147655.96765605206,0
850,Germany,Male,56,5,35736.596278427765,4,0,0,183678.29611046836,1
627,Spain,Male,48,3,32678.34457765763,2,0,1,136047.84283306083,0
826,France,Male,46,2,41689.6251104177,2,1,0,146964.5667597793,0
454,Spain,Male,47,10,22144.94133547965,3,1,0,149347.8721593654,0
664,Germany,Male,36,0,60328.33975105596,4,0,0,200000.0,1
616,France,Female,30,4,57929.44894294142,4,1,1,11600.0,0
596,France,Male,41,3,42742.69317040525,1,1,1,200000.0,1
715,Germany,Male,22,9,2971.191030415624,1,1,1,109157.06556321528,1
628,France,Male,35,3,6781.689004954342,2,1,0,11600.0,1
447,France,Female,33,7,2003.4199798822544,2,0,0,113378.0136825355,0
491,France,Female,44,10,63383.9362430546,2,0,0,70951.95358908064,0
722,France,Male,41,10,32466.05443584661,3,0,1,123152.93244780408,0
486,Germany,Male,53,1,155033.7210559391,4,0,1,200000.0,0
724,France,Male,47,10,152170.9382834189,3,1,1,23668.315248759594,0
662,France,Male,32,9,80016.67876373281,4,1,0,137139.2898788983,1
632,France,Female,45,10,29263.893163750105,2,1,1,120092.4147696978,1
641,France,Female,21,9,19015.48862540185,3,0,0,83112.1009086188,0
701,France,Male,46,3,11218.103295862216,3,1,0,33238.28270874641,0
532,Germany,Male,31,10,13230.509032715145,4,1,0,115405.2073255974,1
654,Germany,Female,32,0,231876.69960608787,4,0,0,12971.382531138035,0
536,France,Female,52,1,37788.24638694453,3,1,1,62848.85399936792,0
666,France,Female,42,9,616.4587926582162,1,1,0,57810.13444807271,0
714,France,Male,37,9,2265.205553354542,4,0,1,109986.8920905199,0
666,France,Female,49,2,30695.198030904347,4,1,0,41814.65705389071,1
710,Germany,Male,53,0,29302.768993349608,3,0,1,82175.32791144357,1
579,France,Male,29,1,26006.66741671321,2,1,1,114317.44877388034,0
643,France,Female,31,6,86751.02584117433,1,0,0,200000.0,1
626,Spain,Female,47,9,60727.31760534781,2,0,0,11600.0,0
619,France,Male,42,9,5681.796961141282,3,1,1,145024.83506650996,0
569,Germany,Female,20,5,22524.08313480936,2,1,1,146976.11936681997,0
606,Germany,Female,56,1,45401.24137149296,2,1,0,109278.9685639202,1
538,France,Male,34,0,24102.910054669563,3,0,0,45328.23782723075,0
480,Germany,Female,28,9,11678.974031674714,4,1,1,174841.6540104741,1
579,Germany,Male,39,8,49450.1897013792,2,1,0,100613.23996481528,0
712,France,Female,48,0,46096.47622734453,3,1,1,120950.29301730932,0
673,Germany,Male,50,9,183668.8930108436,3,0,1,47313.01158151378,1
524,Spain,Male,39,4,41170.80315848372,3,1,1,107199.46582835531,0
609,Spain,Female,64,8,103691.89805366212,2,1,0,154346.2188014048,1
719,Germany,Male,67,8,148989.20262372095,4,0,0,130214.92252713924,0
605,Spain,Male,43,5,28527.363768358395,2,1,1,80343.80079120694,0
508,France,Female,38,2,2717.1972773892785,2,1,1,147385.52059629056,0
850,Germany,Female,35,1,7744.721012067539,1,0,0,123962.36850567392,0
633,France,Male,37,2,35055.96342172778,2,0,0,58047.921602455375,0
533,France,Male,53,0,111726.70160807774,3,0,1,18553.49598518481,0
667,Germany,Female,42,2,53084.91402491469,3,1,1,182681.26546051443,0
641,Germany,Male,47,1,11249.870722087167,1,0,1,133474.59355886345,1
495,France,Male,45,7,60373.00217275808,1,1,0,200000.0,0
659,Germany,Male,45,9,112319.37151688104,1,0,0,200000.0,0
748,France,Female,49,6,1534.5885052237406,1,1,1,88789.24061830039,1
626,France,Male,47,0,13907.193451437966,2,1,0,117232.99716684187,0
443,France,Female,43,0,8313.404771729183,2,0,0,96339.7755879864,0
684,France,Female,57,4,76647.69210950109,3,1,1,28996.758009775745,0
710,France,Male,25,3,111039.84581787484,2,1,1,194771.8859024687,0
591,Germany,Male,41,7,40434.35281110516,1,1,0,130175.5569650582,1
592,France,Male,33,7,94260.18593529964,4,1,1,153994.21473751066,0
850,France,Male,48,2,53492.08250764813,1,1,0,32179.06974829051,1
584,Germany,Male,22,4,53457.46215587972,1,0,0,98390.19659626477,1
537,Germany,Female,41,6,43340.2986098533,4,1,0,11600.0,0
652,France,Male,43,7,2565.648983626881,4,1,1,93117.61522370434,0
707,France,Female,51,2,138213.65383154186,1,1,1,82317.78557166253,0
703,France,Female,34,7,21985.084429011506,2,1,0,46228.59814179128,0
403,Spain,Male,66,9,81120.51079668578,3,1,1,70366.71774877672,0
583,Spain,Male,33,8,83032.50010416258,4,0,1,178774.05163500155,0
765,Germany,Female,27,2,168719.83908515386,3,1,0,141190.9946815776,1
682,France,Female,45,1,19778.18737091192,2,0,1,103358.22287256534,0
526,Germany,Female,37,1,250000.0,1,0,0,43001.09484625466,0
774,France,Male,57,4,17874.79840804952,2,0,1,123322.21890830537,0
746,France,Female,23,9,30016.565894859727,2,1,1,11600.0,0
620,France,Male,39,0,61251.31627059394,3,0,1,21739.77847750233,0
737,Spain,Male,47,5,8420.259684484216,2,1,0,185884.66550410527,0
849,Germany,Male,32,6,15487.740267967496,4,0,1,190884.14515810087,0
544,Germany,Male,25,4,65118.53031343536,1,1,1,11600.0,1
705,Germany,Female,53,10,183227.20828586267,4,1,0,114350.25525354902,0
848,France,Male,30,7,65987.663376632,2,1,1,200000.0,0
715,France,Female,49,5,99133.4501334735,3,0,0,72510.50639930084,1
574,Germany,Female,29,0,1910.372459880128,3,0,0,115906.87093947074,0
673,Germany,Female,35,8,43022.21766987806,4,1,1,64933.7467466514,1
786,Spain,Male,46,4,122723.83819486492,4,1,1,132710.75617665704,0
548,France,Female,42,4,57347.66171827462,3,1,1,40952.17479849543,0
646,Spain,Male,29,0,56421.98036242017,4,1,0,119795.2172823704,1
625,France,Male,44,4,11347.552346453,2,1,0,200000.0,0
586,Germany,Female,18,2,98714.87243997608,1,1,1,110602.98592979054,0
674,France,Male,26,9,100140.82567118388,1,1,1,75433.68801236853,0
639,Spain,Male,56,2,47596.80714176703,1,0,0,31340.36893822033,0
714,France,Female,37,10,27810.17385004472,3,0,0,111016.23725735216,0
764,Germany,Male,46,9,86941.31344106016,3,1,1,46598.10054152367,0
522,Germany,Male,45,7,31274.023136483615,3,0,0,27586.293803959183,1
656,France,Male,35,8,86471.53596125255,1,1,0,23048.160407123985,0
644,France,Male,40,5,33171.23969757152,4,1,0,11600.0,0
670,Spain,Female,27,2,43350.5044766561,3,1,0,84683.6646290324,0
648,France,Male,40,7,68920.6818664299,3,0,0,189118.13876584676,0
551,France,Female,34,2,15393.80265871195,2,1,1,160665.44672271487,0
795,Spain,Female,59,6,14174.22656586846,3,1,0,146931.92350925427,0
838,Germany,Female,31,1,55107.11850178546,3,1,0,56813.98237593195,1
704,France,Female,44,5,153861.5213533765,1,1,1,107687.65537415756,0
709,Germany,Male,36,7,29532.59516065465,1,0,1,82106.25219761881,0
663,Germany,Male,47,2,114238.40752150115,2,1,0,200000.0,0
746,Spain,Male,25,8,36509.97147302274,1,0,1,38378.57234328661,0
405,Germany,Male,37,10,182350.8553836033,4,0,0,11600.0,0
649,Spain,Male,44,8,78522.27122995419,4,1,1,21180.065726907316,0
592,France,Female,41,2,98147.86822593775,1,1,1,125457.19221553692,0
664,Germany,Female,43,2,56909.881708902336,3,0,0,57383.13846794982,0
759,France,Male,30,4,101434.59850757288,2,1,1,64908.46647759703,0
651,France,Male,35,8,44922.32928466824,3,0,0,11600.0,0
613,Germany,Male,38,0,41889.78015587601,3,1,0,55131.88460014504,0
509,France,Female,46,0,103459.30391965694,2,1,1,142901.603819207,0
639,Germany,Female,52,0,759.0409263119881,1,1,1,11600.0,0
717,Spain,Male,20,3,32579.047845533627,2,1,0,70065.03968617014,0
565,France,Female,35,6,102039.4780485214,4,0,1,99756.70045805292,0
449,France,Male,32,10,10917.10034143998,3,0,0,137105.9884367687,1
850,Germany,Male,31,1,158515.3812672219,4,0,0,67825.60723907074,0
683,Spain,Male,41,2,67469.53747225016,2,1,0,81252.92624736579,1
627,Germany,Female,39,3,71863.06609123916,1,0,1,164461.70940761146,0
789,Germany,Male,27,0,54752.35968102226,2,0,0,79832.63013829455,0
664,France,Male,27,1,29662.776338847423,4,1,1,163207.93264733747,0
783,France,Male,43,1,30897.943247926756,4,0,0,200000.0,0
774,Germany,Male,28,10,91351.13474589898,3,1,1,114257.18927005824,0
522,France,Female,32,5,7491.131335506845,3,1,1,35406.06009441868,0
695,Spain,Male,48,3,36914.283383519854,3,1,0,131704.5611415149,1
822,France,Female,40,6,18549.347888814744,3,1,1,165172.3929772841,1
550,Germany,Male,54,10,207757.0122977849,1,1,0,57546.5341714223,0
551,Spain,Male,37,7,184.99115066088723,2,0,1,137581.4471792391,1
568,Spain,Male,61,1,3289.596796330526,2,0,0,11600.0,0
739,Germany,Male,37,1,171153.54372871778,2,0,1,155938.0472126051,0
678,Spain,Male,50,4,39240.29389285379,1,1,0,52116.9954321081,0
456,Spain,Male,30,3,7456.049150204165,2,1,0,11600.0,0
684,Spain,Female,32,9,29768.392655782714,2,1,1,68982.71889932398,0
624,Spain,Female,55,1,19478.9144471264,1,1,1,172062.5202368815,1
638,Germany,Female,32,8,121073.02000652638,3,1,0,96547.87769703528,1
566,Germany,Male,36,8,58170.23212209203,3,1,0,87646.86616931466,0
684,France,Male,32,9,6992.931656719817,1,1,0,150135.75878772215,1
755,France,Male,50,3,38441.57859509878,1,1,0,123542.17091760915,0
585,France,Female,26,1,7220.094425197164,3,1,0,66379.45390437215,0
481,France,Female,52,2,54715.67257188741,1,1,0,97641.75435291942,1
619,France,Female,41,7,64955.81882971201,2,1,1,200000.0,0
725,France,Male,40,10,41295.09479851481,4,1,1,101791.5298361723,0
607,Spain,Male,38,7,169004.7947888449,4,1,1,109408.1910672254,0
500,Spain,Male,51,6,144419.69165529122,2,1,1,200000.0,0
726,France,Male,36,3,11528.277561703057,1,1,1,11981.660231373564,1
791,France,Male,31,0,16.471988255569904,3,1,0,140548.68578097646,0
652,Spain,Male,44,9,54346.36391654956,4,1,0,117780.40342958036,0
489,Spain,Male,38,8,32278.988877800773,4,1,1,86765.04381520346,0
618,Spain,Male,58,6,20372.74363564183,2,1,0,157864.58389099376,1
665,Spain,Male,48,0,124379.36572440152,3,1,0,36410.35391523076,0
569,Spain,Female,42,4,192003.18320812943,4,1,1,83622.49394819187,1
708,France,Male,53,2,133377.04655947408,2,1,0,25981.773354269564,0
559,France,Male,24,1,34676.88864663588,3,1,0,74983.29634183661,0
652,Spain,Female,44,2,60761.23732338298,1,0,1,56373.56046761749,0
627,France,Female,40,5,9411.364823056569,2,1,0,151446.4930264394,0
711,Spain,Male,36,6,150650.6277251357,4,1,1,117598.45276666476,0
648,Germany,Female,36,9,16681.18307966217,2,0,1,41743.43813838605,1
630,Spain,Male,50,8,10705.433321486043,2,1,0,105604.61429516289,0
569,France,Male,20,9,3102.2052745352044,4,1,0,11600.0,0
653,Germany,Male,43,10,39966.6596241658,1,1,1,124304.9142762696,1
623,Germany,Male,24,6,148273.5310679588,4,1,1,11600.0,0
562,Spain,Female,36,0,7285.303100454426,4,1,1,138551.64689297165,0
665,France,Male,38,6,6438.8671113156,1,1,0,75747.51624190036,1
686,Spain,Male,55,0,15913.774565763028,4,1,0,200000.0,1
616,Spain,Female,33,7,54740.06194508231,3,1,1,11600.0,0
743,Germany,Male,39,1,39683.02938683677,3,1,1,136144.11944779076,0
676,Spain,Female,26,1,5057.744158172609,4,1,0,199906.75003218383,0
521,Germany,Male,44,0,29196.72642899659,3,0,0,72032.28148190884,1
783,France,Male,25,8,3463.875227223843,2,1,1,107113.8974155568,0
726,France,Male,21,10,95494.55230541814,3,1,0,90724.21160571367,0
750,Spain,Female,23,7,5664.693932429777,3,1,1,122153.77439126682,0
690,Germany,Female,36,8,31866.54612993268,2,0,0,96415.3645701001,0
416,France,Male,36,7,35714.82103169137,3,1,0,60572.31416738223,1
759,Germany,Male,50,3,37764.56423818525,4,0,1,102779.95682778824,0
656,France,Female,54,8,46972.19992492566,2,1,0,200000.0,1
685,France,Female,53,7,60463.07505707684,2,0,1,168473.07324062384,0
704,Germany,Male,50,0,218.3765212006179,4,0,0,44580.66624670247,0
843,France,Male,59,9,1570.114942479751,4,1,1,127494.3410061018,0
595,France,Female,43,4,47279.72056175352,4,0,0,11600.0,0
597,France,Male,43,8,10053.330246953125,3,1,0,71831.03773793494,0
564,Germany,Female,57,7,89143.48922195908,3,1,1,86334.18298611391,0
543,France,Male,27,0,49377.4756993252,3,0,1,127977.85217972237,0
544,France,Female,48,5,196613.14456872287,4,1,1,99875.31048455845,0
464,France,Male,38,10,65098.44931558432,1,1,0,77865.44502033578,0
692,France,Female,52,5,4754.802818038548,3,0,1,106058.33310679444,0
848,France,Female,50,1,9375.305220772718,1,1,1,119684.38650862692,0
850,France,Female,37,10,2383.35685605517,2,0,0,166444.14418320844,0
564,France,Female,26,1,67580.32328725501,4,1,0,120158.228020851,0
622,Spain,Female,52,0,6780.866045952578,4,0,0,75868.19224235002,1
773,France,Female,34,5,54497.61873669318,2,1,1,43108.10112859159,0
693,France,Male,40,8,40528.76019190982,3,1,1,71044.53714097122,0
663,France,Male,27,7,50160.23849168159,3,1,1,27046.16949922855,0
624,France,Female,35,4,35531.953588691686,3,0,0,92829.7332985005,0
767,Spain,Female,49,7,655.7164514837837,1,0,0,64482.05633615386,0
542,France,Male,42,1,14599.103592694928,2,1,0,120267.47783662735,0
698,France,Female,31,10,108133.26108008952,1,1,1,40899.55190018952,0
684,France,Male,20,5,132443.26121983473,3,0,1,200000.0,0
654,Germany,Male,45,1,5113.253815269055,1,1,0,86028.96683666015,0
728,France,Female,34,7,152486.934304694,2,1,0,200000.0,0
653,Germany,Female,40,1,55512.899636417234,3,1,0,45368.52054940745,0
596,France,Female,37,4,127911.02523786185,1,1,1,109878.23983642436,0
659,France,Female,34,6,25638.37023024172,2,1,1,69480.70628266245,0
490,Germany,Male,45,6,5365.066700416684,3,1,0,157533.0552767886,0
711,Germany,Male,30,3,18009.28812093332,3,1,0,112791.06304542407,1
736,Germany,Female,40,7,58507.80725004224,4,1,0,19116.01779824756,0
584,France,Male,43,6,79291.31832097052,3,1,0,124324.68766541097,0
560,Germany,Male,52,9,2571.101076629874,4,1,1,140346.46400855994,0
588,France,Female,39,4,33369.26139473147,3,1,0,50895.48651920453,0
643,Germany,Female,27,3,3326.582755821132,1,1,1,96970.41428163908,0
671,Germany,Female,45,1,99613.05383270756,1,0,1,172835.8198743937,0
811,France,Female,30,1,32345.520798649384,3,0,1,75347.18730358846,0
798,Germany,Male,32,3,123150.5027322603,3,0,1,121985.82093932571,0
733,Germany,Male,34,7,4091.901613807265,4,0,0,11600.0,1
662,France,Female,37,10,20058.964127877087,1,1,0,200000.0,1
557,Spain,Female,51,5,56433.74880791903,1,1,0,111643.20771144808,0
817,Spain,Male,45,8,17377.696289059026,3,1,0,45529.368723437074,0
625,France,Male,27,1,92118.50468522338,4,0,1,59743.073484721615,0
678,Spain,Female,54,6,216504.73063888724,3,0,1,11600.0,0
712,France,Male,49,0,16509.969557659104,1,1,0,128042.66275786934,1
656,Germany,Female,43,1,22398.634288774032,1,1,0,154841.01216872298,0
765,Spain,Male,18,10,171088.6910823504,1,1,0,200000.0,1
695,Germany,Male,30,8,22163.108071957595,1,1,1,121398.0936305745,0
748,France,Female,39,7,40595.01708070498,3,0,1,111725.99054144583,0
694,Spain,Male,55,8,73319.21451286804,1,1,1,112330.03510723585,0
646,France,Male,52,6,28843.352962644,3,0,1,54823.34064967718,0
657,France,Female,29,9,23309.182662733758,1,1,1,81567.55774408026,0
643,France,Female,22,10,34218.128530668524,1,0,1,73200.12855218843,0
521,Spain,Male,37,8,75597.38803348962,2,0,1,48177.31796556406,0
549,Spain,Male,40,3,18710.116845845117,4,0,1,108215.13180529296,0
724,France,Male,26,2,21601.29958250383,2,1,1,151740.4734317124,0
524,Spain,Female,30,3,10482.95037832013,2,1,1,11600.0,0
609,France,Male,60,4,60468.95293811496,1,0,0,99202.46017959982,0
544,Spain,Male,35,9,114855.24137099764,4,1,0,143300.9429040465,0
604,Germany,Male,35,3,10273.772825866894,2,1,0,120300.985505151,1
634,France,Male,67,3,1760.09589429707,2,1,0,127353.23449692172,0
609,France,Male,35,6,24004.36763775979,3,1,0,135756.91692091833,0
507,France,Male,28,3,26394.754500817584,4,1,0,125908.4450437772,0
631,France,Female,31,3,51903.64612869616,2,1,0,12678.524445068266,0
554,Spain,Female,41,8,4473.866146187889,2,1,1,138012.78533249308,0
586,France,Male,34,8,86157.88730741448,3,1,1,65584.67765225627,0
724,Spain,Female,37,4,42664.24820147807,1,0,1,87401.74489404848,0
745,Germany,Female,38,8,39479.70136975444,2,1,1,124606.0310251974,0
518,Germany,Male,70,10,19016.412665154337,4,0,1,96502.16716320036,0
806,France,Male,46,1,22727.58246893144,3,0,0,40357.03480100805,0
598,Spain,Male,29,4,2851.128534577176,4,0,0,154094.48265410302,1
589,Germany,Female,37,10,70071.37001943483,4,0,0,46492.7517710526,0
560,Spain,Female,47,6,46410.14041710447,4,1,1,78720.8766278328,0
655,Spain,Female,49,7,187385.8621760676,3,1,0,151990.162505793,0
848,France,Female,22,4,21813.88173044097,4,1,0,48328.08801138022,0
496,France,Female,24,8,54867.21198255792,2,1,1,193703.54889832088,1
444,Spain,Female,43,10,126003.04751724815,3,1,1,54112.23145136089,0
676,Spain,Female,32,2,62184.36941222238,2,1,1,68059.91243674282,0
706,Germany,Male,31,7,2057.2755035100586,1,1,1,112049.51314777952,1
655,France,Male,40,10,50015.80165584372,2,1,0,11600.0,0
709,Germany,Female,46,8,39415.88007784121,4,1,1,15544.45511701885,0
536,France,Female,36,6,34588.739964983084,1,1,1,200000.0,1
555,France,Male,19,4,40264.75253919479,4,1,0,107734.32141726089,0
662,France,Female,33,8,30861.725812882218,3,0,1,152697.0027116757,0
825,France,Female,27,10,58855.54725473184,3,0,0,144894.37880570683,0
706,France,Female,44,7,751.2609083442077,1,1,0,108744.77966888068,0
710,Spain,Male,59,7,10447.223882639026,2,1,1,94676.63002940518,0
542,Spain,Female,41,5,22736.88769805389,4,1,1,48213.725827817805,0
692,Spain,Male,43,1,30134.919023034807,2,0,0,178280.56836455935,0
531,Spain,Male,47,3,6991.06221680566,4,0,1,72848.85384276953,0
826,France,Female,52,0,85780.48717743285,4,1,1,69320.93547336583,0
548,Spain,Female,33,9,132530.1462109078,2,0,0,11600.0,1
570,Spain,Male,38,4,69558.40881648546,3,1,0,183662.71722995955,0
502,Spain,Female,48,9,132125.79902303044,3,0,0,91803.01093495356,0
658,Germany,Male,29,0,67977.0468603553,1,1,0,55542.60310702471,1
654,France,Female,23,5,29085.30116894552,2,1,0,200000.0,0
801,France,Female,34,9,24972.278920754983,3,1,1,11600.0,0
727,France,Male,51,7,9100.043324810138,3,1,1,27870.68917844864,0
570,Spain,Male,40,9,4520.696557455317,4,1,0,22846.56464316581,0
737,France,Female,34,0,12398.604850664751,4,1,1,126327.37932096416,0
525,Spain,Male,49,5,37978.85256358606,3,1,1,103525.08962512686,0
578,France,Male,44,3,7248.233846871656,1,1,1,110336.41740730467,0
661,Germany,Male,31,8,150963.9118763305,3,1,0,157689.85024283422,0
536,France,Male,37,7,12327.163657266165,1,1,0,108366.55753230811,1
756,France,Female,28,3,89677.47211149454,1,0,1,106837.95436391138,0
850,France,Male,40,10,85412.92711884865,4,1,1,11600.0,0
620,Germany,Female,45,10,7611.183686656615,1,1,0,117530.96125938684,1
584,France,Male,18,1,62021.95929436379,2,0,0,40753.63953962929,1
637,Spain,Female,28,5,86895.91468940371,2,1,0,115422.673194975,0
594,France,Female,55,2,107832.27090286156,4,1,0,124888.05001294398,0
676,Spain,Male,35,0,153933.52967023753,3,1,1,142706.42838167222,0
517,France,Female,55,10,133036.95970019337,2,1,1,200000.0,1
681,Germany,Male,26,6,18635.647506832465,2,0,1,195201.54448836885,0
841,France,Female,33,3,15575.242858846295,3,1,0,175303.47598171158,0
449,Spain,Female,41,8,25335.904918358177,4,1,1,60954.074694431474,0
533,France,Female,35,9,31275.01241796912,1,1,1,200000.0,0
605,Germany,Female,51,9,13321.150602555448,1,1,0,122003.34544842163,1
704,Spain,Male,37,10,4500.786788375379,3,0,1,200000.0,0
739,France,Male,46,10,53440.98969936792,3,0,0,142047.8094149542,0
730,France,Male,28,10,9572.602711740768,2,1,1,11600.0,0
480,Spain,Female,41,2,123196.22536678473,1,1,1,154246.07498539932,0
582,Germany,Female,35,9,16961.738663273387,4,1,0,120787.13538071222,0
559,France,Male,28,9,11012.776340164712,2,1,0,72892.05951202037,0
643,France,Male,43,9,10793.388730167402,1,1,0,129826.69210653432,0
651,France,Male,52,0,17087.099438436628,4,1,0,96862.0331578958,0
513,France,Male,33,1,47358.86613787128,1,1,1,125863.3940142703,0
606,France,Male,43,3,191561.31172488315,2,1,1,77831.58031894035,1
708,Spain,Female,36,10,33302.73050735144,4,1,1,96910.80975321696,0
587,France,Female,40,6,45774.300798942895,1,1,0,70753.01949647671,0
629,Germany,Female,47,7,92448.05253252912,1,1,0,69879.99571409808,1
819,Spain,Female,53,3,20326.09166085236,1,1,0,107082.68521402088,1
849,France,Female,51,2,9915.027533456336,2,1,0,137639.8554614574,0
433,Germany,Female,31,9,28425.119132442465,2,1,0,30762.78265891888,1
661,Spain,Male,25,8,19187.08928069668,4,0,0,81892.3936760369,1
850,France,Male,18,7,100544.19594589816,3,1,1,89146.89775959062,0
697,France,Male,45,5,190699.11481196532,1,1,0,161471.99672053946,0
651,Spain,Female,33,8,58288.39811052992,1,1,1,115754.54297080103,0
781,Spain,Female,49,7,53031.26486822881,1,0,1,31049.758538386974,1
671,France,Female,28,6,62626.85455748842,2,0,0,116713.09773854204,0
720,France,Female,43,5,31524.193418488016,1,0,0,126216.01369114604,1
628,France,Male,21,9,49549.97521197936,4,1,0,144589.66393923588,0
670,France,Female,44,2,3696.3763935515417,2,1,0,65205.86071697994,0
692,France,Female,42,10,34006.50191794142,2,1,1,118754.49375087474,0
736,Germany,Female,28,5,20200.804449531868,2,1,1,109108.3286476999,0
606,Spain,Female,40,3,2732.332059189868,2,1,0,110202.89820396254,0
604,France,Female,59,4,39348.31748448282,3,0,1,102569.28992480705,0
457,Spain,Male,45,6,22334.396416402964,2,0,1,200000.0,0
611,France,Male,68,6,44654.822404079445,3,0,1,200000.0,0
745,France,Female,40,8,35993.04871660771,2,1,1,160706.13529619557,0
696,Germany,Female,44,8,16163.366272255029,2,1,1,88619.02306280551,0
550,France,Male,34,5,38824.64113179133,1,1,1,138880.90927628268,0
459,France,Female,41,5,23803.02568909456,2,1,1,89607.70583858194,0
635,Spain,Female,29,1,126988.89111279252,4,1,1,95473.6337582297,0
742,France,Male,48,7,23550.87134518122,4,1,1,76010.94905949906,0
602,Germany,Male,30,2,2048.90824605438,4,0,0,11600.0,1
505,France,Male,55,0,72105.73706969924,1,1,0,11600.0,0
591,France,Male,25,3,165774.0022742826,2,1,0,72288.11439264487,0
682,Germany,Male,35,4,9279.373410086751,4,0,0,58894.396271309466,0
774,Spain,Male,36,2,180196.3560170233,4,1,1,57393.29785102679,0
624,France,Male,27,6,48011.328624431895,4,1,1,171958.77833451214,0
755,Germany,Female,41,10,93992.11256135006,3,1,0,52317.47402159331,0
744,Spain,Female,33,4,32017.807314023637,3,1,0,29481.68890785784,0
532,Spain,Female,53,10,48712.094064203695,3,1,1,163953.5786257779,0
775,France,Male,30,9,91960.7525869017,4,1,1,88902.22625538195,0
679,Germany,Female,43,4,203142.42459931737,4,1,0,61586.91449826369,0
529,Germany,Female,38,5,10215.923240356504,2,1,0,87893.25335493598,0
826,Germany,Female,36,10,114506.45978488355,4,1,1,151612.74454779373,0
637,France,Male,39,10,55021.48185526381,4,1,1,94083.96482556927,0
455,France,Female,46,5,146742.3397796351,4,1,1,98313.52963066056,0
579,Germany,Female,20,8,19144.11205254228,4,1,0,97108.54753260352,0
554,France,Male,39,2,13892.788159718042,1,1,1,113300.00414397316,1
581,Germany,Male,30,7,22747.74843676914,2,1,0,63479.44816073698,0
605,Spain,Female,31,10,107923.93677619658,4,0,0,11600.0,1
624,Spain,Male,41,6,30775.30923205117,1,1,1,110887.44376954588,0
620,France,Male,50,8,151284.5076856737,3,0,1,53435.10655906401,0
640,France,Male,54,4,13876.03338083798,1,1,0,116475.74538662392,0
708,Germany,Female,33,6,12457.835061783968,3,0,0,28579.731795375483,0
575,Germany,Female,18,7,56723.22020080206,1,1,1,146060.4977750826,0
768,Spain,Female,39,8,17241.790609481446,1,1,1,56722.87458742156,1
527,Germany,Female,20,7,6914.554536782664,1,1,1,81945.43712313991,1
711,France,Male,43,1,23575.30428612309,3,1,0,45905.31378820822,0
814,Germany,Female,30,10,15473.606106197938,3,1,1,158302.9927040626,0
632,Germany,Male,42,5,26634.93651646298,3,1,0,123795.02401071537,1
669,Germany,Female,30,3,10321.143460213536,4,1,1,36583.1179570905,0
553,Germany,Male,27,3,157307.87901012116,3,1,0,200000.0,1
598,France,Male,27,8,80885.8425455254,1,1,1,48560.56935591086,0
806,France,Male,42,6,91911.51448880378,3,1,0,48949.63471617549,0
724,France,Female,25,5,17676.230652216786,2,1,1,123252.02743604212,0
691,France,Female,44,1,97161.2326180896,4,1,1,172551.71097487357,0
456,France,Male,56,0,44675.59812469532,1,1,1,105722.63265018562,1
578,Spain,Male,55,9,2920.206715497718,2,0,1,117137.89337239244,0
823,France,Female,23,3,8318.164793305712,3,1,1,110247.58610756377,0
691,Spain,Female,25,8,29526.152947129613,1,1,1,70256.8085429213,1
703,France,Male,43,3,25026.026323771915,3,1,0,109339.73858875452,0
667,France,Male,28,1,79305.24612270328,1,0,1,164385.58865512692,0
588,France,Male,45,7,103442.65426053478,4,0,1,190882.988064409,0
683,France,Female,21,5,100098.28113186626,1,0,0,136882.59561159607,1
496,Spain,Male,38,0,23523.31621462966,3,0,1,162315.2827889739,0
489,France,Male,48,3,50499.11217419095,3,1,1,136895.2190426211,0
576,France,Male,23,9,34367.32637617701,1,1,0,78589.21709737579,0
669,Spain,Female,37,4,109874.89332986632,2,1,1,152452.92635143822,0
493,France,Female,37,0,109898.60452810774,4,1,0,27253.1041070146,0
662,France,Female,45,1,2768.8837970541767,1,1,1,89313.70915504651,0
550,France,Female,32,8,42447.9794496546,4,1,0,200000.0,0
564,France,Female,24,0,35005.19584653024,3,1,0,82818.80691377258,0
779,France,Male,18,10,73569.12205737474,4,1,1,104979.10300329074,0
653,France,Female,52,7,10895.865394366616,4,1,1,57979.896717240335,0
559,Spain,Male,47,10,59371.89640657713,3,1,1,39045.06122981219,0
668,Spain,Female,38,8,67087.02952249658,4,1,0,115499.52473588978,0
503,France,Female,38,1,1355.509926079001,2,1,1,109281.61854370056,0
688,France,Female,43,1,28217.32452101896,2,0,0,178482.27353426375,0
760,France,Male,48,6,193034.54224710265,1,0,1,12749.406875103872,0
716,Germany,Female,18,9,17876.945365310286,1,0,0,131112.38643891018,0
850,France,Female,21,8,107938.1772779746,2,1,0,124953.20073110017,0
456,Spain,Male,19,9,44202.07053242444,1,0,0,70073.90390496036,0
662,Germany,Female,35,8,17587.517997802577,4,1,1,145345.5445575196,0
515,France,Male,40,2,90390.5051183322,3,0,1,13380.075373550178,0
632,Germany,Female,49,6,233681.59756272737,1,1,0,22300.76540475257,1
650,France,Male,18,5,67740.91360512874,1,0,0,11600.0,0
850,France,Male,25,7,3162.643224613739,2,0,0,74097.22717637873,0
644,France,Female,40,7,2691.699713454264,3,0,1,116153.29061433056,0
642,France,Male,41,7,33819.96457339249,1,1,0,114945.35436191718,0
750,Germany,Male,37,7,304.27025514777085,1,1,1,66232.9576838569,1
644,Germany,Female,27,10,56342.631959920574,3,0,1,196567.75518800263,0
833,France,Female,32,9,821.8334437467781,3,1,0,108135.01591064608,1
716,Spain,Male,37,5,180716.5494388441,3,0,0,11600.0,1
732,France,Female,21,8,106277.40805049616,1,1,1,200000.0,0
463,France,Female,30,4,84472.33717677163,2,1,1,199244.5006787112,0
848,France,Female,25,3,83675.40394590533,4,1,0,151102.45092198558,0
584,Germany,Female,44,6,89901.48048387446,1,0,1,120581.1314342352,0
649,Spain,Male,29,2,28480.678320124654,1,1,1,109012.63746551676,0
584,Germany,Male,25,7,78476.41483478351,3,0,0,38275.66673515805,0
547,Spain,Male,33,7,22876.117289616373,3,0,0,107121.0598563818,1
529,France,Male,46,10,94320.99293901004,4,0,1,102907.36114275068,0
660,France,Male,38,4,48112.3110433765,1,1,1,115589.70674796516,0
453,Germany,Male,50,9,22185.22709215075,3,1,1,72261.41762349856,0
625,Germany,Female,48,7,68417.45047190106,1,0,1,11600.0,1
755,France,Female,31,2,13907.9965950253,3,1,1,154034.3077025492,0
713,Spain,Female,40,2,167142.5636023348,4,1,0,91881.1148580486,0
693,France,Male,49,3,54643.21543829604,2,0,0,78626.02295047045,0
560,France,Male,34,8,25641.554864968435,4,1,1,125902.33725340574,0
491,Germany,Male,41,4,40006.35968246722,1,0,0,162724.82769350434,0
754,Germany,Male,29,5,66888.19260740918,1,1,1,56588.27574890114,0
605,France,Female,36,3,79806.87493533643,3,0,0,134324.92402299258,1
641,France,Male,36,8,184361.43559159987,1,1,0,132862.512970002,0
630,France,Male,45,3,11720.17537665388,1,1,0,127897.53310144086,1
717,Germany,Male,35,2,35103.208662224126,1,0,0,122053.4518797852,1
834,Spain,Male,41,1,4795.691770907656,3,1,0,134114.12374833346,0
796,Germany,Male,42,2,4292.827189653937,4,1,1,99965.61038649575,0
416,France,Male,31,0,5509.3084886959805,3,1,1,145451.31048682262,0
619,Spain,Male,34,10,15021.735613522447,1,1,0,101513.7161670708,1
515,Spain,Male,43,7,59591.4362187434,2,0,0,192676.0714846764,0
743,France,Male,57,0,98712.5232498266,2,0,0,178759.1027200264,0
650,France,Female,26,5,28634.66290305104,4,1,1,175407.38844869967,0
710,France,Male,44,10,40506.8907383773,4,0,1,11600.0,0
610,France,Male,51,1,11556.707163993831,4,1,0,61285.88235175698,0
546,Spain,Male,39,10,78290.48312744818,4,1,1,200000.0,0
563,Spain,Male,29,10,109621.1570267088,4,0,1,11600.0,0
496,Spain,Male,38,2,33237.39600731148,1,1,1,200000.0,0
523,France,Male,29,8,8769.736579840848,2,1,1,124063.95350190037,0
502,Germany,Male,33,8,255.7356051901797,1,1,0,96918.45333135512,1
546,France,Male,42,5,38437.86158416302,4,1,0,65026.2457625979,1
540,France,Female,38,6,34421.49951961631,3,1,1,101643.24599418804,0
689,Germany,Female,40,4,130055.38090966176,2,1,1,97235.33811359352,0
685,France,Male,27,6,1858.3249051962905,2,1,1,51362.0290197585,0
689,Germany,Male,32,5,8064.309614231295,1,1,1,26759.065287888603,1
767,Germany,Female,45,4,11012.797890744454,1,1,1,26000.09116232177,0
642,Spain,Female,22,2,39606.91537548892,3,1,1,174388.916520911,0
571,France,Female,25,1,16755.194083728915,2,1,0,138104.28168100258,1
850,Spain,Male,35,4,11513.38208313019,2,1,1,124189.00294355988,0
740,Spain,Male,33,7,36120.09440615936,2,1,0,41360.67190713546,0
665,Spain,Female,46,4,2075.131882587205,4,1,1,123350.09206998612,0
658,Spain,Female,18,2,184931.10280821385,2,1,0,196835.9725435013,0
678,Germany,Male,38,9,98670.76448044273,1,1,1,79000.41999768124,1
629,France,Female,52,2,15870.055831853311,3,1,1,90540.79044050931,0
662,Germany,Male,42,4,20486.472873482096,4,0,1,125958.44133452384,0
699,Germany,Male,23,8,14111.393966955222,4,1,1,13968.070109169334,0
577,Germany,Male,63,7,131832.35040342988,2,0,0,187771.94410848897,1
486,Spain,Male,33,6,52949.9439784087,3,0,1,149948.00616959162,0
442,France,Female,18,4,36821.40231500829,1,1,0,138526.80100086937,0
738,France,Female,47,8,35524.80162264793,1,0,0,104491.4535956562,1
491,Germany,Female,30,1,9071.33598983166,1,1,1,27093.867064286576,0
696,France,Male,57,5,164366.40893602782,3,0,0,134267.56814209363,0
534,France,Male,46,6,123018.95908930864,3,1,0,87601.94602320918,0
536,France,Male,60,6,152268.24535336977,2,1,1,158277.98571036622,0
578,France,Male,28,10,17190.206974887107,3,0,1,87404.26071174629,0
669,Spain,Female,51,3,32375.1004460234,3,0,0,200000.0,1
521,Germany,Male,30,1,36586.726082014335,2,0,0,58809.10303603359,1
588,France,Male,42,0,33635.34342145447,4,0,1,64188.25627165152,0
647,France,Male,40,0,968.8001366895204,1,0,1,53827.13466062272,1
528,France,Male,52,2,89532.79305100758,4,1,1,200000.0,0
792,France,Female,47,6,68628.55010356341,1,1,0,41299.889686517134,0
477,France,Male,34,10,32198.63589062366,4,1,1,184904.1932739982,0
628,Spain,Female,49,4,15557.90333788799,3,1,0,11600.0,0
777,France,Female,38,6,50389.73378818744,4,1,1,97219.65575732668,0
517,Germany,Male,45,8,7441.946280023732,4,0,1,52370.95117788748,0
639,Spain,Male,41,7,250000.0,2,1,0,114872.0788969806,0
663,Spain,Female,36,0,6696.00399085642,3,1,0,184979.19623662057,1
569,France,Male,25,3,3011.6255191690752,3,1,0,55096.22423509704,0
642,Germany,Female,41,4,47390.19671755859,1,1,0,97668.90663062816,0
706,France,Male,32,6,31126.195366539105,2,1,1,101864.29940575256,0
603,France,Male,26,10,63470.11865464851,3,0,0,121746.42321098402,0
726,France,Female,47,7,6846.414810966607,4,0,1,55389.6736281862,0
689,Spain,Female,32,7,22607.848919101343,4,0,0,94708.33419135083,1
591,France,Male,20,3,34760.80217229228,4,1,1,48271.06298317392,0
762,Germany,Male,39,10,29619.07609559908,3,0,1,154557.3935534592,0
575,Germany,Male,37,6,43737.477571388845,3,1,0,112357.21773422958,0
735,Spain,Female,38,10,5365.351920781429,1,0,1,76428.8645286531,0
577,Germany,Male,38,1,35031.21583546338,1,1,0,60433.9875129109,1
618,France,Male,28,8,40457.86079584325,3,1,1,98279.8916718776,0
633,France,Female,35,5,106440.8956121391,4,0,1,89930.95971739404,0
683,France,Male,49,3,42323.79820092857,2,1,1,166925.0054469003,0
408,Spain,Male,47,5,39625.78587169108,1,1,1,76452.19184860664,0
695,Germany,Female,35,6,83586.36641286909,3,0,1,48032.79221228996,0
639,Germany,Male,44,9,3360.3040183863764,4,1,1,91587.3134648208,0
678,France,Male,39,7,52200.83035181068,1,1,0,11600.0,1
700,Spain,Male,35,3,83513.68235324534,1,1,1,149770.05173226155,0
689,Germany,Female,51,8,4968.685337255392,3,1,1,179980.64068484365,0
449,Spain,Male,30,5,83452.08871791228,4,1,0,198518.4081807997,0
543,Germany,Male,42,0,77359.77166441464,1,1,1,11600.0,1
683,France,Female,22,2,47.17870457058085,1,1,0,77396.53704588456,1
669,France,Male,42,0,14128.565725966931,3,0,1,146816.71191008243,0
571,France,Female,32,5,8200.014113640302,1,1,0,115679.30831276848,0
723,Germany,Male,35,5,35804.19524737568,3,1,1,52150.42939887547,1
624,Germany,Female,36,6,122674.24101476184,3,1,1,114219.37045574696,0
738,France,Female,18,0,46153.99114354669,3,0,1,132044.24765309776,0
771,France,Female,22,0,46040.42070051616,1,0,1,89795.72306640956,0
677,France,Male,47,4,6553.785433235937,2,1,1,63447.24340135942,0
705,Spain,Female,40,4,54887.52955222207,4,0,1,45112.28934552826,0
589,France,Male,53,0,109606.14128723304,4,1,1,146510.7538837723,0
739,France,Female,25,6,28048.753056250396,4,0,0,161371.29463805884,1
671,France,Male,47,6,57248.71650852799,2,1,0,200000.0,0
620,France,Male,43,5,17472.988490939646,1,1,1,114916.8311027152,0
528,Germany,Male,50,6,15660.197648493382,1,1,0,74621.44042207548,1
601,Spain,Male,37,5,10234.06675175134,4,1,1,31078.86095752516,0
539,France,Male,40,9,13820.80425743392,3,1,1,87299.79373822841,0
726,Germany,Female,30,1,20985.184145502644,4,1,0,107084.04454812352,0
772,France,Male,36,4,41819.48898915643,2,1,0,112323.53049172024,0
741,Spain,Female,34,6,75855.39163394942,2,1,0,76592.36125358925,0
850,France,Male,25,1,17093.760391651565,1,0,1,198669.330338336,0
603,France,Male,40,4,9202.850093959358,3,1,1,176728.5900716555,0
709,Germany,Male,48,2,29870.28622365441,1,1,1,178424.2961303222,0
531,France,Male,50,8,77916.9712350681,1,1,1,83368.32249954328,0
630,France,Male,30,9,24660.12232106523,2,1,0,114551.99368122529,1
502,Germany,Female,38,0,122250.35587022013,1,0,0,71759.95223781539,1
706,Germany,Male,37,6,14245.275436921209,2,1,0,88390.1533097838,0
614,France,Female,53,9,71005.7710393758,1,0,1,173268.09458008135,0
444,Germany,Male,56,3,31532.89193619486,2,0,1,50644.8531545665,0
581,Germany,Female,25,4,5665.485208843042,2,1,1,100132.37368869918,0
829,Germany,Male,43,0,16499.725389355986,4,1,1,90311.41985932775,0
691,Germany,Female,44,4,97675.1098702671,2,0,0,77001.14773175342,0
726,Germany,Male,36,10,295.2817890307068,2,1,1,144748.60187350155,0
662,France,Male,26,7,70599.41960652792,3,0,0,94528.77840456468,0
631,France,Male,46,5,83408.07558165939,2,0,0,102754.04059778887,0
651,France,Male,51,1,6382.436405988082,3,1,0,159211.40009059905,0
674,France,Male,33,1,163758.37965956493,3,1,1,108984.80887409476,0
540,Spain,Male,50,10,102899.95089042184,1,0,0,199963.52680348745,0
726,France,Female,39,8,9833.072155319189,2,1,1,25017.4281285592,0
762,France,Male,53,0,13817.790337972072,1,1,1,178630.77742677927,0
630,France,Male,53,1,85313.38809584007,1,0,0,145478.11362404082,0
597,France,Male,38,7,39524.02469591245,2,1,0,142978.11115899542,0
575,Germany,Female,43,5,127917.7467427487,2,1,1,52918.01614279024,1
825,France,Male,31,2,193498.54209225727,4,1,1,130601.02735185018,0
604,Germany,Female,22,2,21037.146696763117,1,1,0,17981.95160727814,1
715,France,Male,41,10,5100.08723261122,1,1,1,128526.2065752717,1
631,Spain,Male,24,8,60787.91354757876,4,0,0,58960.38568160671,0
625,Spain,Male,59,1,128275.9331398296,2,1,1,153769.60555080435,0
573,Germany,Female,50,9,9008.86858942495,4,1,0,24471.5453081859,0
552,Spain,Male,37,4,211286.9715068638,3,1,0,73889.187559399,0
723,Germany,Male,65,6,10899.70569165942,3,1,0,66613.11986314534,0
550,Spain,Female,32,5,4511.3140890538525,1,1,1,110593.60561900234,0
696,Spain,Male,35,0,34228.99712524459,4,1,1,84443.15118742172,0
659,Spain,Female,34,9,81884.82529473385,3,1,0,123890.78064447352,0
725,Germany,Female,38,2,21876.83538856467,1,0,1,52522.55224324821,0
589,Spain,Female,35,4,20161.46213748444,2,1,0,188323.31822499924,0
758,Germany,Male,43,2,10976.960020385795,1,0,1,138174.93790554797,0
635,France,Male,29,2,213718.5622490407,3,1,1,43603.5547028779,0
850,France,Female,40,4,20917.28746209061,3,1,1,181849.3785582333,0
488,Spain,Male,33,7,54901.218362216096,3,1,1,100725.86622500548,0
850,France,Male,39,9,7100.131997594705,2,1,1,138786.17176564908,0
637,Germany,Male,28,7,29869.74035295004,4,1,0,95373.91199533918,0
672,France,Male,30,7,79438.87289176571,2,1,1,118347.31335639337,0
589,France,Female,60,5,175900.70432719332,2,1,0,200000.0,1
493,Spain,Female,29,8,9760.346961092566,3,1,1,146639.30095290643,0
597,Spain,Male,44,4,4971.6944396054205,2,0,1,200000.0,0
613,Germany,Female,33,9,219115.0525086336,2,1,1,143078.47205919147,0
668,France,Male,28,6,40392.314272208336,2,1,0,81799.74190008148,0
762,France,Female,39,0,21188.141540699944,4,0,1,91061.32830988178,0
669,France,Male,30,3,161293.0190220542,1,1,0,115703.59795732595,0
670,France,Male,44,0,24730.318435841305,3,1,0,21373.791561573613,1
688,France,Male,37,9,13198.526988416754,3,1,1,95383.8448138868,0
474,Germany,Male,52,1,81355.559870718,3,1,1,166155.00477201628,0
483,France,Male,25,5,18841.294284467665,2,1,0,166642.10688572304,1
500,Germany,Male,41,0,19428.763097928782,4,0,1,48457.75947467024,0
612,France,Female,42,8,29438.43257431566,2,1,0,168277.77944636688,0
462,France,Female,29,5,59038.69929920642,2,1,0,77792.96499129295,0
581,France,Female,32,7,92183.25437095946,1,0,0,11600.0,1
513,Spain,Female,24,9,12820.2857704602,1,1,1,63966.68646464946,0
698,Germany,Female,23,9,22509.076986860837,4,1,0,148183.73608759383,1
693,France,Female,37,7,34275.68411883404,1,0,0,63939.62526374532,1
619,Germany,Male,47,1,1297.220754327149,4,0,1,113177.84483576036,1
460,Spain,Female,37,1,59718.54621549425,2,0,1,74518.54375721297,0
626,Spain,Female,38,2,41731.81271387784,2,1,0,83860.75336382019,0
682,Germany,Male,26,10,7168.144770657561,3,1,0,149414.96151682048,0
731,France,Male,18,7,6981.95377508045,1,1,0,200000.0,1
825,Germany,Male,42,10,112776.57234144128,2,1,1,74652.7961921715,0
761,Spain,Female,32,7,57491.82617098435,1,1,1,53420.19967226341,1
666,Germany,Female,20,4,24556.102063727976,4,1,1,125480.34671911114,0
621,Spain,Female,33,1,20630.62865760517,1,1,1,106864.57953424648,0
575,France,Female,41,10,19052.27851296526,2,0,0,143033.25273619976,1
785,France,Male,43,3,53161.24063647357,4,0,1,197246.66957529145,0
666,Spain,Female,40,3,9846.28958038951,1,1,1,168250.80603631187,0
713,Germany,Male,32,6,218841.7376390072,1,0,1,78026.62013925631,0
590,France,Male,44,3,58086.45037051441,2,1,0,126777.40715310953,0
525,France,Female,38,9,6797.864031706676,2,1,1,104044.2531119496,0
609,Spain,Female,30,5,7426.749366570143,4,1,0,105925.70196414452,1
619,France,Female,27,10,52247.88243924375,1,1,0,138345.7558711934,0
669,France,Male,40,1,24158.437874775605,3,1,1,64561.11252488314,0
576,France,Female,47,1,53934.26814194645,4,1,1,200000.0,0
652,Spain,Male,44,10,64099.75900437427,3,1,1,109040.82456314136,0
767,Spain,Male,40,4,38600.86831625513,3,1,0,107102.2940720517,0
482,Germany,Male,45,0,14822.938883152256,4,1,1,113739.17300393552,0
438,Germany,Female,62,1,40054.56484054991,4,0,0,174227.67725993745,0
774,France,Male,41,2,27397.42696264778,4,1,0,50944.30069399907,0
503,France,Male,40,8,110517.19003539556,4,1,0,103736.7403916817,0
611,Spain,Female,44,8,67394.33823181654,2,0,0,17262.468707258362,0
710,France,Female,46,6,48245.71328415711,3,1,0,69599.24894679643,0
644,France,Male,25,4,2026.670807008612,2,1,0,133059.85828896431,0
642,Germany,Male,40,1,231113.85034705093,1,1,1,67760.63739610848,1
657,France,Female,49,1,41766.81437559841,2,0,0,104267.60587688984,0
850,Germany,Female,56,7,14986.222584427547,4,1,0,74196.28876418772,0
828,Germany,Male,39,2,44766.30896990516,3,1,1,158061.22009746058,1
580,Germany,Male,34,6,85158.85316550641,3,1,0,32566.36360570445,0
755,France,Female,40,5,38669.83894868185,3,1,0,52328.10264357444,1
700,France,Male,32,5,75004.27628626517,3,1,0,53064.75670964667,0
648,Germany,Male,54,2,26639.737518128044,4,1,1,131560.49352254294,0
559,Spain,Male,43,5,44575.36792470686,3,1,0,77247.10619517916,0
695,France,Male,38,3,27430.72287698193,1,1,0,108238.23477208706,0
619,Spain,Female,50,0,37517.25170955261,1,1,1,175994.47257537203,0
612,Germany,Male,27,7,9166.695393621014,1,1,1,81952.98288065432,0
573,Spain,Male,18,8,45645.082329245226,1,0,1,187763.19955071167,0
749,France,Female,43,2,193045.50845178388,2,1,1,11600.0,0
573,France,Female,49,10,72369.46712783352,3,0,0,28694.697707093423,0
573,France,Female,37,0,19286.688477711643,3,1,0,84136.88524969574,0
727,France,Male,32,0,99703.69222378524,1,1,0,17132.082614092695,0
635,Spain,Male,29,0,113036.19329695392,1,1,0,143851.5528687934,0
638,France,Male,26,8,9728.186129553716,4,0,1,128406.59834599632,0
753,Germany,Male,45,9,2729.8774129892054,4,1,0,131240.47627965434,0
781,France,Male,47,4,42487.23574393103,4,1,1,22225.91545310481,0
437,Germany,Female,48,2,32302.00600622073,1,1,1,88958.6669711417,0
637,France,Female,39,9,62708.28380473176,4,1,0,98131.20612433345,0
508,France,Female,27,8,17340.381352929184,2,1,0,63734.53067890959,0
611,France,Female,31,9,23918.884441516708,2,1,1,77885.99781879844,0
649,Spain,Female,44,8,15316.22281315588,1,0,0,69604.41457362381,0
614,France,Female,28,5,17275.269455603382,3,1,1,78029.35961953629,0
547,France,Female,37,4,466.5375310875762,2,1,0,185603.98289316703,1
542,France,Female,28,0,35744.64740475473,4,1,1,23030.31094998681,1
722,Spain,Male,32,5,32042.40550541908,1,1,0,20299.55662605785,1
803,Germany,Male,27,4,21993.10361238661,1,1,0,200000.0,1
443,Germany,Female,39,8,38847.13222583934,1,1,0,200000.0,0
617,Germany,Male,24,6,24859.31244188153,3,1,1,168484.23110221617,1
723,France,Female,31,2,28331.117571715,4,1,1,37913.39415251005,0
646,Germany,Female,47,4,99.32100426197744,4,0,1,44048.02878562001,0
538,France,Female,49,5,3430.3819971519565,4,1,1,54111.78209413489,0
602,France,Male,45,10,8167.288628729912,2,1,0,103655.4227085458,1
680,Germany,Male,53,1,10168.301311311949,4,1,0,126104.00498116516,1
619,Germany,Male,25,6,30091.57385277936,4,0,1,25354.27823376625,0
645,France,Female,38,8,103936.42747251198,3,1,0,79676.55606213392,0
648,France,Male,39,9,26046.647032930192,4,1,0,79865.85161459107,0
597,Spain,Female,58,8,49334.64695196351,2,1,0,81553.27828807676,0
731,Germany,Female,36,4,1307.081843773807,3,1,0,101455.74035840116,0
602,France,Female,47,7,96497.81893024984,2,1,1,109129.4900061932,1
549,France,Female,55,8,6003.096825209349,3,1,1,200000.0,0
850,Spain,Female,40,5,16723.9354310242,4,1,1,53879.9098537294,0
642,Spain,Male,34,3,84841.32818462876,4,1,0,117288.5622229739,0
389,Spain,Female,35,3,15385.90804355771,1,1,0,62371.31765911942,0
775,France,Male,21,2,14920.28720492523,3,1,0,200000.0,0
775,France,Male,34,8,46189.19710713183,1,1,0,84771.1342407144,0
695,France,Male,24,9,116778.70728139504,4,1,0,49881.065448899215,0
713,Germany,Female,46,10,12017.620066813406,4,1,0,50343.13225530538,0
850,France,Male,23,10,48486.988178428575,3,0,0,86503.29654599598,0
553,France,Female,42,5,45838.054463225606,1,1,0,155298.03134116426,0
663,France,Female,50,7,53870.37802343231,4,0,0,70522.48338754146,0
846,Germany,Female,46,1,146655.83067209637,1,1,0,120448.40030245112,0
850,France,Male,34,3,9069.008673412322,3,0,1,129015.0070466941,0
613,Germany,Female,46,1,53117.48860112776,3,0,1,125914.80695570345,0
850,Spain,Female,39,10,10067.8836945161,3,1,0,27060.472872035883,0
730,Germany,Male,34,10,18865.8411545622,3,1,0,124627.25013083992,0
799,France,Female,35,2,24711.66320214169,4,0,0,95198.46427435936,0
726,Spain,Male,43,1,90209.07483009422,4,1,0,178885.70315624474,1
680,France,Male,23,8,2760.311732572677,3,1,1,112412.87385210308,1
850,France,Female,33,8,66147.66374443538,1,1,0,103163.316638517,1
597,Spain,Male,42,5,121858.44257924343,1,1,1,153090.8726039315,0
840,France,Male,33,6,4127.893057679489,4,0,1,75344.56130618643,0
850,Germany,Female,26,4,78206.50359944989,2,1,1,200000.0,0
786,France,Male,30,9,5694.408013282631,2,1,1,54087.3110030245,0
642,Germany,Male,40,0,164644.48572119817,2,1,1,84453.6139317308,0
674,Germany,Female,43,3,84468.64103918892,4,1,1,37755.97536509144,0
522,France,Female,49,3,59369.60800192963,3,1,0,11600.0,0
604,Germany,Female,46,7,39931.99306188529,4,0,1,78868.02600516284,1
712,Spain,Female,46,4,126799.99077727382,3,0,0,85353.81089080969,0
507,France,Male,19,2,6338.92934913202,3,1,0,60376.49979786976,0
620,France,Female,46,0,6493.147253079684,3,1,1,11600.0,0
844,France,Female,33,0,86436.27951417446,4,1,0,178216.5285059599,0
634,Spain,Male,24,4,32919.88765206553,1,1,1,59513.04713735617,0
753,Germany,Female,44,7,93234.70120016816,1,1,0,64440.12504580472,0
706,Spain,Female,40,8,24769.085083457685,4,1,0,124383.79735922432,0
619,France,Male,47,9,30061.247499783716,1,1,1,95174.02062402328,0
634,France,Female,33,9,20179.244065684536,2,0,1,53029.47680482798,0
666,France,Female,38,1,150530.38011588898,2,1,1,115559.11508486832,0
444,France,Male,20,4,31269.75810152269,1,1,0,115768.16457863591,0
744,Germany,Female,58,3,70344.668055592,1,1,0,40173.26391787065,0
638,Spain,Female,25,2,59521.38374206644,1,0,1,138989.67106268127,1
748,France,Female,30,10,13399.655172362698,1,1,1,70494.45375390469,0
688,Spain,Male,28,7,122660.15818011586,1,0,1,181953.51420938244,0
633,France,Male,41,1,39337.97006706602,4,0,0,170499.97519655337,0
669,Spain,Male,30,1,96829.7996111227,2,1,1,140227.05032140735,1
670,France,Female,49,4,89245.51387783104,3,0,1,123415.29361166492,0
797,Spain,Female,42,9,3023.073640764853,4,1,0,63019.78837722752,0
656,France,Male,24,9,48349.31482177284,3,0,0,15612.983215749293,0
678,Spain,Male,46,9,77791.17665552812,1,1,0,11600.0,0
523,France,Male,48,0,118488.76833854258,3,1,0,28911.412097294364,0
645,France,Female,31,6,35290.92449552264,4,0,1,164305.60572987227,0
795,France,Female,27,8,69457.45040020604,1,1,1,136580.40306352585,0
692,France,Male,42,1,174715.70816056218,1,1,0,99960.80103507188,0
541,Germany,Male,45,9,87967.25506782232,4,1,1,101856.30961094944,0
552,Spain,Male,28,0,96352.56323145778,3,0,0,107327.71238065214,1
575,Germany,Male,48,8,26151.896228355898,4,1,0,91927.002981406,0
749,Germany,Female,33,1,4808.40431307558,3,0,1,148548.2721190209,0
737,France,Male,50,8,169111.74220543256,3,1,1,143912.14233141247,0
350,Germany,Male,23,7,59506.545810097145,4,1,1,128057.4235676283,1
641,France,Female,31,6,9386.648064749712,1,0,1,62651.71392966024,0
664,Spain,Female,36,10,182161.2709445104,2,0,1,66983.0820908772,0
553,France,Female,29,0,62901.40475218718,1,1,1,106798.20015795394,0
610,Germany,Female,38,3,4735.7758267077,4,1,1,44539.765115833645,0
783,France,Female,35,10,9365.50676449596,4,1,0,58783.83841291436,0
690,France,Female,36,10,100276.25238967406,4,1,0,47207.84419108282,1
600,France,Female,34,6,153773.94798141817,3,1,0,63271.390081669495,0
631,France,Female,26,5,22692.918295550448,1,1,0,22905.778383839555,1
627,France,Female,38,0,26658.8352303882,2,1,1,72173.36766792429,0
678,France,Male,37,6,25163.92107830257,4,1,0,88122.06030658269,0
507,Spain,Male,28,1,90198.54489057172,4,0,1,97447.17407957936,0
583,France,Male,51,7,30188.742142766285,2,0,1,52538.2285136991,0
753,Spain,Female,42,1,23520.763114048557,1,1,1,173214.10158785526,0
642,France,Female,46,3,48625.67983738488,1,1,0,142140.54739446752,1
565,France,Female,30,5,33719.50599625865,4,1,1,75054.00411343477,0
569,Germany,Male,18,7,38116.65835747419,4,1,1,133893.1582136762,0
722,Germany,Male,56,10,26129.15414212291,2,1,1,123213.81373012444,0
598,France,Female,40,2,30856.94006863861,3,0,1,121952.80134911422,0
701,Germany,Male,42,5,1831.919801699252,3,0,1,135644.4545673329,0
587,France,Male,42,5,130037.64508045616,1,1,0,94476.96922394849,0
537,Germany,Female,42,0,1552.4927341811624,4,0,1,90650.9610683903,0
674,Germany,Male,28,5,74098.95871113134,4,0,1,11600.0,1
640,France,Male,28,0,17710.23788696026,3,1,0,144109.94833395907,0
718,Spain,Male,28,8,5953.496830039366,4,1,0,130991.66060773352,1
738,Germany,Male,44,3,47041.23761495087,3,0,0,165164.67819646405,0
614,France,Female,26,4,61370.880477692335,1,1,1,26153.259034308736,0
684,Spain,Male,23,0,49739.86927884987,3,0,1,176308.32054068745,1
611,Spain,Male,32,0,42910.968592939615,2,0,0,186000.7760390392,0
713,Germany,Male,36,8,38413.64216257814,1,1,0,136733.1190632223,1
673,France,Female,38,5,38941.65052533661,2,1,1,120622.01131795858,0
587,Spain,Male,34,9,100280.23003271729,4,1,1,102272.82005568604,1
579,France,Male,43,9,4723.977123272743,3,0,0,54879.009222728186,0
676,France,Male,50,5,8561.292000577874,2,0,1,109366.58359589773,0
766,France,Male,39,4,83739.10024634727,4,1,0,123071.1160134625,0
740,Germany,Male,50,5,18051.35818100868,2,1,1,153603.03742883622,0
555,Spain,Male,44,7,73824.11315978013,2,1,1,187499.85714128063,0
566,Germany,Female,29,6,21746.957446087163,2,0,0,105358.80546526684,0
580,Spain,Female,30,6,129787.5197736708,2,1,0,116846.74849206788,0
590,France,Female,30,8,16517.905280494386,1,0,1,107142.464076894,0
468,France,Male,37,8,27834.43630190317,1,0,1,200000.0,1
729,Germany,Female,36,8,8648.75725185558,2,1,0,82237.14959843649,0
604,Spain,Male,44,0,54933.29420934833,4,1,0,11600.0,1
696,Germany,Female,37,10,25781.95150045727,2,0,0,81427.95488397816,0
618,France,Male,41,10,141684.22724922444,3,1,0,149640.63187012597,0
647,France,Female,27,5,793.6661210814631,1,0,0,11600.0,0
581,France,Female,41,4,24522.675907082958,1,0,0,101297.8009530081,0
647,France,Male,34,7,1195.663592098764,3,1,1,23071.988465858118,0
562,France,Male,33,10,19952.40160466697,3,0,0,120565.22931146817,0
647,Spain,Female,32,9,23921.571395057377,1,0,1,200000.0,0
795,Germany,Male,54,7,14929.49373206977,3,1,0,18163.76453678416,0
702,Germany,Female,27,7,14754.2109956147,1,1,1,117798.16071624716,0
679,France,Male,45,4,15059.27657411034,4,1,1,160224.57893599357,0
518,France,Male,38,9,15479.791321469404,4,0,0,197461.64466969128,0
706,Germany,Female,25,10,16584.217319306197,2,1,1,200000.0,0
716,Spain,Male,36,9,95290.52711413948,1,1,1,118560.49587421768,1
676,Germany,Male,18,0,1991.855932657811,3,1,0,160869.31420784123,0
671,Spain,Female,56,3,225084.6627174478,1,1,1,163713.20784725016,0
635,Spain,Female,35,6,16531.090813187657,2,0,0,115149.01610098066,1
714,France,Female,50,1,1417.2040302265564,2,1,0,38818.24141070799,0
789,France,Female,52,6,9628.242239216685,1,1,0,148995.86500905993,0
683,Germany,Male,33,4,142250.46402255155,2,1,1,189876.1132037908,0
552,France,Male,39,5,250000.0,2,1,1,23340.382963266005,1
560,France,Male,40,5,14168.108698880022,1,1,1,129754.30975028666,0
722,France,Female,58,4,12773.60594450231,2,0,0,80889.22917487066,0
553,France,Male,37,9,90421.968842987,4,1,0,119634.25476317036,0
670,Spain,Male,38,6,122793.75740286456,1,1,0,74192.13404844857,1
615,France,Female,25,3,52542.72538225976,2,1,0,125565.5150696773,1
542,France,Female,30,0,137303.42763450323,3,0,0,150001.25094302307,0
733,Germany,Female,34,8,149799.0941081674,1,1,1,69252.18808759659,0
720,Germany,Male,52,6,71290.91307959397,4,0,1,81942.4139054164,0
514,Germany,Female,57,8,21439.88550053325,3,1,0,79479.90521345791,1
698,Spain,Male,44,10,8094.172602051181,3,1,0,176082.76270557026,0
683,Spain,Female,42,8,36456.60705162752,4,1,0,188078.28320196815,0
733,Germany,Male,45,6,17097.064758663637,3,1,1,11600.0,0
666,France,Male,32,1,6306.617739379196,4,1,1,114646.97526325972,0
792,France,Male,52,10,25043.47182052965,4,1,0,96681.87780572248,1
637,Germany,Male,24,1,32673.80382395839,2,1,1,69139.00633663323,0
622,Spain,Female,34,3,54233.42068448463,1,0,0,141220.14634323737,0
552,Spain,Female,45,8,12496.158129551226,1,0,1,100523.8254183572,1
556,Germany,Female,34,6,101435.0204289906,3,1,1,188393.77656769505,1
547,Germany,Male,63,8,10255.468961959405,3,0,1,121751.48164844875,0
671,France,Female,45,3,250000.0,2,0,1,53051.707185129,0
623,France,Male,48,8,40695.63757287648,1,1,0,93473.76946249673,0
683,France,Male,31,6,7940.547218906559,1,0,1,62989.69352283902,0
529,France,Male,48,7,89907.08675593662,2,1,1,190895.9540834063,0
564,France,Male,47,0,14633.469382276746,4,0,1,120244.38667413042,0
562,France,Male,54,8,10432.025444391797,4,1,1,155686.32341433087,1
850,Germany,Male,18,7,7239.311489232361,1,1,0,25741.72633525029,0
633,Germany,Female,31,0,40024.904504051054,3,1,0,91547.76753638912,1
643,Germany,Female,42,7,105733.33041013316,3,1,0,69800.68245532615,1
642,France,Male,42,4,113704.79212212811,1,1,1,39711.41932763702,0
805,France,Male,38,2,76999.92670961056,3,1,1,96587.61336261804,0
488,Spain,Male,23,7,43547.61860786056,1,1,0,91972.918613549,1
644,France,Male,40,10,37738.75739649192,1,1,0,51120.788719726894,1
487,Spain,Male,42,10,23402.017344651245,2,1,0,109059.68286837144,0
412,France,Male,38,2,2253.341150671024,2,1,0,141273.62281573308,0
576,Germany,Female,38,7,90574.29546326316,1,1,0,160442.520153113,1
691,France,Female,48,4,250000.0,3,1,1,68661.06926295575,0
570,France,Male,37,7,126818.63096167942,2,1,1,107705.85191692646,0
689,France,Female,26,2,135181.91196650916,3,1,1,40402.305295555714,0
660,Germany,Female,53,9,20264.983602591503,1,1,1,20083.968136852025,0
636,France,Male,52,5,5229.476137616096,3,1,1,85837.59181928488,0
776,Germany,Male,38,5,102623.69658430232,1,0,1,62562.55917526314,0
590,France,Female,47,3,72155.90921194316,3,1,1,11600.0,0
688,France,Female,23,4,24745.486201650947,1,1,1,139509.6798384934,0
469,Spain,Male,37,6,89661.29440510843,2,1,1,89910.10988428691,0
659,Spain,Female,21,0,7467.6912109616915,2,1,0,120301.09484999524,0
624,Germany,Male,50,7,52646.23088592984,3,0,1,130839.32364774623,0
531,France,Female,24,10,153290.44982676036,4,1,0,200000.0,1
689,France,Male,34,2,120630.22866818916,3,0,1,119252.78293697369,0
576,Spain,Male,41,6,71533.16299946482,4,0,1,94874.3370196854,0
823,France,Female,47,8,15502.027660826663,2,1,0,80861.40709309792,0
406,Spain,Female,44,1,5410.656338093512,4,0,0,122948.312290372,0
674,France,Male,50,9,19632.58601587954,2,1,1,24311.56633879681,0
654,Spain,Male,47,9,48032.17662616131,1,1,0,19101.87612164472,0
621,France,Male,52,6,19026.863197238654,2,1,0,120160.74669413538,0
597,France,Male,21,0,26646.264818558146,1,1,1,91938.90673960432,0
656,Germany,Male,34,4,25842.71100042356,2,1,1,102621.31981221432,1
756,Spain,Female,43,10,20460.61050331628,4,1,1,41294.74220068838,0
482,Spain,Male,54,6,128491.58764287282,1,1,0,184946.67204502827,0
569,Germany,Female,33,4,19279.63685553648,4,1,0,11600.0,0
544,Spain,Female,58,4,250000.0,1,0,1,117394.91953195696,1
540,Germany,Male,42,5,11743.991089353782,1,1,1,53686.98689789848,0
684,Spain,Female,31,9,103030.99415113057,3,1,0,45482.785894967776,0
708,Spain,Female,27,9,65901.3534615559,4,1,0,200000.0,0
756,France,Male,46,10,55252.40829244055,1,0,0,72541.33634677634,1
710,Germany,Female,32,10,29470.740638698768,2,1,0,102473.3523676102,0
718,Germany,Female,36,5,84800.7748158539,2,1,1,147200.86550486594,1
508,Germany,Female,40,9,33885.24160526432,2,1,0,160051.70015562524,0
798,Spain,Male,40,1,7282.530952606355,1,1,1,181080.57873689872,0
629,France,Female,58,9,16459.7487827393,3,1,1,66193.28046125422,0
753,France,Male,42,10,10070.90187818285,1,0,0,187651.1130426142,0
512,France,Female,32,9,42153.5712398409,3,0,0,58798.74820422609,0
625,France,Female,31,8,53269.34446781006,3,1,0,103965.60131600135,0
744,France,Male,55,2,20468.73676209989,2,0,0,99150.41695243712,0
652,Spain,Male,33,0,2015.8875920945525,2,1,1,115166.14807843207,0
574,Germany,Male,44,10,53755.18146945228,2,1,1,47429.538709797525,0
780,Spain,Male,40,0,3198.121899975685,1,1,0,107796.04078496929,1
532,France,Female,43,8,168591.8789461454,2,1,0,130239.43345542884,0
647,Spain,Male,52,5,109141.41919433112,2,0,0,68437.87402811665,1
714,Germany,Male,41,6,88857.81374376659,4,0,0,66568.64870206991,0
850,France,Male,47,1,22907.149051716697,1,1,0,95575.08059234764,0
604,Germany,Female,42,10,68323.19464942286,1,1,1,85582.45773747897,0
622,Spain,Male,34,0,2346.858343009932,3,1,0,173671.9295064201,0
605,France,Female,43,1,4695.466078865626,3,1,0,120124.45165289704,0
673,Germany,Female,32,2,34114.927267214814,1,1,1,146988.67303986935,0
708,Spain,Female,27,2,44186.98537045933,1,1,1,109432.70086851215,1
759,France,Male,44,7,72825.2655032918,3,1,1,129444.3443548816,0
725,Germany,Male,43,3,17670.745302433028,2,1,0,200000.0,0
600,France,Male,42,0,39110.391412223726,4,0,0,135774.03193449974,0
731,France,Male,38,1,3229.196821672397,3,1,0,63117.65646333731,0
659,Germany,Female,38,8,31825.843555104573,2,1,0,38598.11821693493,1
724,France,Male,28,1,55624.47384168229,3,1,0,32456.094538259727,0
730,Spain,Male,20,8,228497.83910663397,4,1,0,40152.01001012589,0
813,France,Female,47,4,73042.3590502732,2,0,1,92905.0644782444,0
614,France,Male,47,3,250000.0,3,1,0,155815.33208820515,0
595,Germany,Male,36,3,34449.35519268569,2,0,1,73330.07495578384,1
694,France,Male,53,2,28365.59328058474,3,0,1,162023.82938865805,0
768,France,Female,43,1,89850.57026137316,1,1,1,12248.703703357647,0
655,Spain,Male,42,7,31030.6384052876,4,1,0,92936.51312094624,0
774,Spain,Female,59,5,70557.66333341204,3,1,0,107065.73489756152,0
719,Spain,Male,26,8,250000.0,4,0,0,104955.45274509792,1
629,Germany,Male,38,1,64475.792240689225,1,1,0,136755.8655015048,0
706,Spain,Female,30,0,720.3063693807003,4,1,1,137671.3510289239,0
606,Spain,Female,35,7,9939.8270546607,4,0,1,124783.72685464611,0
673,France,Female,38,7,16166.709225140616,4,1,1,59150.39704061567,0
542,France,Female,38,4,86336.65517463813,3,0,0,144039.07291607227,0
643,France,Male,28,1,134510.479994454,1,1,0,58663.23075340505,1
749,France,Female,39,9,52447.92872916741,3,1,0,68003.47888489791,1
726,Spain,Female,30,4,4607.802345340395,3,0,1,131360.66794209054,0
712,Germany,Female,50,7,34609.82146314951,1,1,1,68616.71326088457,1
678,Germany,Female,46,3,97964.80182839993,1,1,1,39457.62360035815,0
665,France,Male,42,1,22485.40107399142,1,1,0,109846.55468128128,0
523,France,Female,34,2,3375.076111704441,2,1,0,71277.16733897751,0
629,France,Female,40,2,75611.17640539417,3,0,0,87021.07693934861,0
668,Spain,Male,46,8,53518.6928829792,4,0,1,123033.87229229862,0
537,France,Male,35,2,31459.00479728001,2,1,1,165434.2128008613,0
474,Spain,Female,23,0,94791.41733802969,2,1,1,118187.76332976489,0
762,France,Male,46,6,94760.1871046748,2,1,0,81898.9233851286,1
655,Germany,Female,44,0,60358.80795345213,2,1,1,117694.39464742904,0
670,Germany,Male,42,5,142640.76773254227,1,0,0,134185.73821126457,0
705,Spain,Female,31,9,30251.690901147827,1,1,1,189626.34442043435,0
551,France,Male,48,3,65268.70643984249,4,1,1,99217.81537934388,1
609,France,Male,50,6,88798.76702581144,2,1,0,44766.47536395784,0
800,France,Female,41,6,50474.38893630537,2,1,1,11600.0,0
601,Spain,Female,35,6,40272.17533440188,1,1,0,122835.9852407815,1
623,France,Male,35,5,65838.09285339872,1,1,1,96610.842310911,0
583,France,Male,35,6,21886.91280587981,2,0,1,97558.31488614614,0
575,Germany,Female,34,7,22819.26153707488,2,1,1,11600.0,0
760,Germany,Female,35,2,187779.43156829663,1,0,1,157339.60795005684,0
402,Spain,Female,42,4,6325.673361976539,1,1,1,51968.64502126885,0
604,Spain,Female,47,9,92257.14625825238,3,0,1,122558.70357084143,0
672,Germany,Male,53,10,77734.68476102685,3,1,0,194449.3353313518,0
819,Spain,Female,29,8,2784.108075414763,4,1,0,37103.53906061538,1
536,Germany,Female,31,7,60785.80374408269,3,1,0,156571.50733635743,0
519,France,Male,47,5,4929.366170634461,4,1,0,75831.71622587503,0
563,Spain,Male,29,8,11817.85623025663,4,1,0,107911.10939993746,0
720,Germany,Female,27,9,158759.93274954922,3,1,1,132626.4450782103,0
662,France,Female,29,4,22482.649617721632,2,1,1,52733.032766205455,0
505,Germany,Female,37,1,2923.94282267269,1,1,1,119399.92940983424,0
659,France,Female,55,8,36823.41839367516,4,1,1,105821.17530424806,0
805,France,Male,37,4,11559.631693615453,2,1,0,86237.67072367213,1
676,Germany,Female,41,7,27784.977909798698,3,0,1,93452.7148759457,0
666,Spain,Female,27,7,5360.220124758681,3,1,0,81377.27695933811,0
672,Germany,Male,49,3,5044.575252242022,2,0,0,27396.70813812918,0
691,France,Male,47,3,35073.385010457714,4,1,1,145206.29955632772,0
523,Spain,Female,34,0,20464.41612950495,4,1,1,51224.99084447804,0
626,France,Female,32,4,8436.930416599578,2,1,0,133010.09281236585,0
632,France,Male,48,8,43419.2183082054,4,0,0,11600.0,0
601,France,Male,36,4,3210.508662729928,1,1,0,129846.9358526618,0
718,France,Male,32,4,69865.50791968948,3,1,1,11600.0,0
586,France,Male,35,5,2635.142176409505,3,1,0,161944.792325259,0
614,Germany,Male,41,5,175950.16580130204,4,1,0,55084.68130147016,1
523,Spain,Female,46,7,66519.28337105115,2,1,1,146839.43067637098,0
687,Spain,Female,42,0,113754.66527011716,1,1,1,138997.04935365214,0
744,Spain,Female,41,4,28986.378831855825,4,1,0,76626.76361249792,0
613,France,Male,36,8,2991.8018788079253,2,1,0,164641.83813295758,0
730,Germany,Female,40,2,13031.89467922449,4,0,1,40063.56969297848,1
635,Spain,Female,35,10,177186.97433767872,2,1,0,59313.26426045485,0
397,France,Male,36,6,48233.56916343665,2,1,0,11600.0,0
644,Spain,Male,53,6,12930.225145458498,3,0,0,45596.64950819857,0
632,France,Female,39,9,32967.98175381657,1,1,0,121538.6892345514,1
660,France,Female,35,2,19095.34190643996,2,1,1,98010.45517377298,0
675,Germany,Female,32,6,33639.56321808429,4,1,1,109006.64389117024,0
581,Germany,Male,18,2,90585.09658887144,4,1,0,104711.6191442193,0
797,Germany,Female,59,5,12587.150415787117,2,1,0,118942.24489536784,0
643,France,Male,60,7,25465.341641511724,1,1,1,100012.3697584782,0
630,Germany,Female,45,7,29537.65160648736,3,1,1,113922.86656971445,0
724,Spain,Female,28,5,44221.85337569527,2,1,0,20463.879569886645,0
651,Spain,Male,66,1,4045.781921706472,4,1,0,50988.60773693607,0
850,France,Male,24,0,11597.33340252287,4,1,1,56725.91965252176,0
629,France,Male,42,2,25360.99705715458,2,1,1,106981.7031407908,0
685,Germany,Male,21,2,82863.36479390203,3,1,0,139641.20221312792,0
575,France,Male,18,6,10341.498152245988,4,0,1,87211.76067379928,0
737,France,Female,41,3,106652.15512613516,3,1,0,59793.1258250524,0
680,France,Female,42,1,20712.47966208927,4,1,0,72149.38458744275,0
616,Spain,Female,40,1,14640.717524486676,3,1,1,111757.26728613795,0
562,Spain,Female,53,6,26329.31686706381,2,0,0,104825.71250973437,0
519,France,Female,38,7,40339.06269023298,3,1,0,194531.508708572,0
691,France,Female,47,10,66208.09047966287,2,1,1,155736.83726760346,0
511,Germany,Male,31,4,32403.148810584204,3,1,1,11600.0,0
780,France,Female,51,1,85188.24552624175,2,0,0,58010.27645034414,0
523,Germany,Male,52,2,85391.94423333288,4,1,1,74835.57050191492,0
632,France,Male,36,0,87.07323787014167,3,1,1,169855.78897236625,0
561,France,Female,42,9,78410.7430367934,2,1,1,97323.22540856714,0
653,France,Male,32,3,29237.385531596523,1,0,0,160019.87218426558,1
652,Germany,Female,36,6,170694.71717523882,4,1,0,138931.08350860543,1
694,Germany,Male,46,9,85802.87310922377,3,1,1,101136.99254643632,0
497,France,Male,43,8,24225.995677915504,3,1,1,53556.38384312014,0
573,France,Female,21,2,50342.625920809456,1,0,1,172287.17402674473,0
747,France,Male,27,3,10798.701617953546,2,1,1,11600.0,0
715,Germany,Male,33,5,17149.13077383708,1,1,0,78164.88790451555,1
400,France,Male,41,0,11288.94046961,1,1,0,51360.75471068784,1
687,France,Female,29,4,69546.51718788664,2,1,1,44271.02702210255,0
546,Germany,Male,24,9,412.4978251961268,3,1,1,122256.10403829363,0
590,Spain,Male,18,4,26151.076808428083,3,0,1,117502.64776747308,0
627,France,Female,59,9,90874.1751503981,3,1,1,77831.37024387949,0
805,France,Female,41,8,61735.35289075364,1,1,1,136480.18340638006,0
545,Spain,Female,24,8,27387.830419152964,2,1,0,159574.03740094675,0
509,Spain,Male,49,0,50125.57770171912,3,1,0,188376.52616157453,1
695,France,Female,53,2,28263.90535566811,2,0,1,11600.0,0
647,Spain,Female,41,3,92897.3726108921,1,0,0,189421.6311137065,0
770,Germany,Male,45,0,42501.9343646813,3,0,0,157426.83845511355,0
614,Spain,Male,52,8,50067.67414956738,4,1,1,105336.0768834042,0
771,France,Female,45,1,223800.31119813205,1,0,1,11600.0,0
651,Spain,Female,45,4,73507.12996012812,2,1,1,159132.73952677505,0
702,Spain,Female,23,2,16840.779411679825,4,1,1,131387.78150995792,0
812,France,Female,18,3,74134.5644590801,4,0,0,156488.38200333755,0
633,Spain,Female,47,3,131893.62544748886,4,0,1,149028.66839436992,0
754,France,Male,36,10,17483.28384203981,3,1,0,68820.6111512101,1
588,France,Male,34,1,84995.31317195063,3,1,0,167192.79167590564,0
672,France,Female,48,10,13578.720711811871,3,1,0,154115.85846416367,1
505,Spain,Male,29,1,28461.01109909769,4,1,1,102672.5104990722,0
599,Germany,Male,38,7,58587.04825142407,3,1,1,78641.28246782813,0
544,Germany,Female,39,1,13954.45676655581,4,1,1,82993.19951924587,0
772,Germany,Male,45,9,10369.37266557808,1,1,1,200000.0,0
823,France,Male,42,6,31045.38734238732,1,0,0,150750.9872807101,1
614,France,Female,42,0,76439.35385997102,2,1,0,77383.30267286059,1
572,Germany,Female,34,0,45300.09403288119,3,1,1,94855.33298093,0
518,Spain,Male,35,9,60401.48426643549,4,0,1,86395.67420622415,1
676,France,Female,42,2,58442.69151185989,4,1,1,75957.0421513048,0
589,France,Female,33,2,39317.85986039419,2,0,1,59893.25963634498,0
595,France,Male,30,10,18961.38025204153,1,1,1,39389.24845351043,0
812,France,Male,51,8,27384.096239007005,2,1,1,61202.56230306388,0
620,France,Male,32,1,23951.85324185175,4,0,0,103382.24383107596,0
708,Germany,Female,34,3,4118.546877252483,4,1,1,138772.69716801238,0
655,France,Male,51,2,114366.23688892389,1,1,0,64653.96566881906,1
514,France,Female,32,6,51340.85956572162,3,1,0,69957.07554251624,0
465,Spain,Female,42,5,97311.65955326008,2,1,1,50368.84087709383,0
698,Spain,Male,43,8,74818.96011174867,3,0,0,29266.949715815037,0
820,France,Male,38,7,3536.967275164304,1,1,1,91003.92533317037,0
681,Germany,Male,35,1,12186.89867018442,2,0,0,183652.45897268763,1
712,France,Male,27,2,150526.70250784338,2,1,0,11600.0,0
559,Spain,Female,45,0,30988.38105584837,3,1,1,121468.358165912,0
751,Germany,Female,50,7,83549.78969678505,4,0,1,57036.74450773195,0
750,Spain,Male,48,1,42839.4233609049,3,1,0,107227.51194181984,1
580,France,Male,42,3,86739.2537701679,3,1,0,48214.08638280956,1
704,Germany,Male,19,1,66327.40508378754,4,1,1,171879.04190996886,0
473,Germany,Female,46,1,16406.557168415038,2,1,1,115725.44266744582,0
722,France,Female,37,2,236732.8414780493,4,1,1,45988.562553659765,0
592,France,Female,33,9,33718.32830133287,4,0,0,172557.54735743225,0
527,Germany,Male,45,4,43973.1334738173,1,0,1,59920.969969069294,1
690,Germany,Male,41,7,38873.74804995624,3,1,0,98128.3535552082,1
472,France,Male,49,9,108220.3687814738,3,1,1,86963.26234143911,0
684,Germany,Female,42,1,16417.560989141948,1,1,1,155221.12505358912,0
536,France,Female,36,4,3184.940056148533,4,0,0,100782.25462285364,1
515,France,Female,35,10,27938.927161446893,2,1,0,200000.0,1
655,Germany,Female,45,3,125246.58314541008,2,1,0,150879.43166893453,0
632,France,Male,25,2,28929.57056730428,1,1,0,43426.82738141312,1
795,France,Male,33,9,16256.147216604217,4,1,0,200000.0,1
521,France,Male,18,5,48181.69144804938,3,1,0,86371.16391420945,0
787,Germany,Male,43,8,66884.30233514184,4,0,0,76503.92011458662,0
536,France,Male,45,7,31065.211164548666,2,0,0,113447.68095614374,0
741,Spain,Male,31,1,23904.02280445943,3,1,1,60899.37388203187,0
760,France,Female,28,0,22667.507693752803,4,0,1,200000.0,0
682,Germany,Female,48,7,27349.641205568674,3,1,0,147737.606019724,1
570,France,Female,31,4,92470.96518128552,1,0,0,151731.88521227264,1
497,Germany,Male,45,1,32943.129663381835,4,1,1,112075.64451215608,0
454,Germany,Male,38,9,18869.839923509757,4,1,0,115710.02381885264,0
835,France,Female,33,0,10063.902109070905,2,1,0,170196.6807364673,0
620,France,Female,44,10,16607.210854102566,1,1,1,39520.34080610314,0
539,France,Female,39,7,31062.70731965235,2,1,0,115145.22730485973,0
535,France,Female,53,7,39683.07899312406,3,0,0,117867.35719756856,0
666,France,Female,31,5,48575.54705958773,4,1,1,104024.31568750348,0
610,Germany,Male,25,4,3702.751900027743,3,1,1,200000.0,0
458,Spain,Male,38,4,47488.61852089447,2,1,1,85799.89195741297,0
736,France,Male,43,5,21692.702615375863,4,1,0,67052.8559021393,0
683,France,Female,37,4,14850.928511612146,2,1,1,179268.19535891502,0
833,France,Male,56,1,20103.03212601356,3,1,1,200000.0,0
764,France,Female,51,6,76731.72129202873,3,0,1,130645.76650055037,0
350,Spain,Female,33,3,81300.74220863741,1,1,0,120336.86396749048,0
791,Germany,Male,39,6,5477.236775667085,3,0,1,200000.0,0
770,France,Female,20,0,34127.55666160909,4,0,1,149375.12410170585,0
576,France,Male,49,5,37697.796286581615,3,0,0,62234.75693827211,0
606,Spain,Female,32,1,1534.0062415798668,2,1,1,93654.43502580634,0
691,France,Female,40,2,63126.59163187861,4,1,1,126076.47891014846,0
548,France,Male,36,2,22847.975204700244,4,1,1,11600.0,0
625,Germany,Male,24,9,27064.04594029193,1,1,0,200000.0,0
750,Germany,Male,47,0,47071.24390549469,1,1,1,81771.86352567445,0
701,France,Female,28,4,31644.05469035357,2,0,0,63722.03423815149,0
583,Spain,Male,33,7,68906.37102361077,4,1,1,110556.55277528088,0
752,France,Female,47,7,45299.524979385285,2,1,1,11600.0,0
680,Germany,Male,29,9,12811.42540217358,1,0,0,128137.97475901053,0
676,France,Female,53,10,102199.02312490244,2,0,0,200000.0,0
598,Germany,Female,29,6,12154.098920188097,2,0,1,162425.0279100553,0
649,Spain,Female,27,6,62506.55267371201,1,1,0,118706.24451730908,0
572,France,Male,39,7,78561.20509425447,4,1,0,30140.26949773614,1
455,Germany,Female,55,7,58282.848793653975,2,1,1,33740.8616221728,0
622,Spain,Male,38,4,27392.16168671566,2,1,1,67191.58379262869,0
637,France,Male,48,6,105167.44180825372,4,1,1,112880.10797146847,0
663,Germany,Male,25,1,19852.50926515685,1,1,1,120783.65507896652,0
771,Spain,Male,35,3,58089.78875634083,4,1,0,57505.7824178083,0
584,Germany,Female,35,5,105048.81210562578,1,1,1,33600.497545189064,0
613,France,Male,26,10,8446.26009026988,2,1,1,11600.0,0
726,France,Female,23,9,52868.989425564905,4,1,0,28485.110877741536,0
574,France,Male,36,2,115611.18708386012,3,1,1,184826.55338733175,0
665,France,Male,54,1,5439.501026069472,3,1,0,143604.87405634832,1
609,Germany,Male,41,0,7876.759971503093,2,1,0,176261.8397193947,1
625,France,Male,32,3,23761.311882905087,2,0,1,58980.88826760644,0
725,France,Male,18,1,250000.0,3,0,1,135497.40227024152,0
612,France,Female,35,2,12676.000563889036,4,0,0,117468.0002701774,1
729,France,Female,34,9,19631.41104731689,4,1,1,63221.0912429336,0
454,Germany,Male,42,10,90119.81009627,4,1,1,120016.06402384394,0
507,Germany,Male,36,10,7005.843322696259,1,0,0,200000.0,0
418,France,Male,45,10,250000.0,3,1,1,139684.1513076132,0
533,France,Female,46,5,67135.24943746894,3,1,0,121080.06226005146,0
835,France,Female,38,9,159917.34334488257,1,1,0,168127.23190857476,0
648,France,Female,38,2,7797.49789287111,2,1,1,42033.876181862426,0
577,France,Male,39,2,13226.757263581398,1,1,0,122518.0748860497,0
728,Germany,Male,21,3,23163.305784395518,4,1,1,82883.06386273896,1
742,France,Male,46,2,2617.922111536124,2,0,0,12812.774198994695,0
527,Spain,Female,55,5,3130.57331307762,2,1,0,11600.0,0
850,France,Male,39,8,117077.43099577964,3,1,0,51275.91756461813,0
677,France,Female,31,7,2184.443695323669,1,1,0,88241.94636051482,0
690,Spain,Male,38,1,69306.65853542152,2,1,0,35636.63937938191,0
699,Germany,Male,34,2,63229.03469132756,1,0,0,99629.889385969,1
699,Germany,Male,39,7,3780.087111976584,2,1,0,129990.09186969609,0
587,Spain,Female,35,2,10390.323712283707,4,1,0,59217.09695164104,0
850,France,Male,18,4,30331.716083720818,1,1,0,183031.29926500208,0
621,Spain,Female,39,10,51313.25854024094,4,1,0,156499.7634147432,1
745,France,Male,61,8,113085.04228209176,1,1,0,35183.1594649685,0
602,Spain,Male,25,1,37415.22770343395,2,0,0,43826.56599669916,0
584,France,Male,49,8,137730.97628739613,1,1,0,179985.83683117115,0
840,France,Female,43,9,10551.824954501682,2,0,0,92959.97726547386,0
639,Germany,Male,29,4,48746.3379084401,2,1,1,131704.04850315535,0
646,France,Male,25,8,93100.65372419152,1,1,0,174735.38520101714,0
678,France,Male,41,3,13284.59220581114,3,0,1,67613.36047807855,0
850,France,Male,42,7,77687.23360300982,4,1,0,66487.71490614556,0
850,Germany,Female,23,7,25565.38926333088,1,0,0,149757.96339770863,0
778,Spain,Male,48,2,250000.0,2,1,0,159285.6517638104,0
850,Germany,Female,34,4,4800.851366342357,2,1,1,180502.2556819452,0
555,Spain,Female,43,9,40290.30307721807,4,1,0,146291.0200861413,0
715,Germany,Female,46,0,76400.95932830503,2,1,1,75718.9553734709,0
657,France,Male,47,5,56380.943422013,1,1,0,109188.8691761649,1
473,France,Male,29,8,35218.994447109355,3,1,1,78087.50456943961,0
696,Germany,Female,59,0,35985.747861018455,3,0,0,106686.72177904403,0
600,France,Female,29,1,25995.80390056998,4,1,0,194168.41710303625,1
803,France,Male,47,6,20950.351255379115,2,1,1,92596.75652932643,1
610,France,Male,34,5,45029.056914499146,4,1,1,138581.51198891207,0
604,Germany,Female,39,9,68989.2708849338,4,1,0,105829.68641992456,0
803,France,Male,37,10,16374.571929805235,2,1,0,71668.98917099371,0
643,Spain,Female,43,2,146514.91889544207,3,1,1,69016.42812992218,0
766,Germany,Male,49,1,22692.216748402403,2,0,0,147551.40106937196,0
692,Germany,Male,32,6,28455.8259970866,4,1,1,165423.42185531126,0
693,Spain,Male,30,9,26478.343463341964,2,1,1,30328.65376675967,0
625,France,Male,18,9,5902.015807527295,4,0,0,83261.03161759296,0
700,Germany,Male,40,4,6159.881341523292,2,1,0,177304.04728325887,0
636,Spain,Female,37,5,79303.39248984803,2,0,1,112153.3595406214,0
569,Germany,Female,40,8,24008.62372836773,4,0,1,79741.09480356258,0
639,Spain,Female,37,6,12166.521850689976,3,1,1,148325.80319497737,0
778,France,Female,46,3,61498.805142380086,3,1,0,91343.2589067444,0
703,Germany,Male,33,10,160620.73528270097,3,1,1,85897.06630108361,0
726,France,Male,42,8,138074.44998271068,4,1,0,11600.0,1
650,Spain,Female,38,2,64260.420273756936,4,1,1,42380.25947473182,0
456,Spain,Male,29,3,10636.3062731978,1,1,0,147061.39001306103,1
527,Spain,Male,32,9,8367.27760708884,3,1,0,142985.9332299338,0
621,Germany,Female,48,2,102399.65081556066,2,1,0,48645.09715606255,0
536,France,Male,47,9,164591.49945202665,1,1,1,93738.79627407277,0
597,France,Female,46,10,48685.2287515968,4,1,0,94738.08982429284,0
593,Spain,Female,37,2,115760.52831100424,2,0,0,143189.29366980385,1
596,France,Male,18,0,84340.23704523037,4,0,0,67499.66544362565,0
793,France,Male,22,4,8362.551241088944,2,0,1,98281.92397315805,0
644,Germany,Female,36,3,12613.793904170065,1,1,0,138699.2097989723,1
743,France,Male,23,10,3508.205654549244,2,0,1,104296.12295809202,0
666,Germany,Male,50,8,32128.11342110968,2,1,0,11600.0,1
791,France,Male,30,3,19574.279317098182,1,1,1,183755.8244295165,0
752,Germany,Female,36,2,27760.30344225887,4,1,0,121680.40784869592,0
590,Spain,Female,56,5,435.08512895153865,3,1,1,132361.3664022961,0
846,France,Female,49,9,63870.92416140534,4,1,1,11600.0,0
604,France,Female,42,10,11192.920712070114,4,1,1,92733.81335452688,0
670,France,Female,41,4,22964.33582821716,4,1,1,198162.8419073716,0
687,Spain,Male,31,3,25739.65675294989,2,1,1,89407.5938668874,0
698,France,Female,46,0,3427.024481748121,3,0,1,83226.06339104613,0
729,France,Male,41,10,22747.06346381305,2,1,1,103146.7555106063,0
574,Germany,Male,37,2,115052.76199321626,2,1,0,200000.0,1
721,France,Female,45,3,111841.4900541599,4,1,0,73207.18087215122,0
708,Spain,Male,45,9,1244.8645900170495,2,0,0,174001.67379236905,0
650,Spain,Female,29,10,1512.1232807554943,4,0,1,80632.96923429077,0
631,Germany,Male,48,7,45065.879204683086,1,1,0,67926.97608475244,1
569,Germany,Female,38,8,11459.525897308982,3,1,1,97141.88457255744,1
698,France,Male,39,7,114390.39637424602,4,1,1,42906.437958696784,0
583,Germany,Male,25,8,32971.52295452502,4,1,0,54319.10776252694,0
673,Germany,Male,26,9,19710.90526533125,2,1,0,97231.7167506285,0
639,France,Male,24,0,153175.8501151258,4,1,0,82007.41965388838,0
516,France,Male,62,10,19131.01241757014,3,1,0,79482.62779471422,1
556,Spain,Female,61,0,19344.08255323404,4,0,1,92339.9568186496,1
690,France,Female,21,2,7141.41740998903,2,1,0,20436.43740112832,0
597,Germany,Male,23,3,12567.639461581335,1,1,1,54609.79533974447,0
594,France,Male,33,1,71458.14953296773,3,0,1,128254.9096034148,0
573,France,Male,50,9,71302.88674369655,4,0,1,53792.9467326818,0
576,Spain,Male,45,6,24436.809758538948,1,1,1,90740.30728510545,0
814,France,Female,60,8,21491.10163991228,3,1,0,35773.02359160723,0
538,Germany,Male,35,10,27098.1554127595,3,1,1,200000.0,0
797,France,Female,32,5,17893.560440869012,4,0,1,115707.82780863736,0
616,France,Male,39,3,46798.44452521351,3,1,0,112317.51950933693,1
584,Spain,Female,37,5,90572.34045780936,2,1,1,67985.0929814599,0
688,Germany,Female,38,0,470.8910167054215,1,1,1,17073.07518196646,0
655,Spain,Male,40,5,137449.134855743,4,1,0,109903.16054587932,0
630,Spain,Female,60,3,6275.518269310679,2,1,1,99946.66533064956,0
671,Spain,Female,40,2,114982.53187981572,2,1,0,200000.0,1
653,Spain,Female,28,5,13299.766922995885,1,0,0,25958.378973933824,0
628,France,Male,36,8,124465.37117707824,3,1,0,121982.6364991545,0
743,Spain,Female,46,7,77400.93543523767,1,0,1,33772.84645203184,1
505,France,Female,45,7,15678.67455032266,2,1,0,163489.2560586404,1
558,France,Male,44,8,1434.1893095192368,4,0,1,158820.7299212709,0
571,France,Male,22,5,62911.45542178226,2,1,1,167559.02705849844,0
544,France,Male,23,7,86231.98610295994,3,1,1,73170.4872581786,0
658,Germany,Male,37,6,56934.86663190408,4,1,0,96887.44530895138,0
700,France,Female,43,0,24036.3505926612,2,1,1,126453.1518572031,1
453,France,Male,30,5,6813.45088080859,2,0,1,113504.29551964928,0
602,France,Female,53,10,21312.638256237464,4,1,1,125161.67573820637,0
617,France,Male,44,3,15638.642700684288,4,0,0,81032.95507930274,0
621,Spain,Male,33,2,64203.08407080829,2,1,1,53122.35522518882,0
521,France,Female,66,2,8679.643166035858,2,1,0,79793.92016575669,1
618,France,Male,34,9,85613.02310348909,2,1,0,193581.61423465112,0
558,France,Female,35,7,47330.08972400053,4,1,1,169784.96629260783,0
616,France,Female,34,0,32943.92301470533,2,1,1,141938.66781844484,0
478,Germany,Female,39,6,22332.49440183334,1,1,1,163393.6151612479,1
617,France,Female,28,10,35412.39728265401,2,1,0,67385.15865547172,1
578,France,Female,46,9,38842.62830679458,3,0,1,184340.11570687304,0
623,France,Female,47,3,13523.873422901685,4,1,1,26484.405347970373,0
680,France,Male,45,0,224389.63871203703,3,1,1,101100.32991620072,0
645,Spain,Female,34,1,120146.60885114044,1,0,1,113883.65796852582,0
729,France,Female,34,6,24780.265486886143,2,0,0,11600.0,0
613,Spain,Male,45,9,14652.930652732137,4,0,0,74571.24671165718,1
711,Germany,Male,41,0,18339.53816491029,1,1,1,115842.33526712544,0
762,France,Female,30,5,196022.42765358125,1,1,0,11600.0,1
677,Spain,Female,18,3,26133.487233300857,3,1,0,28310.1819365672,0
647,Spain,Male,35,2,121481.22322970252,3,1,0,95239.01397865264,0
691,Germany,Female,44,6,3041.8654823968886,4,1,0,84406.81518727925,0
680,France,Female,43,8,74983.53464201646,1,1,1,36545.24849703274,1
750,Germany,Female,23,4,71800.69443088818,2,1,1,145998.32347131282,0
729,France,Male,47,5,52632.24800658568,3,1,1,196206.58465476695,1
730,France,Male,57,6,6455.246370282907,2,1,1,86151.30887045593,0
654,Spain,Female,35,9,199227.7412338408,2,1,1,73609.43713364238,0
684,Spain,Female,36,5,11962.348651181495,4,0,0,11600.0,0
682,France,Male,33,5,61844.1011458537,1,0,0,48397.666034087626,0
529,Spain,Male,35,2,69610.83260477637,1,1,0,11600.0,0
756,Germany,Male,51,10,71338.92862132457,2,1,1,11600.0,0
483,France,Male,31,2,87436.43865906372,4,0,0,119629.6204574489,0
721,France,Female,41,4,226060.20921669423,3,1,0,119548.10578306814,1
676,France,Female,36,6,5045.748506255925,3,1,1,102195.74623677829,0
621,Spain,Female,40,5,31950.86467027964,3,1,0,140839.87664915118,0
689,Spain,Male,36,1,184126.0574222684,3,1,0,154473.37515110665,1
691,France,Male,47,2,106889.6956382806,2,1,0,36564.16080732235,0
519,Germany,Male,49,4,233460.8181831848,3,1,1,59756.91741289698,0
791,Spain,Female,42,6,43665.69971234015,3,1,0,170318.57905978578,0
657,Spain,Male,36,5,55866.72779460112,1,1,1,131194.70510446193,0
850,France,Female,46,9,15312.900711384227,3,0,0,152164.098069897,0
728,Germany,Male,31,2,30654.932124560517,1,0,1,96411.50968267232,0
654,Spain,Male,43,6,1058.5671643846226,3,1,0,110908.16276116377,0
580,France,Male,33,4,63598.45076191766,1,0,1,87226.45497739618,0
638,France,Female,41,9,130101.72460679297,2,1,1,135422.47057098296,0
664,Spain,Male,29,3,5947.583354445847,3,1,0,77545.146112599,1
796,France,Male,50,5,30291.43569768783,4,0,1,147809.38376520746,0
772,Spain,Female,26,1,48797.70415390627,4,1,0,67407.84982665669,0
695,France,Female,37,6,50007.83956532342,1,0,1,93124.36579718372,1
826,France,Male,24,1,18302.484815584645,3,0,1,11600.0,0
448,France,Male,50,6,999.1498211695064,2,1,0,11600.0,0
696,France,Male,54,7,109380.39340173124,2,1,0,142418.24817326563,0
775,France,Female,27,1,4813.2703681276325,2,1,1,70462.88093692834,0
704,Germany,Female,42,7,9781.26725248369,2,1,0,132319.90162856935,1
516,France,Male,36,6,164555.21557570336,3,1,1,46517.7698711437,0
788,Spain,Female,44,2,34694.69996108799,2,1,1,89581.00501729076,0
726,Germany,Male,54,6,103588.32617285106,3,0,0,122796.40244726356,1
684,France,Male,42,0,113624.8915505536,2,1,0,104043.90217277304,0
658,France,Female,31,1,227549.66282350465,4,1,1,87081.4813012645,0
849,Germany,Male,32,4,2077.6439486798763,3,1,0,107812.89013686845,0
694,France,Female,35,10,2722.819422723177,2,1,1,149942.3371283997,1
625,France,Female,31,8,10580.644456060154,2,1,1,93848.5270559016,0
568,Spain,Male,46,0,53413.607204266125,1,1,1,111338.86101811953,0
725,France,Male,47,4,15188.262564776478,2,0,0,127638.12009358722,1
748,France,Male,51,5,34221.761108989725,4,0,1,89378.4840739784,0
655,Germany,Female,34,2,77172.55314631737,3,1,1,11977.3196798164,0
594,Germany,Male,50,4,10276.958627278438,1,0,1,81988.29491428599,1
783,France,Male,55,1,16835.53255967169,2,0,1,11600.0,0
561,Spain,Male,25,10,65010.53802943002,2,0,0,41127.22792616685,0
846,Germany,Female,34,7,385.7780314733301,1,1,1,75813.92949704186,0
576,Germany,Male,37,2,70813.03212820127,3,1,0,178234.3479505771,1
522,France,Male,47,4,56393.53326158517,4,0,1,110311.2925757022,0
534,Spain,Female,52,0,6939.319778583825,1,1,0,58694.42606321109,1
539,France,Male,21,4,13976.315897021694,1,1,1,81501.07312299298,0
626,Germany,Male,32,0,776.2096276363259,2,1,0,99324.71717991168,0
603,France,Female,50,8,43543.55566545418,4,0,0,56275.058090703256,0
752,Germany,Female,30,1,25299.645802101044,3,1,1,200000.0,1
738,France,Male,46,5,27533.20075107778,3,0,1,109629.3760277945,0
627,France,Male,44,8,5445.280850930862,4,1,1,113611.72196290284,0
850,Spain,Male,46,2,21717.0959989008,1,1,1,127037.17910227418,0
626,France,Male,46,5,125664.20486173005,4,1,0,11600.0,1
639,France,Female,34,0,3346.338723988783,1,0,0,123985.775476179,0
522,Germany,Female,36,6,184360.2944773634,2,1,1,128985.7596376456,1
641,Germany,Female,35,1,94196.9086712224,4,1,1,94777.0562525184,0
679,France,Male,41,4,11344.395756133476,4,1,1,175415.75597315075,0
531,France,Female,18,4,61110.55562136239,2,1,1,90648.94909156051,1
600,Spain,Male,43,0,4767.569832318181,1,1,0,94986.67596689712,1
682,Germany,Female,56,10,8697.776149824682,1,0,1,118972.17480724322,0
597,France,Male,40,6,33467.74300844226,4,1,0,92725.03098822346,0
576,Spain,Female,37,3,25579.301256803687,4,0,1,115039.3081652278,0
728,Germany,Male,39,3,84377.73660081348,3,0,1,91877.37826564144,0
521,France,Male,44,6,140053.49907659256,1,1,0,70843.3422486295,0
541,France,Female,50,9,143073.53793843338,2,1,0,26512.94248434191,0
667,France,Male,38,0,7949.957130602496,1,1,1,90290.08208050246,1
734,Spain,Female,37,5,57954.44644758683,3,1,1,109132.16522238064,0
680,France,Female,25,0,42290.09121766304,3,0,0,11600.0,1
627,France,Female,39,5,23120.05574944365,4,1,0,120690.85006653912,0
619,Spain,Female,26,9,250000.0,3,1,1,134646.16607386724,0
751,France,Male,33,1,30444.450596427985,3,1,1,177348.6464620143,0
735,Germany,Male,47,9,54730.71616249702,3,1,1,142131.9899405118,0
654,France,Female,49,10,34942.34007229568,2,0,0,111911.55939950063,0
622,Germany,Male,43,0,5429.616454545331,4,1,1,49183.17574684842,1
653,France,Female,51,7,7605.152690823701,3,1,0,124844.71836129352,1
577,France,Male,22,6,69343.37842735364,2,1,0,68483.44311474363,1
634,Germany,Male,55,1,80894.64259414696,4,1,0,54406.8556147104,0
601,Germany,Male,30,1,22613.538625523284,4,1,0,93716.14479174356,0
639,Germany,Female,42,4,3465.3148424617584,2,1,1,78487.19425965927,0
604,Germany,Male,32,3,157334.06799347638,3,1,0,186003.47764861307,1
702,Germany,Male,42,3,34365.45246937891,3,1,0,51923.182788769525,1
731,Germany,Male,39,8,7202.083051909194,4,1,1,150090.5600643431,1
612,Germany,Male,50,10,11061.00814051616,2,0,0,75861.89731412064,0
568,Germany,Male,63,0,2321.058349316468,4,1,1,157732.60226686284,1
721,Germany,Male,47,9,61868.87624028149,2,1,1,96285.77184425364,0
668,Germany,Female,37,8,60885.68760896637,3,1,0,200000.0,0
613,France,Male,54,2,46128.5710757112,4,0,1,200000.0,0
787,France,Male,22,7,39515.98577743909,2,1,0,79796.0130562761,1
593,France,Female,33,4,24022.16779596641,1,1,0,24037.077476331324,1
450,Spain,Male,36,9,150424.25195644467,1,1,1,200000.0,0
579,Spain,Female,36,2,80602.3734748385,2,1,1,115874.0134400369,0
811,Germany,Male,31,8,119093.17623474843,2,0,0,40518.50363601075,1
618,France,Male,45,8,18673.56756329215,2,1,1,48067.71779857888,0
598,France,Male,38,7,191484.5785162142,1,1,0,98986.3302323442,0
652,Spain,Male,37,2,9037.158065812971,2,1,0,171267.44517826958,0
751,Spain,Female,53,2,2895.892725452427,3,1,0,111399.68650615311,0
641,France,Male,34,9,19271.394396573884,1,1,1,126821.6649579881,1
709,Spain,Female,49,10,11237.674359117833,2,1,0,82174.96607388719,0
631,France,Male,36,9,36441.15570471413,1,1,0,122767.05451098016,1
709,France,Male,36,2,21554.476163788884,1,1,0,107510.1231846449,1
668,Germany,Female,31,10,9421.777146541372,1,1,1,122405.14740711554,0
610,Germany,Female,24,5,92977.82660132316,3,1,0,64344.63918026317,0
675,Spain,Male,32,1,35460.832398010025,3,0,0,107989.50891741535,0
595,France,Male,21,8,5800.289827617904,4,1,1,11600.0,0
512,France,Female,41,1,3916.086995574015,3,1,1,162535.0508135793,0
648,France,Female,35,9,24158.93815920295,1,1,0,45314.8879697163,0
521,France,Male,49,7,119289.0474913786,2,1,1,73814.90086442683,0
709,Germany,Female,31,9,35463.81792074945,4,0,1,127286.55723814871,0
646,France,Male,36,3,7490.901773101917,1,1,1,161925.50442874528,0
792,France,Female,51,3,14160.091256474974,2,0,0,113798.11085514774,0
616,France,Female,47,4,2537.297790093098,4,1,0,53275.33381910521,0
647,Germany,Female,40,0,89142.05318748073,4,1,0,111730.82834805934,0
503,Germany,Female,28,3,145986.98511927767,2,1,0,175825.08492253238,0
539,Germany,Male,44,5,4050.406630498655,4,1,0,34236.88623733682,0
482,France,Male,36,9,9496.379864401204,3,1,1,63839.73765322215,0
757,France,Male,33,1,9380.912159939477,2,1,0,66299.87608954594,0
604,France,Male,52,10,81407.1392011749,2,0,0,183734.0784713089,0
782,France,Male,53,2,91402.18298450144,3,1,1,129030.2410989726,0
381,France,Female,30,10,27173.784908013247,2,1,0,136475.05155260244,0
804,France,Male,56,3,174224.0283342451,3,1,1,144061.0660961031,0
643,Germany,Male,38,2,15019.913015862005,4,1,1,137835.7869961927,0
683,Spain,Male,46,8,37234.679378369285,1,1,1,184542.5426467501,0
543,France,Female,57,5,250000.0,2,0,1,116818.41155367358,0
702,Spain,Male,37,10,87753.20384651783,3,1,0,78891.15176695402,1
612,France,Male,41,4,33391.97323213185,1,1,1,140172.56433904258,0
530,Germany,Female,46,4,5743.928003563114,1,0,0,84384.73858709194,0
529,Germany,Female,54,1,117354.03929302115,3,0,0,11600.0,0
527,Spain,Female,39,8,39058.04179430445,2,1,0,74012.88520631072,0
688,France,Female,47,1,18433.57788866031,2,1,1,102907.54820382928,0
586,France,Male,31,4,30002.76989975368,2,1,1,185896.9485588619,0
485,France,Female,24,6,18620.491870898724,4,1,1,119549.79198820773,0
686,France,Male,32,2,40042.799316898505,2,0,1,112983.90729087128,0
432,Spain,Male,32,7,15937.024677382433,3,0,1,172526.89276398858,0
782,Spain,Male,48,4,29528.045971962463,1,0,1,105761.00987687647,0
848,Germany,Male,38,9,27778.97027192245,2,0,1,70862.68189789548,1
518,Germany,Male,32,2,47864.64800793258,4,1,1,162510.29505328875,0
755,Spain,Male,30,2,713.3657428332804,3,0,1,81965.29348111682,0
684,France,Female,34,2,45658.67967846648,3,1,1,191245.0507587772,0
599,France,Male,48,10,44961.08404687971,4,1,1,60927.05766108479,0
604,Spain,Female,30,2,24902.73283134303,2,0,0,96382.95085914416,1
715,France,Male,37,3,14177.82242909973,2,1,1,94407.6677582016,0
646,France,Female,35,9,91395.65870478594,1,1,0,76226.92182879614,1
390,France,Male,42,0,21139.472202552,3,0,1,74309.1371922305,0
850,Germany,Female,57,2,18678.66196970591,3,1,1,50992.37129865038,1
693,Germany,Female,32,9,31103.40770372817,1,0,1,200000.0,0
644,France,Female,42,9,16285.804675857018,2,1,1,153331.93639988548,0
578,Germany,Male,38,4,88822.86016287423,2,1,0,138953.78598050514,0
631,Spain,Male,34,7,41614.49637234602,2,1,1,200000.0,0
776,Spain,Male,39,7,70198.30213902544,2,1,0,126255.7080741096,0
676,Germany,Male,57,8,68399.59679966884,1,1,1,89669.59146823401,0
687,Spain,Male,38,8,77607.36800454986,4,1,1,106945.27183631786,0
525,Spain,Female,38,5,101706.52806733183,4,0,1,163314.53225588525,0
615,France,Male,35,9,125952.52608935448,3,1,1,11600.0,0
655,France,Male,43,6,24193.69382650103,2,0,0,156909.64282170747,0
719,France,Male,29,10,29323.95202472285,1,0,0,200000.0,1
608,France,Male,40,3,2567.7645575417614,4,0,0,23816.44861202156,0
742,France,Female,43,2,129986.5083441023,4,1,1,46503.79761453972,0
535,France,Female,30,10,44232.96724755794,1,1,1,58342.08622863508,1
656,France,Male,54,2,62294.36670104891,3,1,0,94307.92787143782,0
640,France,Male,54,1,28635.51722187937,1,1,1,130177.49162162156,0
498,France,Female,61,7,32108.249079620127,3,0,1,98131.59856618496,0
645,Germany,Male,44,6,39172.90365139907,2,1,1,182246.1595464241,0
591,Spain,Female,43,7,79324.36029626355,3,0,0,151694.58007464063,0
791,Germany,Female,38,5,47462.47145143084,2,1,1,148731.74112596174,0
608,France,Male,39,9,83356.08543128306,2,1,0,97108.96455918756,0
685,France,Male,48,9,12211.084482053098,2,1,0,43057.254632303935,0
526,France,Male,39,4,11523.444251270685,1,1,1,97333.79055527842,0
673,France,Female,37,0,11584.851249457057,4,1,1,200000.0,0
608,Spain,Male,44,7,242.7808268332091,1,1,0,11600.0,0
572,France,Male,32,1,9865.484732444118,1,1,0,147112.88342617542,0
850,Spain,Female,54,0,6320.521100100299,4,1,0,91903.659097015,0
614,Germany,Female,39,8,30234.325735962408,4,1,1,200000.0,0
628,France,Male,46,10,6804.774639566762,4,1,1,87978.43615049342,0
740,Germany,Male,30,10,26880.017992415666,4,1,1,200000.0,0
573,France,Female,38,7,250000.0,2,1,1,103900.56964188372,1
690,France,Male,35,10,34995.20328798481,4,1,0,11600.0,0
701,Germany,Male,35,8,129278.68984983386,1,1,1,152023.47058168944,0
674,Spain,Female,27,4,60517.70201331178,2,0,0,144365.88859754018,1
850,Spain,Male,49,2,112367.32641217946,1,1,1,50227.84671652662,1
569,Spain,Male,43,10,49118.94631740573,2,1,0,78751.63492180777,0
803,France,Male,24,7,83061.44646996161,2,0,0,11600.0,0
697,France,Male,36,3,18034.174273330504,3,1,1,158283.39729683302,0
740,France,Female,36,0,23253.50366972878,2,1,0,119013.18729684994,0
684,France,Female,42,8,161269.6121114187,3,1,0,128657.2352109304,0
837,France,Female,37,10,15566.903685040304,3,0,1,156467.87585514173,0
617,Germany,Female,49,3,27354.776283253224,2,0,1,58386.09444039354,0
699,Germany,Female,48,1,52656.92311269487,4,1,1,71072.21572872408,0
780,Spain,Male,61,9,24912.18829096598,4,1,1,158607.38748189044,0
594,Spain,Male,18,2,1058.3747427322444,1,1,0,106980.41310068785,1
750,France,Female,52,5,78566.27529994951,1,0,0,188239.11821990772,0
648,Spain,Male,46,8,20447.23830874732,3,1,0,65867.94508282721,0
526,France,Male,37,5,12916.830085969632,2,1,0,69872.53703245374,0
504,France,Male,36,3,35217.05074593022,2,0,1,142126.3631421863,0
640,Spain,Male,38,0,423.4146752329215,2,1,0,199787.13319662,0
749,France,Male,41,1,99715.76238139576,3,1,1,153086.46090911713,0
442,Spain,Female,33,6,15146.551543309006,2,1,1,200000.0,0
670,Germany,Male,22,2,128033.35384885952,1,0,1,152955.79525348655,0
739,Spain,Female,33,1,56622.42822578489,4,1,0,73615.65189114884,0
522,Spain,Male,36,5,39775.47939272238,3,0,1,78573.22778427188,0
586,Germany,Male,44,3,82060.73169457325,4,1,0,102072.96875770284,1
707,France,Male,27,0,249958.61097455735,3,0,0,90767.31674028529,0
734,France,Male,45,8,14464.769493999014,4,1,1,112873.14432958984,0
810,France,Female,26,8,21932.699232829757,3,1,1,130213.1808512976,0
591,France,Male,42,10,33123.5812377724,4,1,1,126278.56869165773,0
568,Spain,Male,44,4,38769.69454870921,1,1,0,200000.0,0
815,France,Male,37,7,40256.5483554663,1,1,1,184004.89511588044,0
574,Spain,Male,39,5,39811.348823697415,3,0,0,144469.82345560976,1
700,Germany,Male,45,6,88083.32698969163,1,1,1,126817.88797254696,1
850,France,Male,33,5,25926.145121202244,4,1,0,59391.076274075465,0
725,France,Male,42,6,551.5917523178944,1,1,0,72395.94118869596,1
728,France,Female,35,2,104250.31106673082,1,1,0,53717.9297635959,1
777,France,Female,54,10,54272.78874745992,4,1,1,27311.780322343737,0
702,Germany,Male,44,2,10504.057294593047,4,0,1,45520.553911324205,0
728,France,Female,28,9,1502.3922265682068,2,1,0,200000.0,1
615,Germany,Female,57,2,18973.778352015837,2,1,0,168101.1860032627,0
765,France,Female,49,9,6645.021523383198,3,1,0,117477.63247986473,0
691,Spain,Male,26,5,113566.67863554544,3,1,0,172385.08430791687,1
502,Spain,Male,23,0,16277.252014238991,2,0,0,139239.97246017292,0
674,France,Male,26,8,61152.02045025283,4,1,1,28889.45585910609,0
433,France,Male,29,8,53645.64274381315,3,0,0,11600.0,0
721,Germany,Male,40,3,62583.79121805215,4,0,0,11600.0,0
626,Spain,Male,39,1,37755.62502670665,2,1,1,57991.71845499571,0
840,France,Female,46,6,65407.58597450881,2,0,1,41819.813811463806,1
698,France,Male,35,6,35912.18469004062,3,1,1,107899.9985461927,0
742,France,Male,36,5,23709.19079180813,2,0,0,131016.19821424084,0
545,France,Female,40,7,97751.99050853631,3,1,0,34102.77689369899,0
718,France,Female,50,2,30691.50162633207,1,0,1,200000.0,1
585,France,Male,20,1,41970.77707731686,4,1,1,37187.14831582989,0
759,Germany,Male,36,9,31274.925028977723,4,1,0,121317.36080410318,0
538,France,Male,52,0,74693.68049417008,4,1,0,75297.30862789764,0
660,France,Female,39,2,38799.71168555806,1,1,1,136153.68921752294,0
534,France,Male,36,7,31817.465765032845,2,1,1,121631.66566478196,0
662,Spain,Male,30,7,14908.534790175592,2,1,1,140645.1270846945,0
850,France,Male,48,6,121261.22602005213,1,0,1,138149.13383709715,1
722,Spain,Female,34,1,99450.8757393382,1,0,1,71128.53984137095,0
646,Germany,Female,34,2,28237.1407335259,2,1,1,114928.67932171944,0
403,France,Male,52,6,53899.2362131981,1,1,1,71871.09634904726,0
596,France,Male,28,10,35475.32711275689,2,1,1,26565.862202451404,0
697,Germany,Female,55,7,9690.365658454928,1,1,1,131501.08523161025,0
598,Germany,Female,40,8,23582.57961178031,1,1,0,43830.22623170771,0
792,Germany,Female,39,5,95940.24027529464,2,1,0,95198.82001742568,0
657,Spain,Female,41,9,79835.47561131125,2,1,1,159049.4271444457,0
757,Germany,Male,39,2,5406.6227976473065,2,1,1,142296.96864387998,0
670,France,Male,33,8,3915.450306497072,2,1,0,188146.50081619676,0
622,Spain,Male,42,4,96042.20671515985,3,1,1,132301.7655420305,0
602,Germany,Male,34,3,114784.54817033184,3,0,1,128850.837086695,0
548,France,Male,43,8,17423.51647560879,2,1,1,112949.05985701484,0
759,Germany,Male,62,9,21484.293099206567,4,0,1,200000.0,0
607,Germany,Male,45,1,20458.809783250024,4,0,1,12629.913266659714,0
702,France,Male,37,9,6789.175281234043,3,0,1,15742.101883823549,0
597,France,Female,41,3,68326.66659553844,1,1,1,26803.551183096264,0
541,France,Male,35,5,23108.59906089173,2,1,0,57809.43746030182,0
705,France,Male,37,10,90463.74365534484,3,1,1,11600.0,0
575,France,Male,37,5,105399.97401159542,4,1,1,154497.93675065576,0
609,France,Female,43,10,121973.78756690076,2,1,1,77305.83617342186,0
525,France,Female,48,9,85171.52911924625,1,0,0,103538.81647805726,1
600,France,Male,60,4,77773.70753047137,1,1,0,155429.87798582253,1
652,Spain,Male,45,9,29845.32061111848,4,0,1,24477.767078243167,0
621,France,Female,28,6,1365.8605775709236,4,0,0,11600.0,0
731,France,Male,26,4,5942.702591252293,2,0,0,125888.08817070734,1
664,France,Female,38,5,37844.33906234699,3,1,1,126873.29867238615,0
850,Spain,Male,49,0,22316.349975669887,2,0,1,117654.94399334896,0
692,France,Male,36,7,88328.50431519681,2,0,0,116655.72968387375,0
476,France,Female,37,4,41407.112529176,1,0,1,17708.046940078566,1
628,France,Male,47,4,5203.268388081896,2,1,0,137053.89087912,1
637,Spain,Male,38,9,32555.281751657712,3,1,0,196771.07662832207,0
588,Germany,Male,49,5,86288.21684314612,2,0,1,148711.59710517156,1
657,France,Female,23,5,99418.34687786223,4,0,0,11600.0,0
585,France,Male,43,7,9079.529360834224,2,1,1,152804.53249742085,0
683,France,Male,21,3,5284.681521440101,4,1,0,83646.81870057421,0
459,France,Male,41,3,24468.74929332064,1,1,1,89900.58854368952,0
764,Spain,Female,48,2,3388.009019384702,1,1,1,90510.69245391266,0
492,France,Male,22,8,64797.00588367783,1,1,0,71505.01973407384,0
623,Germany,Male,18,7,29668.05090062103,1,1,0,98147.0597859559,1
576,France,Female,47,4,11046.22296948332,3,1,0,11600.0,0
680,Germany,Female,43,10,5405.377118230226,1,1,0,11600.0,0
631,France,Female,28,7,131106.51879024913,2,0,0,161307.0908895044,1
675,France,Male,41,5,2200.720701636827,1,1,1,179890.36638427776,0
761,Germany,Female,33,4,5150.297406319477,4,1,1,61455.68930118381,1
726,France,Male,37,8,13344.075537530503,4,0,1,200000.0,0
653,Germany,Male,36,8,4972.809606351602,3,0,1,19546.73760834697,0
695,Spain,Female,25,10,51681.15721489861,3,1,0,56416.55813129919,0
846,France,Male,48,7,12309.026796492146,1,1,1,61522.75242614633,0
730,Spain,Female,28,9,32689.59704730345,1,1,0,11600.0,1
620,France,Female,39,2,98392.55197206316,4,1,0,107431.10090923352,0
777,France,Female,45,8,87083.37658718998,1,1,1,114181.11887676468,0
689,Germany,Male,30,5,7905.486827242677,1,1,0,189363.1429936945,1
553,Germany,Female,36,8,4645.873219736845,2,0,1,133694.154164981,0
631,France,Male,33,0,54569.610504641794,2,0,0,153026.52138773573,0
502,Spain,Male,56,0,11805.436079263309,3,1,0,65399.677306617166,0
421,Spain,Male,48,5,76037.56310310517,1,1,1,89077.98352699778,1
555,France,Male,46,3,28501.241477219104,1,1,0,148921.1088607746,1
662,Spain,Female,61,4,8392.527309097784,4,0,0,69641.58393818559,1
662,Germany,Male,42,4,182900.470881724,2,0,0,175268.61922071571,1
508,Spain,Female,35,2,2861.025431733958,1,1,0,90964.79615640966,0
412,France,Female,24,8,6636.259292713705,2,1,1,38216.806330208485,0
797,Spain,Male,32,0,83575.50081105073,3,1,1,163950.19714145764,0
659,France,Female,40,5,30136.559573709004,4,0,0,200000.0,0
805,Spain,Female,48,1,139072.78575526018,3,1,1,57748.5817048141,0
799,Germany,Female,32,1,5994.890657648714,1,0,0,78308.98446867528,0
723,France,Male,54,8,8538.4506303872,1,1,1,52440.39353162143,0
655,France,Male,23,9,91.30607415019716,1,1,1,119699.70359888654,0
610,Spain,Male,35,1,12238.52053300808,2,1,0,178432.48311651614,1
721,Germany,Male,43,8,53539.23811098359,2,1,0,85423.46286973977,0
634,France,Male,40,7,64246.57089696988,3,1,1,49223.681394244326,0
591,France,Female,43,6,28100.63893537469,2,1,1,63405.83723627527,0
440,Spain,Male,40,7,14877.074977555956,1,1,1,31329.87301598498,0
641,France,Female,45,8,62997.141843475256,3,0,1,38675.7554427688,0
759,France,Female,36,9,9473.94015154948,4,1,1,20497.467657274043,0
775,Spain,Male,35,8,72854.27855079273,1,1,1,53460.18687058944,0
655,France,Male,30,2,77226.92905955495,2,1,1,75228.1427462082,0
561,France,Female,60,9,29086.924512101647,2,1,1,76250.54213496984,0
740,France,Female,38,0,10759.233856019471,1,1,1,147930.42240970282,0
648,Spain,Female,43,7,49695.575512875264,1,1,0,78800.06216731507,0
613,France,Male,36,9,96020.9442056702,3,0,1,123555.6836356294,1
504,Germany,Male,54,3,37698.74333782964,4,0,0,50093.23130693707,0
850,Spain,Female,38,4,30908.28799137532,2,1,0,137118.5931731148,0
723,France,Male,42,10,193697.5772095243,2,1,1,174181.4213175449,0
734,Spain,Female,30,5,38547.38928279667,3,0,0,34062.81750620983,0
563,France,Male,56,5,1740.7751048530918,3,1,0,11600.0,1
657,Germany,Female,41,6,34862.779724941814,4,1,1,119961.44338269776,0
641,France,Male,56,9,29463.812316021944,4,1,1,95712.07291575817,0
728,Germany,Female,32,2,17272.90447351025,4,1,0,159431.0506261849,0
785,France,Male,34,1,19088.90252730705,2,0,0,124955.14595493003,0
506,France,Female,33,8,133556.07391335315,3,1,0,119877.0295045698,0
542,Spain,Male,36,1,7170.25246684653,2,1,0,11600.0,0
714,France,Male,45,8,72204.04329007938,2,0,1,66090.71009015829,0
599,Spain,Male,18,9,116353.99465640506,3,1,1,52681.375772537656,0
731,France,Female,38,3,15020.416307743251,4,1,1,106057.79171604667,0
612,France,Female,31,10,3457.5699780621817,3,1,0,163621.59802337977,0
525,Spain,Male,30,0,18346.81324870864,3,0,0,145975.08993096586,0
474,France,Male,43,2,28359.33355991928,2,1,1,81687.84633988746,0
698,Spain,Male,42,9,151231.5713011685,3,1,1,64601.62275207737,0
700,France,Male,47,1,28118.297442864157,2,0,0,57097.92290204741,1
747,France,Male,42,3,4828.675655728168,4,1,0,162416.81376544468,0
682,Germany,Female,40,1,7943.261574281121,4,0,1,183093.52897138608,0
350,France,Male,33,9,21749.80497992543,1,1,1,193817.47317883227,0
700,France,Female,29,5,10178.556454561394,3,1,1,149156.22989164604,0
504,Germany,Female,44,10,3123.951399441061,4,0,0,55477.82559418231,1
463,France,Female,36,9,9634.34629023954,2,1,1,39728.43566711269,0
451,France,Female,42,0,5574.003870020145,2,0,0,99052.15410120125,0
441,Spain,Male,38,4,11326.105981458122,2,1,1,155642.25159526578,1
677,Spain,Female,18,8,250000.0,4,1,1,11600.0,0
576,France,Male,43,0,29476.178854246136,3,1,0,177654.19881465577,1
498,Germany,Male,32,3,53734.94529630733,3,1,0,148824.25499005883,1
652,Germany,Female,47,1,9033.061675123325,4,1,1,79417.26948210518,0
539,Germany,Female,20,10,94620.45595817872,4,1,1,11600.0,1
748,France,Male,57,1,15524.076126418076,1,1,1,149543.06317069597,0
795,Spain,Male,33,4,202250.61627415472,3,1,0,172346.04685661438,1
628,France,Female,43,1,90610.71125994096,1,0,0,15882.577930744126,0
787,Germany,Male,31,4,150665.74236618215,1,1,1,188261.33520717037,0
787,Spain,Female,33,0,55176.52234221988,1,1,0,79795.3906127088,0
658,Germany,Male,45,4,53660.64833076516,1,0,0,63817.73816666486,1
823,Spain,Male,36,2,91973.10763022794,3,1,1,181397.48229848983,1
587,France,Male,37,1,62826.89957975066,1,1,1,11600.0,0
454,France,Female,47,10,46594.17623507551,3,1,1,88883.72262573714,0
494,Spain,Female,40,3,22179.29008485512,4,1,1,104727.9418545544,0
583,France,Female,43,0,12607.17980025034,3,0,0,67128.0860581059,0
703,Germany,Male,32,2,76219.11548983543,4,1,1,101249.98752358898,0
534,France,Female,45,10,24392.0799785654,3,1,1,114375.1804084994,0
582,Spain,Male,40,0,3157.901340802296,3,1,1,54671.56414594047,0
525,Germany,Female,43,7,32659.997815231105,3,1,0,60117.49923170501,0
584,France,Male,42,4,53575.88424840896,2,1,0,74905.76557549412,1
784,France,Male,50,0,1165.3999907584696,3,1,0,81685.5566703263,1
685,Germany,Male,44,1,61059.52170355718,4,1,1,105213.8720505673,0
592,France,Female,27,8,12724.16619159693,3,0,0,54104.165911781565,0
772,Germany,Male,33,6,12574.402041762156,1,1,1,115455.73215935212,1
652,Germany,Female,41,2,41377.548632964754,4,1,0,167874.548991605,0
663,France,Male,42,0,20571.20708470225,1,1,0,26763.28174179062,1
764,Spain,Male,25,1,29944.945268486437,4,1,0,155654.21242753832,0
615,France,Male,29,6,35978.92648143195,1,1,0,53617.88964379372,0
741,France,Male,49,7,126930.03891899785,4,0,0,11600.0,1
734,France,Female,58,4,11464.405029781325,1,1,0,107057.8922416654,1
635,Germany,Female,22,3,31209.7140374497,1,0,0,71250.52863072493,0
510,Spain,Female,41,9,77085.94252148172,4,1,0,103488.73690044667,0
651,France,Male,39,3,11481.175710206116,4,1,1,11600.0,0
763,France,Female,49,4,4298.687845038196,4,1,1,62107.65203430346,0
731,France,Male,43,6,896.209424565361,1,1,0,200000.0,0
821,Spain,Female,47,6,5475.845892284663,3,1,1,22910.447139521973,0
600,France,Male,18,3,16050.950470093085,4,1,0,186482.6623665603,0
727,Germany,Female,38,0,26318.66365859411,4,0,1,11600.0,0
549,France,Female,29,4,45042.27012737138,3,0,1,80766.88098042643,1
670,Spain,Male,30,6,11162.834798043314,1,1,0,60697.88467781047,1
760,Germany,Male,26,3,15714.700929392444,2,0,0,64388.084459618185,0
740,Spain,Female,41,6,60045.614557155226,2,1,1,93829.55464455987,0
660,France,Male,42,7,119849.15329893964,3,1,0,165038.8053460524,0
623,Germany,Male,45,1,7281.051663834092,3,0,1,14822.31554512304,0
550,Spain,Female,34,1,31981.75403072482,2,1,1,200000.0,0
627,Germany,Female,52,4,17507.520213616226,2,1,1,36939.581223038615,0
518,France,Female,29,2,37535.66386741817,1,0,0,106715.92320095791,0
615,Spain,Male,24,3,6342.325574819905,2,0,1,40349.96133901364,0
469,France,Male,41,0,15806.757482973437,1,1,0,137066.34452992235,1
518,France,Male,32,10,61697.85478590077,4,1,1,17756.29382541134,0
735,France,Female,44,3,85548.60977004399,3,1,1,117860.39672313008,0
724,Germany,Female,32,10,48596.17733890094,4,1,1,111886.84219472288,0
621,Spain,Female,33,3,144531.66591865986,3,1,0,101523.44665156124,0
656,France,Female,32,3,52907.19214020596,4,0,1,69992.26317927914,0
669,France,Female,31,2,68637.93716991424,1,1,0,19515.90800073868,1
696,Germany,Female,38,1,22113.75853505601,3,1,0,73132.08227891703,0
685,France,Male,41,3,9308.544280542845,4,1,1,143784.93787357217,0
516,Spain,Female,31,7,53629.29309065394,3,1,1,68050.57861996029,0
405,Spain,Female,27,2,125718.95552622396,1,0,0,125490.15659516306,0
548,France,Male,43,5,200594.9282490525,2,0,0,115015.75494910592,1
634,France,Male,42,1,29896.13097984814,4,0,1,119031.95727968996,1
746,Spain,Male,46,0,38794.58462014493,3,1,1,58751.01383679201,0
673,France,Female,28,6,18641.3091559563,2,0,0,143562.09137354966,0
703,France,Female,30,5,55815.6194252078,2,1,1,117613.0976634072,0
560,France,Male,47,9,72455.48509366585,3,0,0,200000.0,0
642,France,Female,47,3,2103.4584425671023,2,0,0,151788.4689230944,0
656,Spain,Male,34,6,93744.71409248796,3,0,0,200000.0,1
574,Germany,Female,29,5,36056.588506700245,3,0,1,114400.10752231428,0
543,Spain,Female,31,1,43341.10216353369,1,1,0,191593.3827135909,0
627,France,Female,29,3,11547.833338787248,3,0,1,15537.347148243018,0
716,France,Male,46,8,517.6954183454113,4,1,1,138856.55911542822,0
559,Spain,Female,46,7,152039.95162238067,1,1,0,99196.73583427344,1
629,Spain,Male,39,5,131833.28917607473,1,1,0,41308.99817762751,0
785,Germany,Male,32,0,74436.3317775799,1,0,0,87273.11639995669,0
598,France,Male,30,6,32084.441414122943,1,0,1,100970.7170794718,0
650,Spain,Female,32,0,19108.5030733362,4,0,0,176145.06952554182,0
639,France,Female,30,7,8484.766659313695,4,1,0,148654.59590484345,0
631,Germany,Female,41,2,4219.127678186907,1,1,0,26976.353717366077,0
816,Germany,Female,46,8,30560.39740912054,2,1,1,200000.0,0
680,Germany,Male,46,4,78570.32574101303,4,1,0,166505.24477420718,0
492,Germany,Male,30,5,64717.163171348366,4,1,1,97373.38927645222,0
802,Germany,Male,33,3,70515.82739142889,1,0,0,136625.27903227086,1
677,France,Male,33,5,6315.031978250271,4,1,0,106996.25440088214,0
612,France,Female,49,8,99297.23044278866,1,1,1,113708.91157638452,0
784,Germany,Female,25,6,81474.98282833763,2,1,1,117530.63917924932,0
572,France,Male,38,1,4940.699179784001,1,0,1,81508.45372245452,0
821,France,Female,30,10,22044.211913524625,2,1,1,61291.25071949317,0
659,France,Male,37,5,23518.120935978168,4,0,0,108176.8054738917,0
750,France,Male,45,10,66422.33243156354,2,1,1,176697.38422131073,1
850,Spain,Male,35,10,98478.58439697378,1,1,0,68284.13433640085,0
668,France,Female,31,8,23558.266232785863,3,0,0,131311.8167371746,0
640,Germany,Female,46,7,7011.33836005388,4,1,0,71554.85338986028,0
543,Germany,Male,40,10,4308.496569867168,3,0,0,16725.159790547943,0
637,France,Male,43,0,50921.99804534454,1,1,1,200000.0,0
546,Spain,Male,41,4,34455.58124102928,3,1,1,70939.28734481723,0
631,France,Male,26,5,116163.983368886,4,0,1,100552.29262847205,0
850,Spain,Female,52,8,153445.3826374681,1,1,1,58964.69743468096,0
661,France,Male,37,3,114167.3564505546,1,1,0,70526.67501676707,1
594,France,Female,47,0,3932.336660534807,2,1,0,200000.0,1
629,France,Male,35,5,16722.182251913455,1,0,1,11600.0,0
608,France,Male,44,8,13643.4441865535,1,1,1,173717.34149346792,0
754,Spain,Male,49,5,3556.714013223061,3,1,1,85934.6258828214,0
640,France,Male,47,6,125218.26067623933,2,1,1,123263.04819011742,0
810,Germany,Female,40,9,112587.972735213,2,1,0,35694.16118190462,0
618,France,Male,35,3,24777.737764121448,3,0,0,116782.22776690556,0
624,Spain,Male,24,1,159356.69884885775,1,1,0,160006.42495122083,1
560,Spain,Female,26,2,41430.665481689735,4,1,1,195851.67875514404,0
611,France,Female,50,10,28460.85343197933,2,0,0,79683.78416247098,0
476,France,Female,30,0,39886.51340541469,2,1,0,37223.09254424311,0
437,Germany,Male,47,1,27413.877410712044,4,1,0,66139.28428715919,0
712,France,Male,48,6,17257.595690796035,4,1,0,77735.10786841714,1
475,France,Female,43,8,9989.795974988469,3,0,1,179441.05142526157,0
690,Germany,Female,42,8,30867.227837158945,2,0,0,119694.7663578053,0
599,Spain,Male,27,8,37833.83733715433,1,1,1,117049.7200455833,0
743,Spain,Male,25,10,86192.43851303947,3,1,0,140022.53824270624,0
477,Germany,Male,32,0,32063.66203742458,4,0,1,80982.25510480361,0
709,Germany,Male,55,6,88425.11193742901,1,1,1,18500.735077422505,0
683,Spain,Female,52,6,154669.68183033785,4,0,1,107725.05835213992,0
686,Germany,Male,39,8,63914.634019087454,4,1,0,134904.5040064091,0
762,France,Male,51,8,6375.448115939468,2,1,0,31633.537950816884,0
657,Spain,Male,29,0,30926.60364202775,3,1,1,98576.45877685749,0
405,France,Male,35,9,97144.14225347016,1,0,0,147068.0856092712,0
694,France,Male,54,4,33828.46827444032,2,1,0,11600.0,0
681,Germany,Male,60,1,83228.42508684788,1,1,0,188618.9368521575,1
625,France,Female,46,5,74781.94524228064,1,1,1,85166.34136152413,0
565,France,Male,23,1,8708.430808491317,3,0,1,25387.700457863568,0
613,France,Female,52,5,19985.705285806067,1,1,0,154352.0000062205,0
795,Germany,Female,36,6,72177.32277319067,2,1,1,145674.3828750346,0
558,Spain,Male,46,5,8668.76151653885,2,1,1,112997.68128109373,0
475,France,Male,39,10,27477.43096105781,2,1,1,127769.43743253182,1
503,France,Male,49,0,7387.681747243438,2,1,0,11600.0,0
646,France,Female,39,3,13440.012183279814,1,1,0,156777.447365489,0
817,Germany,Female,66,2,16817.0849062632,2,1,1,65009.69809683488,0
850,Germany,Male,48,4,37779.352244611306,3,1,0,63834.39203355768,0
715,France,Female,26,6,121466.7573265312,1,1,1,175889.81209004106,1
551,France,Female,22,2,24352.013451658582,3,1,0,37616.93324054972,0
562,Germany,Male,22,0,94844.5497900554,2,0,1,175202.14130543752,0
737,Germany,Female,44,10,59401.31165567967,3,0,0,126080.89596594192,0
783,France,Male,48,10,75809.60493473381,4,1,1,166517.5598065555,0
585,France,Female,18,8,71817.58180330895,2,1,0,43497.853944464514,0
792,France,Male,51,5,17985.263616554672,1,1,1,153788.50040232553,0
627,Spain,Female,42,5,13475.76946840507,3,1,0,124475.7182755333,0
721,Spain,Male,55,3,189897.3122838911,1,1,1,97206.07179919838,1
764,Germany,Female,29,10,66937.61864788437,2,0,0,49591.51992322517,0
501,Spain,Male,41,0,22767.83333174123,1,1,0,94828.16454774835,0
695,Germany,Female,41,8,40414.6961568969,3,1,1,11600.0,0
792,Spain,Male,31,9,74776.88038303156,3,0,0,40001.76718669954,0
593,France,Male,26,6,2869.180007060327,4,1,1,98043.02256890143,0
544,France,Male,48,9,5214.305559492013,4,1,0,71214.6147711077,0
699,Germany,Male,41,6,1269.9661469347652,3,0,1,145817.52694927028,0
663,Germany,Female,42,10,8960.3373552938,4,1,0,104633.28383643116,0
617,France,Female,52,6,6355.001029145824,2,1,1,131569.51875296794,0
649,France,Female,38,6,31092.792223211225,3,1,0,178441.87399315604,0
482,France,Female,42,7,16927.68352993153,3,1,1,185280.67687129608,1
690,France,Male,42,10,2333.0730375393805,3,1,1,147983.1884114914,0
809,France,Male,42,7,29841.31364358531,1,1,0,78362.790147855,0
578,Germany,Female,24,2,43205.88132105288,2,1,0,189752.10143913855,0
567,Spain,Female,38,7,23120.05146807673,2,1,1,11600.0,0
667,Germany,Female,50,3,15078.84303163899,2,1,0,79756.23502637279,0
850,Spain,Male,37,6,24752.173497015698,2,1,0,182193.50759720252,0
759,Spain,Male,34,4,36687.85674581173,3,1,0,36264.42217687645,1
640,France,Male,48,3,28637.511377064893,4,1,0,179966.62241906102,0
653,France,Male,39,3,4895.831945927033,2,0,1,96230.45890040588,0
769,France,Female,32,5,30517.40608879033,2,1,1,59013.5791535161,0
559,Spain,Male,30,1,63707.82702221317,4,1,1,141948.4119766433,0
711,France,Female,38,4,85739.10077464455,3,1,1,172453.81496847593,0
538,Germany,Female,32,7,28949.726739907488,3,1,0,149751.0385877417,1
742,France,Female,48,1,250000.0,3,1,1,103161.35814413126,0
620,Spain,Female,31,4,92530.36062712695,3,1,1,11600.0,0
670,France,Male,41,6,12128.10771781558,4,0,1,82912.57913508161,1
614,Spain,Female,43,4,30511.13417728197,1,1,0,187703.36515533124,1
719,France,Male,45,9,17510.79105610657,4,1,0,59319.763193202925,0
632,France,Female,54,8,39952.047661364,2,0,1,165844.01843712002,0
850,Germany,Male,25,8,12687.800183858202,3,1,0,19673.674515942475,0
791,Spain,Male,45,7,1793.24115855142,2,1,0,172304.3898992075,0
519,Germany,Male,45,8,117369.61278317646,1,0,1,11600.0,0
669,Spain,Male,28,1,36673.54217286834,3,1,1,60652.86977547524,0
723,Spain,Female,41,2,123232.95773544982,1,1,0,64688.729297568745,1
604,Spain,Female,34,3,6286.753910367028,2,0,1,11600.0,0
771,France,Male,53,4,8213.232846928535,4,0,1,117135.17406448565,0
759,France,Male,33,9,12840.450164634987,1,1,0,84553.13435447132,0
641,France,Female,36,1,30543.25250916936,4,1,1,73689.18196078832,0
748,Spain,Male,35,10,106014.04933589391,2,1,1,11600.0,0
408,Spain,Female,30,9,52549.98521616807,2,1,0,46231.59955554647,0
785,Germany,Male,23,3,2828.7691928202325,2,0,1,11600.0,0
738,France,Female,30,3,26144.52862265282,2,1,1,170453.30520995898,0
541,France,Female,40,4,64232.8621901697,2,1,0,16586.266991813987,1
675,Spain,Male,41,5,19458.90007533235,3,1,1,124064.00567798191,0
447,France,Male,47,0,33918.99662047806,3,0,0,144186.76616453036,0
573,Spain,Female,49,5,62141.001546116095,4,1,0,11600.0,1
759,France,Female,43,8,167599.09456474346,1,1,0,82793.61197721977,0
648,France,Female,46,2,20264.266005181755,1,0,1,44879.44145118832,1
643,Spain,Female,44,1,68202.66876635037,3,1,0,71862.33209594016,0
654,France,Male,27,7,68798.04129930279,2,1,0,34853.11834866634,0
642,France,Male,42,1,39121.0277626447,2,0,0,195041.44599844865,0
748,Spain,Male,39,7,83929.90215434348,3,0,1,11600.0,0
588,Germany,Female,33,9,38406.07605398627,2,0,0,85052.52941664206,0
691,Spain,Male,39,3,49041.33501056403,1,1,1,131093.03379046256,0
535,Spain,Female,42,8,90768.4223223254,2,1,1,200000.0,0
724,France,Female,36,3,32338.5270329812,2,1,1,60146.871225969626,1
617,France,Female,48,0,32500.11568151749,1,1,1,159286.84002509128,0
645,France,Male,42,7,44706.77742495769,1,0,0,119000.07157962128,0
613,France,Male,47,0,81531.69999629945,3,1,1,200000.0,0
626,France,Female,51,4,6801.647844318377,2,0,1,93206.58793053664,0
549,Spain,Male,35,6,73749.06424643093,4,0,1,140498.65079342586,0
682,France,Female,34,2,17460.792183070833,1,0,0,141734.23894790412,1
705,Germany,Female,50,5,3684.1163283381857,1,1,0,120487.04171917411,1
516,France,Male,31,10,78553.0844441984,1,1,0,39323.85724203763,1
590,France,Male,38,0,7841.064542569319,1,1,1,38690.91609143939,0
653,France,Male,34,5,11993.035809620907,1,0,1,66597.44722798187,0
590,Spain,Female,29,4,61237.32314219408,1,0,1,123503.53533059178,0
627,France,Male,43,1,41565.63308851819,3,1,1,76864.0318698264,0
811,Germany,Female,36,3,126597.56616970306,2,1,0,25664.160791431263,0
548,Germany,Female,29,10,154320.64383158836,4,1,0,114250.47482225717,0
418,France,Male,48,10,18841.08303063457,4,0,0,89965.17165781347,1
590,Germany,Female,25,10,19592.71598223448,4,1,1,12898.09266692512,0
617,Spain,Female,37,6,11769.77551573116,2,1,1,84572.51651376381,0
601,Germany,Female,47,5,36450.798131962605,4,0,0,73820.35152263878,0
676,France,Male,48,10,23739.766091871432,2,0,0,135668.72829330605,0
547,Germany,Male,43,9,738.0618676942032,2,0,1,11600.0,0
532,Germany,Male,30,5,25122.64499680334,2,1,0,104603.68570560552,0
582,France,Male,40,8,3184.367165349434,2,1,0,111750.80035810846,0
584,France,Male,42,1,80233.47357061606,4,1,1,29686.09054646881,0
850,France,Female,34,0,132178.51886892013,2,1,1,159862.91958577465,0
805,France,Male,42,1,17536.33606495507,3,1,1,120499.36524792846,0
483,France,Female,24,2,52593.10027494995,1,0,0,63865.1788579441,0
457,France,Female,21,8,4634.334094738316,1,1,0,80324.30686318921,0
641,France,Male,32,9,22590.41788233485,1,0,0,72030.36574431225,1
841,Spain,Male,45,8,42890.84270842011,3,1,1,94389.66732295748,0
716,Germany,Female,47,4,5500.3779893212,1,1,1,176177.9812531693,0
646,Spain,Female,26,6,23671.66702576857,4,0,1,11600.0,0
604,Germany,Male,53,2,155323.34163334547,4,0,0,82218.30893725564,1
757,France,Female,39,9,9081.053871221848,3,0,1,42089.37909615303,1
667,France,Male,23,1,48409.41639259229,3,1,0,119023.02525813993,0
823,Spain,Female,42,5,89592.31440725946,3,1,0,109192.50848318898,0
481,France,Male,51,5,73738.98573269675,3,1,1,181949.5059377605,0
692,France,Male,34,4,73785.12224038554,1,1,0,98862.69357191582,0
593,France,Male,48,0,3047.1246532545188,2,1,1,170026.92606974585,0
691,France,Female,53,9,181722.9535706747,1,1,0,134695.65284351562,0
675,France,Female,39,1,64940.63950328159,3,1,0,93131.1106242144,0
700,France,Male,31,6,154327.65186794993,4,0,0,123487.91505798828,0
747,France,Male,50,9,193781.62342880745,3,1,0,41412.12509210422,0
788,Germany,Male,50,1,22080.746696225942,3,1,0,144194.92661395742,0
845,France,Male,26,4,39195.4453344206,1,1,1,82924.03944767243,0
651,Germany,Male,37,10,65367.73841858152,2,1,0,72435.45379308863,0
595,Germany,Male,46,9,94551.52390603827,1,1,1,75980.29731011397,0
527,Germany,Male,46,3,176932.4816003854,3,1,1,130261.05813633229,0
693,France,Male,36,9,183367.6938562869,4,0,0,65273.44264328573,0
733,Germany,Female,29,0,19856.54571390256,2,0,0,44789.5365861421,0
515,France,Female,54,4,57046.47919950473,3,1,0,60510.92479852906,1
764,France,Female,39,0,7945.841082629783,4,1,0,11600.0,0
639,Germany,Female,37,2,83174.70931513645,4,0,0,65371.04759382015,0
524,France,Male,33,8,8687.98063705491,4,0,0,44748.75146954772,0
565,France,Male,36,6,110673.94009053532,2,1,0,127195.90374178294,0
555,France,Female,23,1,193400.1847526375,2,0,1,75135.32341457404,1
557,France,Female,48,4,4515.293276602055,3,0,0,102218.4380586264,0
706,France,Male,36,3,35908.79864337921,1,0,1,11600.0,0
736,Spain,Male,18,6,15375.992722807538,1,1,0,90416.99900768884,0
819,France,Female,29,3,31747.14886431994,2,1,0,87856.11028748855,0
580,France,Female,48,8,17391.047915086794,3,1,1,139491.18307560583,0
684,Germany,Female,37,2,3395.0563156166013,3,1,0,153567.48250551085,1
585,Germany,Female,31,5,25054.40308058162,3,1,1,11600.0,0
652,Spain,Male,40,4,11443.6046248559,1,0,1,200000.0,0
501,Spain,Male,36,9,39846.52239337976,2,1,0,90176.42642401744,0
537,Spain,Female,40,7,57058.750150270986,3,0,1,77830.27126320748,1
730,Spain,Male,42,10,25985.51047186489,1,1,0,31438.424430656247,0
501,France,Male,30,0,11385.194945558644,1,0,1,156532.60729362667,0
711,Germany,Female,33,9,10641.403198518128,1,1,0,58165.09070309179,0
582,Spain,Male,31,1,119.49794687712811,3,1,0,194537.598936362,0
457,Germany,Female,31,6,60597.73595925251,2,1,0,86344.19490557344,0
396,Spain,Male,32,0,14592.947644389938,4,1,1,89741.57320250387,0
796,France,Female,36,4,176576.3620641478,3,1,1,200000.0,0
459,France,Female,32,7,68729.58864890982,4,0,1,95820.8185060904,0
643,Spain,Male,40,9,17504.72237799377,1,0,1,46398.15335040652,0
685,France,Male,35,4,8654.955394087008,1,1,0,95562.59330213146,1
518,Germany,Male,31,4,48954.05768559683,2,1,0,132691.9606741259,0
594,France,Male,19,8,99960.4530575904,1,1,1,95455.89135434489,1
697,Germany,Male,29,10,43892.310732341015,1,1,0,78332.36782889985,0
679,Spain,Male,35,10,551.740744801886,1,1,1,197286.60064164983,0
603,France,Female,48,4,77158.32528060758,2,1,0,86937.51020291282,1
673,France,Female,38,0,166522.28130826395,1,1,0,124875.22145544874,1
639,France,Male,23,2,2431.7906429728737,3,1,1,17156.446649283156,0
552,Spain,Male,39,4,82808.23870400783,1,0,1,123308.5329249636,0
770,Germany,Male,34,7,63469.18212677056,1,1,0,34387.26058632214,1
670,France,Female,44,9,25333.06120840798,1,1,0,165751.7866583586,0
465,France,Male,24,1,50265.825013789945,1,1,0,104018.60457198446,0
702,Spain,Male,51,3,8646.602285896133,3,1,0,11600.0,1
588,Spain,Male,43,3,63665.25783738254,3,1,1,81832.71661105944,0
621,France,Female,36,2,43523.050284836405,3,0,0,200000.0,0
650,France,Female,23,5,4528.17295763788,4,1,1,175378.52256311284,1
570,Spain,Female,24,9,101338.10748397636,3,0,0,108496.32351665944,0
830,Germany,Male,45,1,6869.046435517903,3,1,0,50695.29061779677,0
500,Spain,Male,47,2,28839.694101314893,2,0,0,139618.6012108908,0
655,France,Male,49,1,7030.591125570025,4,1,1,120010.13288822307,0
688,Germany,Female,55,9,51940.10132782343,3,0,0,87186.15256456038,1
654,Germany,Male,46,7,66942.92424607788,2,1,1,16025.620468032474,0
630,Spain,Male,43,1,147092.92426532204,3,1,0,102480.515399442,0
612,France,Male,62,4,14558.003576567,2,1,0,66868.14971397715,1
569,France,Female,33,3,22808.76666354868,4,1,0,124206.18809601352,1
567,France,Male,37,0,24446.52536636298,1,0,1,57105.12444710363,0
765,Spain,Male,23,6,5101.694163148895,3,1,0,118052.80678723053,0
605,France,Female,45,5,82488.79093225328,2,1,0,200000.0,0
850,France,Male,36,9,4316.504026270509,1,1,0,200000.0,0
716,Germany,Female,32,0,20665.634977612703,3,0,0,123187.82032597729,0
383,France,Male,33,8,10559.758557171366,2,1,1,195562.42214035967,0
738,France,Female,31,3,54588.74084074299,1,0,1,75417.62973880835,1
644,France,Male,37,0,117994.84154850151,2,1,1,44710.901971604566,0
511,Germany,Male,24,7,68616.52669171663,3,0,1,172353.11699196068,0
780,Germany,Female,25,0,74475.84652490057,1,1,0,47694.18041101068,0
606,Spain,Male,27,1,4087.7763233258074,1,1,0,173372.10146533806,0
597,Spain,Female,32,4,67154.28107966817,1,1,1,21817.5126127034,0
687,France,Female,34,0,3228.5551276552824,4,1,1,123897.2521090712,0
764,Germany,Female,18,0,33102.46987022654,3,1,1,39453.262931208665,0
661,France,Male,33,5,58873.78228261625,1,1,0,60376.94948792571,0
654,France,Female,30,10,14700.750959313007,2,0,0,164158.27531059238,0
580,France,Female,46,0,57374.61111359075,4,1,1,181305.71248752688,0
762,France,Female,30,4,106234.8012822596,3,1,1,62060.21590501473,0
662,France,Male,49,9,105172.59228166132,1,0,1,166395.8971785488,0
627,France,Female,56,10,10666.086324104592,3,0,0,77303.64553045815,1
615,Germany,Male,50,4,16045.780690151243,3,1,0,104158.6823221496,1
752,France,Male,29,1,54836.3649518698,1,1,1,65225.18649519697,0
623,Germany,Female,44,10,92041.89884663062,1,1,0,67509.27689710469,0
752,France,Female,29,2,30368.54176615227,1,1,0,60746.16506903597,0
602,France,Male,30,2,127680.6873622592,2,1,0,18964.065477189022,1
722,France,Female,31,2,42737.97858387146,4,1,0,60447.083413961285,0
670,France,Male,40,2,15187.019883358593,4,0,1,58949.08996671801,0
554,France,Male,30,10,1008.3983931699016,4,1,0,200000.0,0
641,Germany,Female,39,3,82346.29304459305,4,1,0,152638.13937792333,0
430,Spain,Male,51,9,4869.845906840152,1,1,1,74439.30110311782,0
575,France,Female,27,0,4084.5313245922657,2,1,0,88769.14013744231,0
492,France,Female,22,3,75059.07437274946,4,0,1,116453.09924623472,0
849,Spain,Male,32,3,1608.070895180908,4,1,1,99112.8443254893,0
493,France,Female,53,7,92499.12497321574,1,1,0,62650.425214090006,0
850,France,Male,45,10,45655.36921558871,3,1,1,144591.78278816267,0
701,Germany,Male,30,3,50605.03761700603,3,1,1,73947.55634156463,1
598,Germany,Female,28,4,139072.2500863689,4,1,0,137352.6862048532,1
730,Germany,Female,42,3,100754.42740111788,1,0,0,168487.34649482951,1
585,Germany,Male,39,4,3951.911504388973,1,0,0,116563.27745724264,0
509,France,Male,45,2,95861.22288173257,1,1,0,79001.34456924742,0
657,France,Male,27,2,55002.42085689507,3,0,1,151212.34267895692,0
720,France,Male,38,7,19046.42624763232,3,1,0,162329.90159221197,0
777,Spain,Female,47,0,95988.99573805984,3,1,1,194436.747028763,0
699,Spain,Male,50,2,1178.7244348755894,1,1,0,187869.3507521322,1
597,France,Male,26,1,90867.35220759698,1,1,1,75536.21705193317,0
788,France,Female,38,9,48404.32838091528,3,1,0,11600.0,0
766,France,Male,36,10,15134.222689405717,4,1,1,87895.96366419052,0
676,France,Male,30,5,298.7453984490946,2,0,0,62716.79629590227,0
771,France,Female,31,7,36836.68923677576,1,1,0,120322.5767220483,1
850,Germany,Male,44,5,27431.253257079417,1,1,0,92501.21703938006,0
595,Spain,Female,31,3,99223.94172213988,2,1,0,13110.326309044482,0
560,France,Male,37,2,77538.50727675627,4,0,1,164815.50549467484,0
592,France,Male,43,3,44538.20345789551,3,0,0,62080.35941135573,0
515,France,Male,56,7,8175.914894606284,1,1,0,99486.45394863472,0
709,France,Male,41,8,64753.99291464975,2,1,0,175442.66620329936,0
489,France,Male,46,7,45023.62759501528,4,1,0,79693.93279415337,0
776,Spain,Male,41,8,1140.0663990246992,2,1,0,78361.79151374017,0
582,France,Male,36,7,71733.70200686977,3,0,1,145549.03340050462,0
785,Spain,Male,36,4,89106.4563636377,2,0,0,143426.04319571058,0
394,Germany,Male,37,4,74470.44574587468,4,0,1,11600.0,0
611,Germany,Female,18,0,9699.29906688054,3,1,1,118738.57388031518,0
520,France,Female,35,7,34908.04247883082,2,1,1,125949.0638400326,0
785,Germany,Female,43,10,37462.77316412235,1,1,1,27244.22764013552,0
817,France,Female,31,1,136174.26862712682,3,1,0,174415.60766859457,0
415,France,Male,53,5,129917.57148929025,3,1,1,139341.93114472672,0
736,France,Female,40,5,3215.164199091031,2,0,0,176456.23128442638,0
756,Spain,Female,37,9,250000.0,1,1,0,150609.947715058,1
682,France,Male,47,3,77250.43534242552,4,1,0,91806.2219946098,0
708,France,Male,44,8,23542.729452662024,2,1,1,103911.05513284545,1
701,France,Male,50,2,67988.95170407677,2,0,0,54047.47889393091,0
736,France,Male,52,7,23632.36332935845,2,1,0,128524.23707313924,0
540,France,Male,53,1,137662.24004491066,1,1,0,11600.0,1
770,France,Female,43,4,23749.85819717789,1,1,0,100285.9706255068,0
670,Germany,Female,28,5,72642.72018639038,2,0,1,32895.20233517047,0
664,France,Male,36,1,8437.1616272098,3,1,1,161038.19611788218,0
706,Spain,Female,55,6,95634.5651706318,3,0,0,11600.0,0
522,Germany,Male,41,10,48437.63991277256,4,1,0,43905.21707412288,0
494,France,Female,34,10,82409.09187957362,3,0,1,73623.76394515668,0
637,Germany,Female,33,4,27060.752913616267,3,1,1,80465.3888315244,0
804,Germany,Female,28,9,21256.487023899645,2,1,1,118864.11711909674,0
531,Germany,Female,48,3,38030.85094475067,2,1,1,83494.55134838159,1
667,Germany,Male,34,3,24566.583810876386,1,0,1,60099.98566741197,0
578,Germany,Male,29,1,36092.52498045135,3,1,1,125014.60145341296,0
564,France,Female,30,8,28162.695366038577,2,1,1,142079.54635630356,0
700,Germany,Female,18,0,10947.828946214102,4,1,0,198377.0307847777,0
725,France,Female,46,0,187812.86212975677,3,1,1,71904.95775152747,0
571,Germany,Female,36,3,810.8056783780335,3,1,0,92237.3244808384,1
788,France,Female,26,2,129946.84068516536,2,1,0,115616.8022664288,0
692,Spain,Female,52,8,87837.17669631074,4,1,0,42887.25412323756,0
625,France,Female,39,6,27314.303021036445,2,1,0,38337.25484976839,0
684,Germany,Male,18,10,19437.55403111576,4,0,0,136024.0579026863,0
850,Spain,Male,46,1,8997.404896842907,4,1,0,160098.5809665631,1
725,Spain,Female,28,3,7139.262927055746,2,1,1,91600.59232291488,0
580,Germany,Male,44,4,40027.56119340789,3,0,0,128529.92517116402,0
648,France,Female,44,9,5570.421906753154,1,1,1,80265.87491630217,0
663,Spain,Male,40,3,32358.17704932285,3,1,0,142450.2402437447,0
716,Germany,Male,26,3,84291.75803099116,2,0,1,74946.6155215765,0
673,Germany,Female,26,3,70738.45313116141,4,0,1,187517.6053885651,0
839,Spain,Male,38,7,7107.67344970897,4,1,0,126898.48866412436,0
627,France,Male,29,6,162307.26922113303,3,0,1,48825.7647084514,0
477,France,Male,51,3,16855.51417125348,1,0,1,77379.03101493468,0
671,Germany,Female,37,10,61156.18371660056,2,1,1,86453.66894167353,0
605,Spain,Female,28,0,17869.231840860095,4,0,1,85811.29501752713,0
499,France,Female,48,5,48041.67962252783,2,1,0,115591.55432840092,0
579,Germany,Male,19,4,42488.72296460053,3,1,1,87824.74783753994,0
614,France,Female,37,10,9819.968270043028,4,1,0,12350.512254768328,0
763,Germany,Male,44,4,52858.01313362776,4,1,0,96708.11046065952,0
501,Spain,Male,28,10,19726.709312347022,4,1,1,59176.83982073472,0
684,France,Male,34,5,47228.14437417619,2,1,1,112509.48699934328,0
850,Germany,Male,32,7,38976.36186143271,1,1,1,112831.19755455048,1
632,Spain,Male,27,5,92464.9202446463,4,0,1,24432.609116083724,0
629,France,Male,39,5,12013.986720869678,2,1,1,12014.755193560224,0
721,France,Male,47,6,8209.094182886298,3,1,1,95121.19210746745,0
702,France,Female,59,10,96515.95187389509,2,1,0,106879.01174387692,0
791,Spain,Male,46,7,29398.440274690813,3,1,1,69418.74031006878,0
633,France,Female,36,3,76127.03328051574,2,0,0,116356.9035999972,1
720,France,Female,50,6,160412.470467314,2,1,0,123460.70909514988,0
721,France,Male,27,7,39299.00889365524,3,0,1,136643.85857877653,0
616,France,Male,33,5,17882.317352025402,4,1,1,44564.714993434,0
638,Germany,Female,48,8,79049.64987477557,1,0,1,142887.00321598083,1
648,Spain,Female,32,5,133641.40155438456,3,1,0,56490.462970820416,0
526,France,Female,39,3,14061.754573919836,1,1,1,55221.436297292734,0
611,Germany,Female,31,5,58292.87753936514,3,0,1,141016.40900592305,1
799,Germany,Male,36,1,75839.31489664484,2,1,0,101081.89957374762,0
753,France,Male,38,10,1346.077360233993,4,1,0,77255.09787528156,0
592,France,Female,43,7,44857.28080407476,4,1,1,19919.266733806275,0
648,Spain,Female,40,10,50142.207009324025,1,1,1,146368.235989279,1
747,Germany,Female,46,5,50604.485462052406,3,1,1,32677.86091255446,0
694,Germany,Female,42,3,4392.788551710557,3,0,0,11600.0,0
729,France,Male,37,6,1096.33863693731,3,1,1,52025.42977494811,0
703,Spain,Female,32,7,17385.305472629734,3,1,1,135899.73158970455,0
671,Germany,Female,29,2,22145.30153786756,1,0,1,85513.93386912251,0
633,Spain,Male,18,9,7810.69567931178,1,1,1,74334.41433579149,0
530,Spain,Male,37,2,35625.31263142947,1,1,0,34406.54893006425,1
719,Spain,Male,27,9,12909.130382294792,1,1,0,99614.5867920194,1
627,Spain,Female,30,2,20589.111545334275,3,0,1,98584.34871350032,0
485,France,Male,35,2,17323.766097905584,1,1,0,11600.0,1
595,Spain,Male,33,1,73927.38070894142,1,1,0,11600.0,1
735,France,Male,44,4,104809.10028520724,2,1,0,168345.4113577165,0
458,Spain,Male,37,5,17724.765510139525,2,1,0,200000.0,0
547,France,Male,55,0,23632.2984363297,1,0,1,150608.0571443555,0
663,Germany,Female,60,5,84443.89812504896,2,1,1,102575.9723941834,0
790,France,Female,35,6,71168.59325775337,2,1,0,68944.84757990803,1
749,Spain,Female,30,1,61686.16054129114,2,1,0,93736.57682256296,0
800,France,Female,21,0,61525.66907926056,2,1,0,136044.3821945952,0
670,France,Female,57,6,17632.646788491576,4,1,1,119524.9890648726,0
629,Spain,Female,31,5,137858.50743081243,3,1,0,200000.0,0
734,Germany,Male,33,2,82824.93060968204,2,0,1,140012.98592680474,0
560,France,Male,32,1,11908.528384791522,3,1,0,137756.23192567835,0
552,France,Male,35,1,54257.88504346037,3,1,0,147391.38989246066,0
534,France,Female,34,1,8414.613704034638,2,0,0,119005.84835031304,1
758,Germany,Female,47,7,43094.302751312105,3,1,0,89376.98218350123,0
566,Spain,Female,18,0,17061.003110227146,4,0,1,77184.79177786972,0
750,Germany,Female,37,2,5560.337208549638,3,1,1,120098.71606292656,0
664,France,Female,46,7,46213.09555378271,3,1,1,157318.467941133,0
760,France,Female,32,5,107836.62462390595,3,1,1,113369.89696880445,0
539,Spain,Male,44,6,7582.483704244872,2,1,0,46650.78232820376,0
587,France,Female,39,1,114663.68261277348,2,1,1,50325.2176082667,0
695,Germany,Female,31,8,6837.602446079627,4,1,0,115024.2567837168,1
606,France,Female,20,6,67716.09780073127,3,1,0,117679.55435740991,0
400,Spain,Male,43,2,228288.86819737943,2,1,1,30395.43711319477,0
512,Spain,Female,42,8,4918.141884774349,1,0,0,17385.330413833944,0
538,France,Male,31,2,11955.474785503076,1,1,0,73262.98864949647,1
546,Germany,Female,46,9,31139.60451829043,2,0,0,51286.10480743998,1
718,Germany,Female,34,7,66893.69824256799,1,1,0,115884.61292605467,0
683,France,Male,49,6,114094.0226430561,4,0,1,132101.77007799453,0
666,France,Male,42,2,65302.03581842483,2,0,0,111464.9659229129,0
850,Germany,Female,53,4,73749.91151551771,3,1,1,96618.14516144598,1
767,France,Female,42,6,30086.429250084733,4,1,1,83493.94627751337,0
730,Spain,Female,39,2,21988.50484460004,2,1,0,127514.59582654107,0
500,France,Female,20,1,35439.86286425018,4,1,0,38910.69723993003,0
655,France,Female,39,8,52423.41619035609,3,1,0,200000.0,1
679,France,Male,36,1,34892.126928577425,1,0,0,27197.229967101823,1
608,France,Female,55,2,78110.73702097824,3,1,1,113791.8464651985,0
820,France,Female,41,0,8543.825181248721,3,1,1,168091.1851334662,0
655,France,Female,46,0,25224.60513306557,1,0,1,33921.83973729632,0
527,Germany,Male,53,0,3441.2219399629776,4,1,0,106651.83112873344,0
550,Spain,Male,52,9,55651.43492943599,2,0,1,200000.0,0
850,Spain,Male,38,2,70741.27281614995,2,1,1,62415.80238007436,0
607,France,Female,60,5,55038.52208997495,4,1,1,72740.63337378114,0
442,Spain,Male,33,9,155227.3736936258,2,1,0,113463.1129385943,0
590,France,Male,52,2,134517.6521278291,2,1,1,42720.91284472216,0
467,France,Male,31,3,15764.028639046432,3,0,1,134817.38740003837,0
741,France,Male,47,1,13931.020510842116,3,1,0,27761.290717176977,1
454,France,Female,29,6,1282.4646310414398,4,1,1,152798.75193102498,0
509,Spain,Female,45,3,34914.83927324734,1,1,1,35321.041761636625,0
650,France,Female,30,10,98707.21316270264,1,1,0,117042.60158031432,0
760,Germany,Male,28,0,8569.482149073927,3,1,1,140536.2899106448,0
643,France,Male,29,3,44993.86847266032,1,1,1,70004.10263779637,0
524,Spain,Female,43,3,63713.672123756805,2,1,1,103148.92459318282,0
668,Spain,Male,43,10,22918.518592515557,3,1,0,133494.06814620853,0
603,France,Female,43,2,60691.82373284867,1,0,0,37156.84769185271,0
763,Germany,Male,41,7,90797.47755359628,1,0,1,69471.06375294822,0
735,Germany,Male,34,6,528.267247319643,2,0,1,19974.026750976263,0
596,Germany,Male,31,9,66444.32442112714,3,0,1,137644.9706067483,0
727,Germany,Female,28,9,45794.42395413506,1,0,1,80833.61592037074,1
677,Germany,Male,28,2,93163.69630849214,1,0,0,132571.35981158848,0
786,France,Female,51,3,7460.148414476605,1,1,1,191415.7694956133,0
723,Germany,Female,28,7,82279.2579032302,4,1,1,34456.98428313075,1
704,France,Male,29,9,7609.811645643077,2,0,1,48420.8099584349,0
782,France,Male,29,2,43959.60757125347,4,0,0,51628.892656331176,0
651,Spain,Female,25,4,15796.161610791962,1,0,1,166087.47044345387,1
572,France,Male,42,4,13722.32082228684,3,1,0,86761.52927403252,0
670,France,Female,33,4,34531.54737149491,2,0,1,158398.29435831233,0
614,France,Female,37,4,70802.64292829084,3,1,1,200000.0,0
710,France,Male,37,8,51813.257090403305,2,0,0,19617.31020719798,0
656,France,Male,41,9,223541.56153579915,4,1,0,63528.51220576594,0
690,Spain,Male,40,4,6338.340796573945,4,1,0,152393.42298775935,1
529,France,Male,50,10,63963.44024641921,1,1,1,72008.08351061458,0
700,Germany,Male,32,10,2853.404901111984,4,0,0,26543.989575015454,0
521,France,Female,33,8,22115.74159769724,4,1,0,35456.99035642774,0
746,Germany,Female,38,8,21041.74699853616,3,1,0,52062.456070853135,0
746,Spain,Female,38,10,14800.054780618795,1,0,1,11600.0,0
684,France,Female,24,9,38007.38826198498,3,1,0,68845.46970812077,0
681,Spain,Male,23,3,13961.45071625266,4,0,0,142382.5334647723,0
627,Spain,Male,37,8,22909.44830195059,4,0,1,36687.80967906287,0
589,Germany,Male,52,10,98125.80488746992,1,1,1,122530.13688530835,1
648,France,Male,53,1,19557.1597398295,1,1,0,71143.36506720554,0
848,Germany,Male,27,2,213289.93975716332,3,1,0,136179.5923551168,1
672,Spain,Male,34,0,16151.198056213509,4,1,1,11600.0,0
515,France,Female,40,10,116654.2057725122,2,0,1,79227.24325263835,0
479,France,Female,42,6,28217.96783372795,3,1,0,148017.0245879616,0
506,France,Male,29,9,119042.69891460634,2,1,0,170325.52210816878,1
612,France,Female,56,10,27825.409343061485,3,1,1,111539.75190565323,0
776,Spain,Female,33,8,73562.2261440512,4,1,1,85372.21861353292,0
547,France,Male,42,2,25541.081543469547,4,1,1,103071.89307514104,0
792,France,Male,35,7,48498.24686503831,3,1,0,98314.36958578564,0
667,Germany,Female,35,0,2643.0503744956554,3,1,1,158387.69225071522,0
698,France,Female,46,5,45689.70452825206,2,0,1,58057.48403896181,0
695,France,Female,48,5,18986.19449509482,4,1,0,20251.36690533732,0
709,Germany,Male,45,4,250000.0,1,0,1,126573.5521696945,0
608,France,Male,30,3,83200.53861574696,2,1,1,98257.02976589168,0
416,France,Male,25,2,4145.923810645152,1,1,0,86863.27065259761,1
591,France,Female,65,3,11049.138791386187,1,0,1,200000.0,1
561,Germany,Male,42,6,47865.26633205163,3,1,0,47029.48934768207,0
681,Spain,Male,30,6,17864.32558678318,3,1,0,11600.0,0
671,Spain,Male,48,2,11970.218301868852,1,0,1,129448.71226909796,1
622,France,Male,29,10,21979.10012284144,2,0,0,57012.331124098055,0
825,Germany,Male,58,9,5614.002417910155,3,1,0,97647.93084941457,0
585,Spain,Female,34,2,40424.80011622325,4,1,0,200000.0,1
427,France,Male,47,2,16634.48130063133,1,1,1,11600.0,0
661,Spain,Male,38,4,100874.023570065,3,0,0,56236.00791180143,1
768,Spain,Male,23,0,1665.0491549386445,2,1,1,158689.33275380702,0
678,France,Female,29,9,21611.65359006332,3,1,0,174596.09394681646,0
614,France,Male,31,10,39881.00430580767,1,1,1,57705.73391201278,0
674,France,Male,32,6,13404.673588023205,1,1,0,101817.12012947112,1
833,France,Female,40,7,2953.1339623945646,3,1,1,119714.92326313871,0
562,Spain,Male,18,6,3760.737876602399,4,1,1,115816.91187445172,0
653,Spain,Male,40,7,8677.405013426776,4,1,0,53108.52048300337,1
716,France,Female,19,8,15865.220475664806,2,0,0,95492.90515842492,1
675,Germany,Male,42,3,61163.66050627338,4,1,1,63742.18181077017,1
625,Germany,Male,30,2,32184.047111165357,2,1,1,126414.00841328212,0
607,France,Female,40,6,1673.942010474603,4,0,0,22887.93771494784,0
621,Germany,Female,25,8,8422.898852470238,4,0,1,59578.43586158048,0
703,Spain,Female,32,8,22937.36491200494,1,0,1,43568.06737636556,0
697,France,Male,18,7,27216.815385333404,3,1,1,110488.61368175712,0
850,France,Male,26,2,3261.388047665804,1,1,1,130253.33787320436,0
496,France,Female,53,5,6451.886289367424,2,0,0,111108.46418634486,0
825,France,Male,53,1,15203.554540820713,4,1,1,186822.73811902187,0
629,France,Male,26,5,90594.41556653152,3,0,0,92031.6927675189,0
640,France,Female,35,4,11735.449325460604,2,1,1,44937.95412040398,0
735,Germany,Male,43,3,12860.530840349438,1,1,1,60485.063573030406,0
735,Spain,Female,39,2,34112.81974543884,4,1,0,51908.19234992123,0
765,France,Male,33,7,111036.22501367868,4,1,0,82472.32960186963,1
787,France,Male,23,9,37558.68376158301,3,1,0,14743.539616335052,0
646,Spain,Female,47,5,4134.200572938516,2,0,1,105074.35923646978,0
788,Spain,Male,33,8,10316.727454527643,3,1,1,121226.09533858066,0
587,France,Female,22,2,96827.9265946032,3,1,0,110223.26895836108,1
619,France,Male,38,4,104680.2069589845,2,1,0,178725.43968442874,0
631,Spain,Male,35,3,79347.9923038961,1,0,0,200000.0,0
597,France,Male,33,5,39026.28957188175,2,1,0,94382.47885745454,0
655,France,Male,40,1,28915.1617752576,2,1,1,162705.91440145727,0
739,France,Female,36,5,15613.973352998151,3,1,1,20507.409195122847,0
715,France,Female,50,2,39680.896320456966,3,1,0,200000.0,0
588,France,Female,29,7,57414.399128023695,2,0,0,108271.64723619715,1
580,France,Female,31,9,45721.412702119465,2,0,1,123256.93986705477,0
564,Spain,Female,46,9,12780.562407397972,1,1,1,51807.438798972646,0
658,Spain,Male,63,10,116706.1365260944,4,1,1,143362.79804697452,0
491,Spain,Male,62,5,24750.39116619325,3,0,0,114888.3697628958,1
560,France,Female,46,7,108094.42933996997,2,1,0,158185.4493761174,0
604,France,Male,35,6,25329.10042445853,1,1,1,79576.33843894325,1
755,Spain,Male,33,5,1960.6736394623667,3,1,0,86918.89758501522,1
636,Germany,Female,35,8,66961.77837330688,4,1,0,78711.49956810552,0
750,France,Male,21,10,126373.50271905748,1,1,0,164878.57837138622,1
668,France,Male,45,8,14702.457258410515,4,1,1,11657.375396873176,0
602,France,Male,52,9,39097.07684404876,2,0,1,153494.12429743772,0
606,France,Female,37,9,82413.78621579547,3,0,1,164541.84270352256,0
533,France,Male,59,3,19362.98916710824,1,0,0,197902.925677029,1
850,Spain,Male,66,7,16855.86283523919,2,1,0,136867.68386536432,1
761,France,Male,47,2,26471.99015597325,1,1,1,48843.5106988477,0
710,Spain,Male,32,10,39989.29921820615,1,1,1,138941.21488594025,0
519,Spain,Male,30,4,40207.65556331717,2,1,0,200000.0,1
604,France,Female,46,2,33311.18226728791,3,0,1,115024.20959246805,0
552,Germany,Male,49,9,85834.06476263198,2,1,0,78594.54670481037,0
662,Germany,Female,32,3,8297.940775962743,3,1,1,200000.0,0
557,France,Female,27,4,4450.38165051549,1,1,1,11600.0,0
582,France,Male,21,7,9229.915406779208,1,1,1,73925.2951534108,0
559,Germany,Male,28,9,60870.601018680136,2,0,0,190396.58367192055,1
626,Germany,Male,34,7,7846.9986244067,1,1,1,36247.98124801222,0
657,Germany,Female,49,2,19491.344775490543,1,0,1,177852.5648251028,0
628,France,Male,33,7,105880.31838227509,4,1,1,11600.0,0
803,France,Male,18,9,7554.457940021201,4,0,1,147304.53238333346,0
731,France,Male,32,3,37557.24979387456,4,1,0,152873.56950248175,0
571,France,Male,35,10,35265.12834435249,3,1,1,32336.01653542179,0
682,Germany,Male,35,1,1731.9627414450572,4,1,0,100880.8757261772,1
579,Spain,Female,18,2,6131.8269832671895,2,0,0,20904.839271647405,0
610,Germany,Male,35,7,150180.58611655183,4,1,1,40406.285597500304,0
697,Germany,Male,52,4,162242.4716314973,3,1,1,101397.87967397131,0
716,Germany,Female,34,1,103835.61505304232,4,0,1,200000.0,0
591,Germany,Female,32,6,28269.410348907597,2,1,1,174801.83906901063,0
539,Germany,Male,31,4,44939.90859483796,4,0,1,21515.275323165115,1
658,France,Male,40,5,86906.67753643637,4,0,1,143926.37187362835,0
693,Spain,Male,23,1,56372.90295680628,1,1,1,24541.29309152816,0
586,France,Male,27,10,112752.94881675953,4,1,1,179889.50282026766,0
731,France,Male,50,6,18970.92913912172,4,0,1,32150.25421637899,0
713,France,Male,45,0,48928.29557725383,1,1,1,159226.8781376032,0
584,France,Male,33,9,41855.3567000801,4,1,0,72715.65014218549,0
763,Spain,Female,43,9,208652.8471009164,2,0,0,11600.0,0
766,France,Male,29,4,105218.3416208804,2,1,1,93765.69491491334,0
850,Spain,Male,29,8,9027.61371105228,4,0,0,66974.18438771342,0
821,France,Female,29,6,3034.913603335222,2,0,0,143588.30885650177,0
559,France,Female,23,8,29565.900772591143,1,1,0,47611.77213231549,1
742,France,Male,38,8,39429.61924095143,4,0,1,168719.10202039432,0
737,Germany,Male,58,0,78000.53308170408,4,1,0,200000.0,1
615,Spain,Female,19,7,8701.426765473952,3,1,1,49525.459253887406,0
695,France,Male,55,6,126241.14704666962,1,1,1,74504.84137797504,0
462,France,Female,18,10,42383.29123500962,1,1,1,200000.0,0
459,Spain,Female,43,1,92495.15814849894,4,0,0,124579.5861612048,0
478,France,Male,20,2,90540.03667367683,4,0,0,65434.29701649843,0
688,France,Female,44,5,151686.75195255762,1,1,0,116480.68222853914,0
693,France,Female,30,10,53754.85542891261,2,0,1,69711.52005021836,0
622,France,Female,46,10,76583.37331832806,1,1,0,89010.56448828347,0
822,France,Male,30,2,85886.5926432661,3,1,0,91941.32008483674,0
748,France,Female,43,7,31566.61361338389,2,1,1,110357.5432919914,0
490,Spain,Female,36,3,28306.33670157469,1,0,0,141636.1799963532,0
632,Germany,Female,51,6,146511.61964354408,4,0,0,170853.62403309502,0
556,Spain,Female,37,3,3465.98440055066,1,1,1,123510.18401185036,0
691,Germany,Male,41,1,152821.05404878693,4,0,1,64762.3138847677,0
646,Germany,Male,39,6,43194.77826444291,1,1,0,180813.8046228327,0
561,Germany,Male,47,7,17455.28850639344,4,1,0,167415.0107588758,0
819,Spain,Male,48,0,40732.16498867186,1,1,0,52557.65062854836,0
655,France,Male,39,4,50776.75242082228,2,0,1,115188.91778083566,0
608,France,Male,21,9,5870.894035727598,4,1,0,97818.65856812712,0
624,Germany,Male,29,7,55421.69910026219,2,1,1,78128.80297429871,0
811,Spain,Female,46,0,116435.62591815244,2,0,1,124325.2554356143,0
741,Spain,Female,23,2,177533.89419599524,2,0,0,200000.0,1
633,Germany,Female,31,1,45788.12539619872,2,1,0,107091.22084623094,0
550,France,Male,32,2,19803.829830976432,1,1,0,44079.57602250544,1
566,France,Male,36,2,41445.19316078863,2,1,0,71878.39102067592,0
601,Spain,Male,35,2,142.58248911465805,4,1,1,40732.21484928495,0
700,France,Female,39,0,125813.10183918032,4,1,0,90625.52505077148,0
725,France,Female,28,2,76771.97786894647,1,1,1,145003.1916221718,1
577,Spain,Male,30,1,9102.449409841496,3,1,1,45974.21815284154,0
730,France,Female,56,8,46999.31749696401,3,1,0,23874.348613554524,0
559,Germany,Female,52,9,1040.815516890591,4,1,1,11600.0,0
588,Germany,Female,44,7,12169.979201417404,1,1,1,20305.151845931192,1
505,France,Male,45,5,9317.203568257642,1,1,0,186641.71755794936,0
502,France,Male,41,6,8489.01960348518,2,0,1,191021.1254058328,0
558,France,Male,38,0,40159.44092259209,2,1,0,80502.66912758796,0
647,Germany,Male,30,6,166807.7411363866,4,0,0,172107.30077070286,1
550,France,Male,53,7,6982.481489195759,3,1,1,105156.18221323204,0
799,France,Male,57,7,103105.91389865815,3,1,1,72786.55136643731,0
556,Spain,Male,33,5,4291.911041687174,1,1,1,200000.0,0
668,France,Male,49,6,4323.770524209395,3,1,0,90422.43249148216,0
782,France,Male,34,10,49453.48590008009,1,0,0,147160.0334357053,0
659,France,Male,30,1,42725.20602631795,1,1,0,81862.4168721665,0
613,France,Male,34,3,21097.12240294882,3,1,1,11600.0,0
664,Spain,Male,34,7,38112.91244348751,1,0,1,95234.7240436998,0
593,France,Female,44,10,70307.75796304886,1,1,1,106336.62485559098,0
549,France,Female,34,3,74205.21982081806,1,1,0,32737.90188068131,0
711,Spain,Male,47,7,602.8643889718714,4,1,1,95318.75826782503,0
591,Germany,Male,31,9,4065.016414256448,1,1,0,58426.3712913996,0
743,France,Female,38,3,171.8215212971922,4,1,1,171011.37838210314,0
729,Spain,Female,27,8,788.2597175552169,2,0,0,60341.120783879625,0
666,Germany,Male,25,0,91516.27676581338,3,1,0,83136.77970822633,1
747,France,Female,42,5,4362.545187810476,3,1,0,79850.54578942158,0
595,Germany,Male,39,0,62067.50478817568,1,1,1,90538.69448361904,0
728,Spain,Female,33,5,195683.2878006759,3,1,0,24642.17685513792,1
727,France,Female,29,3,85993.19735310371,3,0,1,96652.65726692646,0
619,Germany,Male,26,7,3435.134761954432,2,0,1,188718.03234045603,1
607,Spain,Female,42,7,112158.89321627602,2,1,1,97664.33115233888,0
682,Germany,Male,31,8,158704.7667688557,4,1,1,166230.46544367808,0
846,France,Male,54,6,61272.24441299134,2,0,1,11600.0,0
626,France,Male,40,10,47896.11788003837,2,1,1,11600.0,0
604,Germany,Female,43,7,46039.504022508336,2,1,0,163410.74020930252,0
767,France,Male,52,10,85810.05809010618,1,1,1,96025.59217803644,0
656,Spain,Female,30,2,40310.41986726464,4,0,1,111710.04988774144,0
736,France,Female,43,9,20306.65929291698,3,1,1,98518.96508916016,0
797,France,Male,43,3,176057.70845131928,2,1,0,144251.6269293038,0
459,Germany,Male,33,3,2483.580595533341,4,0,0,42762.37751830865,0
646,Germany,Male,23,5,54733.239904369824,4,1,0,110226.9892318842,0
627,France,Female,18,6,44049.40381857305,2,0,0,133947.7855751393,0
553,France,Female,29,8,50964.601879264206,3,0,1,63293.66626975753,0
458,Germany,Male,49,9,51389.99854605614,1,1,1,68817.86702893495,0
490,Spain,Female,30,5,6592.589477967906,4,0,0,24161.27482931556,1
660,Germany,Male,48,1,7165.316720794411,3,1,0,45164.05132382484,0
596,France,Male,31,9,3487.4560520912846,2,1,0,11600.0,1
569,France,Male,39,9,139340.67429879808,4,0,1,140897.8402400339,0
659,Spain,Female,44,6,47068.07515135144,1,1,0,11600.0,0
580,Spain,Female,49,9,4012.224549149165,4,1,1,12283.622156820276,0
779,France,Female,34,8,28427.806674993182,4,1,0,109779.90792013732,0
587,Germany,Male,32,7,22261.48719849644,4,1,0,81109.54162807841,0
800,France,Female,18,3,8020.3892797446915,1,1,1,78923.27210079135,0
646,Germany,Male,34,1,86303.64724906013,1,1,1,131190.76680521507,0
584,Spain,Male,71,7,74717.6243877878,3,1,0,71268.70939967629,0
577,France,Male,36,5,31188.006736371983,3,1,0,107064.76349314112,1
801,Germany,Male,24,7,36956.18149783196,4,1,1,112716.73989085942,0
719,France,Female,37,10,28673.25681399748,3,1,0,106158.89834346068,0
574,France,Male,46,8,40038.84357120003,2,0,1,71601.85218636817,0
661,Germany,Female,32,2,65943.63919512514,1,1,0,106660.85432105098,0
414,France,Male,27,7,104361.72864779735,2,1,1,186888.8629088999,0
516,Germany,Male,64,9,44863.62496068938,1,1,1,101373.10228224582,0
574,France,Male,42,7,6722.146710362602,1,1,0,52055.18157773396,0
572,Germany,Male,54,4,73932.63640644705,1,1,1,156394.58175182168,0
771,France,Female,34,5,23282.964477771195,1,0,1,200000.0,0
458,Germany,Male,56,4,49696.111279922894,1,1,0,44635.77264373893,1
507,Germany,Female,48,5,11069.07060129431,1,1,1,152706.90913441067,0
695,Spain,Male,44,0,8921.014323743739,4,1,1,39736.11396812138,0
673,Spain,Male,26,9,2705.6067521661307,1,0,1,171306.0590288904,0
615,France,Male,31,9,18877.10316384982,3,0,1,94243.1769790692,0
850,France,Female,43,9,45458.78514128823,4,1,0,200000.0,0
711,Germany,Male,35,1,19193.160620151,3,1,1,100767.5196653488,0
772,Germany,Female,42,7,13779.736136689977,2,0,1,186778.03249471117,0
644,France,Male,34,0,250000.0,1,1,0,68650.15705470662,0
595,France,Male,43,8,250000.0,2,0,1,16979.36838504512,1
596,Germany,Female,32,6,46436.8597885374,3,1,1,105737.3756894158,1
742,Spain,Male,43,0,19547.879250664977,4,1,1,188522.16137748444,0
727,Spain,Male,28,4,98890.79003974015,2,0,1,92448.62067313262,0
628,France,Female,35,1,66740.16103915214,2,1,0,200000.0,0
697,France,Male,36,10,47847.59997840136,1,1,0,115532.93261873323,1
746,France,Male,29,0,119436.79036024542,2,0,0,200000.0,0
593,France,Male,32,0,29467.508013041366,2,1,0,94911.03361328007,1
615,Spain,Male,41,4,14749.187651108388,2,1,1,156158.01536930568,0
694,Spain,Male,46,3,170630.59754937157,3,0,1,156898.4649484303,0
471,France,Male,41,4,98392.9940516797,1,0,0,81767.03098035822,0
696,France,Female,44,5,121557.95986943772,1,0,1,146698.86756906248,0
537,France,Male,39,0,125177.71355313166,1,1,1,100731.71260093267,0
744,Spain,Female,32,1,24112.95549476964,4,1,1,172260.57658724388,0
850,France,Male,21,1,98595.041913345,1,1,0,122449.1876652149,0
580,France,Male,33,4,110037.27658901796,3,1,0,49248.84240552239,0
515,Germany,Male,37,9,39657.91204080749,1,1,1,93790.13423509602,0
632,Germany,Female,32,8,49075.83655530118,2,1,0,71837.9413667839,0
623,Spain,Female,54,6,43077.85186316946,3,1,0,78900.40151535455,1
716,France,Male,41,9,807.8643258521499,2,0,1,58042.64865008068,0
673,Germany,Male,38,3,38343.2227688426,3,1,0,36616.17128236344,0
620,France,Female,44,4,1928.5562503726,1,1,0,74286.01378954205,0
659,Spain,Female,59,10,29989.56589581003,4,1,0,192567.2722682382,0
537,Spain,Female,36,6,2338.129804475041,1,0,0,66628.51345678866,0
732,Spain,Male,29,9,30381.290892027613,3,1,1,157022.64701639302,0
811,France,Female,42,8,18174.1134538726,1,1,0,172495.21525569528,1
530,Spain,Female,27,9,74344.45288953498,3,0,1,105983.37754609216,0
492,France,Male,29,6,32609.96556163147,1,0,0,174196.13397357118,0
609,France,Male,53,10,35881.71668347369,3,1,1,21153.03691779745,0
527,France,Male,51,1,117007.04715536616,4,1,1,23389.953494076617,0
522,Germany,Male,45,3,32917.83052252442,1,1,1,175654.72080330917,0
509,France,Female,42,9,8502.160791187587,1,1,0,111296.40072386064,0
630,Spain,Female,26,3,5971.700300022213,3,1,1,196398.56263981856,0
608,Germany,Male,30,10,18251.35235442974,2,0,0,11600.0,0
687,France,Male,52,8,15419.892213748846,1,1,0,183546.93296650148,0
593,Germany,Female,33,7,85323.68073636257,4,0,1,115289.74244239148,0
528,France,Male,31,5,71123.8156732264,3,1,0,68392.05269661968,1
648,France,Male,37,7,3020.6213678803115,1,1,0,164167.8110645117,0
544,Germany,Male,44,6,11219.681478037226,1,1,1,11600.0,0
701,Spain,Male,36,7,29785.189583891115,2,1,1,26133.225133619024,0
483,France,Male,37,6,4561.831640167948,4,1,1,135032.16673493385,0
433,Spain,Female,18,1,9089.151406961448,3,1,0,11600.0,0
489,Spain,Male,38,10,119540.91316109031,2,0,1,117460.25247562882,0
608,France,Female,48,5,38956.6698717044,1,1,1,189448.32746079995,1
621,Germany,Female,38,3,79640.2476855172,3,1,0,135208.10845415937,0
663,Germany,Female,59,3,20064.84386287308,2,0,0,92706.46194507538,0
593,France,Male,31,9,23483.36243671641,4,1,0,103724.84903691076,1
565,Spain,Male,34,5,97720.66579452474,4,1,1,21500.915713884184,0
793,Spain,Female,32,7,53527.61390090748,4,1,0,11600.0,0
766,France,Female,32,4,56719.442288672064,3,0,0,96648.26797051524,0
748,Spain,Male,44,2,50935.65608586632,1,1,1,21370.28396302671,1
680,France,Male,36,0,38949.86480177045,1,0,1,48460.22377828707,0
688,Spain,Male,58,4,236249.9948002733,2,1,1,25391.317526615763,0
569,France,Male,41,2,112314.48061684924,1,0,0,165892.3580268356,0
664,Spain,Male,30,2,62049.70214922109,4,1,1,113767.16012554758,0
556,France,Female,29,3,56684.64190426969,4,1,0,175480.91687360662,0
544,Germany,Male,55,8,4401.4022168736365,4,1,1,11600.0,0
488,France,Male,41,3,33197.27019969008,3,1,0,81182.21008507187,0
690,France,Female,52,4,34259.636220852975,1,0,1,179050.75761933095,0
666,France,Male,39,9,2666.833515124433,4,1,0,190477.6341333336,0
619,Spain,Female,39,4,70447.74554475091,2,1,1,37936.16551182351,0
606,France,Male,52,0,98.41592488222886,1,1,0,76452.74222974616,0
466,Germany,Female,42,6,27687.4361689134,2,0,1,61655.397816180965,0
675,Spain,Male,42,1,116781.85230545736,2,1,1,68011.70241250118,0
618,Spain,Female,34,5,20802.960794291248,4,0,0,134179.19455674672,0
739,France,Male,47,10,43691.14385075639,4,0,0,13322.81901651522,0
664,Spain,Male,38,3,18405.1897974853,4,1,0,154856.1671535148,0
720,France,Male,33,4,9860.485019947157,2,1,1,11600.0,0
649,Germany,Male,60,4,65470.16539738997,2,1,0,104888.410907875,0
668,Germany,Male,36,3,11443.634179841818,4,1,1,200000.0,0
743,France,Female,31,1,3746.6495953800154,3,0,1,125732.3405235177,0
630,France,Male,50,7,28557.99134608409,2,1,1,146820.66522387834,0
697,France,Female,45,0,61700.38661652985,4,1,0,31696.11710261776,1
605,France,Male,32,8,43375.853139812105,4,1,0,105521.38183652551,0
636,Spain,Female,38,5,14012.475354321554,3,0,0,68976.20843208247,1
809,France,Male,45,3,85119.93076707589,4,1,1,118765.5252953438,0
714,Spain,Female,41,5,5106.741612023392,4,1,0,46295.599861612005,0
595,France,Male,46,10,55481.20528355636,3,0,0,178055.8890932009,0
692,Spain,Male,38,8,46656.330534779496,3,0,0,117077.0592520616,0
522,Germany,Male,47,8,114593.15927956328,1,1,0,128995.89218800626,0
627,Spain,Female,35,2,37425.241063329006,2,0,0,125925.32949104946,0
554,France,Female,32,7,85458.54628485398,2,0,1,108100.03387653315,0
695,Germany,Female,49,0,12122.40706398876,1,1,1,138976.4162438747,0
631,France,Male,41,8,39407.55078718946,2,0,0,11600.0,0
678,France,Female,45,6,38031.618304610696,1,0,1,176904.30376742524,0
727,Germany,Female,51,9,17501.42021158919,2,1,1,159207.70295648286,0
603,Germany,Male,33,6,254.97501254301605,4,1,0,56848.9032176394,0
607,France,Male,44,5,68177.65155190982,3,0,1,53463.2901951652,0
646,Germany,Female,62,0,25264.83690062936,3,0,0,73616.07321442444,1
563,Germany,Male,37,1,17840.40861591576,3,1,0,113361.31358361684,0
648,France,Female,26,10,10789.2114379347,2,1,0,11600.0,0
654,Germany,Male,47,2,95431.84888866762,4,1,0,55433.46381532496,0
672,Germany,Female,22,0,20313.96077760032,3,0,0,27206.99133395292,0
691,France,Female,28,4,11404.790735832696,1,1,1,200000.0,0
489,Spain,Female,39,10,37059.78040506152,2,1,1,139292.6522133119,0
521,Germany,Male,38,4,76128.58340764599,2,1,0,91633.66627704118,0
533,Spain,Male,40,5,46123.49640682286,4,1,0,59362.94813071332,0
659,France,Female,61,6,161185.83325730223,2,1,0,44343.80329826597,0
621,Spain,Female,39,9,157059.9358042449,3,1,1,169341.10774209088,1
423,France,Female,33,8,116329.7252137192,3,1,0,57353.46517801654,0
844,France,Male,32,6,41638.20762244593,1,1,0,169688.71360496915,1
451,France,Male,34,5,73109.28717874041,1,1,0,11600.0,1
653,Spain,Male,26,8,17019.161207872767,2,1,1,149167.65169986835,0
706,Germany,Male,44,1,42825.78699239736,1,0,1,136259.789445063,1
578,France,Female,42,5,3440.402541046467,2,1,1,98755.02934372846,0
713,France,Female,43,4,15287.690741996446,3,1,1,128250.15989853724,0
549,France,Male,47,5,19677.422745774496,4,1,0,59942.93038878618,1
667,France,Female,45,9,22411.45308460749,3,1,0,157779.48443147162,0
431,Germany,Female,25,0,8778.20493018597,2,1,1,182774.51809663585,0
767,Germany,Female,36,10,4346.790087273604,3,0,0,50476.502841984926,0
650,Spain,Male,36,4,43181.44162923302,3,1,1,165617.3347504901,0
490,Spain,Male,52,7,33797.07452588156,4,1,0,104804.0787184358,0
712,Germany,Female,53,2,43917.54166319847,3,1,0,11600.0,0
813,France,Male,34,2,6923.194094389492,2,1,1,158881.56932175253,0
557,France,Female,29,10,147529.77621697317,1,1,1,62251.18075759629,0
628,Germany,Female,40,6,26666.68032876335,4,1,0,104677.70677343002,1
598,France,Female,35,6,29843.943167674468,2,1,1,153565.52455268326,0
572,Germany,Female,38,1,39589.425668617485,2,1,1,163657.38833680665,0
562,Spain,Female,51,7,58579.55551441761,3,1,0,21484.213122975823,0
585,Spain,Male,41,4,24295.14228815103,4,1,0,101646.54408028245,0
590,France,Male,34,8,7724.6257652818895,4,0,0,33461.66595775841,0
614,France,Male,32,0,76420.76997327582,3,1,0,53753.49745757865,0
607,Spain,Male,24,10,15092.938216441917,1,1,1,150423.14211860532,0
726,Spain,Male,44,3,29247.510935761016,4,1,0,193066.903777204,0
717,France,Male,41,7,50028.30596575545,2,1,1,34835.50849546499,0
496,Germany,Male,44,8,168146.28739702387,1,1,0,21051.68646713681,0
590,Germany,Male,38,8,1708.096520970815,4,1,0,50389.49747237626,0
775,France,Female,28,9,36580.67448470225,1,1,1,63588.66185671588,0
679,France,Female,39,10,137540.69497576985,2,0,1,54687.43781873987,0
683,Spain,Female,50,0,14728.403214274556,1,1,0,179065.54433593544,0
673,Germany,Male,39,0,5956.02462827304,4,0,0,160051.67213102136,0
623,France,Male,55,6,45421.02264705445,4,0,1,200000.0,0
645,Germany,Male,41,10,8255.110030202222,2,1,1,93971.16681101135,1
609,Germany,Male,58,5,105545.19263796946,2,1,1,142896.89240055124,0
735,Spain,Female,59,6,64217.94966291628,1,1,0,32610.767706814266,0
610,France,Male,30,7,6449.872609203858,1,1,0,67696.27863221757,0
638,Spain,Male,32,10,43072.12782861725,2,1,0,63618.66542970984,0
723,France,Female,34,5,1374.4722691085458,4,1,0,119988.20907159944,0
617,Germany,Female,21,9,93271.34945844128,3,0,0,107223.1945144635,0
642,Germany,Female,43,9,11498.197306431315,3,1,1,11600.0,1
614,France,Male,43,9,65804.18820311343,4,0,1,140208.10040775273,0
641,France,Male,40,6,5620.500939426932,4,1,0,129961.10032617024,0
617,Spain,Male,26,10,31973.155153550848,2,1,1,156382.6988263252,0
596,Germany,Female,54,6,132416.78726634986,3,1,0,84037.26966714741,1
579,France,Female,20,6,3869.8646273302015,4,1,0,120915.72410253454,0
632,France,Male,25,1,17504.222031393823,4,0,1,128215.22910219058,0
751,France,Male,47,2,76306.78079114234,4,1,0,200000.0,0
712,France,Female,42,9,31121.715303491943,1,1,0,11600.0,1
492,Spain,Male,32,8,52534.292053208366,4,1,0,167386.50355136994,0
607,Spain,Female,39,0,83567.82995312099,1,1,1,139343.8039557549,0
586,Spain,Female,40,7,76635.56513723277,3,0,1,122789.1821896472,0
493,France,Male,50,6,25157.224636243776,4,0,0,96403.815912205,0
677,Germany,Male,26,5,28160.665752194964,4,1,1,118639.95631840364,0
640,France,Female,41,0,42328.83544143197,3,1,1,110202.40494542866,0
850,Spain,Male,49,8,6548.704851571693,2,0,1,115222.58209345992,0
616,France,Female,29,1,101827.90362422088,4,0,0,54338.607725644266,1
572,France,Male,38,9,4907.382273524293,4,0,1,71978.82423575515,1
562,Germany,Male,38,4,10216.98565592246,1,0,1,106871.7978928303,0
604,France,Female,22,8,144839.8408870773,3,0,0,19742.459558354632,0
709,Germany,Male,41,7,16553.063445425247,4,0,1,127937.95232754736,0
720,Germany,Male,42,9,13999.93759965494,3,1,1,93746.16791403171,0
850,Germany,Male,53,3,27699.477378220832,3,1,0,50374.59349403772,0
529,Spain,Female,38,7,64419.52771628512,4,1,1,89570.30937548736,0
658,France,Female,43,8,22802.89104070301,3,1,1,138918.7336977557,0
581,France,Male,53,10,103862.09598963638,4,1,1,101579.0838232227,0
685,Spain,Female,32,4,8088.359733340105,1,0,1,128763.20637364654,0
788,Germany,Male,27,0,6274.931812813827,2,1,1,107692.49289902402,0
736,France,Male,40,10,4027.985876231917,1,1,1,136384.73878170742,0
529,Spain,Female,37,5,17716.633434961946,2,1,0,159325.29510371233,0
718,France,Female,38,3,11129.487846909662,3,1,1,15742.97336438259,0
438,France,Male,34,5,30932.62756575072,3,1,1,54586.84486882841,0
412,France,Male,30,0,250000.0,2,0,1,106486.04886995642,0
625,France,Male,48,3,101453.0574481305,3,1,0,90065.63253277761,0
711,France,Female,38,4,112672.77827343736,1,0,0,60829.966409329776,0
684,France,Male,61,5,88815.62149516947,4,0,1,11600.0,0
840,France,Male,28,4,15852.806664024902,2,1,0,176276.0538536917,1
660,France,Male,59,1,12830.132612229318,4,1,0,46761.91172293394,1
639,France,Male,41,2,65859.0701661336,4,1,1,152423.95001311868,0
765,Germany,Female,39,4,45685.45711720725,3,1,0,38048.21163860524,1
612,France,Male,27,10,11541.370111618651,3,1,1,150047.15448580356,0
688,France,Male,32,6,171077.76385777738,3,1,0,11600.0,0
694,France,Male,51,3,27600.756437542117,4,1,1,67935.47668722691,0
552,France,Male,18,10,84214.82281984917,2,1,0,27862.33741066311,1
688,France,Male,21,5,3833.602327804087,1,0,0,200000.0,1
850,France,Male,22,8,1789.9751356158135,1,0,0,68797.57445050069,1
763,Germany,Male,50,9,30422.429272595196,3,1,1,64222.21126227994,0
566,Germany,Female,45,6,6357.096922382361,4,1,1,31469.37159954323,0
850,Spain,Female,28,2,193794.0364239242,2,1,0,134938.3023969325,0
718,Germany,Male,34,10,83571.21269314912,2,1,1,122158.90202251954,0
692,France,Male,40,4,30263.622227741045,4,0,1,162439.19295766487,0
640,France,Male,49,8,194403.99004771284,4,1,0,137065.23176350503,1
718,Spain,Male,28,4,13608.407329234333,2,0,0,80567.134557073,1
661,France,Female,40,2,56811.849246226266,3,1,0,11600.0,0
651,France,Female,35,7,884.2450525055099,4,0,0,53624.56544656903,0
636,France,Female,37,6,23281.862229663508,1,0,0,116329.11850457091,1
747,Germany,Male,30,4,4132.432742685805,4,1,0,189608.7616665224,0
736,Spain,Female,41,4,22893.7737407928,2,1,0,200000.0,0
635,Spain,Male,31,0,23950.06593172333,1,1,1,36956.92493441513,0
498,France,Female,39,7,23513.84452793005,2,1,1,96476.3366842966,0
653,France,Male,54,5,26758.61950955391,2,1,0,106267.1358361224,1
578,Spain,Male,49,4,47966.872150076495,1,1,0,113624.05629195498,0
602,Germany,Male,52,6,10500.652265854818,4,1,1,109912.55668488063,0
637,France,Male,42,1,13354.545605573128,2,1,1,48421.56556860099,0
543,Germany,Female,50,2,51842.63943094313,1,1,0,94193.40769796736,1
488,Germany,Female,20,8,31390.19038334556,2,0,1,71998.09719624971,0
679,Spain,Female,22,4,8832.055891536922,1,0,1,108039.12251706768,1
652,Germany,Female,28,5,77380.44953506398,3,0,1,179169.07562651936,1
648,France,Male,29,7,133596.43682498895,2,0,0,98610.60274141603,0
701,Germany,Male,49,2,31305.77023990952,2,1,0,53894.2976551902,0
584,Spain,Male,23,0,47599.782207611526,1,0,1,189078.96878196477,0
683,Germany,Female,25,3,84463.17011036247,1,1,1,104502.37875399172,1
783,Germany,Male,37,1,165868.6284796518,1,0,1,97915.7616447795,0
624,Spain,Male,40,8,173928.78833700015,1,1,1,110010.82076234292,0
839,Germany,Male,47,3,128092.0985787504,4,1,0,118405.5659046714,0
654,France,Female,36,8,84644.01631855503,4,1,0,200000.0,1
564,Germany,Female,37,6,27736.98861377339,4,1,1,200000.0,0
734,Germany,Male,47,6,55378.99550552043,3,1,0,129589.63461397582,1
638,France,Female,30,0,72073.63548411435,2,1,0,136532.41093648964,0
755,France,Male,40,1,4820.147080099834,4,1,0,85775.87663137763,0
691,Germany,Male,44,6,6185.53692274423,4,1,1,39517.669498198935,0
617,France,Female,35,4,61106.75403259129,2,1,1,179274.07770550335,0
802,Spain,Male,47,6,54967.732370261336,4,0,0,11600.0,0
600,France,Male,30,2,81445.74590243082,2,0,0,98162.32788008598,0
433,Spain,Female,54,7,10202.52408750394,3,1,1,165490.64436932362,0
738,France,Female,35,3,137977.66646674657,1,1,0,129446.93780288043,1
684,France,Female,34,7,13613.79810514317,3,1,1,160319.96689807525,0
778,France,Male,24,5,7257.049609463656,2,1,0,70238.89645873278,1
561,Germany,Male,27,8,19602.91366465892,2,1,0,90148.2000494318,0
625,France,Male,30,5,82660.08866810601,4,1,0,140064.88011813213,0
613,France,Female,27,3,1432.265043403371,4,1,1,98539.99648658332,0
743,Germany,Male,27,2,12862.873989228348,1,0,1,60981.15098579583,1
715,France,Male,39,3,155726.77925923825,1,1,1,159095.1091316956,0
671,Germany,Male,45,10,857.8038314224956,4,0,1,124474.1708571407,1
672,Spain,Female,41,6,16304.35778988972,4,0,1,39508.841624738336,0
534,Spain,Male,18,7,19709.3598960941,3,1,0,35591.893964273404,0
726,France,Male,28,1,128792.87213518543,2,1,1,103166.57053162256,0
728,Germany,Male,50,8,95260.48082192802,3,1,0,71062.39562912568,1
850,France,Male,25,6,30817.520050897605,2,1,1,89546.04277212704,0
697,Spain,Male,37,6,19103.80362707804,1,1,0,40307.51935502413,0
713,Spain,Male,28,9,144503.5842313432,1,1,0,147179.05902091533,1
697,France,Female,52,3,10431.25842234478,2,1,1,166468.3571958468,0
580,France,Male,31,6,32391.566017156347,1,1,1,35684.58879730063,0
774,France,Male,45,1,27101.912067915207,2,0,1,32581.834010561564,0
644,France,Male,31,10,136826.2315011762,4,0,0,173939.64130158926,0
630,Germany,Female,18,9,70490.53514653613,4,0,1,156203.99248547925,0
636,Germany,Male,43,2,31122.9339435311,1,1,0,56537.42918598787,0
643,France,Female,19,1,46704.01361019473,1,1,1,128357.84023113476,0
601,Germany,Female,29,4,119039.0634827672,3,1,1,100451.3069650918,0
671,Spain,Male,57,0,88960.49527330617,1,1,0,57060.80762587344,1
640,Germany,Male,70,1,47784.52618907359,2,1,0,139634.09511361952,0
631,France,Female,39,10,123442.8966685086,2,1,0,90645.38754031292,1
698,Germany,Female,30,5,23924.93775288141,2,0,1,113843.29371842192,1
657,Germany,Female,39,5,66059.13478047599,3,1,1,160116.6255345242,0
594,Spain,Female,25,7,812.3187894003545,4,1,1,36273.73287322579,1
573,France,Male,34,8,43730.30854660404,2,1,0,195222.5953255963,0
659,France,Female,55,8,7365.807340048844,3,1,1,102045.1622430088,0
575,Germany,Male,41,6,37148.475363084806,3,1,1,139355.10396811113,0
568,Germany,Male,24,9,14152.06379688585,1,1,0,27266.59263825872,1
569,Germany,Female,43,0,23956.90445139012,1,1,0,129394.90746092654,1
675,France,Male,21,3,78550.44181199156,4,0,1,15678.161383819242,0
769,Germany,Male,20,6,3019.613054514204,3,1,0,117551.45740775774,0
684,France,Male,46,1,38544.78266041378,2,0,0,102284.15059147894,1
738,France,Male,31,8,7825.2984520812115,3,1,1,41469.03275303851,0
643,Germany,Female,54,0,42576.799980984695,1,1,0,115239.02301775428,0
664,France,Male,28,8,50200.55105056911,3,0,1,49765.48760483609,0
815,France,Female,51,6,10049.900304495568,2,1,1,49910.42699171556,1
732,Germany,Male,55,9,299.2289768385854,3,0,1,113887.761926998,0
743,Germany,Male,40,5,4466.337998374378,4,0,1,59361.68919176677,0
623,France,Male,35,6,58496.74910201096,4,0,1,195852.9477010596,0
649,Germany,Male,32,1,23909.760576698907,4,1,0,85126.49725559661,0
690,France,Male,33,9,23332.06417486735,1,0,1,87809.66786732298,0
589,France,Female,22,1,58864.99298798884,4,0,1,136541.04482168256,0
413,France,Male,45,2,34371.41802679915,3,1,0,58895.52427780623,1
689,France,Male,45,5,50679.360451117616,2,1,1,90486.8679346023,0
746,Spain,Male,36,0,125868.7228676356,4,1,0,106228.12283860164,0
655,France,Male,39,10,35348.52701792248,2,1,0,200000.0,0
590,Spain,Male,34,3,50810.40953027327,1,1,0,107573.22721295584,0
616,Spain,Female,26,7,51042.76923236446,1,1,1,165290.14718990916,0
447,Spain,Male,25,7,38253.48528317669,1,1,0,169882.30712407315,1
616,France,Male,33,4,54596.74623076856,1,1,1,11600.0,0
538,Spain,Female,35,6,89892.49362174739,4,1,1,11616.309161763682,0
580,Spain,Male,50,4,82469.0410874134,3,1,0,120067.71195406436,0
533,France,Male,45,3,2948.744582411231,1,1,0,74606.38106233353,0
521,France,Female,54,5,151606.66045645712,2,0,0,114875.95229228571,0
549,France,Female,45,7,93931.524118405,1,1,1,52540.54121273219,0
713,Germany,Male,23,9,176342.20725922467,4,1,0,200000.0,1
599,Germany,Female,24,0,10788.501695059453,3,1,0,117766.47671302488,0
539,France,Male,28,2,38437.55478830365,3,0,1,155819.0075430561,0
725,Spain,Female,35,3,28981.422910149613,4,1,1,154569.91311034825,0
662,France,Female,31,4,23657.024149932626,3,1,0,170078.3227282648,0
413,Spain,Male,45,0,26087.24421722598,4,0,0,133903.67409590652,0
749,France,Male,50,8,116973.17874893044,4,1,1,55026.99444915683,0
657,Germany,Male,26,7,59940.29556044375,3,0,1,179217.5966158171,0
727,France,Male,22,1,19633.60633508223,4,1,1,183107.4123259353,1
627,France,Male,55,4,23811.413646127265,2,1,1,114453.8009149588,0
810,Germany,Female,41,8,31604.603465219672,4,1,1,133113.35009528126,0
611,France,Male,33,2,22858.71402693041,1,1,0,29648.32557975537,0
386,Germany,Male,54,4,11790.750450849066,1,0,0,148262.7274710533,0
561,Spain,Female,51,8,28577.19645489657,1,0,0,183071.18744204196,0
700,France,Female,33,5,4143.34453509472,1,1,0,125656.89610528092,0
665,Spain,Male,47,4,96351.60160730156,4,1,1,72201.13722820624,0
637,France,Female,50,7,87111.3114104483,4,1,0,21910.713004224788,0
551,France,Female,47,4,111244.58081881767,4,1,1,72921.59997221624,1
651,France,Male,51,8,29521.45672784205,1,1,1,27194.103839055155,1
648,Spain,Male,29,10,52667.02323408644,1,0,0,200000.0,0
647,France,Female,39,2,83034.85870419955,1,1,1,115635.5045503878,0
703,Spain,Female,55,0,18906.38990136273,3,1,1,143419.74499829154,0
668,Spain,Male,35,3,50172.10318553881,3,0,0,11600.0,1
624,France,Male,32,6,28833.33663467858,2,1,1,83589.24664285063,0
549,Germany,Female,40,2,23397.14015515342,4,0,1,35858.377078137906,0
785,Spain,Female,23,9,98117.95970999142,3,1,0,163798.37565807017,0
848,France,Female,42,7,48918.68519507455,4,1,0,136615.93611186143,0
824,France,Female,22,1,48827.98808251426,4,1,0,11600.0,1
719,France,Female,51,8,8531.337355237794,2,0,1,135405.93249566667,0
482,Spain,Female,22,2,21302.644819009533,1,1,1,148129.37815541076,0
470,Spain,Female,47,10,92023.83311277955,4,1,1,53759.55268288369,0
595,France,Female,31,5,12007.627993584789,1,1,1,85799.2912787364,0
644,France,Male,28,6,176106.6452789697,4,0,1,99375.98252288214,0
640,Spain,Female,39,4,89152.73837328165,3,1,1,95143.42536181844,0
669,France,Male,41,9,15572.417351690832,3,1,0,97210.3269818817,1
510,Germany,Male,39,4,5726.73286984172,1,1,0,136837.26497286826,0
810,France,Male,42,0,9289.720354045969,1,1,1,111932.7383326889,0
800,Spain,Male,45,3,13866.922761377868,3,1,1,150023.8360012141,0
518,Spain,Male,18,0,13573.85549495466,1,1,1,169946.02643457352,0
463,France,Female,40,8,820.6637884283363,3,0,1,128139.42187529548,0
641,France,Female,25,8,62816.2485840816,1,1,0,114696.2244861961,0
776,France,Female,26,4,188758.38414680067,4,1,0,11600.0,0
646,France,Female,27,4,16874.033552171204,3,1,1,100531.55760333232,0
675,France,Male,19,4,820.6374324949251,4,1,0,103739.15267761397,0
606,Germany,Male,38,6,125241.24991848409,3,1,0,200000.0,0
664,France,Male,21,5,11546.176256509694,1,1,0,128379.64508239244,1
744,France,Male,43,1,358.99161574598304,1,1,0,48820.19980868809,1
691,Spain,Female,54,10,12688.029206380932,4,1,1,169591.85544654442,0
707,Germany,Male,54,9,5491.631452550785,4,0,1,152165.50214768032,0
483,France,Male,28,2,64739.90684927374,3,1,1,69788.29301343366,0
850,Germany,Male,27,4,82.14635977162229,2,1,0,66469.87459644643,1
484,Spain,Male,46,6,29111.741131507457,2,0,1,60412.83104857847,0
665,Germany,Male,39,1,33858.978252290304,2,1,0,11600.0,0
634,France,Female,38,10,76670.79034209829,2,0,0,187254.55178513165,1
639,France,Male,25,3,36945.35781085864,1,1,0,103032.37065177968,0
736,Spain,Male,40,0,6661.573927455257,4,1,0,99837.53168982858,1
579,Spain,Male,47,6,27798.141601762996,2,1,1,183860.07062866463,0
606,Germany,Female,31,10,136354.70637105667,2,1,0,85695.4463767191,0
535,France,Male,43,1,13512.04023568191,4,1,0,41071.83215024141,0
762,Germany,Male,40,7,17795.785072075312,3,1,1,169130.4264996373,0
676,Spain,Male,32,9,103280.40882711082,3,1,1,105837.73495856932,0
713,France,Female,38,10,77080.73340966072,1,0,0,82844.25202409647,0
731,France,Female,28,0,17514.53439618221,3,0,1,90107.34272519726,0
849,Germany,Male,47,1,61613.97707867173,2,1,1,78923.62022555264,0
831,Spain,Female,28,7,4447.876669847864,4,1,0,111870.25230088644,1
682,France,Male,33,4,39152.94039619293,2,1,0,45241.72131757684,0
665,Germany,Male,48,4,102387.81575272648,4,1,1,71956.77775865092,0
596,Germany,Male,33,10,92421.99310932455,1,0,1,200000.0,1
724,Germany,Male,29,6,11335.32839445248,1,1,0,100642.09750824448,1
720,Germany,Female,40,3,38089.01788224645,2,1,0,103712.76043800692,0
577,Germany,Female,56,8,25413.19595565672,3,0,1,11600.0,0
721,France,Male,50,2,41146.35041126832,3,0,1,57372.45062883973,0
750,France,Male,45,7,3902.015002106789,1,1,1,125921.56629107834,0
537,Germany,Male,48,2,199110.5897759879,4,0,1,136059.02784404816,0
668,France,Female,44,7,41449.999149444375,4,1,1,84478.70384036501,0
643,Germany,Female,41,0,6351.324192409617,1,1,0,148256.76259525874,0
649,Germany,Female,48,9,51398.6177888839,1,1,0,129563.03402074883,1
554,France,Female,42,9,387.1696291137437,2,1,0,124734.24482723566,0
467,Germany,Male,38,6,324.40371636207163,3,1,1,75235.9697044751,0
574,Germany,Female,40,0,9870.53549830242,3,1,1,145286.35354916594,0
560,France,Male,42,1,15799.195845133809,3,1,1,168995.9548341554,0
685,France,Female,42,10,15269.255779325267,2,0,1,172508.5623279257,0
686,Spain,Male,42,10,29274.91414703875,1,0,0,127741.89286839007,0
681,France,Female,29,0,35994.54968965526,3,1,1,104993.53595427134,0
510,Germany,Male,36,9,27422.20096118367,2,0,0,159589.0077368095,0
538,France,Male,26,2,23411.357057522317,4,0,0,86617.77671042597,0
588,France,Female,41,8,55454.32880175026,3,0,1,92805.45447356858,1
652,France,Female,42,0,14273.36150566846,4,1,1,64651.46734636046,0
616,Spain,Female,52,2,49417.07338520245,2,1,1,109056.85829421846,0
681,France,Female,42,1,156942.6634681078,3,1,0,58892.556116589,1
747,France,Male,35,4,31911.47656919121,1,0,1,11600.0,0
550,Germany,Female,34,6,35789.850107569415,3,1,1,160162.30669502495,0
553,France,Female,45,5,65148.922104113015,2,1,0,200000.0,0
663,France,Male,32,9,35402.4623897261,4,1,0,45672.8820169545,1
641,France,Female,40,4,7768.842740603872,3,1,0,130061.32762658429,1
724,France,Female,48,2,47170.680634646735,2,1,0,71591.94641961802,0
650,Germany,Female,59,6,35542.494062522754,2,1,1,180665.99714133207,0
824,France,Male,50,8,151285.4065025198,3,0,1,11600.0,0
491,France,Female,33,1,4880.831168001434,2,1,0,196908.4767637585,0
734,Spain,Male,31,5,38444.02960927571,4,1,1,14499.575743187088,0
669,Spain,Female,45,4,47976.99861383704,4,1,0,68674.49432910193,0
509,Spain,Male,36,8,48365.28817024674,4,0,0,159691.12181737652,0
443,Spain,Female,24,7,3077.85369716626,2,0,0,131530.50461062216,0
537,Germany,Female,64,8,19862.25320461273,4,1,0,85024.37365588707,0
770,Germany,Male,40,6,15227.373906771629,1,1,0,71408.90011850113,1
759,Germany,Female,51,4,56969.67701029414,1,0,1,77017.64566896831,0
637,Spain,Male,35,3,66479.10296216489,1,1,0,98108.4513770082,0
613,Germany,Male,38,7,11739.897210230974,2,1,1,11600.0,0
564,France,Male,40,1,87458.10675879168,3,1,0,112326.54640056015,0
631,Spain,Male,36,0,33182.70622047501,3,1,1,169446.4589077675,0
602,Spain,Female,31,2,15255.711875626004,1,1,1,81806.2532172083,1
820,Spain,Male,60,6,17816.11021567724,2,0,0,11600.0,0
526,France,Female,42,0,15294.832050194798,1,1,0,119785.78857299752,0
689,France,Male,23,4,46372.86635200034,1,1,1,32186.1516932252,0
825,France,Female,40,4,37439.95570730888,4,1,1,111213.41202459576,0
727,Germany,Female,24,2,139623.2157596323,2,0,1,57758.76957165344,0
537,France,Male,30,10,15988.849977765554,1,1,0,96344.9546576687,0
495,France,Female,40,0,19222.67149744402,4,1,1,99817.09699673584,0
677,France,Male,44,4,324.9204264735653,2,0,1,74228.0659481167,0
665,France,Female,18,7,17715.22269372743,1,1,1,137018.0166284035,0
773,Germany,Male,56,8,14442.806836655553,3,0,1,55902.69843365772,1
704,Spain,Male,32,5,25707.870054287883,1,1,0,52558.73266943714,0
601,France,Female,36,0,34223.30571843529,3,0,1,54057.657602473744,0
594,Germany,Female,54,4,55471.20568993198,4,1,0,20127.797906828288,0
519,France,Male,56,1,10652.762629959248,1,1,0,11600.0,0
662,France,Female,32,0,40643.725459793895,4,1,0,78446.74447997585,0
509,Germany,Male,49,2,65215.9742615793,4,1,0,120663.86325940509,0
740,Germany,Female,40,10,13799.673257734816,1,1,1,62084.54194857355,0
708,Spain,Male,65,9,21632.43259308189,4,1,0,190570.44329567492,0
705,France,Female,32,4,11478.11900553559,3,0,0,97618.33462519127,1
517,Spain,Male,55,8,5884.705578472682,1,1,0,91047.12388038848,0
635,France,Male,33,6,70571.18666438652,2,1,0,113300.74288647195,0
611,France,Female,28,5,13726.026598891982,3,1,1,145024.33596368265,0
660,France,Male,35,8,22909.183219443883,2,0,1,74287.21843892167,0
702,Spain,Male,22,5,14230.130831813223,2,1,0,143371.5991822539,0
598,France,Male,29,10,2240.6990474164527,3,1,0,70751.6664333826,0
602,France,Male,35,3,65280.03684071953,4,1,1,181786.99487737796,0
717,Germany,Male,36,6,51547.20657577276,4,1,1,200000.0,0
537,France,Male,48,1,32325.212884726727,1,1,0,105334.49054254351,1
575,France,Male,47,1,56094.44159280096,2,0,0,46108.9396630898,0
650,France,Female,38,5,93702.70187971168,4,1,1,109051.27411781727,0
739,France,Female,21,4,48177.3057145067,4,0,1,148556.41156059672,0
553,Germany,Female,18,5,118642.4520962011,1,1,0,176640.42152007698,0
828,Germany,Female,33,1,11250.714632780326,2,1,1,147475.84111104632,1
514,France,Male,30,1,107432.13026432064,3,0,1,111720.31065749828,0
805,France,Male,33,0,38993.54691893521,3,0,0,125838.23826938526,0
769,Spain,Female,55,1,92139.71581308672,2,1,0,163976.57879209955,0
506,Germany,Female,32,10,68091.7065125554,4,1,1,89283.87133177063,0
486,Germany,Male,30,9,2968.3882338902167,4,1,1,107816.84319449372,0
721,France,Male,38,6,90944.95077118654,3,1,1,129076.73489474124,0
612,France,Female,33,1,20570.77488996886,2,0,0,117513.87884201856,0
549,Spain,Female,44,2,27507.372032080053,4,0,0,188514.81742744776,0
831,Germany,Female,41,10,556.8157733202358,1,1,0,114523.29896861305,1
530,France,Male,57,5,71090.17626491646,2,0,0,49071.23652257777,1
577,France,Female,36,5,31457.688260154944,2,1,1,100723.3321971173,0
589,France,Female,58,9,140353.4689355968,2,1,0,200000.0,0
370,France,Female,45,10,16494.55325951687,3,0,0,11600.0,0
659,Spain,Female,44,8,34266.07195084975,3,1,0,144006.21691329184,0
558,Spain,Female,19,10,26477.902342064583,4,1,1,63990.86897811864,0
731,France,Female,18,1,78537.31209188196,4,0,0,142254.77070705962,0
744,France,Male,22,6,38355.13936729134,3,0,0,198176.65074808832,0
673,Spain,Male,41,0,30798.005610471308,4,1,1,68762.46692215098,0
674,France,Female,46,5,146703.41328213285,2,0,0,39095.321895612935,0
666,Germany,Male,44,8,23736.20296723512,3,1,1,110267.90307744213,0
579,Germany,Female,39,7,33669.091079230726,4,1,0,196569.59701518173,1
588,Germany,Female,48,5,40387.60787519604,3,1,1,98213.0061609076,0
782,Germany,Female,50,5,2768.492697249372,3,1,1,200000.0,0
723,Germany,Female,35,5,37381.45293393918,3,1,1,170984.97258544574,0
670,Spain,Male,44,7,20458.5975708548,3,1,0,11600.0,0
710,France,Male,42,1,52526.37729996047,2,1,0,122237.11918408684,0
643,Spain,Female,47,10,51588.55202283737,2,1,0,188287.1805104929,0
668,France,Male,42,8,62118.11309131255,4,1,1,37671.02206951616,0
709,France,Female,41,9,25470.520968415465,3,1,1,136189.03360718815,0
442,France,Male,32,7,5534.714472494743,3,1,0,91321.43736598376,0
740,Germany,Female,41,1,28915.374574393198,2,0,1,77815.58894055981,0
733,France,Male,35,10,40168.923184169485,4,1,1,24846.22845265061,0
571,Spain,Male,28,7,1258.2115636323276,2,0,0,155624.26515536485,0
774,Germany,Female,41,0,39633.23993791196,3,0,1,112094.92635514717,0
428,France,Female,28,5,25481.01146666968,1,1,1,115493.28348974844,1
685,Germany,Male,38,5,32548.216803707877,4,1,1,80360.98989494586,0
653,Spain,Male,35,8,18072.619998917093,3,1,1,108608.42130805706,0
619,Germany,Female,33,8,33877.42662497522,1,1,1,41131.57021303296,0
651,France,Male,53,4,106786.0658222573,3,1,1,127812.95537582356,0
708,Spain,Female,55,0,77522.86110687691,4,1,1,104768.458368147,0
469,Germany,Male,36,10,47861.3890469016,4,0,0,147998.63975166556,0
750,France,Male,48,0,49252.18687773053,4,1,0,154119.25607478863,0
608,France,Male,23,6,112875.98581249264,1,1,1,167385.66306009836,0
751,France,Male,27,10,32667.11817901937,1,1,1,166983.4766957651,0
714,Spain,Male,38,10,38755.4768187527,3,1,1,92454.54200582448,0
606,France,Female,28,3,98369.45633946102,4,1,1,68633.13367094446,0
642,France,Male,42,8,70267.1845098036,2,0,0,151473.77464214337,1
647,Spain,Male,41,2,28375.192108997115,2,1,1,81784.44416679192,1
810,France,Male,38,5,18211.046952871828,4,0,0,165537.0190242247,0
535,Spain,Female,62,8,36471.75373172944,2,0,1,30214.301265092217,0
606,France,Female,42,3,6426.406957617453,2,0,1,55681.29566000232,0
491,Germany,Female,44,4,57040.23598861987,4,1,0,124141.31142924428,1
662,France,Male,43,4,31222.844777187634,3,1,0,200000.0,0
587,Spain,Female,29,4,45191.91797428252,1,1,1,68865.15253514404,0
599,Germany,Female,58,1,93604.73236324564,2,1,1,145735.4897033862,0
798,Spain,Male,24,10,22027.718806758992,4,0,1,103315.2988156512,0
567,Germany,Male,41,1,34374.95308377916,3,0,1,102285.18320992704,0
634,France,Female,46,0,40561.700186758215,4,1,0,99967.90478952383,1
604,France,Male,48,0,16437.34744482419,3,1,1,160206.40437179877,0
610,France,Male,35,3,16067.853144232236,2,1,1,87973.42786341716,0
850,Germany,Male,46,2,37350.87236532666,2,1,1,108262.6677390002,0
476,Spain,Male,28,3,14863.94193147162,2,1,1,171378.84980884742,0
714,France,Male,55,10,98736.90205973794,2,1,1,145173.16337450445,0
850,Germany,Female,37,5,250000.0,3,1,1,148872.02427210647,0
757,Spain,Female,34,10,11840.081197690944,4,1,1,122951.0681542664,0
654,France,Female,32,0,42813.71345989847,3,1,1,64044.664473422,0
532,Spain,Male,41,7,7854.803226473013,1,1,1,70889.0454122088,0
780,France,Female,23,7,10263.420123301716,1,1,0,194913.35010189077,0
743,Germany,Female,47,6,72615.08115339933,3,1,1,90407.41184847156,0
497,France,Male,33,10,11137.188268818434,1,0,0,31909.481221987862,0
617,France,Female,52,10,69115.351373957,3,1,1,130338.18136986675,0
529,France,Female,26,3,25878.14000511285,2,1,1,119731.88201821248,0
364,Spain,Male,40,7,32644.36521780315,3,0,1,16353.502130802312,0
527,Spain,Male,44,8,15015.520365057608,2,1,1,32295.517586539994,0
660,France,Male,45,4,39812.32184730365,4,1,0,70308.92425917674,0
708,Spain,Female,33,5,20140.0518202495,4,1,1,32426.69063754049,0
617,Germany,Male,26,9,9592.307252645674,2,0,0,57548.73066836847,0
787,Spain,Male,34,7,7487.281438237848,3,0,0,32110.17775279529,1
752,France,Male,50,4,250000.0,3,1,1,200000.0,0
637,France,Female,59,3,21204.34445678692,2,0,0,180055.3462520268,0
624,Germany,Male,22,7,81718.49039985971,1,0,0,90389.28504406563,1
688,France,Female,31,2,20880.814481674952,3,1,0,85080.79077583304,0
648,France,Female,21,5,48770.10204802886,2,1,0,124926.5956695256,1
507,France,Female,33,8,91993.67217191053,1,1,1,95195.15314828527,1
620,France,Female,32,5,59541.9819226262,1,1,0,136801.537195911,0
716,France,Male,27,8,3578.892711764709,2,1,0,78661.44317669669,1
781,Spain,Female,55,7,10707.700935461651,3,1,0,128862.25748168722,0
746,France,Female,50,8,103408.6689371337,1,0,0,94083.90166068073,0
683,France,Female,41,9,31859.441189486304,1,1,0,30375.78075199528,1
795,Germany,Female,37,8,45623.60574939254,1,1,0,139478.63276731007,1
692,Germany,Female,47,7,1237.8381022412152,4,1,0,111280.64370570488,0
641,Germany,Male,28,8,33404.84367507613,2,1,1,106992.62216769737,0
797,Spain,Male,41,6,28181.130572968854,4,1,0,115441.81792799938,0
722,France,Male,32,6,57949.33820763118,1,1,0,30533.124180545463,0
780,France,Male,62,10,16041.085989833084,1,1,1,188729.8766479668,1
531,Spain,Female,25,3,68107.58855259935,2,1,0,188919.19271581675,0
563,Spain,Male,36,0,55569.05217579831,1,1,1,65699.62489781773,0
568,Germany,Male,26,6,35638.08420079867,2,1,1,132208.96447922103,0
668,France,Female,46,7,23552.282013224994,1,1,0,123387.41847747572,1
832,France,Female,46,8,17976.20377150775,2,0,0,54919.342160129534,0
536,France,Female,32,0,38296.59679489459,2,1,0,174557.90582513824,0
740,Germany,Female,26,8,42998.34590329984,3,1,1,200000.0,0
529,France,Female,35,6,29722.325528666937,3,1,0,66900.55559714374,0
850,France,Female,32,6,19325.382189707238,2,1,1,102476.60370276662,0
490,France,Male,39,2,105971.6904794325,2,1,1,90296.72820615787,0
724,France,Female,55,0,18568.616050125387,1,1,1,170202.98985536274,0
738,France,Male,45,6,55762.37948588369,1,1,1,181521.7523276177,0
712,France,Female,46,9,117602.14655417862,3,1,1,19144.195162546835,0
562,Germany,Female,38,7,52043.07848633478,1,0,1,11600.0,1
544,France,Female,65,5,22779.25271519232,2,1,0,99880.85874756046,1
777,Germany,Female,40,6,17634.707316697535,4,1,0,128995.37143437011,1
754,France,Female,46,8,96002.96973999108,2,1,1,79356.93185121531,0
753,France,Female,49,7,33662.95244502596,2,1,1,110163.99848244007,0
765,Germany,Male,38,4,44992.32925278236,1,1,1,111512.7243955534,1
496,France,Male,41,10,45354.1385215893,1,1,0,80043.18241922338,0
493,Germany,Male,33,3,38157.21329202189,2,0,0,125461.68627187188,0
582,Germany,Male,39,10,133919.46757332224,1,0,0,100732.61890716189,0
602,Spain,Male,53,3,133707.21001151996,2,1,0,108476.06503468908,0
591,France,Female,50,3,2063.057148861353,2,0,1,96235.88929618947,0
677,France,Male,45,1,35227.19895622512,2,1,0,179158.6116479158,0
761,Germany,Female,48,9,41685.75514473773,2,1,1,123427.0991594558,1
620,France,Male,38,9,129887.06227563872,3,1,1,79083.70860250358,0
568,France,Female,48,6,3610.132681048338,1,1,1,127414.3117476206,0
731,Germany,Male,37,7,77812.51918826548,2,1,1,99456.54816963912,1
621,France,Female,22,6,51419.62514998454,2,1,1,134133.92373650894,0
660,France,Female,57,10,65931.63926968741,2,1,1,142421.67367823413,1
616,Germany,Male,36,9,17244.756177291758,1,1,1,143326.5281192085,1
683,Spain,Male,49,7,68641.81332938968,1,1,1,186987.60524465668,0
548,Spain,Male,35,10,16611.12406547202,3,1,0,114445.95301262384,0
722,France,Female,18,10,56299.31398593534,4,1,1,147397.1193333639,1
646,Germany,Female,38,8,77328.42943956249,3,1,0,100435.69634572596,1
573,France,Female,20,7,76463.6038969008,2,1,1,109643.5442290639,0
703,France,Male,46,4,39304.01607541123,3,1,0,108071.55979321252,0
573,Spain,Male,36,3,26684.86224914492,1,1,0,86886.3981081021,1
577,France,Male,51,4,13956.208604994155,2,1,1,93060.11177727082,0
529,France,Male,41,10,1703.4549016523706,1,1,1,72307.46866208388,0
479,Spain,Male,28,0,2506.544077794319,3,0,0,156493.91117603786,1
703,Spain,Male,45,4,27108.560307045816,4,1,1,92635.58734131344,0
766,Spain,Female,23,5,4987.514044182865,2,0,0,137640.29858075542,1
604,Spain,Male,35,8,5937.118429840066,2,1,1,105177.72953906056,0
570,Germany,Male,20,8,10827.102613895786,4,1,1,53941.45841958331,0
468,France,Female,42,9,32822.198049660205,2,1,0,45460.69946416276,0
432,Germany,Female,41,2,44793.85406710564,1,1,1,178694.34069751564,1
722,France,Female,40,10,59252.06810409194,1,0,1,53840.52562945335,0
452,France,Male,29,7,33298.00679983214,3,0,0,40255.63497574884,1
535,Spain,Female,52,7,54641.94153557828,1,1,1,136589.28696011033,0
678,France,Female,48,8,99064.28804551777,3,1,1,11600.0,1
658,France,Male,41,0,23433.2681336615,2,0,0,36109.81629716954,1
682,France,Male,33,4,58275.91030930831,1,1,1,61604.38703995533,0
650,France,Female,35,4,53721.22991163887,1,1,1,175413.73003275925,0
614,Spain,Female,38,6,50598.201958710655,1,1,1,117243.83831234724,0
536,Germany,Male,27,10,43792.9558066124,1,1,1,191263.11984548057,0
586,Germany,Male,47,7,64760.16557105314,1,1,1,139571.78703445688,0
621,Germany,Female,51,10,85336.91233054262,2,1,0,112213.69400905776,0
460,Germany,Male,56,6,24889.66891255226,2,1,0,154099.23439116645,0
571,Spain,Female,35,5,53176.23555955191,4,1,1,167408.87365584105,0
612,Germany,Male,52,3,14284.92920485135,2,1,1,200000.0,0
581,Spain,Female,53,8,70530.6306927855,2,1,0,19690.683117676264,0
615,Spain,Male,32,1,106177.32831621144,3,0,1,33246.48464670083,0
716,Spain,Male,28,5,71663.5550846509,4,0,1,77291.02521319658,1
729,Germany,Female,49,9,33774.277222416174,3,0,0,196804.00383824317,1
801,Spain,Male,33,5,7161.056080711402,3,0,1,117117.66543375916,0
499,France,Male,31,10,103219.01048125044,3,1,1,72491.11003097835,0
607,Spain,Female,47,3,84267.81297112558,3,1,1,161637.09211233642,0
772,Spain,Male,25,2,59867.04395719019,2,1,1,59304.14112053836,0
475,Spain,Male,34,10,95353.42374796788,4,0,1,200000.0,0
532,Spain,Male,20,2,38074.17034026083,3,0,1,129165.94371938,0
588,France,Female,30,1,234331.85934608625,4,1,1,159707.8599550503,0
850,France,Female,32,2,90722.56758498508,2,0,1,107150.61795528673,0
552,France,Female,31,3,8932.192930371228,4,1,0,70526.42096624622,0
758,Spain,Male,34,9,25721.087417304872,4,1,0,131269.7809014487,0
647,France,Male,18,3,9324.613704414069,2,1,0,115490.06597176852,0
535,France,Male,28,9,12696.94016943766,1,1,1,107038.82339343944,0
850,Germany,Female,52,6,34754.700702329814,3,1,1,67405.18529750712,0
669,Germany,Female,41,3,22423.796051108795,3,1,1,200000.0,0
687,Spain,Female,33,8,120253.30933195513,2,1,0,100668.48704368516,0
703,Germany,Female,32,7,5.807326447908838,4,0,0,70353.49433588535,1
695,Spain,Male,46,0,520.4664645351301,2,1,1,121510.67091515491,0
850,Germany,Male,39,9,126516.23716319595,1,1,0,178127.06142920218,1
828,Spain,Female,27,0,13657.294621398614,4,0,1,200000.0,0
556,France,Male,33,5,123.73531320237248,1,0,0,11600.0,0
850,France,Male,26,3,28778.5407793578,2,0,0,126050.18552142008,0
579,Spain,Female,32,9,10885.948535873878,2,1,0,179233.09855607137,0
682,Germany,Male,45,5,2740.2304215817576,2,1,0,11600.0,0
504,Germany,Female,44,8,37801.14134888631,1,1,1,113635.1078578448,1
753,France,Female,49,9,7551.494134519768,3,1,1,142844.3692146577,0
619,France,Female,40,4,90663.01001765805,1,0,0,122445.98722255138,1
535,Germany,Male,23,7,17988.44815374102,1,1,1,54250.45544741031,0
768,France,Female,26,1,12529.419027787882,1,0,1,155039.7497008856,0
793,France,Male,43,7,67306.952073075,2,0,1,11600.0,0
797,France,Female,40,7,94407.46632398036,1,1,1,28946.342731141733,0
497,Germany,Male,27,1,4886.1865202286,3,1,1,115414.24444819908,1
807,Germany,Female,35,6,8218.496176977742,1,1,1,109533.17308063418,0
619,Spain,Male,57,7,32175.023950225863,3,1,1,175857.7410598955,0
850,Germany,Female,48,6,44606.84074998756,4,1,1,27155.1152674973,0
712,Spain,Female,53,5,4346.791801998707,3,0,1,71862.49357009544,0
675,Germany,Female,27,2,23501.09083984995,2,1,1,91177.3850490222,0
650,Germany,Male,55,10,113944.3380970328,4,1,1,114229.68279398106,0
648,France,Male,33,10,104406.50256739404,2,1,0,104006.88404742912,0
582,France,Female,54,2,18642.013823500543,2,1,1,142063.00652362683,0
543,Germany,Female,42,7,12901.636510742732,4,1,0,11600.0,1
613,France,Male,45,3,43705.45591461587,3,1,1,119393.47419493418,0
769,Spain,Female,45,9,5053.170156139242,2,0,1,107881.61451259612,0
510,Germany,Female,39,7,13287.590412610907,3,1,1,109580.3933110405,0
784,Spain,Male,44,9,9121.490135053922,2,0,0,115660.13254080711,0
664,Spain,Male,28,5,11643.425319529792,2,1,1,200000.0,0
728,France,Male,37,2,12091.743064597176,4,1,1,30042.615642977908,0
733,France,Male,46,9,49373.78454572469,4,0,0,142702.32493314234,0
742,Germany,Male,40,1,33482.5301461873,3,1,1,33881.53679328866,0
652,France,Female,35,0,99131.30075802145,4,0,0,99420.53129185217,0
655,France,Male,41,3,66517.75302088482,2,1,1,122484.7070417816,0
739,Spain,Male,25,7,34542.87304842191,1,1,0,59946.14824776696,1
545,Spain,Male,49,3,18366.606635161283,1,1,1,70887.48507814844,0
530,Spain,Female,18,7,89178.36171848989,1,0,0,11600.0,0
603,Germany,Male,38,7,4143.905029355476,1,1,0,13089.547855192415,1
678,France,Female,46,10,57128.19323848576,3,0,1,49710.479870098985,1
842,Germany,Male,39,0,5995.699729798461,4,1,1,128768.91174805551,0
654,France,Male,34,5,38049.50859559801,2,1,0,85540.09576386539,0
850,Germany,Female,49,10,115943.03909000504,1,0,1,111165.08804287355,0
701,France,Male,32,9,13594.857229822368,3,1,1,90483.85401369462,0
604,Spain,Female,55,7,4089.263576268539,3,1,1,145665.17778855376,0
764,Spain,Female,36,7,20737.828533579897,2,1,1,101062.42706838084,0
625,Germany,Male,36,0,32529.041796346024,4,0,1,33676.96662777854,0
675,Spain,Female,46,7,64514.44389786409,1,1,1,99796.65833389614,1
516,France,Female,35,8,1509.2081056547452,1,0,1,92260.94237118177,0
499,France,Female,39,10,7013.868943761012,3,0,0,14433.532464759031,0
705,Spain,Male,44,5,26443.88561361773,3,1,0,141527.76904514563,1
760,Spain,Male,26,6,4992.190246562525,1,1,1,138973.47058383626,0
844,Germany,Female,45,5,156054.07862078797,2,1,0,144604.26651104973,0
569,France,Female,22,4,35768.49461666721,3,1,1,112603.87124096624,0
796,Spain,Male,38,0,23655.10311639642,3,0,0,87257.90962115092,0
781,France,Male,35,1,194924.04263309223,4,1,1,103462.86446088064,0
600,Germany,Male,25,9,51936.3112119733,2,1,1,129584.39310138371,0
788,France,Female,55,1,36265.225655040005,2,1,1,101137.48590177127,0
744,Spain,Male,40,10,13796.538362910764,3,1,1,174852.0407894043,0
764,France,Male,32,8,14589.76842472782,4,1,1,162028.14904075308,0
850,Spain,Female,40,5,22491.80516124673,3,1,1,82557.29768360723,0
760,France,Male,63,2,69460.10477197732,1,1,0,52028.52308600477,0
436,France,Male,29,2,84642.31537318495,3,1,0,114645.99791823256,0
682,Spain,Male,45,9,10664.27683812735,3,1,0,167935.4608761823,0
493,France,Male,29,9,85026.03963482387,3,1,0,138807.7137409479,1
665,Germany,Male,43,1,20093.944889946983,1,0,1,90425.57414373716,0
659,France,Male,32,6,11175.64402676946,4,1,1,36142.188983370936,0
591,Spain,Male,37,0,10832.147134789026,4,1,0,11600.0,0
547,France,Female,40,0,31127.956608410463,2,1,1,63789.55447117811,0
596,France,Male,52,9,72863.8585607675,2,1,1,119074.46916278072,0
616,Germany,Female,24,2,42281.769917036894,2,1,0,79658.47186344051,1
636,France,Male,55,0,31241.44510875363,3,1,1,11600.0,0
660,France,Male,19,10,909.032029335024,3,1,0,98294.19761197484,1
708,Germany,Female,42,2,41455.36869470575,2,0,0,200000.0,0
618,Germany,Male,39,8,56151.29450709467,1,1,1,56647.37285798745,0
777,France,Male,37,6,5160.987232021958,3,1,1,43696.49067240666,0
646,Germany,Female,39,8,156379.9479200648,1,1,0,143288.54000961198,0
742,Spain,Female,44,6,4800.299653696354,1,1,0,135330.6821387611,0
619,France,Female,43,10,58668.40168171546,3,1,1,23009.048186890708,0
850,Germany,Female,37,8,37175.186776544055,2,1,1,83974.40804783878,0
696,Germany,Male,46,10,107789.84682427694,4,0,1,11600.0,0
813,France,Female,36,2,26729.78360581864,4,0,1,181258.4743442997,0
580,France,Female,39,6,35519.05745484994,4,0,0,162300.6751561439,0
605,France,Male,50,5,40251.294854683,1,1,0,126642.86040216318,0
624,Spain,Female,50,1,103910.89799246336,2,1,1,153321.20887967257,0
850,France,Male,49,5,80383.8205227986,3,1,1,103721.08903493178,1
628,Spain,Female,28,2,16432.822803784653,1,1,0,80832.4755626256,0
567,Germany,Male,43,1,155339.70609914645,3,1,1,11600.0,0
780,France,Male,43,4,69932.57987703141,3,1,1,196428.5346874276,0
655,Germany,Male,56,4,605.880312722318,1,1,0,131126.55788352122,0
628,Spain,Male,46,10,10151.461767431578,1,1,1,178524.26654029454,1
588,France,Male,32,1,96829.8372783348,2,1,0,107253.55738448616,1
698,France,Male,35,2,51903.62044241666,1,1,0,41479.95367597226,1
756,Germany,Female,18,7,14928.995485872254,3,1,0,176726.0504999907,0
728,France,Female,38,4,9402.22387653349,2,0,1,19584.02723373295,0
602,France,Male,35,7,7935.247531216128,3,1,1,161387.45810267955,0
551,France,Female,33,9,19144.01238183266,2,1,1,152908.041578154,0
350,France,Male,31,3,114399.62284561916,3,1,0,174669.12235634917,0
555,France,Female,54,3,21696.80442538428,2,1,0,131813.1442505388,0
612,Spain,Male,18,5,54043.61355947289,1,0,0,48810.41181937986,0
644,Spain,Female,26,9,5914.726204518796,4,1,0,20761.07308273739,1
622,France,Female,62,10,37900.24155138401,3,1,1,167922.9250089124,0
850,France,Male,48,4,20994.007374460205,3,1,1,89907.17567183607,0
699,France,Male,42,4,8748.692651832065,2,1,0,111554.77059227836,1
526,France,Female,38,8,79919.64148124807,1,1,0,108104.46986810188,0
715,France,Female,33,5,84516.00736738704,1,1,0,133903.51068825906,0
689,France,Male,26,2,18283.701663365813,2,1,0,11600.0,1
545,Spain,Male,42,10,53032.02104743464,1,1,0,117634.3871135725,1
678,France,Female,46,3,25049.72671351135,1,0,0,60971.391416996536,1
703,France,Female,32,8,2274.77884934768,2,0,0,82440.35643029085,0
752,France,Male,20,5,27911.37146605265,3,1,1,66962.3734999454,0
472,France,Female,45,10,42884.6700374954,2,0,1,54418.3639740796,0
714,Spain,Male,46,7,17764.990636630693,4,1,0,11600.0,1
790,France,Female,47,10,148694.34603644046,2,0,0,65871.10198155702,1
838,Spain,Female,37,6,40827.15903685118,2,1,1,124145.9138163518,0
527,France,Male,18,0,23218.555189109546,1,1,0,147971.5215417175,0
635,Germany,Male,26,0,66405.06239863308,3,0,0,113836.27941926286,0
645,Spain,Female,51,9,20845.53626209196,4,0,0,11600.0,1
717,France,Female,25,6,1250.8238756666594,1,1,1,119050.4983223021,0
633,France,Female,45,1,414.7526734805224,1,0,0,145662.29818529566,0
578,Spain,Female,28,8,17974.63283098923,1,0,0,37236.52902431483,1
671,France,Male,27,9,8479.19423667277,3,1,1,11600.0,0
616,Germany,Female,57,8,21728.986372837488,2,0,0,117339.06614649628,0
706,France,Female,57,1,73410.08273228732,2,1,0,133218.29275649256,1
569,France,Female,40,8,18484.431025759117,4,0,0,200000.0,0
547,France,Female,34,8,41008.9704555053,3,0,0,106574.2471496588,0
781,Spain,Female,49,9,126065.45567838782,2,1,0,137855.46161041787,0
850,France,Male,23,5,59914.92332198469,4,0,1,200000.0,0
832,France,Female,51,4,41249.21724753716,3,0,1,15633.712063502666,0
642,Germany,Male,59,9,100891.26453261322,4,1,1,173240.85607656784,0
755,France,Male,44,1,20071.95633180959,1,1,0,23909.51624789172,0
581,France,Male,27,5,11022.655391447792,2,1,1,28880.12063233173,0
700,France,Female,54,10,68751.79818017513,4,0,1,59713.233953679184,0
591,Germany,Male,42,8,3029.6549388306576,3,1,0,11600.0,1
775,Germany,Male,37,2,27598.217151095792,3,0,1,115341.91424730729,0
762,France,Male,29,2,16919.057807532296,3,1,1,30650.5861450956,0
850,France,Male,27,10,177586.48536012636,3,0,0,191950.86889765627,0
627,Germany,Female,50,3,23668.113603057704,2,0,1,165453.0620701992,1
807,Spain,Male,38,9,54447.326727599575,1,0,1,122800.22346825551,0
700,France,Male,38,10,15631.850132360874,2,1,0,118355.0220100696,1
657,France,Male,40,3,204237.22199850716,2,1,1,179457.82863794215,0
683,France,Male,19,0,9946.436995202565,3,1,0,75930.58542330815,1
819,Germany,Male,38,1,118598.251400044,4,1,0,71425.99862965658,0
636,Spain,Female,38,5,29472.848890499525,1,1,0,11600.0,0
641,France,Female,53,4,27867.527896219453,3,0,1,110210.10464351565,0
443,France,Male,47,9,60415.31423249562,2,0,1,190896.0591830625,0
635,France,Male,26,3,4898.147711195886,1,1,1,19114.55741099321,0
676,France,Female,35,9,39559.20326422521,2,1,1,180943.88357351412,0
573,France,Male,49,8,12421.187031700612,4,1,0,80852.52687852923,0
549,Spain,Female,25,1,8546.634163615818,4,1,0,153023.75459440087,0
464,France,Female,55,7,104971.81315052896,4,1,1,11600.0,0
591,Spain,Female,38,10,250000.0,4,1,1,32943.76255188734,0
792,France,Female,44,3,177363.53921783276,1,1,0,133450.80810381082,1
501,Spain,Male,34,8,86063.55544156882,4,0,0,129760.35136098976,0
728,Germany,Male,34,3,126268.08196659732,1,1,0,89867.47729701045,1
737,France,Female,29,1,128991.12352901364,3,1,1,115224.97191109927,0
850,Spain,Female,54,5,9701.1755002951,3,1,0,85210.29371754821,1
753,France,Female,44,8,4479.742869108298,3,1,0,128918.69939731524,1
745,Germany,Female,29,6,6778.707900879949,2,1,1,180775.71724884948,0
686,Spain,Female,46,0,8872.933115358735,1,0,0,87752.98245083139,0
650,France,Male,48,8,86424.30218087473,3,0,1,104282.37915652352,0
735,Germany,Male,49,5,141744.3665376258,3,1,1,109017.14011813376,0
774,Spain,Male,41,8,21680.79346742208,3,1,1,19359.47331201489,0
667,Spain,Male,40,1,1748.3987813630347,3,1,1,75290.77594985088,0
779,Germany,Female,29,10,18370.922256956103,1,1,0,11600.0,0
850,France,Female,52,6,61232.34369953618,1,1,0,115584.6758455305,0
657,Germany,Female,45,7,143151.80089325496,2,1,1,54925.32174956556,1
659,Germany,Female,48,7,29864.03944510299,3,1,1,131211.12932507845,0
640,Germany,Male,20,4,20478.723044848768,4,1,0,198676.45259445108,0
663,Spain,Female,48,6,52953.721779192994,1,1,1,162938.63201779372,0
772,France,Male,39,6,11857.479545249133,1,0,1,105612.94117405576,0
658,France,Female,47,2,72581.98149266953,2,1,1,125305.1307788478,0
668,Germany,Male,27,10,26724.63091516843,3,1,0,11600.0,0
625,Spain,Female,57,10,189206.550756267,4,0,1,80358.55976738875,0
698,France,Male,32,1,135995.10336155142,2,0,0,117850.37307625292,0
599,Spain,Female,50,4,54736.30897217906,3,1,0,68301.2816252248,1
527,Spain,Male,36,3,52203.56130237092,4,1,0,53403.46087003952,0
694,Spain,Male,57,7,6570.987526724482,4,1,1,37133.47746431104,0
847,Spain,Male,41,4,16490.89280218265,1,0,0,81022.58829220282,0
621,Spain,Female,57,8,98999.48539618668,4,1,1,112110.4946098221,0
545,Spain,Female,38,6,22548.021799796632,4,1,0,112951.7467734182,0
841,Germany,Female,27,10,27593.32207111637,1,0,1,85443.9414949365,1
654,France,Female,41,0,91573.81339413078,4,1,0,66198.2425020205,0
744,France,Male,37,1,27837.003927864364,3,0,1,121088.54079602537,0
577,France,Female,32,7,94859.88922410816,3,0,0,11600.0,0
650,France,Male,51,9,3597.846190714883,1,1,0,58591.142932430186,1
790,France,Male,25,7,58732.878784867295,1,1,0,87202.93226926385,0
663,Spain,Female,58,1,3254.096202268428,1,1,1,30217.110026101946,0
664,Germany,Male,37,6,78035.3589458882,2,0,1,118046.6612547867,0
501,France,Male,25,7,40172.44154366882,2,0,1,120083.17589005148,0
728,Spain,Female,42,3,40582.182277883,4,0,1,181888.87729193305,0
571,France,Female,40,2,23635.43074030093,2,0,1,200000.0,0
761,France,Female,37,9,116825.87168622128,2,0,0,101929.82177422804,1
670,Spain,Male,32,8,35575.22751749414,3,1,0,100627.86672660553,0
679,France,Female,52,1,15084.799913630795,3,1,0,70854.2552375482,0
727,Germany,Female,44,2,86900.47281658235,4,1,1,132866.21302005943,1
687,France,Female,34,7,147954.02546073354,1,1,0,195243.1666416147,0
821,Germany,Female,42,1,13872.80320692978,3,1,0,87179.31599496037,0
806,Spain,Female,31,4,46476.96086835947,3,1,1,51935.14794003543,0
528,France,Male,48,9,44406.03659461076,3,1,1,126844.65727866052,0
632,Spain,Female,59,7,47031.75148769264,2,0,1,139649.45892891384,0
733,France,Female,50,6,41532.46558094925,3,1,1,146085.01196312392,1
555,Germany,Male,32,3,5277.878543594046,3,1,0,157493.14609616157,0
493,Spain,Female,29,9,26592.811075705875,1,1,0,89578.31663046428,1
573,Spain,Female,39,8,212429.6183395881,2,1,0,88179.03620418382,1
638,France,Female,22,1,4616.934342951022,1,0,1,200000.0,0
350,France,Male,48,6,55377.83575125736,1,0,0,11600.0,0
538,Germany,Male,45,6,112357.18940216288,2,1,1,168807.69553768102,0
472,France,Male,37,6,11198.30175890071,2,1,1,84054.55301459166,0
764,France,Female,36,6,81080.48193376912,2,0,0,32896.92301834986,0
743,Spain,Male,37,4,13838.73499945621,1,1,0,82892.01253483325,1
677,Germany,Male,54,0,1542.4960047162267,4,0,0,11600.0,0
660,France,Female,34,3,36816.53305577163,1,0,0,89802.84824059796,1
704,France,Male,27,4,62044.58305741169,2,1,1,95673.13215243736,0
550,Spain,Female,31,9,10966.350434830929,1,1,1,98809.98572326874,0
775,Germany,Female,48,3,3651.64528731376,4,1,0,111232.1940557467,0
659,Germany,Female,29,6,40311.110373611824,4,1,0,91680.62652926016,0
741,France,Female,50,1,7992.091612918201,4,1,0,106795.37492511512,0
737,France,Female,36,1,10186.364657933793,3,1,0,131468.71367213433,0
703,France,Female,21,10,60777.98874695278,1,1,1,200000.0,0
681,Germany,Female,46,1,47351.28750845898,2,1,1,177088.5682986529,1
673,France,Male,36,9,146847.6908902456,1,1,1,77284.35995171132,0
643,Germany,Male,42,2,19534.91911480461,4,0,0,183460.57314635083,0
698,Germany,Female,32,4,12064.768253944669,4,1,1,70571.20232760493,0
670,Germany,Female,51,9,53317.8790340397,4,0,0,49346.25790026111,0
601,France,Female,43,8,178773.08854341367,1,1,0,16862.347020953443,1
710,Spain,Female,60,2,40313.43706520047,2,1,1,150560.74102079493,0
678,Germany,Male,46,5,17394.00644180544,3,1,1,200000.0,0
770,France,Male,36,5,120658.93448454664,4,1,1,136330.5822558675,0
468,France,Male,30,10,47131.201506264304,2,0,1,91323.00132611106,0
653,Germany,Female,24,5,11959.103660197012,4,0,1,200000.0,0
577,France,Male,37,4,149403.61272410268,4,1,0,101896.0594623961,0
598,France,Male,38,1,15942.154878506954,1,0,1,192809.25355071088,0
705,France,Female,54,0,114376.81543452028,3,1,0,65482.490392249565,0
506,France,Male,34,4,47671.907803457725,4,0,1,113235.52380984326,0
663,Spain,Female,49,7,34922.80022658893,3,1,1,182166.77315256116,0
653,Germany,Male,37,9,20215.82602347436,4,1,0,100268.70502607222,1
545,Germany,Female,57,4,6326.478658934155,1,1,0,70102.84342764047,0
665,Spain,Male,23,2,14039.46133629843,4,0,1,73512.58209576894,0
573,Germany,Male,52,2,20099.200147505,2,1,1,104788.50859237036,0
850,Germany,Female,34,1,17035.663090633436,3,1,1,200000.0,1
770,France,Female,47,6,3807.726577260036,2,1,1,92541.89049125348,0
656,Germany,Male,54,1,43349.01967971495,1,1,0,49312.92111238487,0
606,France,Female,35,5,32234.959225211245,2,0,0,84311.99783831618,0
700,France,Female,28,7,5628.369613683482,2,0,1,65177.44870819764,0
726,France,Male,27,7,31167.43439161224,2,1,1,135168.81203776354,0
675,France,Female,30,1,4112.83782818083,3,0,0,60083.97816428733,0
548,France,Male,18,5,134067.49133399772,1,0,0,165978.35911602757,1
629,France,Male,36,2,14993.046608765742,4,0,0,40401.96229286013,0
657,Spain,Male,45,8,64517.28252823642,3,1,0,200000.0,0
679,France,Male,41,2,14467.458640391034,3,1,1,143982.117424401,0
681,Spain,Male,35,0,32171.48599900685,1,1,1,28282.25625525156,1
723,Germany,Male,30,8,135352.22510848512,3,1,0,113327.51680240854,0
784,Germany,Male,33,7,102664.18682683464,4,1,0,200000.0,0
751,France,Female,41,1,75452.64575723265,3,1,1,98836.09522310244,0
709,Spain,Female,47,9,78077.93211910616,2,0,0,28051.388986387494,0
524,France,Female,24,9,86710.97737990314,3,1,0,132861.4440573132,1
768,Germany,Male,40,2,67863.16958130444,1,1,0,125511.83487052316,0
731,Germany,Female,41,6,113581.29130428722,1,1,1,59702.05659630749,0
624,France,Male,29,5,21557.24674093612,3,1,0,124320.56653801393,0
652,France,Male,44,7,37340.86583421008,3,1,1,142073.3394378232,0
656,France,Female,48,9,51981.46249066945,2,1,1,32895.320984787,0
606,Spain,Female,33,4,11019.61017756494,3,1,0,11600.0,0
475,Spain,Male,30,4,34984.746348318586,4,1,0,180943.457026662,0
538,Spain,Male,60,1,6623.988512302789,2,1,1,64572.03569825206,0
559,France,Female,47,5,47291.214205774944,4,1,0,140940.4372822579,1
453,France,Male,40,10,5136.049436013601,2,1,1,44282.46211819437,0
538,France,Male,32,10,34993.788919886254,4,0,0,47495.79621063617,0
764,Spain,Female,31,4,30961.993257968203,4,1,0,200000.0,1
698,France,Male,44,8,5927.407205297891,4,1,0,135220.02031054566,0
552,France,Female,30,2,28931.652293683903,4,0,0,118802.0626527198,0
581,Spain,Male,30,4,56630.19773049791,3,1,0,52582.37263918523,0
772,Germany,Male,37,2,45158.132189510965,3,1,0,163387.8388364404,0
770,Germany,Male,45,8,30628.80737924108,1,1,0,124081.66193710688,0
656,France,Female,56,8,22702.19078771044,3,1,1,157446.34450486006,0
767,France,Male,41,9,2955.042927138644,1,1,0,47272.23644363936,1
573,Spain,Female,30,6,156061.98494193284,4,1,1,156198.10606903353,0
672,Germany,Female,36,0,25767.435992605824,2,1,0,52029.8944571131,0
502,France,Female,52,8,26933.58700976905,2,1,0,18699.785330712388,0
613,France,Male,51,8,6867.953687628297,3,0,0,200000.0,1
652,France,Male,51,9,38035.790544710784,4,1,0,158556.4562475571,0
481,Germany,Male,49,4,193690.61397267948,1,1,0,122906.46062498805,1
709,France,Male,58,10,14586.210142067835,1,1,1,131317.73294728552,0
726,Germany,Female,41,1,18795.52563336361,1,1,0,24273.708079206783,0
751,Germany,Female,46,0,13473.415250010628,2,0,0,156535.5118518424,0
850,Spain,Male,30,1,100714.75451920592,1,0,1,60132.00865712492,1
691,France,Male,41,3,32237.848529604,2,1,0,187320.9245212841,0
643,Spain,Female,41,3,86728.37451810179,4,1,1,98403.90817440805,0
489,Germany,Female,46,0,94884.95553244368,2,1,1,99116.67806291,0
689,France,Male,32,7,69132.98295940617,4,1,1,107500.74255476476,0
705,Spain,Male,23,9,15125.85664198562,3,0,1,21399.55953789824,0
514,France,Male,33,7,1795.0240333366496,3,1,0,103146.07467878744,0
625,Germany,Female,49,7,7732.754504432436,2,1,0,69790.43658611427,0
651,France,Male,36,4,59692.8154012836,3,1,0,113126.1881100964,0
702,Germany,Female,43,9,67459.59008140606,3,1,0,11600.0,1
735,Germany,Male,33,1,72702.26587888166,4,0,1,190811.10654373403,0
596,France,Female,49,3,13983.66414862244,4,1,1,129590.28279997816,0
670,Germany,Male,37,0,8304.855113899288,2,0,1,72680.7631664938,0
707,Germany,Male,37,9,128237.44261814952,2,1,1,52297.953445122606,0
631,Spain,Male,52,0,54563.702753908285,1,1,0,159804.0760028666,0
607,France,Female,54,9,67732.57624319661,1,1,0,18545.701526615347,1
721,France,Male,52,2,4930.550845687717,3,1,1,62556.3992365283,0
632,Germany,Female,35,3,26590.448196231497,3,0,0,62863.56281468873,0
530,France,Male,33,10,3270.032460130124,4,0,1,61320.18287828796,0
787,Germany,Male,29,10,53610.94294116777,2,1,1,78136.05948518211,0
541,France,Male,24,2,33604.35342069077,1,0,1,50286.73827649194,0
640,France,Female,29,10,30025.11108498419,1,1,1,37627.94489222939,0
682,Spain,Male,30,2,116604.47256758956,2,1,0,151011.24995653314,0
695,Spain,Male,26,7,67376.49611484345,2,0,1,158017.87233744166,0
666,Germany,Female,23,3,166564.76542968277,2,0,0,144368.67439246262,0
355,Spain,Male,25,2,2368.6995601377184,1,1,1,73590.66152933051,0
579,Germany,Male,38,8,47813.66861047089,4,1,0,90339.36077185674,0
679,Germany,Male,43,0,49741.9723464183,2,1,0,59365.30343522365,1
639,Spain,Male,42,7,1345.088261236352,3,1,1,124509.01563799162,0
701,Germany,Female,33,4,77342.1822179925,1,1,0,136589.98604176298,0
752,Germany,Male,35,7,8339.040207200147,4,0,0,11600.0,0
700,France,Male,42,9,60411.09607561126,2,1,0,108033.67121894174,0
577,Spain,Female,40,2,1927.891592888174,3,1,0,113207.1782490157,1
596,France,Male,44,5,47555.42552492901,1,1,1,146435.11411240528,0
813,France,Female,29,10,36779.85796841021,2,1,1,65739.10783774238,0
632,France,Male,56,6,33012.41167550426,3,0,1,38035.907248634176,0
640,France,Female,45,7,22837.8174165111,2,0,1,84292.89323878742,0
700,France,Female,46,6,27256.87499663221,3,1,1,153317.09876905175,0
773,Spain,Female,28,6,32398.58446584148,4,0,0,68425.18120884443,0
559,Germany,Female,28,1,17668.98399428467,1,1,0,20021.85715402308,1
600,France,Female,32,2,136891.09636096252,4,1,1,14019.64298181799,0
489,Spain,Female,46,5,167622.6053481225,1,1,0,100857.01752012344,0
620,Germany,Male,27,2,17826.805699556568,1,0,1,125112.93233263976,0
706,Germany,Male,43,8,75409.93518121987,2,1,0,200000.0,1
613,France,Female,53,8,69639.53432674835,4,1,1,98591.16760607084,0
825,Spain,Female,31,5,104205.5830760666,1,1,1,124608.78850666452,1
661,France,Male,29,0,192.65938032780903,3,1,0,118564.2046844202,0
639,France,Male,31,0,20633.398936837104,2,0,0,113336.70289510475,0
614,France,Female,37,3,7831.977603648251,3,1,1,122172.9379018396,0
514,Germany,Male,48,10,24785.214221799084,3,1,1,11600.0,0
640,Germany,Male,49,9,42857.25464998982,3,1,1,123350.51700520476,0
685,France,Female,46,7,119761.8442462289,2,1,1,100812.08430579072,0
638,France,Male,19,2,91508.60585312238,4,1,0,200000.0,0
673,Germany,Male,37,3,34559.691580403945,3,1,1,122370.69430050156,1
582,Germany,Female,30,10,1189.135196765901,3,0,1,83442.98823398657,0
525,France,Male,43,5,17897.617993340245,1,1,1,11600.0,0
639,Spain,Female,48,10,5636.607905633189,2,1,1,141048.12957731003,0
672,Spain,Female,34,8,52581.62620693879,4,1,1,160240.26338647745,0
633,France,Female,58,3,59442.417739254684,1,1,0,135533.61515245965,0
670,Germany,Female,29,2,52320.31934188752,4,1,0,200000.0,0
727,France,Male,44,9,16059.66559090805,3,0,1,30333.94730437025,0
727,Germany,Female,60,9,125980.32085074112,3,1,1,50396.998156606016,0
735,France,Female,48,8,44398.0719445781,2,1,1,101646.57720122946,0
750,France,Male,44,6,45471.79833392864,3,1,0,123225.81646872465,1
699,Spain,Male,37,8,84520.82571692311,2,0,0,130438.70256711252,0
685,Spain,Female,45,10,3587.941540158494,3,1,1,129748.38579386064,1
844,France,Female,33,9,11761.300492287915,3,1,0,70933.00748904553,0
728,France,Female,50,5,44528.89045385167,1,1,0,156003.60199536206,0
565,France,Female,31,3,47135.94540420216,3,1,1,73794.93120110274,0
463,Germany,Female,36,4,31439.694341980707,4,1,1,89186.4050334711,1
625,Spain,Female,30,9,75692.39238806239,4,1,0,11600.0,0
712,Germany,Male,35,1,21203.61646021933,1,1,1,148812.9882838141,0
745,Germany,Male,34,2,564.8739225594362,1,1,0,31491.59735828548,0
524,Spain,Female,18,4,20772.68733559706,3,1,0,106343.20915619026,0
722,Germany,Male,39,2,168894.24336267004,1,0,1,64243.7040007099,0
763,Germany,Female,34,2,75487.68639396076,2,1,1,53910.33785243611,0
710,Germany,Female,25,8,19154.72552981744,1,1,0,135926.32436876209,0
691,Spain,Female,32,3,12580.326508405418,4,1,1,145331.12741202288,0
636,France,Female,42,3,83107.14142166918,2,1,0,47161.25305063635,0
603,France,Female,21,0,11150.784769602136,4,1,0,200000.0,0
728,France,Male,37,6,43398.63758412888,1,0,1,28426.489544399214,0
708,Spain,Female,50,9,35459.81723289379,1,1,0,11600.0,0
617,France,Male,34,8,27466.98655087377,1,1,0,11600.0,0
850,France,Male,53,7,27752.92876651799,3,0,0,141231.64411850358,0
499,Spain,Male,49,1,60593.66598162468,4,1,0,11600.0,1
626,Spain,Female,42,5,5425.885517122502,3,0,1,183728.9935787724,0
572,Spain,Male,38,9,25145.008520926636,3,1,1,132979.3267863278,0
688,France,Male,39,9,172700.3636801973,3,1,0,200000.0,0
455,Spain,Male,43,4,75289.8177410825,4,1,1,104456.32070640892,0
776,France,Male,58,7,1062.8707677010698,2,0,0,38189.92811310749,0
750,France,Male,44,0,29624.96494142656,1,1,1,103223.12185916016,0
676,France,Male,53,8,6232.500513144052,3,1,1,138578.49392656735,0
618,Germany,Female,27,8,33151.49157385412,4,1,1,118147.57631805351,1
721,France,Male,33,10,5467.483793543684,4,1,1,200000.0,0
682,Germany,Male,39,6,24650.467101647093,1,1,1,39675.6512290162,1
745,Spain,Male,52,7,39372.43308261329,3,0,0,176256.66258671528,0
637,France,Female,21,8,22888.63306333051,2,1,0,61093.039989263765,0
631,France,Female,69,4,43205.78572998687,1,1,0,199788.41666901088,0
757,France,Female,38,10,210146.1210771716,2,1,0,183238.90030415705,0
713,Spain,Female,50,1,14103.998704002408,3,0,0,50565.13082210781,0
632,France,Male,38,0,41563.935676648456,1,1,0,116035.71623754303,0
686,France,Male,30,4,31869.06953954249,3,0,1,94430.76505045716,0
668,France,Male,56,7,82843.34830920315,3,1,1,93930.88022397732,0
696,Spain,Female,37,9,18908.223057749903,4,1,1,17008.14412890245,0
776,France,Male,31,3,50807.54791996369,2,0,1,67472.26002127636,0
615,France,Female,42,3,59038.61447556885,2,1,1,106835.06262492709,0
585,France,Male,44,3,185781.7881677053,1,1,1,117528.76265330448,0
677,Spain,Male,42,7,8200.39779840758,3,1,1,131211.5821540408,0
596,France,Male,43,6,250000.0,1,0,1,68592.23019062888,0
558,Germany,Female,42,10,63864.76388713407,1,1,1,150511.98053470976,0
749,France,Male,51,0,30471.37934565999,3,1,0,62984.5091582333,0
621,Spain,Female,39,9,15296.59526432734,2,1,1,11600.0,0
463,Germany,Male,32,5,49537.50875251034,1,0,0,11600.0,1
734,Germany,Male,46,3,7645.496999113893,1,1,1,20359.074637035214,0
606,France,Male,18,1,146664.1856721607,1,0,0,63012.92121091274,0
707,France,Male,45,2,10193.103117621631,3,0,1,102058.29815092456,1
758,France,Male,54,3,74428.18674300383,1,1,0,200000.0,0
668,Germany,Male,46,9,21167.183366472,2,0,0,55787.72989544928,1
446,Spain,Male,23,6,12157.4653171401,4,1,0,157549.0291174622,1
453,France,Female,53,0,82686.53034102173,2,1,0,41732.81998998536,0
582,Spain,Male,33,0,109390.19981856651,3,0,0,136328.26167169027,0
644,France,Male,40,2,281.8488555422215,4,1,1,75287.7804188017,0
770,Spain,Female,51,1,182775.12905191703,3,1,1,187761.52599064083,0
679,France,Female,32,2,27402.07959474089,3,1,1,197590.2883147217,0
850,France,Male,40,2,5050.528884811691,4,1,0,200000.0,0
500,France,Female,25,10,30187.74801560262,3,1,0,92200.24380036155,0
662,Germany,Female,37,0,6310.375116113295,2,1,0,127949.51988874472,0
605,Germany,Male,27,5,14972.98997297742,4,1,1,103417.52851462948,0
673,France,Male,43,7,40766.94098938447,3,1,0,130517.3566660124,0
825,Germany,Male,24,4,22251.69604810828,1,1,0,156870.51989112745,1
831,France,Male,38,0,12928.44062640352,2,1,1,101397.97706728986,0
655,France,Female,33,10,10937.815577162604,4,1,1,120400.31768514788,0
736,France,Male,31,9,50611.08005216443,4,0,1,200000.0,0
671,Germany,Male,50,10,120224.86461755398,3,1,1,189838.50187412364,0
542,Germany,Female,28,6,2903.9763274362017,4,1,0,34716.31614308791,0
651,Germany,Female,33,10,14000.594616001164,4,1,0,100762.07295239031,0
599,Germany,Female,40,9,54742.32503675039,3,1,0,45436.781930405166,0
643,France,Female,45,8,218497.09929787923,1,1,1,149584.47004162378,0
564,Spain,Female,20,6,57183.01723466851,2,0,1,15495.83268844032,0
665,France,Female,37,8,2702.949895280125,2,1,1,171518.513782271,0
680,Germany,Male,46,9,9853.289342667242,4,1,0,40390.33958082725,1
720,France,Male,55,8,21359.97816804308,4,0,1,27954.45850954208,0
680,Germany,Male,39,1,8563.311102431862,4,1,0,12653.360200147654,0
813,Germany,Male,24,7,10061.544918590042,1,1,1,11600.0,0
850,France,Male,38,6,15986.452802973015,1,0,1,86865.55866825007,0
609,Germany,Female,34,6,23322.57594092589,3,0,1,86344.76157965996,0
747,France,Male,42,1,24866.230774232678,1,1,0,28643.86528760736,0
850,France,Male,57,0,34595.11076892531,1,0,0,27978.832825801524,0
749,Germany,Female,27,3,131718.49152845828,1,1,1,167761.08495728974,0
721,Spain,Female,49,6,250000.0,2,1,0,128021.6243805288,0
467,France,Female,48,5,995.5627782291564,4,0,1,127050.3572060376,0
594,France,Female,45,9,34038.057988098044,2,1,1,61112.79763139773,0
608,Germany,Female,41,1,69732.59013983604,1,1,0,50752.87883545794,0
788,Germany,Female,59,6,3805.9914205646896,4,1,0,11600.0,1
576,France,Female,51,9,141670.7989568481,1,0,1,158923.8101488211,0
641,Spain,Female,33,10,138798.6800629586,4,1,1,181501.0043565204,0
734,Germany,Female,39,8,11684.50435072606,2,0,0,138692.24415671657,0
572,France,Female,28,1,77029.50089810662,1,0,0,81451.48684357945,0
677,France,Male,52,9,43549.84206891683,1,1,0,66896.1139164321,0
664,France,Male,39,10,1724.3976573224809,2,1,0,142981.46208383673,1
737,Germany,Female,19,4,17641.42617775963,1,1,0,175904.28289944842,1
715,France,Female,18,10,15283.876396359878,4,1,1,145167.8588189961,0
712,Spain,Female,33,1,105895.90161052247,1,0,1,74667.64735473262,1
670,France,Male,30,0,113895.01085708068,2,0,0,165396.27431600512,0
482,Germany,Male,34,10,1753.748388291942,3,1,1,155892.86426473223,0
663,France,Male,36,6,67625.90402888638,1,1,1,150049.50061136164,0
655,Spain,Female,51,1,6383.333001816781,1,1,1,23639.64195540086,0
726,Spain,Female,53,5,78252.83355695111,1,0,1,17825.316723421565,0
607,France,Male,61,6,93413.82973848756,3,1,1,73363.12585207942,0
654,Spain,Female,56,0,3053.8815828292395,4,1,0,196434.3048062988,0
657,France,Male,45,10,19745.578862810213,2,1,0,112221.65257730852,0
578,Germany,Male,24,8,23877.147877258965,4,1,1,14325.429393918894,0
534,Spain,Male,47,5,155220.05044546025,4,1,0,87264.99302458952,0
688,Germany,Female,23,1,23174.755096611483,2,1,1,79480.06556096132,0
750,Spain,Female,42,0,14785.50290955162,2,1,0,195059.3748849912,0
587,Spain,Male,24,0,48339.422219978485,4,1,1,101555.43559274692,0
628,Spain,Male,58,1,8651.84299135567,2,0,1,103592.1264125676,0
732,France,Female,42,8,49052.84868423904,1,1,0,200000.0,1
742,France,Male,36,1,30677.49488449509,4,1,0,79353.78272879757,0
673,Germany,Female,34,0,65733.84234732758,4,1,0,179539.6001884049,0
691,Germany,Female,38,3,43234.78846327797,3,1,1,29559.966566698087,0
703,Germany,Male,31,8,9714.594210908215,3,1,0,108650.90955727229,0
721,France,Male,35,7,138530.99010505044,4,0,1,63177.04349304796,1
542,Spain,Male,18,6,29781.15006797172,2,1,1,149489.05559590147,0
841,Spain,Male,29,7,68238.76023759351,2,1,1,67841.10667498081,0
677,France,Female,27,1,37958.1109267016,1,1,1,176402.18469639454,0
722,France,Male,44,4,100224.67279416976,4,0,1,192432.20913019337,0
573,France,Female,39,6,20550.92666890097,4,1,1,70633.30598290407,0
631,France,Female,47,0,50924.99292731497,2,1,1,119112.2626462798,0
687,Germany,Female,34,5,4135.735616798015,4,0,1,103551.58146576233,0
469,Spain,Male,40,6,4046.4012101864905,2,1,1,11600.0,0
559,France,Female,18,7,92747.02748088568,4,1,0,59267.88849544165,1
577,Germany,Female,48,4,85291.14334343789,2,0,1,81189.78801216383,1
522,Germany,Male,51,7,22259.181734728325,2,0,0,76180.56288754658,0
660,France,Male,45,9,56352.70861060397,3,0,1,11600.0,0
642,Germany,Female,30,10,88300.16068249433,2,1,0,124227.44697587112,0
792,Germany,Male,44,0,7765.729438369173,2,1,1,47271.505614493566,0
537,Spain,Male,40,3,209115.33479671297,1,1,0,20355.305787221805,1
673,France,Female,19,10,108512.7996700864,2,0,1,22591.9588032881,0
561,Germany,Male,51,5,58707.10584389552,2,1,0,94735.2150796276,1
478,France,Male,28,3,39178.61442748842,1,1,1,15483.54283815097,0
708,France,Female,44,4,112654.6044919587,4,0,0,117816.83372754624,0
717,France,Female,39,10,67225.37316953574,1,1,1,168225.3193808714,0
705,France,Male,52,10,43939.65904149968,2,1,0,36850.26095025744,1
518,France,Female,30,1,111091.2473993341,4,1,1,123875.90568621208,0
658,France,Female,33,6,11825.34147998882,4,1,0,159783.50076156174,1
709,Germany,Female,45,8,14010.470829531254,1,0,0,26937.58518608456,0
745,Germany,Female,33,6,133043.30860949232,1,1,1,136717.97016145705,1
712,France,Male,53,0,3472.6744995454,2,0,0,166994.99482008864,0
746,France,Female,31,1,2362.9056171403254,3,1,1,142480.09796534493,0
756,Germany,Male,44,10,78496.95507062164,4,1,1,107855.5481433946,0
660,France,Female,38,7,26721.49696416363,1,0,0,200000.0,1
699,France,Male,32,0,123999.38290278777,2,1,1,97501.37390737448,0
749,Germany,Male,52,1,17883.036279547145,1,1,1,46618.605394767306,1
689,France,Male,28,4,16929.95302969202,3,0,0,11600.0,1
769,France,Female,44,5,157580.60390086847,3,1,1,140498.1322559131,0
737,France,Male,18,0,40345.78831875671,2,1,1,64180.27753388249,0
586,France,Female,42,0,47558.17836638092,3,1,1,64436.18826247606,0
519,Spain,Female,51,1,114177.06196358996,4,1,1,60022.43391938748,0
651,France,Male,37,2,23967.937288021883,2,1,0,117566.03603033068,0
531,Germany,Male,41,8,14241.732411919204,2,1,1,70586.22258272379,0
658,Germany,Female,56,2,42323.32718061564,4,0,1,17300.73056958533,0
649,France,Male,49,7,26383.479859460556,1,1,0,183210.7543482217,0
780,France,Male,18,5,8931.833836860551,2,1,1,51314.5353581189,0
700,Spain,Male,33,9,6312.246131467704,1,0,0,99623.05134783016,0
747,Spain,Male,36,4,64632.68569328458,4,1,1,109017.9109048985,0
601,France,Male,42,8,1740.1302127196982,4,0,1,100918.54738998896,1
802,France,Female,38,7,37490.42664745454,1,0,0,163890.84341222973,0
739,Spain,Male,33,10,19997.655019154627,1,1,1,134834.96023840702,1
692,France,Female,33,2,8179.444231722173,1,0,1,58615.00481376881,0
469,France,Male,24,6,110667.77948812084,2,1,0,90621.60167196264,1
767,France,Male,28,3,67457.85677644289,3,1,0,89964.74761423968,1
827,France,Male,47,7,74162.0417257236,2,1,1,125910.72641923308,0
651,France,Female,28,6,28625.10896497904,3,1,1,88685.42250016348,0
653,France,Male,30,2,52255.57081580829,2,1,1,88551.12469292218,0
598,Germany,Male,24,6,4745.389758397653,1,1,1,88045.37607714935,0
486,Germany,Male,42,5,7499.093987021535,1,1,0,38222.39740387964,0
593,France,Male,48,5,19472.37061523509,2,0,0,93738.83870330564,0
815,France,Male,50,10,30603.80830821658,4,1,0,103739.90764001483,1
757,Germany,Male,35,9,4925.800021726004,3,0,0,160188.43303480945,0
572,France,Male,38,2,41617.492452212806,2,0,1,102602.28988561126,0
592,France,Female,39,3,13708.855008208497,2,1,0,134671.1678118761,1
850,France,Male,34,3,74484.61875615358,3,1,1,123258.30983051914,0
547,France,Female,42,5,23.46499507461284,1,1,1,182677.8045890285,0
578,Spain,Male,50,8,100525.06357694158,1,1,1,114626.94985923612,0
607,Germany,Male,48,4,65946.58507510665,1,1,0,107383.66956828692,1
514,France,Female,37,7,39501.89873633867,4,1,1,118028.62155755518,0
596,Germany,Female,33,4,66881.61063126069,3,1,1,79503.9022797813,0
597,France,Female,27,5,22673.44179569512,1,1,0,156993.64707061558,0
559,France,Female,21,5,8871.84874672603,4,0,1,48008.495199002165,0
782,France,Female,44,3,457.6564389074651,1,1,0,182604.1680408925,0
533,Germany,Female,38,9,39765.110882912384,4,0,1,100047.2382856298,0
635,France,Male,39,9,17261.494856617173,4,1,1,102205.46131283406,0
562,France,Male,63,4,11956.60899988945,1,1,0,54157.12155538949,0
629,France,Female,54,3,100873.96419008994,4,1,0,100411.13733455502,1
557,France,Female,39,1,64579.72624289885,3,0,0,111115.29148132497,0
657,Germany,Female,41,1,231144.05185746992,3,1,1,78323.17051742571,0
682,Spain,Male,27,7,54171.11709016925,1,0,1,26323.275010051788,0
790,Germany,Female,45,3,112864.4245228738,2,1,0,86940.29136886564,0
591,Germany,Female,41,8,6297.218431189701,4,1,1,63737.51180525998,0
811,Spain,Female,30,5,64144.09316957479,2,0,0,59789.85741675138,0
569,France,Male,41,4,4508.515744567376,1,1,0,125100.14724570337,1
626,France,Female,49,6,4967.291547094642,3,1,1,169793.12493316794,0
826,France,Female,59,5,97538.51579595877,1,0,0,111981.11106004876,1
850,France,Female,23,3,22321.01701651742,1,1,1,73117.50744689589,1
818,France,Female,27,9,19021.493894518662,4,1,0,200000.0,1
627,France,Female,38,8,10153.75535785913,4,1,0,137240.36890236754,0
701,France,Male,41,5,33173.83876069775,2,1,1,200000.0,0
718,Germany,Female,55,2,11381.5943872063,2,1,1,113526.06686424254,0
684,Spain,Female,51,3,38593.02430441223,1,1,1,54120.66547124968,0
549,France,Male,18,3,54004.94675984564,4,1,1,200000.0,0
673,France,Male,34,7,53197.67549579804,1,0,0,192925.2253910398,1
599,Germany,Male,23,4,22678.932012800746,4,0,0,200000.0,0
553,France,Female,25,7,60876.17904901676,3,0,1,167165.97836606507,0
618,France,Female,44,10,15468.035597158549,4,1,0,71554.17856244478,0
681,France,Male,40,7,82430.03669874904,2,1,0,12792.837222548173,0
750,Germany,Female,55,5,5.755794133955234,1,1,1,77825.40705675141,0
624,Spain,Female,24,4,169907.76963729403,4,1,0,100163.47670027996,1
642,Germany,Female,38,1,28420.371552204702,2,1,1,44633.57444992509,0
730,France,Female,33,0,20322.97042355806,2,1,1,19899.839822633483,0
657,France,Female,54,6,48972.49350919742,1,0,1,61858.338233915456,0
688,France,Male,30,9,105638.40354775038,2,1,0,114589.50752554156,0
657,Spain,Female,41,9,21737.33012497251,1,0,0,82304.17976947782,0
670,Germany,Female,25,10,3630.821749317576,1,1,1,109224.60374347043,0
542,France,Male,53,6,21834.90590585848,4,0,0,184786.38225101208,0
662,Germany,Female,57,1,254.98252157187005,3,1,0,107301.1412888622,0
792,France,Male,32,2,10230.94442162705,4,1,1,171784.7671367976,0
666,Spain,Male,30,10,2670.4373787853024,2,1,0,37072.63940168701,0
566,Spain,Female,41,7,24517.282603874057,3,1,0,59100.20932637063,1
797,France,Female,30,3,3080.429903457683,2,1,1,86947.07150218358,0
722,Germany,Female,50,4,206527.8709255253,3,1,1,15440.905894257085,1
726,France,Male,43,6,76143.78353705331,1,1,1,42540.22330800823,0
724,France,Female,51,7,27196.1450175717,2,1,1,122847.50603695629,0
537,Germany,Female,28,0,78132.9722786386,3,0,1,163595.3777381493,0
714,Germany,Male,25,6,27009.443459603342,4,0,0,44750.30188879526,0
788,France,Female,42,2,52075.90972568661,1,1,0,99441.96447288925,0
601,Germany,Female,55,4,86162.84848838956,1,1,1,91522.76428708174,0
457,Germany,Male,29,0,57664.37879136897,2,1,1,129486.84845926282,0
686,France,Male,43,10,4414.83791718375,2,1,1,85567.39500914805,0
653,France,Male,32,2,2222.970242170108,3,1,0,93809.80822279595,0
495,Germany,Female,49,4,42187.450251800576,1,1,1,128041.14500576183,0
710,France,Male,30,0,10934.460096984076,1,1,1,11600.0,1
703,Spain,Male,41,1,207049.8956832578,2,0,1,172281.47314388416,0
503,France,Male,50,2,821.4202811726811,1,1,1,107393.77273757788,0
838,France,Male,25,7,69020.78880812075,4,0,1,45579.91050536364,0
725,France,Male,45,4,2168.521582545678,3,1,0,79662.93959340968,1
460,Germany,Male,35,4,47192.41332181012,1,1,0,165401.64420195733,1
731,Germany,Male,47,2,27240.123539883665,1,1,1,11600.0,0
728,France,Male,42,8,50095.5912107456,1,1,0,107565.69005104124,1
791,France,Female,34,8,71765.4896299543,3,1,1,125960.76133067554,0
587,Spain,Male,38,1,1688.2030309906738,2,1,1,200000.0,0
733,France,Female,20,7,36829.94090507188,4,0,0,13246.14518734366,0
626,France,Female,47,0,142659.38448776602,2,1,0,104298.82377612196,0
594,France,Male,57,4,12281.169731807324,1,1,0,91533.55691630232,0
563,France,Male,33,6,4031.679447245848,4,1,0,200000.0,1
459,France,Female,38,7,73694.02427320165,1,1,0,153704.56423336844,0
704,France,Female,54,7,67631.72144462272,3,1,1,182064.24586791795,0
622,France,Male,21,5,24727.48191652848,3,0,0,151975.0767706307,0
376,Spain,Male,44,6,88670.60305560983,3,1,1,17504.621832768375,0
657,France,Male,55,3,39252.279314561296,1,1,0,140268.15880058956,1
765,Spain,Female,32,9,32252.17670017555,2,0,1,170364.53527571238,0
519,Germany,Female,33,6,86257.94671886515,2,1,1,200000.0,0
578,France,Male,52,6,5164.794837264572,1,0,1,99766.72395792992,0
694,Germany,Male,28,8,12673.686061646706,1,0,0,11600.0,1
394,France,Male,47,10,29361.54808426753,4,0,0,79953.2891412736,0
596,France,Female,42,1,4465.231643517997,3,1,1,90162.79803376325,0
684,Spain,Female,50,10,250000.0,2,1,0,102488.29076883884,1
593,Germany,Female,37,7,18809.71062621982,2,0,1,200000.0,0
520,Spain,Male,54,8,147580.5567438844,4,0,1,100310.16917390276,0
524,Spain,Female,35,2,32165.650411080176,4,1,1,75091.9560652377,0
488,France,Male,24,7,129193.4230225218,1,1,0,69625.13267393096,1
586,France,Female,23,0,28989.57903219914,1,1,1,112000.1031189461,0
755,France,Male,28,9,84295.60010370924,1,0,1,65926.85039865036,0
850,Spain,Female,45,4,69534.92354546141,3,1,1,21311.779756564007,0
653,Spain,Male,31,0,146774.47539220745,2,1,1,100799.4924504728,0
726,Germany,Female,38,0,50729.85662002176,4,1,1,138626.32619142198,0
555,France,Male,39,5,12879.312366832266,2,1,1,29306.010597734698,0
440,France,Male,31,4,39033.56602746093,1,0,0,97818.72573277765,0
835,Spain,Male,40,4,7883.869858578145,3,1,1,182270.26110563416,0
590,Spain,Female,48,1,20388.64366512681,2,1,0,11600.0,0
721,France,Male,39,9,77839.41206198264,1,0,0,75177.90155190646,0
665,France,Male,48,8,703.3197641562064,4,1,0,147419.73535317578,1
749,France,Male,35,4,48493.03649533065,1,1,1,84352.59029483557,1
745,France,Male,41,2,59043.15171383564,1,1,1,100362.32142594656,0
677,Spain,Male,39,10,115024.7924956905,2,1,1,131171.3637235785,0
688,France,Male,49,6,70624.93824214561,3,1,0,11600.0,0
771,Germany,Male,43,5,25777.045401969237,4,1,1,29752.4709972156,0
609,France,Male,32,10,72531.61943295157,4,1,1,131347.45094153087,0
805,France,Female,43,5,49105.33666009632,4,0,0,134147.47097853955,0
579,France,Male,29,4,44185.22910074938,3,1,0,65440.30320218077,1
657,Spain,Female,43,3,3830.164449600843,4,1,0,197494.54436545368,0
712,Germany,Male,38,5,38791.93000051996,1,1,1,106014.43703272183,0
487,France,Female,40,6,100906.7531565926,3,0,1,51067.90094886686,0
788,France,Male,38,7,28710.546641831923,4,1,0,141980.15407955894,0
697,France,Female,32,1,60896.48872862942,3,1,0,101149.1031135783,0
850,France,Male,31,3,117034.02045045186,1,1,0,47553.44115842054,0
850,Germany,Male,49,10,38196.61866939029,2,1,1,11600.0,0
648,Germany,Male,57,6,4612.5852367652205,3,1,0,83086.127341557,0
828,France,Male,41,2,2788.805809840469,2,1,1,40442.46198877938,0
734,Spain,Male,39,4,79901.21867247367,3,1,1,109563.47290609112,0
673,Germany,Male,26,9,1662.4917121771257,1,1,0,134776.5665101847,0
484,France,Female,21,6,250000.0,2,1,1,11600.0,0
507,France,Male,22,8,6820.1405549246265,4,1,1,86360.80539964468,0
650,Spain,Male,44,5,74613.40558132122,4,1,0,200000.0,0
600,Germany,Female,21,1,101140.44066464946,2,0,1,107376.60302512352,1
672,France,Female,45,8,18295.05239915401,3,0,0,75812.5485137297,1
787,Germany,Male,28,5,39003.186810165,2,1,0,112024.40638108976,1
736,France,Female,40,9,152220.35958313695,4,0,1,146207.8972691623,0
580,Spain,Male,34,1,155227.050119641,3,1,0,116524.31984270616,1
742,Spain,Male,28,0,133043.01894332143,2,0,1,11600.0,0
558,Germany,Male,25,3,16072.746272681434,3,1,1,73849.46743209386,1
535,Germany,Male,21,1,3069.4851252072804,3,1,1,61736.92179648492,0
688,France,Male,28,6,5423.267571209013,1,1,0,119742.3068784037,1
568,Germany,Male,61,10,7650.371507465455,1,1,1,101313.57347133289,1
585,Spain,Male,52,6,55688.04671733992,3,1,0,143616.63097335157,1
749,France,Female,40,2,81084.96736185403,4,1,0,29541.88625229377,1
715,Germany,Female,35,10,2581.810818818796,4,0,1,177217.75118959526,0
612,Spain,Female,33,9,110548.31385615066,3,1,1,200000.0,0
487,France,Female,40,0,68778.3457614124,3,1,0,11600.0,0
576,France,Female,33,1,37781.54019844985,1,1,0,147477.36938915862,0
844,Germany,Female,33,7,230060.4982991533,4,0,1,64454.77720551386,0
746,Spain,Female,43,3,15406.903595487667,1,0,1,99433.8468521689,0
792,Spain,Male,28,2,12295.527882784085,4,1,0,81023.37247013769,0
675,Germany,Male,18,9,20383.59120364666,4,1,0,171779.25566761417,0
614,Spain,Male,33,6,37382.35745286008,2,1,0,87146.66984879615,0
740,Germany,Male,53,9,24456.242471174563,3,1,1,34584.697803373594,0
778,France,Male,22,3,88451.32117139461,2,1,0,92043.66461473607,0
602,Spain,Male,26,1,112447.68117106086,4,0,1,11600.0,0
578,France,Female,32,2,170061.38125997537,1,1,0,11600.0,0
497,France,Male,23,3,85256.47333944499,3,1,0,144174.2896015568,1
576,France,Male,54,0,46839.01764930969,2,1,0,102531.03713718012,1
716,France,Male,39,7,47546.07557264499,4,1,0,56004.22817909333,0
590,France,Female,21,10,10319.941121865882,4,1,0,112681.7157857232,0
743,France,Male,37,7,15272.771637528154,2,1,0,16806.328140852056,0
846,France,Male,38,4,250000.0,3,1,0,11600.0,0
652,France,Female,36,5,15143.061014729888,2,0,1,103930.24869510958,0
648,France,Female,37,3,31449.830946773884,2,0,0,174978.9027276765,0
704,Spain,Female,37,10,24331.86568249679,1,0,1,38448.53260512881,0
592,Spain,Female,42,2,58279.04019033547,1,1,0,88605.93900429388,1
585,Spain,Male,42,2,20435.76957558432,2,1,0,139930.5339322632,0
588,France,Female,24,3,57434.78300369811,2,1,1,141157.8791843759,0
535,Germany,Male,39,5,161956.4306757095,4,0,1,133754.4541893485,0
739,France,Female,40,1,14543.468906579526,3,1,0,37072.59458803219,0
600,France,Male,32,5,23155.540067610724,4,1,1,108629.67100567138,0
761,Germany,Male,56,7,20940.827003540348,1,1,0,53900.13585293375,0
702,Germany,Male,38,8,17859.273425085066,3,1,0,39419.47243373375,1
647,Spain,Male,44,3,15755.052556622575,3,1,0,106933.12815042172,0
730,Germany,Male,34,4,49718.38176421238,1,1,0,63113.35682035369,0
555,France,Male,35,7,39715.813908329445,4,1,0,114521.29414600183,0
571,Spain,Female,42,9,35531.62376519438,2,1,1,78062.38380936063,0
721,Germany,Male,25,1,80618.98184827932,2,1,1,119733.35314288895,0
430,Spain,Male,46,9,7922.257199152258,3,1,1,164927.1699381542,0
651,Spain,Female,26,1,9299.93597652832,3,1,0,86409.72378513584,1
709,France,Female,47,8,35980.82771235963,2,1,1,51097.02309230988,0
781,France,Male,36,10,21826.675088488635,3,1,1,158082.34616379722,0
801,France,Male,59,5,9545.248638117251,2,1,0,144165.68066476844,0
636,France,Female,48,9,58661.2955917313,1,1,0,131282.14390238133,1
727,France,Male,48,8,34266.395052017455,1,1,0,89401.09285003794,1
569,France,Male,40,9,11297.263160858842,2,0,1,34848.91106180096,0
605,Spain,Male,49,6,15353.798659239732,3,0,1,128341.39067532812,0
786,Spain,Female,46,4,64196.39492655545,1,1,0,94851.3448301678,1
646,Germany,Male,19,8,19835.667501785112,2,0,0,76524.00255863872,0
665,France,Male,30,8,11440.383773697878,2,1,0,104287.4131519461,0
546,France,Female,29,1,168486.4751613009,3,0,0,74812.22123283718,0
692,Germany,Male,31,7,4608.2144820962185,3,1,1,150083.96135458382,0
725,France,Male,36,7,7944.747783154105,4,1,1,112081.27830213134,0
722,Spain,Male,44,1,63164.65672810657,3,1,1,195650.4015212464,0
528,Spain,Female,50,9,27731.151060128195,1,1,0,174413.0657384222,1
749,France,Female,45,6,69904.4428982156,1,1,1,60591.30040702468,0
550,Germany,Female,51,0,40235.01547026607,1,1,1,18416.684463825208,0
647,France,Male,28,4,2052.324582149071,2,1,0,130228.69646357904,0
488,Germany,Male,33,4,57624.06641560648,2,1,1,105347.84833343506,1
632,France,Male,36,9,81933.90466179115,2,1,1,159660.75454588054,0
549,France,Male,32,4,40223.4794916359,1,1,0,57772.66371439179,1
605,Germany,Female,27,1,18376.63329948113,4,1,1,38579.71152782464,0
655,Germany,Female,42,2,782.1785379271278,2,1,0,125232.35012492246,0
732,Germany,Female,31,5,118587.34032766608,4,1,1,182892.42418183392,0
729,France,Male,47,0,61375.67509424241,2,1,0,48383.26623936684,0
416,Germany,Female,26,5,2291.563522429721,1,0,1,94319.26659669683,0
717,Spain,Female,47,5,91814.3585888932,4,1,1,157339.18898929222,0
670,Spain,Male,41,6,2726.03808722449,2,1,0,126592.45607833152,0
593,Spain,Female,41,8,62148.87064310003,1,0,1,76540.88137192366,1
561,Spain,Male,41,8,59219.48842557361,2,1,1,132529.46102470096,0
643,Germany,Female,38,3,123935.16327375696,3,0,1,135869.13478941796,0
673,Germany,Female,38,1,9041.914488030974,1,0,0,107032.46054085196,1
687,France,Male,36,4,41882.20954058975,2,1,0,90141.4673214444,0
630,France,Male,41,0,39340.36144702291,4,1,1,110174.04620173627,0
397,Spain,Male,44,4,1780.282127133621,2,1,1,52439.3358948262,0
600,Spain,Female,34,9,50848.08085356971,4,0,0,87244.88265394702,0
531,Germany,Female,52,2,14653.450948856023,3,0,1,120979.91393162544,1
850,France,Male,35,6,20210.162752504475,3,1,0,165451.2268896611,1
655,France,Female,31,6,13810.995556284828,4,1,1,50973.878973151535,0
724,France,Female,37,2,2877.387699026508,2,0,1,129304.96247643523,0
713,France,Female,31,4,9113.765906252278,4,0,0,48143.70192083559,0
681,France,Male,43,8,11616.029841445734,3,1,0,142646.4228576194,0
608,Spain,Male,37,3,43057.65268644861,3,1,1,172546.71012790554,0
595,France,Female,46,1,7248.76131924512,3,0,1,35960.24245432104,0
447,Germany,Male,38,2,126734.6193579194,4,1,1,67928.95165810104,0
664,France,Female,38,10,13184.384427506397,3,0,0,54307.88315097026,0
680,Spain,Female,34,0,52740.96691452398,2,1,1,92369.29130597349,0
645,Spain,Male,47,4,8573.913901667702,4,1,0,73658.55689948199,0
664,France,Male,36,8,79269.64068646505,3,1,1,157474.415475194,0
529,Spain,Male,41,1,3709.9300657200074,4,0,1,116146.70757982784,0
620,Germany,Male,49,2,66892.98789986482,3,1,1,120228.72438699105,1
585,France,Male,38,2,24974.95359664589,1,0,0,84546.1057224946,1
716,Germany,Female,38,6,31322.98331793088,3,1,1,131654.10367020924,0
654,France,Male,36,9,22810.49437157705,2,0,0,164816.38223712923,0
586,Germany,Male,40,6,25712.193590543964,1,1,1,76507.01546102953,0
634,Spain,Male,47,10,266.9717797730968,4,0,0,148741.95249332133,0
546,Spain,Male,46,0,1324.865945512346,3,1,1,40716.01990176018,0
617,France,Male,43,2,78978.48001489467,1,1,0,200000.0,0
708,France,Male,51,0,12007.175300432276,4,1,0,56462.55164284478,0
516,France,Male,39,8,46735.13093422902,1,1,0,172074.11142421866,0
643,France,Male,53,6,52968.43687788597,2,0,1,60523.62682641845,0
575,France,Male,49,4,59863.29883928687,4,0,1,110500.39376575686,0
516,France,Female,32,6,45483.3489016098,2,0,1,143063.8143284893,0
836,Germany,Male,46,2,49548.93882202396,3,1,0,151297.3443056167,1
775,Spain,Male,20,2,43554.48342324224,4,1,1,119783.7407539837,0
590,France,Female,51,0,131678.68324538102,1,1,1,151239.2890263947,1
621,France,Female,38,4,54619.36745405312,1,0,0,17598.97107254727,0
447,France,Male,31,6,21765.423354355586,4,1,0,105968.34844544897,0
490,France,Male,21,2,22052.260630426532,1,0,1,180410.97470129177,1
537,France,Female,37,4,4147.713657929383,4,1,1,149628.25546726905,0
646,France,Male,51,9,240091.3697344974,2,1,1,94331.91723036072,0
638,Germany,Male,41,0,110712.97196900444,2,1,0,111536.10747586274,0
683,Spain,Male,35,6,2201.1942682266763,2,1,0,57564.78169523383,1
717,France,Female,37,10,98945.0540695696,2,1,0,11600.0,0
677,Germany,Female,52,7,7449.608465545654,3,0,0,149533.19959644336,0
541,France,Male,45,7,13659.311864002246,4,0,1,127734.78229006677,0
682,Spain,Male,38,0,57094.60816397723,4,1,0,115876.3209561092,1
713,France,Male,48,3,65506.39672087927,3,1,1,11600.0,0
607,France,Male,46,8,35235.66437490816,1,0,0,86444.8980094098,0
465,France,Female,30,1,171701.830953236,3,0,0,11600.0,1
768,France,Male,35,0,33629.49494886125,1,0,0,11600.0,0
658,Germany,Female,53,5,14944.585444951455,1,1,1,63609.97792712632,0
372,Spain,Male,45,10,455.0591397326234,2,1,1,197416.02428811515,0
850,Spain,Male,56,10,100983.51775936507,4,1,1,118736.47521146978,1
602,France,Male,44,0,25151.93053247696,2,0,0,83537.33195655263,0
850,Germany,Female,31,5,76286.47848839937,3,1,1,76927.33763416932,0
687,Germany,Male,38,0,74328.66862516582,3,1,0,67961.08694366309,0
629,Spain,Female,46,5,2227.2123111007545,3,1,0,172682.4307485355,0
668,Germany,Male,38,8,86179.05325254172,1,0,1,98709.63522468088,0
579,Germany,Male,39,4,17064.537978499324,1,1,1,191825.21539147763,1
656,Germany,Female,59,3,92015.19766542,2,0,1,98719.17598436262,0
850,Germany,Male,36,7,33880.61711910736,3,1,0,200000.0,1
560,France,Male,42,3,44774.301463139935,4,1,0,158226.10905464715,1
703,France,Male,41,3,5344.226947095182,2,1,0,98053.48287866024,0
578,Germany,Male,48,10,23844.481853590994,3,1,1,52764.80762232834,0
633,Spain,Female,41,8,176840.94958576653,3,1,0,116726.8806602445,1
847,France,Male,40,0,130110.5558509516,2,0,1,36982.26346210206,0
702,Spain,Female,59,2,250000.0,1,0,1,111970.73812338742,1
724,France,Female,37,10,35689.50323797152,3,0,0,200000.0,0
657,France,Male,46,3,85262.82657503033,2,1,0,152563.4336243421,0
850,France,Male,26,7,30352.97390610057,3,0,0,74541.26885239448,0
555,Spain,Female,39,0,141852.13402162932,1,1,0,77017.99548985763,0
492,France,Female,38,2,213400.9825162303,2,0,1,125931.4289652832,0
818,France,Male,38,1,105101.8925970446,1,0,1,74591.55864513159,0
611,France,Female,21,5,48532.49719419753,3,1,0,125564.08901805517,0
691,Germany,Female,35,8,225284.0547013054,4,1,1,68835.7478487045,0
821,Spain,Male,30,9,205960.7210054834,1,1,1,58962.5199080613,0
692,France,Female,49,8,32225.38159083107,4,0,0,66186.57538733646,0
850,Spain,Male,30,9,18103.862184108297,3,1,0,152764.12681048943,0
663,Spain,Female,45,4,10377.09122375808,3,1,0,118538.0343654118,0
579,France,Male,45,2,56507.06986984645,3,1,0,127732.87258720396,0
414,Spain,Male,33,7,1770.8755401390054,2,1,1,199036.6271330136,0
680,France,Female,30,8,72159.70997071527,1,1,1,70652.63926004188,0
426,France,Male,36,8,2634.20967527198,1,1,1,16323.560995883849,0
682,Germany,Female,35,10,15419.547651108314,2,0,0,119631.42493797916,1
795,Germany,Female,29,0,34457.48778833164,2,0,0,123543.56037383316,1
648,France,Male,36,9,5125.613858728541,1,0,0,123606.13698389518,1
669,France,Male,42,4,1848.64088230448,3,1,0,82582.3846873109,0
741,Spain,Female,27,9,32677.322902570217,1,1,0,149857.58702278856,0
716,Germany,Male,37,8,108910.62912849644,3,1,1,158226.36080257432,0
766,France,Female,33,10,26238.995459232105,4,1,1,162671.8902404262,0
648,France,Male,39,2,11174.639626191318,4,1,0,114729.94946021936,0
424,France,Female,57,6,26242.05932007705,3,1,1,81026.22184186507,0
767,France,Male,23,8,64120.95317256152,1,1,1,129643.65383459796,1
626,Germany,Male,37,1,2112.1209008982305,2,1,1,70167.49583293949,0
562,Germany,Male,41,1,1561.400347484257,2,1,0,126029.53602057073,0
683,France,Male,33,4,31067.561721777893,4,0,0,143941.78415757892,0
668,Spain,Male,42,7,56457.83798739282,3,1,0,88852.19665315245,0
575,France,Female,24,9,47564.45025111682,1,1,0,64367.42324669858,0
521,Germany,Male,35,4,50780.87340238507,4,1,0,11600.0,0
696,France,Male,18,7,9059.185551015811,1,1,1,195385.02525316933,0
565,France,Male,36,3,38689.16157521115,2,1,1,11600.0,0
661,France,Female,26,8,23734.5486947644,1,1,1,110060.70897080412,1
687,Germany,Female,42,3,5854.528311588187,2,0,0,171405.343651733,1
746,France,Male,53,4,6851.885939537997,3,1,0,31791.38031294072,0
850,France,Female,41,6,51830.26618259825,4,1,0,200000.0,1
673,France,Female,38,8,157584.97356980393,1,0,1,158078.08702457807,0
607,France,Male,33,4,5619.24234104823,1,1,0,11600.0,0
815,France,Female,36,6,34148.99545367794,2,1,0,101442.20065708978,0
754,Germany,Male,36,3,14246.056217849347,4,1,0,179895.72201850498,1
666,France,Female,39,1,16537.010995450415,3,1,0,79336.59977160356,1
673,Germany,Male,43,1,12709.416269819843,3,1,1,137066.4168589329,0
652,Spain,Female,31,4,39448.93761923715,4,1,0,123101.89416449916,0
666,Germany,Male,50,1,2919.233521915012,2,1,0,150730.2006339941,0
639,Spain,Male,36,1,67836.2713032145,3,0,1,60942.432965365886,0
552,Spain,Female,39,1,46662.938090148,1,1,1,11600.0,1
650,Spain,Female,51,3,24292.911106285563,1,0,0,132125.81550437745,0
825,France,Female,18,7,12285.454418786316,2,1,1,178583.04699435254,0
568,Spain,Female,18,6,38427.95780255192,3,1,1,85950.95182860695,0
622,Spain,Female,42,4,155224.66853021402,4,1,0,129841.3183406934,0
560,France,Female,39,6,61568.25238147892,3,1,1,142728.63092437503,0
765,France,Male,53,5,16380.475984759729,1,1,1,52087.92423403398,1
732,Spain,Male,27,7,67917.97782258973,2,0,1,31706.936109542046,0
522,Germany,Male,43,7,35063.09109291051,4,1,1,48034.99558151949,0
448,France,Female,35,6,2460.438644345146,2,1,0,92031.9741474086,1
736,Spain,Male,48,4,48056.05186480507,4,1,1,95422.80939664222,0
516,France,Male,18,5,13321.779310862155,4,1,0,11600.0,1
732,France,Male,36,10,26352.735417500084,1,0,0,126160.77478240836,1
586,Germany,Female,46,10,32549.19341624291,1,0,1,123987.193777456,1
719,Germany,Male,31,9,80299.16404766466,4,0,0,109043.33805872376,1
694,Spain,Male,38,7,43383.174663591104,3,1,0,45050.6146982792,0
596,France,Male,39,6,20783.07688165598,4,1,1,186321.37168628623,0
562,Spain,Male,42,4,53537.49353766153,4,1,0,70492.6212325886,1
707,France,Male,28,9,10665.544994455897,4,1,0,41014.92987672086,0
580,Germany,Male,34,7,86521.75384827376,2,1,1,158989.53719398438,0
760,France,Male,43,3,11246.65073910495,1,1,1,93622.58755442128,0
566,France,Female,46,5,40882.467680476126,4,1,0,11600.0,0
685,Spain,Female,40,3,11478.718230254142,2,1,1,104432.63006230036,0
610,France,Male,35,4,19693.852510988698,2,1,0,56462.57494940208,0
650,Spain,Female,39,9,27451.343454827336,3,1,0,17143.484340204173,0
579,France,Female,47,2,22897.39263647155,1,1,0,77248.39937648912,0
632,France,Female,41,1,135804.0277221749,3,1,1,44750.80904186272,0
393,France,Male,27,10,12647.335975905413,4,1,1,45822.79758756045,0
568,Germany,Male,27,0,9931.68411199936,4,0,0,111260.4246027071,0
591,France,Female,39,2,36442.48394492343,1,0,1,159237.38947133513,1
642,Germany,Male,22,10,148714.19028878948,4,1,0,11600.0,1
779,Germany,Male,46,0,34991.35270979139,1,1,1,163315.08903060784,0
580,France,Male,29,5,160167.93824246997,2,0,1,91592.73636844232,0
791,France,Female,27,10,10557.994886183116,1,1,1,197614.7949590908,1
563,France,Male,55,1,515.4669400608825,2,1,0,153798.92877995662,1
539,Spain,Male,33,2,18044.56276904497,1,1,0,11600.0,0
461,France,Female,41,7,50832.9798545404,1,1,1,115929.9569410249,0
710,France,Female,44,4,44830.534267597206,2,1,0,137145.5327919859,1
658,France,Male,53,1,13835.422823326073,3,0,0,50301.84952821064,0
704,Germany,Male,33,1,54172.51346543517,2,1,0,154451.08113161626,0
663,Germany,Female,40,2,88670.63547667052,1,1,1,141189.43503996177,0
649,Spain,Male,37,2,58108.98323789943,4,1,0,86689.894216238,0
678,Spain,Female,62,7,65071.48272511049,3,1,1,98300.92470305412,0
850,France,Female,18,4,18380.062879640875,4,1,0,85576.87859092766,0
602,France,Male,37,7,37666.97775000255,1,1,1,124077.00168719912,0
850,Germany,Male,38,3,2182.200386742446,3,1,1,167095.6598086131,0
735,Spain,Male,37,8,22242.636178899687,3,0,1,79903.14743007999,0
686,France,Female,24,2,84565.69357272385,1,1,0,122133.54988841736,0
705,France,Male,20,1,78058.48734714295,4,0,1,143822.4091640025,0
350,Spain,Male,23,5,141341.7203315107,4,1,0,200000.0,0
623,France,Male,47,10,173307.9554928002,1,1,0,52352.53267291972,1
582,France,Male,38,3,179993.11931278888,3,1,0,20614.23715796952,0
850,Spain,Male,21,1,8562.03694795675,3,1,0,81587.39649350033,0
615,Spain,Male,53,5,6427.681235340374,1,1,0,160752.80087717582,1
647,France,Female,58,3,104004.99637307363,4,1,0,11600.0,0
645,France,Male,42,9,24155.45758806356,4,1,0,123265.2350347515,0
519,France,Male,43,10,22094.78847686406,4,0,1,52032.8415884514,1
593,Spain,Female,39,3,38143.32769255855,1,1,0,69762.82115568164,1
731,Spain,Female,32,9,30020.42018287729,2,0,0,93669.76077309054,0
436,Spain,Female,20,3,12618.35236891758,1,1,0,103096.66278507804,1
681,France,Male,28,3,93091.63934712646,2,0,0,20951.03696477401,1
559,France,Male,38,7,119988.41973706229,4,1,0,40260.48464038235,0
779,Germany,Female,44,0,68818.46238882859,1,1,0,102948.5809165406,1
689,France,Female,36,8,2463.300047768002,2,1,0,167587.8296533515,1
498,Germany,Female,38,2,6273.429543640866,4,1,1,193843.54434470812,0
608,Germany,Female,39,4,21233.24500904577,4,1,1,173363.59290729655,0
695,France,Male,40,4,40676.58382164084,4,1,0,27384.11011047545,0
619,Spain,Female,33,3,47018.23352319058,1,1,1,82210.43680069708,0
664,France,Female,43,3,5267.761912740041,4,0,1,86323.23585722978,0
648,Germany,Male,27,6,161246.27202838872,4,1,1,157244.93335891055,0
736,France,Male,42,3,37705.44645852808,3,0,0,172941.55559616507,0
693,Germany,Male,23,9,28259.432611562603,2,1,0,116453.6632305686,1
645,Germany,Male,27,2,10605.10166749347,4,0,1,162637.34215787952,0
651,France,Male,31,10,150637.2930301273,1,1,1,200000.0,0
541,France,Female,40,8,29655.666447442123,2,0,0,171444.6646255468,0
796,France,Female,41,3,6266.0005269596,4,1,0,79946.90724262627,0
850,France,Female,30,3,47643.18463521262,4,1,1,34287.668677800364,0
616,Germany,Male,24,9,21550.87429561047,2,1,0,83059.38523256595,1
654,France,Male,51,7,82512.04978355402,2,0,1,200000.0,0
751,France,Female,39,10,39424.096796679,2,1,1,11600.0,0
750,France,Male,37,6,5585.654937852784,1,1,0,67671.86269309696,0
667,Germany,Male,42,3,69435.96342801118,2,0,0,183642.1576372303,0
552,Germany,Female,29,7,18168.192541966117,1,1,1,37960.539854921,0
831,France,Male,49,9,26233.04503686741,4,1,1,137158.36390879218,0
718,Germany,Male,44,1,74726.12388908827,2,1,0,151987.40980922093,0
672,Spain,Male,36,8,5627.827735070653,3,1,0,11600.0,0
577,France,Female,38,1,190336.29308874707,1,1,1,35378.34392958676,0
655,Germany,Male,36,9,60547.57470814636,4,1,0,39362.22246451671,0
468,France,Male,52,2,10696.41706800583,1,1,1,130471.12932149136,0
724,France,Female,43,5,2994.146624859168,1,1,0,96485.95554072228,0
748,Germany,Male,44,6,39321.87570958961,1,1,1,95733.4393263296,0
672,France,Male,39,8,23841.983223955875,2,0,1,74259.7023443302,0
553,Spain,Female,38,7,1497.44396078876,3,1,0,48127.5242343877,1
695,France,Male,57,10,46980.36719634553,3,1,1,178773.96408563206,0
728,France,Male,35,5,18462.568990107266,4,1,1,200000.0,0
575,Germany,Female,41,7,19429.11892973284,4,1,0,112096.00012644066,1
743,Germany,Male,59,10,8847.110771739664,3,0,1,74086.93266172755,1
702,Germany,Female,52,10,7563.141038016807,3,1,1,60159.34204770558,0
622,France,Male,42,4,7794.226908096437,1,1,0,11600.0,1
594,Spain,Male,23,9,108604.1650567281,4,0,0,95328.10163198489,0
632,Spain,Male,60,9,38079.64122017984,3,1,0,11600.0,0
552,France,Male,36,8,31689.79561624082,3,1,0,121850.96530651124,0
676,Spain,Male,39,3,60948.86755026766,3,1,1,75022.66236768369,0
705,Germany,Male,49,0,19266.048145052308,4,1,0,189231.1142130409,1
766,France,Male,36,7,86361.6770900664,1,0,0,118982.49316892194,0
679,France,Female,41,4,10982.20585866167,1,1,1,40700.52025279499,1
689,France,Male,39,8,81142.2515339524,2,0,0,152648.9937427346,0
623,Spain,Male,35,2,2883.960426743396,4,0,0,32760.91437641985,0
562,France,Female,42,8,8529.893264578881,2,0,0,101987.35412238564,0
607,Germany,Male,32,7,111585.1530760257,3,1,0,62336.25541776827,0
792,France,Female,27,5,5771.012542479688,1,0,1,135854.44788457677,1
713,Germany,Female,44,10,14088.80341995952,4,1,0,86958.99476033659,0
690,France,Female,51,9,2181.7661782846603,1,1,0,45306.74276362433,0
468,Spain,Male,31,9,45647.881597588006,2,1,0,130549.75849527476,0
681,France,Female,33,10,19853.331544902365,3,0,1,124701.17959092867,0
517,Spain,Female,39,7,50186.00555684726,1,1,1,162310.15468074635,1
524,Spain,Female,39,7,4484.232517738281,2,1,0,97068.16716364842,0
535,Germany,Female,19,6,25135.05019800058,2,0,1,114283.2870996214,0
572,France,Female,34,6,23235.06659663538,4,0,0,153029.89848400134,0
733,France,Female,56,2,38483.26716094447,3,0,0,171206.0787511961,0
672,Spain,Male,52,6,17480.225668819767,3,0,0,54288.26686878613,0
555,France,Female,56,2,209177.76178543447,1,1,1,78070.60742011771,0
591,France,Male,45,10,18992.09494115829,1,1,1,200000.0,0
699,Germany,Male,33,8,59597.47356428794,2,1,1,137244.34459421807,1
719,France,Female,41,10,22809.00822275597,1,1,0,131588.27744732308,1
663,France,Female,44,4,38139.22685151228,3,1,1,11600.0,0
535,Germany,Female,35,10,12852.340189670143,4,1,1,23823.027199338238,0
608,France,Female,21,7,9484.907142561797,1,1,0,101469.0548468407,1
850,France,Female,48,2,179481.95581910308,1,1,1,156115.94204493947,0
528,Germany,Male,34,2,38928.63836476845,1,1,0,14610.395644230111,0
687,France,Male,45,2,30884.505340444997,4,1,1,42904.162103965245,0
850,Germany,Male,23,7,51301.55766000028,3,1,1,59711.116767012165,0
622,France,Male,32,8,12644.883803793844,1,0,1,109071.0517138304,0
833,Germany,Female,42,6,86290.93723480664,1,0,0,117093.09853818486,0
581,France,Female,45,0,14266.633950077125,4,1,0,153349.1822157628,1
452,France,Male,46,5,39102.16434300317,3,1,0,53522.35463160678,1
592,France,Male,38,2,6801.320931945079,3,0,1,44136.12121341255,0
574,France,Male,40,0,42732.27153470727,4,0,1,37777.68305547752,0
482,Spain,Male,42,9,32981.39685619116,4,0,0,40468.824464276106,0
608,France,Male,42,1,16470.130084067776,1,0,0,54769.9967165404,1
749,Germany,Male,44,2,18374.222590934834,1,1,0,137479.384245765,0
590,Spain,Male,27,6,492.99646439786864,3,1,0,90590.64829189426,0
612,Germany,Female,57,5,1384.833139007411,2,1,0,63133.70161560128,1
787,France,Male,37,1,45921.84192213901,2,1,1,86807.52620210098,0
575,France,Female,38,4,63359.10049263501,4,1,1,106551.79140000234,0
711,Spain,Female,36,0,39582.32973932985,3,1,0,125258.19557785377,1
479,Germany,Male,41,2,4273.059363874716,2,1,0,37309.96162434429,0
553,Germany,Female,24,0,141401.02070266686,2,0,0,90357.24192921116,0
628,France,Female,34,2,62488.99991027506,4,1,0,134888.19354583515,0
770,Spain,Male,19,1,13549.42730196012,3,1,0,159550.4496120967,0
558,Germany,Male,34,3,55659.00771829201,2,1,0,75650.63080906495,1
557,France,Female,40,4,5908.651186327104,3,0,0,84794.04580029906,0
677,Germany,Male,44,2,75567.59756508713,4,1,1,77821.73798518951,0
693,France,Male,38,9,32785.26775952447,2,1,1,111654.7281426553,0
546,France,Male,41,4,26328.14541131503,1,1,1,164987.4857465368,0
597,Spain,Male,22,10,459.4199963530263,1,1,1,11855.56865120484,0
758,France,Female,40,6,52846.05523123383,3,0,1,152238.5376455396,0
531,Germany,Female,51,9,88304.95149039131,3,0,0,170634.37129382847,0
684,France,Female,43,8,17004.736856386688,2,1,1,107122.38070804904,0
598,France,Male,31,7,591.9235706590907,3,1,0,97420.77623506708,0
790,France,Female,40,5,74653.13803240501,2,0,1,111141.10944345468,0
708,Spain,Female,52,8,50484.02156471455,3,1,0,75817.59052575259,0
738,France,Female,44,7,75004.22769194201,3,0,0,40738.40989281922,1
596,France,Male,44,3,38643.79567793506,4,1,0,26572.891778867383,0
732,Germany,Male,31,10,30896.904709332608,3,0,1,22547.771719654706,1
729,France,Female,35,1,12382.01217413709,1,1,0,117660.70165879469,0
701,France,Male,38,8,4105.974815390047,1,1,0,11600.0,0
621,France,Female,57,5,31880.480206610708,4,0,0,132140.6304542507,0
666,France,Female,29,9,101398.51312442508,4,0,0,105107.1088578644,0
464,France,Male,41,7,3059.0203186473086,4,1,0,174900.31991817523,0
825,France,Female,45,7,225926.43983787205,4,1,0,11600.0,0
589,France,Male,46,3,146865.4241246633,2,0,1,112494.09258743277,0
616,Spain,Female,36,9,51185.18855675103,3,1,1,47868.07542888593,0
518,France,Female,35,4,122793.10357835738,3,1,1,184734.18204996543,0
717,Spain,Female,58,0,40318.92135437134,1,0,1,57733.334378504805,0
702,Germany,Female,36,8,25924.755023852307,1,1,1,43488.78779096433,0
620,France,Male,34,6,42395.45764601395,1,1,1,100001.04565407796,0
416,Spain,Female,48,0,104598.35145427022,2,0,0,60278.89687740202,1
578,France,Female,40,10,157937.0331741217,3,1,1,109103.23468121518,0
696,France,Male,25,9,91034.928814348,4,1,1,160772.61322285066,1
675,France,Male,48,9,9903.142036410336,2,1,0,54015.44838741628,0
645,Germany,Female,35,2,44792.23681540944,1,0,0,156992.64458841772,1
607,France,Male,34,8,29417.334320814163,4,1,0,111988.51057509624,0
492,France,Female,65,10,32818.07359545048,1,0,0,138963.8798633012,0
746,France,Male,36,10,27951.65999403817,2,0,0,77736.3209331857,1
505,Germany,Male,39,0,3497.3673499548936,1,0,0,124841.49225269584,0
629,France,Male,48,5,93508.23850122873,3,1,1,96013.73029383412,1
546,France,Female,29,4,191676.4168339268,4,1,1,129153.2941453726,1
749,France,Female,44,3,11769.190887296892,3,0,0,140105.54846249786,0
708,Spain,Male,48,0,48637.18175952736,3,0,1,115486.34655525944,0
614,France,Female,52,6,38454.967748824834,4,1,1,179579.09505817722,0
719,France,Female,45,0,113406.84041824617,1,1,1,16045.8529668618,0
500,Spain,Female,27,0,60886.98387324074,1,0,1,11600.0,0
642,France,Female,43,1,69247.13797051198,2,1,0,111005.06261492262,0
544,Germany,Male,25,8,151728.0268875154,1,0,1,11600.0,0
752,Spain,Male,51,0,54454.37836869591,1,1,1,37727.93637030644,0
687,Spain,Male,49,7,30216.31771167736,3,1,1,182659.27639421023,0
714,France,Male,41,0,2665.0850137016664,1,1,0,34906.25391772366,0
594,France,Male,40,10,118417.12311421076,1,1,0,172273.7138809765,1
724,France,Male,38,0,44546.66854438758,3,1,0,200000.0,0
538,Spain,Female,38,8,57334.9648275852,4,1,1,148753.2193461785,0
552,Spain,Male,48,7,35189.888755478816,2,1,0,152251.19690687384,0
632,France,Female,35,0,25012.687274713546,4,1,1,11600.0,0
556,Germany,Female,60,6,35047.62456355439,4,1,0,98981.1152277744,0
720,Spain,Female,40,7,2485.9873082616164,4,1,0,79462.9625421545,1
602,France,Female,51,1,79952.70058764966,4,0,1,67893.76541554382,0
541,France,Female,22,3,8597.020367754758,4,0,0,151307.9963588406,0
528,France,Male,33,1,20222.95229476203,3,1,0,150129.89512178832,0
719,France,Female,48,5,4550.676783019541,1,1,1,56894.13033308453,1
395,Spain,Male,42,4,85725.02020295565,1,1,1,43759.72515163833,0
548,Spain,Female,39,10,9216.806244838808,2,0,0,11600.0,0
790,France,Male,49,10,25451.31482242148,4,0,1,138882.41488497032,0
615,France,Female,60,4,26847.99694100187,2,1,0,59672.41304734164,1
721,France,Male,27,7,19021.037475771413,3,1,0,111795.00353194254,1
692,Spain,Male,49,0,98350.42797554692,3,1,0,54090.65974000248,0
630,Germany,Female,34,9,73872.65010234906,4,1,1,79827.69667043036,0
484,Germany,Female,47,1,68065.99351882662,2,0,0,121540.92283774712,0
517,Germany,Male,34,0,12752.16369154836,4,0,0,192936.36964933644,0
515,France,Female,44,3,10506.416729846957,4,1,1,45832.34447107445,0
698,France,Male,45,1,14157.554438791578,3,0,1,45002.90705414376,0
716,Spain,Female,32,9,24401.23209084935,3,1,0,64944.832937420935,0
562,France,Female,34,10,32576.906995232763,1,1,0,115952.2481192212,1
642,Germany,Male,37,6,14395.67596606291,2,0,0,131981.2290292374,1
650,France,Male,22,4,30602.519241263315,3,1,0,93654.86679993724,0
657,Germany,Male,43,4,10190.427223701694,2,1,1,97966.22803032484,1
573,Germany,Male,53,0,15663.757780528327,2,0,0,11600.0,0
813,Germany,Female,26,1,15105.474877850314,4,1,1,68485.33954928856,1
717,Spain,Female,45,4,64935.99943193922,1,0,1,81872.71294953195,0
657,France,Female,42,6,30670.1690650664,2,1,1,100188.39584926495,0
598,Germany,Male,32,0,47753.77770326536,2,1,0,11600.0,0
566,France,Male,59,6,55328.16511965371,2,1,0,153489.46265481276,1
689,Spain,Male,50,10,3548.71348173223,2,1,1,33730.11324045231,0
602,France,Female,51,1,79197.88671076966,4,0,0,151760.37150529918,0
663,Spain,Male,39,1,16701.799871358446,2,1,0,125874.6399842518,0
460,France,Female,23,8,35642.246382094774,1,1,0,40932.844250747126,0
597,France,Male,40,7,20653.71981045353,2,1,0,17429.23125077803,0
639,France,Female,37,9,74270.07434285959,1,0,1,169011.43117627228,1
746,Spain,Male,49,3,12955.144342846575,1,1,0,119021.72921293702,1
557,France,Female,33,4,165886.69753734037,2,1,1,56453.02093548084,0
501,France,Female,52,8,25551.52772117309,4,0,1,21817.089019778025,0
694,France,Female,32,3,62176.36494310408,1,1,0,88735.22100609179,1
643,France,Female,46,9,51284.04675338095,3,1,1,186051.122296547,0
477,France,Male,31,7,67853.69117547691,1,1,1,68450.0754036753,1
482,Germany,Male,38,4,40044.34317125254,2,1,0,119095.08477361871,0
585,France,Female,25,0,24208.766766043675,4,1,0,44114.35077359709,0
641,Germany,Male,39,6,9897.756729776736,3,1,1,96374.80509053044,0
788,France,Female,28,9,36640.44131674952,1,0,0,77824.54754400541,0
541,France,Female,44,10,3139.388123537098,2,1,0,55817.07454096373,0
703,Germany,Male,45,10,3031.278990969518,3,1,0,31686.567122732347,0
453,France,Female,38,2,47517.18716307456,2,1,1,14275.902394718592,0
686,France,Female,32,6,32743.407240058557,2,1,1,173322.30650770207,0
800,France,Female,43,7,35271.597947579874,2,1,1,147695.45314015856,0
664,France,Female,48,3,19187.18242699217,4,1,0,43831.19427969366,0
583,Germany,Male,37,10,78167.26869376424,3,1,1,200000.0,0
773,Germany,Female,34,5,11231.288437081295,3,1,1,141325.27875931375,0
684,Germany,Male,26,9,44110.08675643984,3,1,0,18961.049245250484,0
665,France,Female,41,6,98476.68820983426,4,0,1,61005.896844867566,0
548,France,Male,49,7,89809.81985756708,2,1,1,59750.844005325314,0
686,France,Male,53,2,1452.2891353041507,3,1,0,116701.51598833955,0
581,Germany,Female,41,6,16354.848793694637,1,1,0,55402.67790254787,0
681,France,Male,24,4,62716.50667142124,1,0,1,116104.60414029218,0
654,France,Female,34,6,67497.13793295392,2,0,1,147141.94931200205,0
758,Spain,Male,50,5,32960.99022722382,3,1,1,72654.60074317749,0
592,France,Male,47,4,11312.298464787118,2,1,1,11600.0,0
635,Spain,Male,28,2,16355.838851553312,4,0,0,200000.0,0
729,France,Male,58,9,80711.8177517461,4,1,1,143193.74953704549,0
626,Spain,Female,28,1,10669.578602068375,2,0,0,63157.5642264561,0
647,France,Male,35,2,142636.25535888242,4,1,1,131515.39081877883,0
609,Spain,Male,44,1,34744.280641249185,3,1,1,200000.0,0
633,France,Male,38,2,16663.298572261632,4,1,1,50277.64139538578,0
717,France,Male,35,1,24683.24657437216,2,1,1,36827.525186509374,0
833,France,Male,39,0,14820.170399893124,3,0,1,140420.1953820171,0
482,Spain,Female,49,8,24252.610801995623,2,0,0,25275.06592373857,0
523,Spain,Female,58,9,7008.886719318096,3,1,1,34180.63842877254,0
635,France,Female,42,4,86626.02367188706,2,1,0,122321.4934616497,1
654,Germany,Female,32,8,165737.11972530658,1,0,1,106713.32279626098,0
628,Germany,Female,40,7,53814.11962632085,1,0,0,24427.6617097141,0
594,France,Male,58,6,82664.49809030764,4,1,0,173135.75475043658,0
526,France,Male,47,5,12943.679234242774,2,0,1,11600.0,0
588,Spain,Female,52,10,3240.4653591364386,2,1,0,50940.67064169382,0
731,France,Female,47,3,49323.87701397365,1,1,0,90484.292879649,0
659,France,Male,48,9,85071.89371418851,1,1,0,124396.94056414574,1
717,France,Female,39,9,89891.73530476502,1,1,0,109137.78646110716,1
529,France,Female,53,6,38045.98569135928,2,0,1,50099.2827153744,0
794,Germany,Female,18,6,48656.37886272264,4,1,0,61334.98744385498,1
593,France,Male,44,0,22963.194807513508,1,1,0,70973.0312803539,0
697,France,Female,43,8,88794.98287763396,2,1,0,142850.37062027748,0
637,France,Female,30,3,59801.1554842498,3,0,0,25599.994763873638,1
595,France,Male,42,6,10281.827021711815,2,0,0,67305.44503378066,1
693,France,Female,44,8,16386.220287378346,2,1,0,52771.37294002679,0
710,Spain,Female,21,1,8235.24768104199,4,1,1,200000.0,1
850,France,Male,42,7,35233.04662959036,2,0,1,21251.246681025325,0
713,Spain,Female,51,10,11297.293144932875,1,1,0,57177.51764528147,1
712,France,Male,55,3,8644.391256380677,2,1,1,49571.94904323555,0
764,France,Female,45,3,8743.481930224225,4,1,1,26190.563166278647,0
703,France,Female,38,2,15453.559992013948,3,1,0,154564.96510920837,0
646,Germany,Male,48,9,82781.74693108813,2,1,1,63812.93725521453,0
682,Spain,Male,30,3,139266.51374630764,3,1,0,200000.0,0
735,France,Female,46,8,250000.0,2,1,1,52940.21177652152,0
789,France,Female,38,0,2055.738464877934,3,1,0,98722.91825518232,0
498,Germany,Male,50,8,42071.49945347442,3,0,1,75477.55875282684,0
460,France,Female,34,10,15492.569769096986,1,0,0,49472.82419077103,0
784,Germany,Male,56,9,225080.2599478833,3,1,0,28794.26769348103,0
570,France,Male,51,8,207795.4764301192,4,0,1,200000.0,0
484,Germany,Female,42,0,135985.7910389229,2,1,0,85328.3173783947,1
474,Germany,Female,41,8,716.3133162976656,3,1,1,110111.73758050916,0
830,France,Female,56,5,8392.619532293988,3,0,1,58966.99967563885,0
737,Germany,Male,60,7,40198.414958598754,3,1,1,150625.86827162895,0
570,France,Male,35,7,10368.943972576108,4,1,1,69105.9947199816,0
574,France,Female,36,7,96499.97939904436,1,1,1,106676.31948279026,0
655,France,Male,52,10,60154.92883164167,2,1,1,160738.66145732498,0
735,France,Male,18,7,10172.115440952844,3,1,0,141576.2199349241,0
620,France,Female,18,0,85300.5580153434,2,1,1,200000.0,0
571,Spain,Female,31,0,34485.03918863306,2,1,1,103312.81467555914,0
763,Germany,Male,42,6,61844.037606372825,3,0,1,200000.0,0
647,France,Male,28,10,7531.186801786401,1,1,0,96967.96110393982,1
630,Spain,Female,26,8,36475.27600919877,1,1,1,78494.98276329173,0
709,France,Female,34,10,74880.97761960076,2,1,0,78621.6327839051,1
436,Germany,Male,53,9,21200.85056263685,1,1,1,162127.39791066587,0
697,France,Female,35,7,10340.358070614537,1,1,1,48680.57794316087,0
691,Germany,Male,50,10,51008.7261788337,3,1,0,41566.65090617404,0
512,Germany,Female,40,4,51651.171101390006,1,1,1,85648.7187635904,0
455,Germany,Male,55,7,11429.644429459322,3,1,1,51316.51256465135,0
593,France,Female,37,8,3593.6029563403617,1,0,0,94368.44952400056,0
668,France,Male,43,6,9103.148745155506,4,1,0,147816.84135251958,0
678,France,Male,41,10,16115.559670614204,4,0,0,31217.267746662703,0
820,France,Female,38,9,1847.6266113744307,3,1,1,185227.320357058,1
668,France,Male,47,10,128023.50542873485,4,1,1,74317.56215611601,0
510,Germany,Female,46,2,13100.928134069758,2,0,0,85231.75312927463,0
624,Spain,Male,41,8,67146.26896408809,2,1,0,11600.0,1
520,France,Male,20,4,26777.90769145435,3,1,0,49488.464981066696,0
632,France,Male,27,10,34856.135932215024,1,1,0,11600.0,0
790,Spain,Male,30,7,38495.23203322551,3,0,0,181058.34213826663,1
695,Spain,Male,41,10,74095.30603186881,1,1,0,182741.67908350204,0
577,France,Female,39,0,77537.94575972174,1,1,0,84982.7414875616,1
709,France,Female,32,0,7615.207409492199,2,1,1,85841.88046213378,0
572,Germany,Female,31,2,18073.136467531865,2,1,1,42743.66981439182,0
373,Spain,Male,46,1,42553.10882161368,1,1,1,117672.32215541803,0
526,France,Male,32,4,20054.191672836438,3,0,1,116751.40822580807,0
695,Germany,Male,18,10,7124.242292800153,4,1,1,93702.61000429664,0
727,Germany,Female,41,8,26249.12116055144,3,1,1,33948.627939815065,0
821,France,Male,34,8,12322.139997662212,1,1,0,97414.52995902108,1
684,Germany,Male,47,7,7743.521900095855,4,0,0,116301.00006049409,1
784,France,Male,32,4,18122.316368895907,3,1,0,85319.30988987736,0
713,Germany,Male,37,2,17811.48239030055,2,1,1,138735.67522891486,0
743,Germany,Male,42,5,5112.56483345623,1,0,1,32597.24919457182,1
760,France,Male,18,7,43867.62528240455,4,1,1,179489.20750397522,0
698,Germany,Male,33,5,18868.942177220448,3,1,0,19835.06737456075,0
757,Germany,Male,31,6,9514.89265720539,1,0,0,129287.8979892747,0
580,Spain,Female,34,6,85351.74946012015,1,1,0,109774.559777424,1
407,France,Female,34,6,128.94930256091973,2,1,1,200000.0,0
715,France,Female,39,8,30283.511252290034,3,0,1,49100.19016712956,0
687,Spain,Male,41,8,28541.69847296217,1,1,1,11600.0,1
562,Germany,Male,45,0,55607.55586752475,1,1,0,11600.0,1
523,Spain,Female,44,2,24665.65248286656,3,0,1,98692.1358233308,0
663,France,Male,51,4,35945.43699861158,4,1,1,172029.84351506142,1
721,France,Male,49,10,119544.1522654022,3,1,1,165337.28275091213,0
701,France,Female,53,3,9213.114554447886,3,0,0,138834.5529676209,1
548,Spain,Female,51,0,5574.95001697728,3,1,1,136371.02253192678,0
570,Spain,Female,34,0,68670.5508083797,1,1,1,117446.42503025776,0
716,Germany,Female,36,3,67914.81946319222,3,1,1,200000.0,0
657,France,Female,37,4,126065.36494690672,1,1,0,112904.3280182487,0
756,France,Female,51,3,204191.20444787983,1,1,0,158332.14021951804,0
617,Germany,Male,37,1,24256.73337331572,3,1,0,84966.86274070821,0
723,Germany,Female,47,4,23694.735773296023,2,0,0,59599.89713001643,1
646,Germany,Female,20,9,117514.0319672657,2,1,0,61088.94714478366,0
577,France,Male,18,2,98560.40216230412,2,1,1,193275.67009917225,0
742,France,Male,52,6,23535.450824334584,1,0,1,91147.77839104384,0
550,France,Male,44,3,3968.205748864259,1,0,0,181162.46218283012,0
657,Germany,Female,51,1,43520.96040541172,4,1,0,11600.0,0
667,France,Female,24,10,15646.571714007438,2,0,1,31347.325686516488,0
637,Spain,Male,41,7,119622.68624211544,3,1,0,87314.38982663772,1
749,Germany,Male,24,9,82025.08240260028,4,0,0,11600.0,0
707,France,Female,48,1,115618.44132609307,4,1,0,141364.69820616028,1
695,France,Female,40,10,4218.779095264473,1,1,1,109662.16911897964,1
656,Spain,Male,38,6,99980.83207913522,3,1,0,50826.42555985781,0
835,France,Male,48,7,44957.6565953923,1,1,1,139498.17964109607,0
796,France,Male,38,9,12130.746133028684,2,1,1,11600.0,0
741,Spain,Male,38,2,17923.98069796407,2,0,1,74376.96953598905,0
725,Germany,Female,25,5,30498.711418329476,3,1,0,142801.34702638866,1
589,Germany,Male,53,3,49395.244015079945,4,1,1,30445.684168214982,0
645,France,Male,41,1,13245.666048837282,3,1,0,39383.99359404351,0
713,Spain,Female,45,7,11599.29327055929,1,1,1,85552.77786246072,1
755,France,Male,26,1,111355.6599030582,1,1,1,200000.0,0
739,France,Female,53,8,93288.19025677648,4,1,1,136969.95145278308,0
708,France,Male,41,8,72787.97459937337,1,0,1,129398.84067571696,1
850,France,Male,57,10,71541.73196074193,1,1,1,50037.99552437767,1
636,Spain,Male,49,7,72616.12385826635,3,1,1,115505.86721741495,0
751,Germany,Male,18,9,128916.807291988,2,1,1,49043.26396621258,1
739,Germany,Male,47,2,92805.42678960825,3,0,1,164175.16653032316,0
694,Spain,Male,48,7,24598.08455417059,3,1,0,130157.11992587564,1
698,France,Female,46,4,31866.94037573321,4,1,0,118987.35477343015,0
696,France,Male,41,9,46388.22392605674,4,1,0,143149.10873327334,0
579,Germany,Male,37,4,32274.9981833466,4,0,1,187440.24630955557,0
690,Germany,Female,39,1,17615.443087119562,2,1,0,159535.39699205282,0
724,France,Male,53,2,98718.08153508267,3,1,1,200000.0,1
682,France,Female,54,7,81341.72277349651,3,1,0,131362.4776431265,0
465,France,Male,37,0,24703.292851263264,1,1,1,116103.63889033104,0
491,France,Male,31,3,6089.549161349644,3,1,0,133636.70492914016,0
568,France,Male,52,5,244.07297016243928,4,0,1,161761.61527841524,0
638,France,Male,48,8,4850.117616313619,4,1,1,42890.33878222746,1
573,France,Female,41,7,8405.738575924723,3,1,0,94241.2216285239,1
714,France,Male,29,9,53616.66323990232,3,1,0,49755.40215129026,1
769,France,Female,22,4,12398.208107938171,3,1,0,11600.0,0
783,Spain,Female,47,6,50368.99446088392,3,0,0,39827.60043281309,0
683,Spain,Male,33,7,19898.84759946949,1,1,0,36439.57684020349,0
758,Germany,Female,33,8,112714.83135227529,4,1,1,123686.15380936203,0
593,Spain,Male,43,2,31656.8734881753,1,1,0,66581.03489768313,1
634,Spain,Female,34,10,55866.86782541709,4,1,0,200000.0,0
533,France,Female,34,7,30897.056850697147,4,0,0,79824.66937609791,0
770,France,Male,32,2,121828.00142291449,2,1,1,21710.66932969763,0
846,Spain,Male,46,0,58143.25161125477,4,1,1,170833.19627436576,0
615,Germany,Male,29,3,51383.24808830106,4,1,1,65234.83247418682,0
432,France,Male,24,6,44861.29221695635,3,1,1,157239.43638012273,0
554,Germany,Male,29,8,223757.64820140143,3,1,1,127247.10026386482,0
584,France,Female,53,9,57720.68401853714,1,1,0,11912.900499599578,0
517,France,Male,33,6,70149.68774013403,2,0,0,67791.42802289798,0
546,France,Male,43,9,4262.21121932604,4,0,0,66335.3702260743,0
670,France,Male,35,10,84160.28074441326,4,0,0,35004.89266746595,0
715,France,Male,37,4,45405.79758992549,3,1,0,47110.78548048592,1
443,Spain,Male,52,0,20523.525505310456,1,0,0,77247.61749143983,1
596,France,Male,40,0,43576.67858809648,1,1,0,56239.98019981004,0
653,France,Male,55,8,49114.867362097335,3,1,1,110424.79449768178,0
543,France,Male,58,3,15068.057229953902,3,1,0,11600.0,0
673,Germany,Female,54,2,28729.526337881078,4,1,0,100222.87943094564,0
638,Spain,Female,33,10,63889.47300117683,2,0,1,68439.23627107394,0
605,France,Male,40,4,12799.35569808125,1,0,0,135558.4946774218,0
563,France,Female,53,6,90432.66995337144,1,1,1,42371.04420413914,0
677,France,Male,46,6,4034.832042602978,3,0,0,109064.53536573,0
573,Germany,Female,50,4,43520.21248908598,3,1,1,44791.11172531297,0
476,France,Male,51,7,23876.537098072546,1,0,0,168414.3677167931,1
652,France,Female,52,4,2739.3590770935366,2,1,1,184621.28673528935,0
526,France,Female,29,9,74468.84710916645,4,1,0,93758.16014778208,1
485,France,Female,38,3,39542.61379282699,4,0,1,48801.74539875537,0
662,Spain,Female,32,5,62820.49992924416,1,0,1,93382.33136075627,1
633,France,Female,37,2,23911.725786500312,2,0,0,44657.48753621837,0
563,France,Male,41,3,98170.24135432292,4,1,1,38861.31877199415,0
672,Spain,Female,40,7,4370.928060762563,4,0,0,152733.73867223304,1
692,Spain,Male,33,9,13286.469541105813,2,1,0,139888.18216395145,0
673,France,Male,26,9,79140.56579729755,2,1,0,11600.0,0
670,Spain,Male,23,2,154699.52085085935,1,0,0,122923.20103739224,0
489,Germany,Female,57,10,93685.05785143652,3,1,1,199873.0157443884,0
779,France,Male,51,9,13124.13929524934,3,0,0,26028.28389670218,0
705,France,Female,42,2,21426.85159818504,4,1,0,35225.52530082383,1
554,France,Female,18,5,72514.16735392287,1,0,1,126708.75839698927,0
648,France,Male,30,7,146191.00847591116,2,0,1,200000.0,0
667,France,Male,44,9,17071.537438805208,1,0,0,101402.94776905622,0
646,Germany,Female,47,1,24415.884078407405,3,1,1,87555.4476007863,0
829,Spain,Female,35,0,1156.906841144283,2,0,0,194451.19878481652,0
455,France,Male,44,9,35099.49473168767,1,1,1,110657.278601736,0
502,France,Male,38,0,4614.6323953149285,4,0,0,128099.37575953442,0
420,France,Male,50,6,4473.97196639476,1,0,0,135885.50447852677,0
657,Germany,Male,38,1,71630.76743068402,1,1,1,192248.3328767061,0
704,Spain,Male,38,8,21073.61983517934,2,0,1,76547.06127980899,0
686,France,Female,34,9,137162.95646064964,2,0,0,157696.27546919184,1
621,Germany,Female,46,3,62953.76755511141,4,1,0,11600.0,0
690,France,Female,43,6,17461.01419969375,4,1,0,25912.151127776902,0
620,Germany,Male,27,4,57266.64801054018,1,0,1,197080.7586487076,0
724,France,Male,42,4,100346.68197334158,3,1,0,11600.0,0
760,France,Female,40,6,28638.34297637933,3,1,1,68758.81683961241,0
556,France,Female,48,8,41250.76145787563,4,1,0,93654.95926152678,0
621,Spain,Male,38,3,12262.326087994858,2,1,0,42550.953257040615,0
637,Germany,Female,29,8,25725.67928784558,3,1,0,200000.0,0
792,Spain,Female,34,8,43261.98354831589,4,1,1,171484.49100798462,0
568,France,Female,57,10,47787.75257005613,1,0,1,64093.520631275605,1
759,France,Male,36,7,63654.42598687586,2,0,1,42574.78630573164,0
503,France,Female,49,0,157740.13939947146,1,1,1,165232.1897063698,0
774,Germany,Male,25,9,91174.07755641508,1,1,0,54312.12852855074,0
735,Spain,Female,42,10,95387.8958040233,2,1,1,160342.513991671,0
634,Spain,Male,23,10,40767.09975042352,1,0,0,135313.9978553929,1
741,Germany,Male,39,8,7784.380759779393,3,1,0,67259.52559830507,0
599,Germany,Male,31,2,50460.34190964388,1,0,0,105913.4874155225,0
557,Spain,Male,29,7,26065.545697763315,1,1,0,112821.53534894652,1
820,France,Female,28,4,1617.9376513769075,3,0,0,138836.5129913772,1
595,Spain,Male,36,5,10836.565023756846,4,0,1,11600.0,0
717,Spain,Female,19,2,71163.35249571837,2,1,1,130954.82184014266,0
760,France,Male,24,10,49848.63468416687,2,1,1,91002.68228402577,0
730,Germany,Male,39,6,191826.15562292072,3,0,0,119603.26083624765,0
709,France,Female,21,1,128487.7087723726,1,1,1,107941.74544834207,0
718,France,Male,23,2,45102.06188903396,3,1,0,116451.38852850876,0
755,Germany,Female,56,1,8417.4684130039,2,1,0,135850.20287353455,0
681,France,Male,54,10,20499.70058546822,2,1,1,83145.81046893922,0
646,France,Female,30,8,13264.120996663043,4,1,0,11600.0,0
513,Spain,Male,42,10,31792.643550103323,1,1,0,79369.4398873193,0
681,France,Female,30,2,80615.46073822243,3,1,0,200000.0,0
752,France,Male,31,7,86256.01997627965,1,1,1,11600.0,0
539,Germany,Female,18,5,9804.741833155482,2,1,0,11600.0,0
627,France,Female,54,0,39824.11809243842,2,0,1,76124.71508744391,0
692,France,Male,44,10,56463.77823240851,1,1,0,33011.41822297452,0
801,France,Male,46,5,25261.36723741809,1,1,1,189637.17155705963,0
534,France,Female,44,7,117924.2438829096,2,0,1,103978.15860215538,0
729,France,Female,37,9,22237.779414119643,3,1,0,67830.37958047415,0
614,Spain,Male,34,2,33680.44485880487,2,0,1,16153.721230809431,0
582,France,Female,38,6,44195.51199976118,1,1,0,20846.35073513123,0
558,France,Male,53,5,27874.24811437792,3,1,0,138799.5063645145,0
584,Spain,Male,39,0,165707.59369568972,4,1,0,71771.90560858168,1
699,Spain,Female,58,1,71452.86005726314,1,1,1,11600.0,0
627,France,Female,31,10,88329.02762687413,1,0,0,127865.61413278052,0
721,Germany,Female,24,4,69843.55652444571,4,1,1,149386.15908983053,0
537,Germany,Male,29,6,44349.55158425346,4,1,1,11600.0,1
719,Germany,Male,37,3,1428.4157106753826,3,1,0,50616.91252577348,1
693,Spain,Female,52,5,72353.91772300874,2,1,1,152966.30295732964,0
499,France,Female,34,1,47427.035799047975,4,0,1,108059.57585047575,0
800,France,Female,24,4,4208.913859492268,1,1,1,104686.15547768956,0
683,France,Male,39,9,6311.149993982815,1,0,1,171720.95650603884,0
726,Germany,Male,51,2,32811.188556910856,2,1,1,126573.86045070075,0
765,Germany,Male,38,0,95811.2186618391,2,1,1,158432.67058803592,0
746,France,Female,41,5,40343.597091264426,3,0,0,80858.21354659738,1
637,France,Male,38,8,126046.86087892164,2,1,1,173431.09481954516,0
722,Spain,Male,36,9,84546.66140171094,2,1,0,121153.44218205812,0
468,France,Female,63,7,49818.62195523661,1,0,0,99870.42760681604,0
689,France,Female,52,3,18797.409700189943,1,1,1,116480.45408544512,0
823,Spain,Female,57,7,95775.65354483823,2,0,0,47639.570319637256,1
580,France,Female,67,10,53821.99031920092,3,1,1,101307.5915745348,0
741,France,Male,51,4,40233.5931914174,4,1,1,11600.0,0
827,France,Female,34,2,34719.73365792611,4,1,1,98782.28138065248,0
718,Germany,Female,47,3,11964.418774283768,3,1,0,156843.79631335507,0
752,France,Female,58,6,793.1927324538287,1,1,0,108910.56647608544,0
493,Spain,Male,44,4,63028.39073512955,4,1,1,54265.97391076714,0
556,France,Male,35,3,126043.64183186182,3,1,1,92593.93324446336,0
792,Germany,Female,52,2,10146.354320084522,4,1,1,106582.40640243854,0
746,France,Female,26,2,136456.27692574795,3,1,0,112598.1036085244,1
699,France,Female,40,9,3731.426775527072,1,0,0,132838.0105813981,0
623,Germany,Female,46,5,40200.04521197201,2,0,1,74907.7111114121,1
678,France,Male,37,7,6139.979793076923,2,0,1,61683.162005213184,0
823,Germany,Female,45,3,109958.3290046472,1,1,1,101341.031466891,1
639,France,Female,45,0,5448.3611498771625,1,1,1,104302.74523876556,0
719,France,Female,44,3,14454.461143796054,1,0,1,135525.2909009767,0
717,Germany,Female,37,4,81977.85557331379,2,0,0,98597.07472355272,0
583,Germany,Male,34,7,58315.667546748286,3,1,1,94976.19587616384,0
591,France,Female,37,6,24561.595394773525,2,1,0,79752.06155822726,0
802,Spain,Male,25,1,90629.4914821123,2,1,1,133947.44490230794,0
707,France,Female,52,8,50488.87108277495,1,1,1,170256.594757071,0
581,France,Female,44,2,15040.221750015044,3,1,1,106133.12308846432,1
618,France,Female,40,8,67405.510495307,4,1,0,38115.34749965104,0
551,France,Female,32,0,20252.738539594,2,1,0,170524.14627614425,0
756,France,Male,40,8,84569.94936439011,3,1,0,116038.60739880645,0
624,Spain,Male,40,6,76069.56387995378,4,1,0,152909.82247534156,0
626,France,Female,34,1,18445.923809579184,3,1,1,125892.89959028446,0
734,France,Male,49,9,5471.328827934706,1,1,0,39305.80351022584,0
482,Spain,Male,27,6,85959.4428840848,3,1,0,113434.92326820613,1
646,France,Female,29,0,22663.134547087942,2,1,1,141462.67152249254,0
648,France,Female,50,10,19676.016354508007,4,0,1,175894.38472374168,0
621,France,Male,54,2,918.0379434018092,4,1,1,161086.8214985958,0
595,France,Male,41,6,64708.203433398616,4,1,0,70977.30376948735,0
578,France,Male,29,2,16014.96214256312,3,0,0,119659.58596814556,1
678,France,Female,52,1,28623.73008728748,4,0,0,132210.28969168646,0
548,Germany,Male,41,4,115026.98992849028,4,0,1,11600.0,0
666,Germany,Female,40,2,6694.101294981602,1,1,1,90583.9011086311,0
594,Spain,Female,54,8,1939.0725741614967,2,1,1,135115.75980614865,1
601,Germany,Male,47,6,41106.80513746898,4,0,0,71169.16030441318,1
669,France,Male,35,10,60174.25019308568,3,0,0,173838.252812349,0
600,France,Female,23,0,37556.87311793055,2,1,1,179109.60276500674,0
776,Germany,Male,35,0,20743.782251406043,4,1,0,114776.70381971227,0
635,France,Male,43,5,22426.2486043686,2,1,1,20419.8233151568,0
754,France,Female,45,3,8105.248883063684,4,1,0,98260.29523992453,0
573,Germany,Male,26,0,18677.6553934254,4,1,1,115906.61166534448,0
571,France,Male,32,8,71124.2423084549,4,1,0,159821.88631199228,0
483,Spain,Female,18,1,34571.53872528804,1,1,1,108223.14546562875,1
600,France,Male,42,0,110709.3139919754,2,0,0,115882.22032129204,1
626,Spain,Male,21,2,9196.235383431756,1,1,1,140987.70531571112,0
657,Spain,Male,34,9,29207.700555827752,1,1,0,168494.0884210358,0
719,France,Female,30,0,60467.354250364646,3,1,0,59560.29513921902,0
712,Germany,Female,45,3,15892.475952284893,4,0,0,200000.0,0
763,Germany,Male,42,3,15519.980078833894,1,1,1,58714.57136532449,0
561,Germany,Female,31,5,5580.217764872213,3,0,1,166134.9054773997,0
653,France,Male,40,2,111714.1750046785,2,0,1,129728.86820614176,0
549,France,Female,45,8,9469.047450592583,2,1,1,11600.0,0
691,France,Male,42,5,175540.10037325678,1,1,1,88563.67316448083,0
830,France,Male,18,6,29786.31041372505,3,0,0,119664.79676001571,1
530,Spain,Female,62,5,200276.88632336527,4,1,1,104686.18231025376,0
718,France,Male,44,8,2059.5094010957177,2,0,1,150376.17160001682,0
754,France,Male,50,1,41861.627666896566,3,1,1,11600.0,0
560,France,Female,31,10,58694.6395367556,2,1,0,11600.0,1
693,Spain,Female,29,7,36319.58796724558,4,1,1,106785.29150391764,0
614,Germany,Female,33,4,42210.45778849227,3,0,1,82501.53538216681,0
637,Spain,Female,59,1,38652.85303796892,4,1,0,76083.3878059351,1
610,Spain,Male,35,6,8094.02495600155,1,1,0,167141.29937756562,1
627,Spain,Male,38,4,37954.4837113367,4,0,1,80009.07051211299,0
765,Germany,Male,57,7,39014.81154744444,2,0,0,76476.57007284506,1
642,France,Male,35,9,21970.35501617797,1,0,0,200000.0,0
589,France,Male,39,10,46758.83594290451,4,0,1,20691.790968682923,0
656,Germany,Male,25,5,26543.26286475013,1,0,1,115164.83583166511,0
437,France,Male,58,6,70356.47051813465,4,0,0,137009.641589993,0
568,Germany,Male,31,10,1947.96366257491,3,1,1,95277.87652399404,0
774,France,Male,37,0,500.0374085438693,1,1,1,123497.58337412504,0
635,Germany,Male,18,1,37108.56740531275,4,1,0,58327.757995544,0
602,France,Female,37,8,226517.1791109288,1,1,0,61126.82638464508,0
667,France,Male,38,6,29480.92092508817,4,1,0,56803.67968060907,1
723,Germany,Male,34,6,597.5150605474869,4,1,1,47536.85140779435,0
782,France,Female,21,3,19070.775160463298,1,1,0,119706.68998711814,0
604,Germany,Female,44,3,31485.23449040741,1,1,1,11600.0,0
607,Germany,Male,19,2,115697.08844119648,3,1,1,16997.404533109395,0
627,Spain,Female,22,9,6464.586699745532,3,1,0,11600.0,1
752,Spain,Female,36,3,129108.43209354972,1,1,1,72730.98553118925,0
655,France,Male,51,9,140798.47366364996,2,1,1,150994.9904217953,0
850,Germany,Male,38,5,51215.69038384348,4,0,1,59009.84714488305,0
633,France,Female,41,10,12756.404468538036,1,1,1,113118.5012050294,0
826,France,Male,32,2,38469.92015288482,1,0,1,91800.09061691206,0
560,Germany,Male,32,9,84818.03829169863,4,1,0,200000.0,0
511,Germany,Male,47,7,22162.01108781111,2,0,1,70564.46317656134,1
639,France,Male,51,0,117858.25085182882,2,1,1,184325.1110568561,0
763,France,Female,50,5,4546.7288254927935,1,1,1,118416.65768228212,0
602,Spain,Male,45,1,18349.56323115488,3,1,1,119036.82488874743,0
588,France,Male,42,10,249526.27910065427,3,0,1,113341.4913087622,0
752,Spain,Female,24,0,43838.38895477539,2,0,0,200000.0,0
720,Germany,Male,33,3,44621.59441138966,4,1,1,200000.0,0
570,France,Female,31,5,13713.295543021675,1,1,0,103768.28834975357,1
564,France,Male,39,6,97440.79789487344,1,0,1,94011.15076027108,0
732,France,Male,46,10,28025.4673531139,1,0,0,15832.250283654676,0
486,Spain,Female,35,0,78881.97083149727,4,1,1,94388.61217409123,0
757,Spain,Male,18,2,83216.92376695185,4,0,0,200000.0,0
719,Germany,Male,51,5,9609.943954989065,1,1,1,170291.67486631617,1
421,France,Female,30,5,34836.46677121521,1,1,0,117505.63719870962,0
651,Germany,Male,30,9,24224.657347800705,4,1,0,11600.0,1
452,France,Male,45,5,8411.801904073503,2,1,1,84133.23729005094,0
529,Germany,Male,33,6,6585.021282076058,3,0,1,33315.08581697318,0
599,France,Male,39,10,2344.074214288032,2,1,1,61565.42411364293,0
523,Spain,Male,42,6,60526.96223732176,2,1,0,70732.89906421029,0
850,Germany,Male,40,9,76197.57599915513,1,1,0,133887.51461175055,1
736,France,Male,36,7,31875.10102951749,2,1,1,162763.2096110488,0
786,Spain,Male,40,10,41496.41924268967,1,1,0,127831.73925396363,1
635,France,Male,62,1,15190.286533630371,4,1,1,124821.74293119638,0
653,France,Female,51,9,62728.30451059456,2,0,1,180708.1106547109,0
808,France,Female,48,0,43848.28973169637,1,1,0,65272.13562002588,0
693,Germany,Male,43,9,106987.61485825504,3,0,0,48501.03988623463,0
711,Spain,Female,55,6,68550.13170452276,1,1,0,147557.64763497753,0
558,Spain,Female,48,0,955.8494182586428,1,0,1,127033.67800631096,0
558,Germany,Female,52,1,82997.0634018496,3,1,1,111943.44351771112,0
676,France,Male,53,0,1375.2117008968162,1,0,0,35511.32387658077,0
687,France,Female,46,0,84058.93048283306,1,0,0,169403.08006229138,0
550,France,Female,45,2,218180.5665843596,3,0,0,139141.19548784092,0
685,Spain,Male,36,3,32780.86996204989,1,1,0,197291.75188582865,1
527,Spain,Female,59,4,12867.19038509522,2,1,0,64221.4338151247,0
651,France,Female,39,4,480.8658833604029,1,0,0,147923.9723662767,1
506,Spain,Male,28,1,8143.184875087679,2,1,1,86244.88685114795,0
782,Germany,Male,43,10,35037.001261398545,3,1,0,31155.399122243485,0
618,France,Male,37,2,82146.07527211413,2,1,0,54972.24148507833,0
580,Germany,Male,29,7,102582.792530977,3,1,0,114104.8954306532,0
535,Spain,Male,30,1,57531.223518980965,1,0,0,57883.03184526789,0
525,France,Female,40,3,4541.166229421936,1,1,0,70051.10093417672,1
693,Spain,Female,40,6,237474.90426325827,3,1,1,143271.92880804822,0
750,France,Female,25,8,68738.84439710541,2,0,1,157195.54527898814,0
740,France,Male,35,2,27796.132609746182,2,1,1,62371.39497743108,0
789,France,Male,49,2,84013.28693660427,2,1,1,200000.0,0
824,Spain,Male,18,6,44406.172013807394,2,1,0,153618.56054127996,0
745,France,Female,36,7,46163.58241184319,1,1,0,11600.0,0
599,Spain,Male,39,3,177546.80704459865,2,1,1,121215.2859447912,0
666,Germany,Female,45,0,80754.6923698389,4,1,1,170257.15295458757,0
424,France,Male,36,4,15200.784257824653,3,1,0,50906.242708178135,0
713,Spain,Male,35,10,9628.168507655926,2,1,1,150667.77639246028,0
664,France,Male,45,3,9455.75367034277,3,1,0,200000.0,0
809,Spain,Male,38,10,30302.96979238488,3,1,1,77711.30571817656,0
575,France,Female,56,7,24597.23100811634,1,1,0,111977.9305474273,0
701,Germany,Male,45,6,30143.55991141092,3,0,1,11600.0,0
549,Germany,Male,47,1,3237.4692453080124,2,1,0,123837.44502904694,1
638,Spain,Female,39,5,11287.15562202574,4,0,0,171404.39217917674,0
486,France,Male,57,3,79850.99563797492,2,1,1,180917.4816371422,0
785,Germany,Male,33,6,70858.55757338848,1,1,1,11600.0,0
755,France,Female,27,8,24987.0105449301,2,1,0,176884.6943258179,0
602,France,Male,38,6,24752.825440980443,3,1,0,129014.18347380756,0
676,France,Female,36,1,107632.10920025948,4,1,1,136414.4935726525,0
653,France,Female,37,7,10037.101172246705,2,0,0,145837.6405805771,0
588,Spain,Male,58,5,22097.211710284755,3,1,0,102254.97252770996,0
662,Germany,Male,31,8,72085.28066253009,2,1,0,80932.32149913438,0
605,France,Male,38,6,42734.69238667197,4,0,0,200000.0,0
748,Spain,Male,22,4,3107.840226010718,2,1,1,11600.0,0
628,France,Female,57,7,594.7182194757609,2,1,0,191651.62647225076,0
850,Germany,Male,18,6,965.9936768323736,3,1,1,183249.82475863927,0
642,Spain,Male,40,0,53353.11902993912,4,1,1,58979.62469697447,0
661,Spain,Male,25,10,48707.85615819078,3,0,1,11600.0,0
702,France,Male,25,4,2276.625793870115,1,0,0,98528.09993032333,0
733,Germany,Female,30,6,7076.036133410924,3,1,1,107251.24814800626,0
657,France,Female,27,9,64107.278144398806,4,0,0,32277.04202085032,0
700,Spain,Female,41,6,18523.470529974493,3,1,0,11600.0,1
668,Germany,Female,26,10,239487.47963231013,2,0,1,68635.2388607938,0
572,Spain,Male,49,2,18733.55650143033,4,1,1,11600.0,0
545,France,Female,52,4,20450.092092473165,4,0,1,79533.05186820876,0
719,Germany,Male,55,7,27190.80030238664,2,1,0,86642.16073221574,0
801,Germany,Female,23,8,87913.21812003142,1,1,0,121272.62741691068,0
486,Germany,Male,31,8,40742.172284519824,1,1,0,90910.67916517434,1
506,Germany,Female,34,9,97331.5287685969,1,0,0,161578.5820474785,0
505,Spain,Female,33,4,27861.56323524671,2,1,0,24655.62169032122,1
727,Spain,Female,47,1,46860.49746816198,1,0,0,122187.81398265442,0
735,France,Male,42,7,231.5009935364787,2,0,1,90896.16841464269,0
552,Spain,Male,29,6,42847.79310269829,4,0,0,170070.52241870668,0
850,France,Male,36,3,4197.494374306058,2,1,1,81249.89617349648,0
611,Germany,Male,38,4,10722.43272169349,1,1,1,152968.6026535262,0
793,Spain,Female,37,9,250000.0,3,0,0,109796.63330549326,0
730,France,Female,31,10,50692.38849905191,1,1,0,82154.73097984702,0
554,Spain,Female,27,10,101725.46481577792,4,1,1,27123.81516893678,0
608,Spain,Male,46,9,2951.695257673432,4,1,0,41944.87851567436,0
562,Germany,Male,27,1,24270.98330304532,4,1,0,88823.99157622701,0
515,France,Female,46,8,99185.09204640532,1,1,1,90978.39208403302,0
624,France,Male,41,5,26448.164207941227,2,1,0,129254.35860367151,1
530,Spain,Female,30,8,14626.703641001548,2,1,1,170787.76875410703,0
632,France,Female,44,7,32791.30985055799,3,0,0,194632.66962962932,0
843,Germany,Male,31,0,31832.620553708628,2,1,0,123710.5520240658,0
719,France,Female,44,8,233811.57845165717,3,1,1,13677.45207972922,0
594,France,Female,31,8,21886.840686832405,4,1,0,50066.53231061914,0
586,Spain,Female,40,3,157732.8825683586,3,1,0,43181.85103004009,0
609,France,Male,38,0,121539.50319394462,3,1,1,11600.0,0
850,Spain,Male,32,3,29847.4219919225,3,1,1,200000.0,0
541,Germany,Male,35,5,145003.9363388027,1,1,0,11600.0,0
649,Germany,Female,32,3,65259.452736979176,4,0,0,22375.2685600752,0
696,France,Male,50,8,108145.99170882053,1,1,0,52708.4154158216,0
771,Spain,Female,31,3,111175.36260065107,4,0,1,154974.26788890365,0
616,France,Male,38,9,4466.75242348738,1,1,0,142521.14375367743,0
553,Germany,Female,18,7,113566.35586261644,1,1,0,11600.0,1
678,France,Female,32,1,33626.127932617565,4,1,0,41525.63763234326,0
781,France,Female,45,6,50672.53381123219,4,1,1,86790.67106999063,1
622,Germany,Male,43,7,17870.724007276913,2,0,1,25168.02507170578,0
566,Germany,Male,43,5,51855.0548231729,3,1,1,142356.24544894905,0
661,France,Male,38,9,1372.5915213302287,4,1,1,11600.0,0
487,France,Male,41,5,23195.52442181544,2,1,1,147529.49759303595,0
628,Spain,Female,53,7,49522.27988856517,1,0,0,133759.2912268819,0
767,France,Female,29,2,10962.123252139309,3,1,0,127977.97567072096,0
737,France,Male,51,1,55831.941364342485,3,1,1,79978.98944327925,0
635,France,Male,30,8,88270.03652663353,2,1,1,195736.55377815064,0
815,France,Female,42,7,1902.6080269920872,1,1,1,11600.0,1
840,France,Female,30,9,46310.70349514642,4,1,1,11600.0,0
716,France,Male,47,4,43449.71208168032,2,0,0,200000.0,0
503,Germany,Male,26,4,76182.27700980738,3,1,1,101892.19779432222,0
462,France,Female,28,5,59785.28916046436,1,1,0,167395.9803149028,1
788,Germany,Male,37,5,30313.62673107256,1,0,1,48918.42431721993,0
674,Spain,Female,31,1,21888.189696013396,2,0,1,65542.67462794189,0
813,Spain,Female,31,6,212196.71202794203,2,0,0,200000.0,1
516,Spain,Male,37,2,34835.43900509631,2,0,1,130564.879001417,0
633,France,Male,26,7,26206.43644565092,1,0,0,140222.21285302864,0
752,France,Female,40,8,248100.59580286028,4,1,1,90968.92211925096,1
577,Spain,Male,42,2,9953.170494816772,4,0,0,55033.78513802173,0
751,France,Male,23,5,10297.934241927402,3,1,1,159438.28379145963,0
637,France,Male,41,7,187479.3193981578,1,1,1,74537.35824761157,0
652,Germany,Male,41,5,53601.97284465276,4,0,0,76801.37087865175,1
531,France,Female,43,9,36671.27720439957,1,1,0,84276.81529291697,1
675,Spain,Female,40,2,3509.103716297157,1,1,1,106664.5341061793,0
850,Spain,Female,42,3,21992.044741317903,1,1,0,54621.28197799553,0
688,Spain,Male,42,8,28399.327195371603,2,1,1,45596.96690710793,0
570,Spain,Male,41,10,35810.95979932204,4,1,1,66015.96972746347,0
789,France,Male,42,0,28685.320520786467,2,1,0,60214.2105679311,0
573,Germany,Female,54,3,28822.356600278155,3,1,0,11600.0,0
822,France,Male,52,9,250000.0,1,1,0,190981.5804148632,1
522,Germany,Male,37,0,182465.37288726823,1,0,0,113610.19930833956,0
677,France,Female,32,7,4507.062374184532,3,1,1,62448.41344034742,0
802,Germany,Male,51,6,9233.587525283823,4,1,1,165752.77884306942,0
563,Spain,Male,61,6,142030.3896104926,1,0,0,11600.0,0
658,France,Male,38,1,19209.56679839261,1,1,0,133328.47615140316,0
765,France,Female,43,9,47278.26387467713,4,0,0,89516.03087191093,0
424,France,Female,35,5,79940.66333862767,3,0,1,82404.30758100582,0
742,France,Female,44,7,31826.43725404929,3,1,0,71087.8196633186,0
641,France,Male,19,7,837.9214704870249,4,1,1,158806.7509163727,0
794,Spain,Male,33,4,88035.09678051824,4,1,0,83231.83579227814,0
567,France,Female,46,7,70578.5754844213,3,1,1,101685.67146667012,0
511,France,Female,30,1,2115.738272839856,3,1,1,200000.0,0
595,Germany,Male,44,3,113831.94539331872,1,1,0,110035.78906969792,0
593,France,Male,44,9,97250.19854179316,3,1,0,79723.6945873014,0
629,France,Female,44,1,16082.333166506429,3,1,0,103478.7321102388,0
603,Spain,Male,33,4,4176.66854894204,2,0,1,138657.89071617444,0
449,Spain,Male,46,10,25806.46074186188,2,0,0,39665.82152100554,0
640,France,Male,57,2,103933.1223733079,3,1,1,150433.07775565446,0
673,France,Female,34,5,32928.862019745095,4,1,1,74935.97345801913,0
630,France,Female,32,6,16534.80355675092,3,1,0,127370.43049384364,1
678,France,Male,37,5,13183.023460163451,4,0,1,125104.48700159256,0
658,France,Female,41,10,21927.95809970374,2,1,1,90757.4202952109,0
511,Germany,Male,28,1,250000.0,4,1,0,131929.4440437488,0
619,Spain,Male,34,1,105360.90296359564,3,0,1,140863.28035767976,0
661,France,Male,53,3,39597.847712100345,2,1,0,51359.37547169001,0
626,Germany,Male,50,6,82620.98012236865,2,0,1,50409.15918046482,0
500,France,Female,29,7,19009.716596113696,2,1,0,156553.5587446522,0
772,Germany,Male,57,4,47752.990536239806,1,1,1,124912.18259415482,0
552,Germany,Male,34,9,103080.454295181,2,1,1,46105.41841851925,0
525,Spain,Female,42,0,22918.484877353298,4,1,0,112229.46628508253,0
654,France,Male,39,8,80571.16037317581,4,0,0,36170.68411465317,0
618,France,Male,48,7,47637.73303778391,3,0,1,102528.09416978584,0
710,Germany,Male,27,0,47772.18899137208,3,1,0,22593.497154977973,0
737,France,Female,33,8,2098.235512308629,2,0,0,11600.0,1
722,France,Male,29,4,114760.92721466848,1,0,0,99263.16294565846,0
649,France,Male,28,7,74837.64859834002,3,0,1,200000.0,0
705,Germany,Female,31,9,1857.6766699367552,4,1,1,84112.2994693365,0
493,France,Female,30,9,47176.1956373964,4,0,1,78730.16743542645,1
759,Spain,Female,45,1,68501.73995860197,2,1,0,132469.76397304214,1
609,France,Male,35,6,79267.08370266209,3,0,1,172176.90140051505,0
846,France,Female,36,8,4635.805509779844,4,1,0,117752.05408146058,0
762,Germany,Female,20,6,51074.33102147751,2,0,1,150541.29446756988,0
630,France,Female,48,8,13261.854073072962,3,1,0,118811.00400873924,0
652,France,Female,21,3,30022.72078889028,1,0,1,153929.2063438002,0
768,France,Male,39,4,37375.39998293729,1,1,1,90424.88205028248,0
423,France,Female,52,6,1386.255775609542,1,1,1,168031.61825191672,0
633,Spain,Female,54,0,17800.89207373364,1,1,1,131188.59536928913,0
820,France,Male,25,1,79836.56620933853,3,0,0,11600.0,0
734,Spain,Male,37,1,92368.76135748829,3,1,0,138082.19436123056,1
566,Spain,Male,46,9,20024.668825200308,1,1,1,195838.1287746776,0
681,France,Female,34,8,29151.666782199543,4,1,0,127450.005294438,0
552,France,Female,49,2,88950.51122800018,3,1,1,76352.46232899485,0
615,France,Male,18,8,11206.474157460058,2,0,1,200000.0,0
683,France,Female,40,0,65647.60519131538,4,1,0,103250.19126686025,1
700,Germany,Female,43,10,26155.14193711068,4,0,0,80366.14238593003,0
722,France,Female,27,2,217541.58680071347,4,1,1,118961.68335393588,1
773,Spain,Male,47,9,46037.705566958655,1,0,1,157262.21121589435,0
530,France,Male,28,1,8012.735986645804,4,0,0,75087.24361695985,1
652,France,Female,55,1,9428.92944318094,3,1,0,100490.44985739852,1
564,France,Male,35,0,1384.3123645221012,4,1,0,154410.5266799021,0
610,France,Male,37,5,62733.067496818185,4,0,0,76972.55846826808,0
574,Spain,Male,28,4,29289.37711134062,2,1,1,122404.85029619222,0
699,Germany,Female,35,4,551.4717656226876,2,1,1,75093.93012550862,0
755,France,Male,31,10,5347.006150668523,3,1,0,120291.30033424513,0
760,Spain,Male,42,8,17083.699393552775,4,1,1,11600.0,0
539,Spain,Male,41,5,27592.568559730506,1,0,0,40871.65348846019,1
637,Spain,Male,38,8,139392.36213822878,2,1,1,45712.96854191165,0
536,Spain,Female,40,3,38967.10908016901,1,1,1,122125.52828646627,0
533,Germany,Male,28,6,112327.0553916244,3,1,1,143105.8852072829,0
583,Germany,Female,28,10,14419.462516808928,3,0,0,93310.6530826104,1
684,France,Male,51,3,20190.76839679928,4,1,1,14176.859794933014,0
701,France,Male,31,0,106347.54821619314,3,1,1,200000.0,0
715,Germany,Female,41,3,33800.909863817215,4,1,1,105548.2414500298,0
709,Spain,Female,18,1,44599.57742604002,1,1,1,166415.12805141349,0
565,Germany,Male,43,4,42686.69368846593,1,0,1,168837.53281320567,1
768,Spain,Male,50,10,51834.8133408581,2,0,1,23407.70947092405,0
730,France,Male,40,1,44452.32514559176,2,1,0,65978.66588339735,0
608,Germany,Male,40,1,59268.37305744562,4,1,0,194357.3805949912,0
612,Germany,Female,54,10,7966.067668978722,1,0,0,100990.86501244867,0
584,Germany,Male,41,3,62002.25410365847,3,1,1,116488.8002410248,1
520,Germany,Female,32,6,8161.094355198737,1,1,0,128096.67978599046,1
716,France,Female,34,2,20807.454011816924,2,0,0,128316.03436169296,0
732,France,Male,32,10,88995.55927928539,3,1,0,93506.32585796344,0
557,Spain,Female,48,6,46797.14675754726,2,0,1,57156.01878755228,0
526,France,Female,51,10,170813.77533087812,3,1,0,70684.96262434634,1
556,France,Female,49,8,14537.529038028517,1,1,1,134812.49327047728,0
661,France,Female,31,2,126752.2721377905,2,1,0,32781.08130121311,0
511,France,Female,39,3,51350.4640597574,3,1,0,35053.15997421391,1
762,Spain,Female,46,0,23041.42382482156,2,1,0,80992.1093113879,1
756,Germany,Female,27,6,77273.63260920461,1,0,1,65267.86937949026,0
692,Spain,Female,48,0,154908.9884637435,2,0,1,123888.24200072107,0
730,France,Male,47,2,75606.61534124544,2,1,0,200000.0,0
655,Germany,Male,45,8,324.7398128570567,4,0,0,137145.842522065,0
696,Spain,Female,47,4,516.100884731471,3,1,1,88307.72234790963,0
519,Spain,Male,38,9,6743.346472716109,4,1,0,11600.0,0
789,Spain,Male,30,9,95098.2489358873,3,1,0,98916.07987171308,0
601,Germany,Male,50,10,69364.12811117266,4,0,0,58998.20626185217,1
637,France,Female,39,1,51051.11467622038,1,0,1,154671.26642515216,0
850,France,Female,33,8,59291.22953528348,4,1,0,53235.65513238151,1
627,Spain,Male,40,5,48353.69306293573,4,1,0,47042.89910067067,1
723,Spain,Male,40,8,21376.73945135374,3,1,0,137959.50463181516,0
701,Germany,Female,34,10,63728.655406695165,4,1,1,78565.74000787665,0
516,France,Female,44,3,136744.160886813,3,1,1,88560.78282309072,0
550,Germany,Female,58,5,69248.95811056439,2,0,1,59160.94655452098,1
850,France,Male,26,6,100982.05326656296,1,0,0,144940.77478769963,0
707,France,Female,26,10,13535.174255513431,1,0,0,51016.59862982385,0
648,France,Female,51,5,21484.203004997853,3,1,1,118680.67123790208,0
596,Spain,Male,46,3,35437.19821661515,2,1,1,11600.0,0
682,France,Female,55,7,31885.022351632364,1,0,0,58852.59678988368,1
691,Germany,Male,57,5,31366.76937105676,1,1,1,138007.94074440643,0
672,France,Female,46,1,51159.54516561251,2,1,1,136355.61648916078,0
756,Germany,Female,27,5,96686.14116407774,4,1,1,74454.50321242533,0
563,Germany,Male,42,0,109090.11662023207,3,1,1,134599.50359070706,0
549,Spain,Female,35,8,8155.465404944931,3,1,1,118538.71458737408,0
754,France,Male,44,9,4723.896277190307,4,1,1,118469.552167221,0
850,France,Female,31,6,18641.34458590208,3,1,0,58449.93559783411,0
734,Spain,Male,44,7,66823.19318150432,2,0,0,54709.64845744785,1
779,France,Male,46,10,78861.44565549755,2,1,1,79082.88831145536,1
642,France,Male,41,3,24166.755496802587,1,0,1,78000.64250202218,0
676,Germany,Male,43,7,18585.66529568612,4,1,1,92881.73390678882,0
675,Germany,Female,46,0,6991.528656830083,2,1,1,128096.13953644164,0
644,France,Female,31,10,13605.697037271097,3,1,0,94558.11290953882,0
791,France,Male,42,3,5311.128372309344,1,1,1,85325.0927110249,1
761,Spain,Male,38,5,18109.66814734631,2,0,0,109016.23362409449,0
610,Germany,Male,50,9,56369.56060295156,4,0,0,200000.0,0
485,France,Female,47,6,6903.0304685747415,2,0,0,81222.67829512712,0
643,France,Male,33,2,19379.01431151812,1,1,1,68860.424520856,1
534,Germany,Male,46,9,37606.58672759338,3,1,0,116859.0147476826,1
652,France,Female,53,9,19808.44081943523,4,1,1,111356.74492416116,0
542,Spain,Male,43,1,28952.942965007533,3,1,1,130418.50161776354,0
775,Germany,Male,35,8,34345.15120039966,2,1,1,157802.9424267013,0
718,France,Male,28,0,74584.72917471509,4,1,0,11600.0,0
716,Spain,Male,19,9,92605.95262539804,1,1,0,200000.0,0
757,France,Male,50,0,10683.789555206333,2,1,0,132386.83502377442,0
689,France,Female,25,9,23048.978197157405,1,1,0,134398.26876368682,0
704,Germany,Male,28,1,42802.10061328008,2,1,0,100903.63491008924,1
793,Germany,Male,40,4,34595.37078029358,3,0,1,78359.4950996883,1
636,France,Male,42,0,4191.823450860801,1,1,1,125242.75068273676,0
710,France,Female,53,5,21153.26315424181,3,1,1,67044.18405628663,0
544,France,Female,42,7,12907.605699298816,3,1,0,103094.68209690118,0
657,France,Female,36,9,27001.345888802363,1,1,0,22318.7117057756,0
850,Germany,Male,36,1,20623.131375997767,4,1,1,41918.1507660598,1
731,Germany,Female,23,4,59434.9347025325,1,1,1,191782.86835592333,0
641,France,Male,53,2,25661.809684386582,2,0,0,135181.95075971578,0
676,France,Male,47,1,13822.35153359078,1,1,0,114549.88084356404,0
647,France,Male,41,5,48333.252059637554,2,0,1,45414.75645424464,0
673,France,Male,53,0,64894.25778925162,1,1,1,167651.94894125644,0
610,France,Male,49,7,5729.494806870838,3,0,0,22720.0846689537,0
699,France,Male,44,5,14466.542967778743,1,1,1,30915.674006851303,0
703,France,Male,38,3,11710.69282086797,4,0,0,48893.99338353049,0
650,Germany,Female,39,4,11225.180493814309,1,1,0,97529.17719423832,1
664,Spain,Female,24,1,116131.05073009504,2,0,1,114600.4592667338,0
684,France,Female,49,7,6735.312419978975,2,1,1,112564.756791592,0
597,Spain,Male,37,5,102449.25270218082,4,1,1,57628.120192073184,0
698,Spain,Female,49,5,25035.87936032253,4,1,0,133306.17773121427,1
728,Spain,Female,46,2,51193.96364299586,3,0,0,200000.0,1
796,Spain,Female,40,0,29075.72260208852,4,0,0,11600.0,0
681,Germany,Male,47,7,45658.04764268136,1,0,0,71202.38121848981,0
594,Germany,Female,31,6,40109.66987885679,2,1,0,33444.53153638932,0
639,France,Male,24,0,28365.31134530415,4,0,1,41222.96081214322,0
535,Germany,Male,37,7,16080.883965369394,4,1,1,51074.56825968685,0
722,Germany,Male,43,9,133589.6139501086,1,1,0,11600.0,1
444,Germany,Female,47,1,123827.49201566709,3,1,0,50166.39049941976,1
752,Germany,Male,39,10,3688.544681986128,2,1,1,111080.8346732275,0
764,France,Male,29,7,12649.294633457472,3,1,0,136569.9869198139,0
356,Germany,Female,52,4,42673.58823667711,4,1,0,11600.0,1
777,France,Male,35,7,196738.7086283224,2,1,1,197806.58265268512,0
752,Germany,Female,42,10,64994.5517389784,4,1,0,11600.0,1
620,Spain,Female,44,5,85279.9843946206,1,1,0,11600.0,1
530,Spain,Male,39,1,18860.10362049462,2,0,1,122213.7239864828,0
566,Spain,Male,19,6,12353.419564083912,3,1,1,200000.0,0
574,France,Male,32,10,12806.728280815858,2,1,1,152083.9257420184,1
781,Spain,Female,43,10,33012.88922524703,4,1,1,59098.89082997282,0
605,France,Female,54,5,97765.79094289638,1,0,0,166245.70938354154,0
740,Spain,Male,45,3,12190.910148837682,1,0,0,86962.69334627828,1
637,France,Male,43,8,42235.51000667901,3,0,1,15421.263329527268,0
655,France,Male,19,3,82720.39287767184,3,1,0,11600.0,0
492,Germany,Female,49,0,34692.994585398315,4,0,1,189097.09712989224,0
535,Germany,Male,48,2,26970.048105212,2,1,1,27823.811964128487,0
779,France,Male,44,10,21273.0919031461,1,1,1,35767.18790397077,0
634,Germany,Female,41,7,45870.63837828354,1,1,1,88427.02532820734,0
680,Germany,Male,44,2,85102.64906306315,4,1,1,18549.37329829716,0
830,France,Male,51,6,250000.0,2,1,1,173423.77982764115,0
637,Germany,Female,38,10,101765.27566535393,2,1,0,73659.29248282703,0
631,France,Female,42,0,30142.495094641185,3,1,0,107630.9436994273,0
770,Germany,Male,35,3,4127.9019738628085,3,0,1,81885.67151614987,0
651,France,Female,39,3,6422.204053659185,2,1,1,158353.16153274168,0
682,Germany,Male,40,8,1488.181147582595,4,1,1,46519.24841903998,1
749,France,Female,45,10,22522.854823597867,2,1,1,134060.97400897328,0
650,France,Female,34,0,32845.70541137369,2,1,0,152564.76483335908,0
728,Germany,Female,37,10,85909.45270341875,1,0,1,89520.50586669825,1
638,Germany,Female,42,8,4481.680440189189,4,0,1,143559.5652016782,0
748,Spain,Female,37,9,12946.26928278792,4,1,0,95709.55195354795,0
692,Spain,Male,40,7,35734.056161780376,4,0,1,165806.5402805692,1
627,Germany,Male,27,9,94781.49952574068,4,1,0,11600.0,0
657,France,Male,44,5,4585.9959423857445,3,0,0,39097.72099377074,1
405,France,Female,32,10,13948.404342894277,3,0,1,90451.38219850315,0
769,France,Male,25,3,39252.68709307734,1,1,1,11600.0,0
524,France,Male,41,10,19605.11445497714,3,1,1,81206.7027687064,0
543,Spain,Female,42,5,243965.10748736863,4,1,1,80784.56493785023,0
606,France,Male,43,5,30086.12754091892,2,1,1,23639.73821259079,0
470,France,Female,43,1,121156.92368602708,1,0,0,43744.909351030896,0
696,France,Male,43,6,141415.89404685557,2,1,1,49742.116822191405,0
686,France,Male,53,8,15016.935990134434,3,1,1,122927.71713489832,0
601,France,Male,47,7,19763.423816944265,4,1,1,130832.62695433294,0
582,Germany,Male,48,2,19588.232101468973,1,1,0,37153.89534923608,0
580,France,Male,44,7,28662.718845898537,3,1,1,182124.3413257005,0
711,Germany,Male,47,3,3261.640142210916,2,1,1,136168.69643262314,0
490,Germany,Male,34,9,82345.0340530553,2,1,1,25937.34109433902,1
609,Spain,Female,45,0,7012.2267110172725,4,0,1,154763.96646926503,0
497,Spain,Male,50,2,112058.07534703442,3,1,1,51531.7869222306,0
726,Spain,Female,36,0,42969.745426882175,1,1,0,150950.9404501337,1
616,France,Female,52,4,32839.571201381536,1,0,0,97757.32063588008,0
704,France,Male,35,9,54056.57137448923,1,0,0,92373.25551484706,0
774,Spain,Male,43,10,135228.36169316192,2,0,0,153402.36957212572,0
776,France,Male,28,8,17596.240593287574,3,1,0,107378.65894059312,0
547,France,Female,47,6,15748.263914029054,1,1,0,120849.3212310873,1
680,France,Female,51,2,23092.095789975672,1,1,1,53511.71031425109,0
762,Germany,Male,38,6,33355.32596891679,1,1,0,112012.46337745523,0
719,France,Female,25,7,3936.17763213,1,1,0,56046.84094027883,1
729,Germany,Female,39,3,56969.715261423335,1,1,0,69268.45929743204,0
471,Germany,Female,30,2,36791.720852249055,3,1,1,83821.70305480476,0
718,France,Male,39,1,38817.51616127547,2,1,1,93547.90138451292,0
570,France,Male,47,7,14360.52998075526,4,0,1,80503.96741634785,0
716,Germany,Male,43,2,91816.85518722257,3,1,1,72260.5558658547,0
714,France,Female,23,6,25379.791959908103,2,0,1,123694.60956492396,0
708,France,Female,35,10,52815.41307844177,2,1,0,97269.71962836682,0
638,France,Male,41,10,13725.855428791556,3,1,1,123824.00963440264,0
781,Germany,Male,52,10,84720.49695015897,2,1,0,200000.0,1
701,Germany,Female,37,1,17813.47659024513,2,1,0,170122.02680140611,1
682,France,Female,43,4,127352.01682938809,2,1,0,68913.56893841564,0
556,Germany,Male,40,4,30329.45056175341,2,1,1,66892.77159179529,0
689,Germany,Male,33,8,7841.468078034014,1,0,0,98702.4418015677,1
847,France,Male,34,7,47233.772880549644,3,0,1,178362.4579908688,0
510,France,Male,37,7,40667.99143115643,3,1,0,146225.86909259894,0
723,Spain,Male,51,9,27360.16292226182,4,0,0,167427.21634129836,0
735,Germany,Male,31,1,85659.70524250882,1,1,1,46045.64610823511,0
822,Germany,Female,37,1,27347.576736512307,1,0,1,114047.13994107716,0
722,France,Female,33,9,7322.003684784184,1,1,1,200000.0,1
651,Spain,Male,52,6,1449.9753435576613,4,1,1,68334.4101424609,0
692,Germany,Female,42,3,111356.5848624813,3,0,0,65948.10498627563,0
623,France,Female,52,2,31433.86245468143,1,0,1,54540.76663757945,0
771,Spain,Male,18,2,41386.74011471746,3,1,1,178953.48210521633,1
495,France,Female,48,6,6093.752639074993,4,1,0,12879.260758604578,0
601,France,Female,30,0,33609.65057161044,1,1,0,75423.69039298999,1
694,France,Female,33,3,38110.38414057145,3,0,0,129465.57282768207,0
767,Germany,Male,37,5,31298.056784171786,2,1,0,79226.64477080805,0
648,Germany,Male,38,8,154086.03661188702,1,0,1,96881.32247775437,0
571,Germany,Male,38,0,42359.82152541853,2,1,0,124305.2486119435,0
628,Spain,Male,31,0,183233.2553617652,1,1,1,124591.88221338982,0
613,France,Female,37,1,8322.403383128554,3,1,1,125514.50652345543,0
617,Germany,Female,38,6,122780.63242466604,2,1,1,132957.63064907474,0
606,Germany,Female,22,6,40251.03885540042,2,1,0,126253.8371605935,0
606,Spain,Male,42,4,17558.539067171834,2,1,0,179419.96743501056,0
478,France,Male,39,3,68470.19362510538,1,0,1,44375.36847698188,0
680,Spain,Female,40,9,40626.06689687143,1,1,0,108158.98791272228,0
717,France,Male,34,5,42862.9461315704,4,0,1,20059.134870179725,0
799,Spain,Male,39,7,9433.426422726936,1,1,0,36813.79979525755,0
736,Germany,Female,18,6,56962.395504315165,2,1,1,123452.09590519346,1
730,Spain,Female,33,1,17416.895076434965,4,1,0,92493.54379113916,0
679,France,Female,34,10,21984.511835565565,3,0,1,102997.93049210423,0
473,France,Male,38,1,118530.56409337046,2,1,1,170044.35053560452,0
678,France,Male,38,5,9891.957765611376,2,1,0,140197.61044755933,0
661,Germany,Female,48,0,108861.61692347714,3,1,0,63362.77987063312,0
752,Germany,Female,27,4,34699.18227104885,3,1,0,82166.52612850204,1
706,Spain,Female,46,0,9831.788155607215,4,1,1,139384.73812098196,0
637,France,Male,59,6,83459.09343777139,2,1,0,11600.0,0
845,France,Female,34,2,52849.05466850731,2,0,1,49781.32267297183,0
734,France,Male,46,8,21295.170875877317,3,1,0,106447.39859689864,1
683,France,Male,53,4,17885.636481440317,2,1,1,118495.7692071914,0
695,Spain,Male,53,0,27317.72871049946,2,1,0,126761.4426190189,0
656,Spain,Female,36,9,7321.480239451315,4,1,0,149172.83089839938,0
651,Spain,Male,49,3,82839.44578591126,3,0,0,180330.84013597367,0
432,France,Male,47,7,16331.983546866784,1,0,0,110154.14823755618,0
558,France,Female,51,6,87684.85396967642,2,1,0,50174.02029040457,1
595,France,Male,45,5,65708.63251681371,4,1,0,95569.25549161468,0
695,Germany,Male,50,8,142224.0923864207,2,1,1,58607.64461418003,0
484,Spain,Female,36,3,5220.347095994639,4,1,1,76222.89597649314,0
597,France,Female,34,9,21476.25392275146,4,1,1,109955.23172035391,1
585,France,Male,18,0,48892.90337070643,1,1,1,200000.0,0
661,Germany,Female,34,9,97799.88188432869,4,1,1,106610.26863434052,0
695,Germany,Male,35,5,8458.176776971035,3,0,1,21558.84501499335,0
585,France,Female,20,3,98807.6178475287,4,1,1,38483.806622707176,0
592,Spain,Female,39,0,3466.185262533042,1,0,1,200000.0,0
581,France,Male,49,9,32156.63643087666,2,1,1,195660.91359639016,1
610,Spain,Female,29,2,4411.200327845143,4,0,0,21469.851287348614,0
644,France,Male,57,10,8118.313032493954,1,1,1,200000.0,0
781,France,Male,42,0,74565.00958500641,3,1,0,151776.05002601765,0
548,France,Female,47,4,940.3390486383058,2,1,1,11600.0,0
825,France,Male,38,7,40524.952277611366,1,1,0,117849.93585203106,1
526,Germany,Male,30,1,5173.775897755201,2,1,1,32708.8076878648,0
745,Germany,Male,44,5,83369.63547743455,3,0,0,31846.875061673592,1
602,France,Male,46,5,82556.50190579727,4,1,1,99576.75916332514,0
558,Germany,Female,37,4,60665.85821183416,4,0,1,62434.73964398976,0
781,France,Female,41,6,70516.72806482286,1,0,1,70520.3107571962,0
658,France,Male,38,0,44674.75441060752,3,1,0,200000.0,1
654,Spain,Male,32,9,33227.12502944914,4,0,0,78848.5604371604,0
622,Spain,Male,42,3,26393.786374955635,2,1,1,65100.38102671514,0
591,France,Male,31,10,54134.48877002436,2,1,0,74196.5422093809,0
632,France,Male,46,5,24128.03302521084,3,1,0,200000.0,0
350,Germany,Male,62,3,139.7991680275003,2,1,1,143024.92664142916,0
464,France,Male,49,5,5309.684308394025,3,1,0,107349.25690843702,0
689,Germany,Female,37,1,52751.130916108144,3,1,1,130695.301111763,0
768,Germany,Female,42,10,22700.31845007555,4,1,0,40356.86004197272,0
786,France,Female,50,8,228067.35457457296,3,1,0,200000.0,1
554,France,Female,38,3,21841.576653981523,4,1,1,86819.22992935067,0
669,Spain,Male,44,4,5738.24964508955,2,1,1,200000.0,0
430,France,Female,46,6,19903.259593977426,3,1,1,133470.01995791425,0
614,France,Female,41,7,58053.50970173283,2,1,1,102350.3789111704,0
732,Germany,Female,40,0,37568.0686277214,3,1,1,113047.48278379344,0
648,Germany,Male,49,6,47118.34413423109,2,1,0,99615.27333491696,0
616,France,Female,56,9,5896.234199286688,1,1,0,146324.16804611302,0
648,Spain,Female,38,8,87717.8334658035,3,1,0,107916.78999463536,0
778,Germany,Male,51,1,116337.3230408634,4,1,0,67845.8328569879,0
625,France,Female,24,10,7853.161775797191,1,1,0,118398.98146526238,0
657,France,Male,43,1,49193.248384107086,1,1,1,128931.28720844538,0
801,Germany,Male,18,10,13052.986347785774,4,1,1,107366.34811295016,1
627,France,Male,31,3,10061.35414242417,3,1,0,31994.12883570293,0
486,France,Male,28,0,11443.499078171511,1,0,1,20785.029499955068,1
786,Germany,Female,55,8,36836.15730566666,4,1,0,101760.35546153424,1
751,Germany,Male,36,4,108534.08312129288,1,1,1,41082.15080072308,0
428,Germany,Male,38,2,85353.73173468343,3,0,1,157787.10598480862,0
636,Germany,Female,36,5,7738.242630283383,1,1,1,57139.14643432171,0
647,France,Male,24,6,35659.31306207751,3,1,0,138222.43068492995,0
786,France,Female,41,3,8178.010952158227,3,1,0,52767.74668722062,0
648,Germany,Female,39,1,28816.98598611184,1,1,0,137324.81300507282,0
666,Spain,Male,30,4,41336.88381403727,3,0,0,92303.50676575737,1
669,Germany,Female,52,6,83453.82859674175,1,1,1,155353.4912274285,1
603,France,Female,52,9,98773.61163920604,3,1,0,110538.810826864,1
779,Spain,Female,26,9,1404.540670050783,3,0,1,85359.7469528018,0
570,France,Female,32,2,58432.75968292041,3,1,0,118462.55816146286,1
601,France,Female,43,1,26395.116669760377,1,0,1,30263.453281516457,0
649,France,Male,34,1,34155.26771410014,2,1,0,183563.19321931072,1
516,France,Male,36,10,12541.345189053038,1,1,0,72461.33996438721,0
826,Germany,Female,28,10,1743.531378612122,4,0,0,94112.77431630473,0
649,France,Female,28,3,90208.87804835636,3,1,0,69184.26134432448,1
732,France,Male,33,3,13109.035663796672,1,1,1,142091.33941192552,0
554,France,Male,40,4,106137.2995138949,3,1,0,127304.77870311376,0
721,Germany,Male,40,2,3612.519096628928,2,1,1,182299.70194702857,0
729,Spain,Female,30,10,26248.98457137167,2,1,0,46636.87869452521,0
744,Spain,Male,27,0,67806.84825181939,1,1,1,71281.41025383066,0
840,France,Female,26,3,14835.977043615609,1,0,0,71702.7160971235,1
594,Germany,Female,48,0,171192.76803600823,4,0,0,155418.94865170805,0
631,France,Male,60,7,50736.030866759065,2,1,1,122315.25386823852,0
565,France,Male,43,4,12256.187575392603,4,1,1,26050.94619352852,0
640,Spain,Female,18,1,78899.86963245682,1,1,1,167661.25221418642,0
716,France,Male,44,4,208565.45123789212,4,1,0,73470.90550516071,1
711,France,Male,50,4,14323.709216467498,3,1,0,73662.99254729746,0
814,France,Male,32,0,86440.60924208804,3,1,0,118274.75884770388,1
699,France,Female,47,4,189190.69275402595,4,0,1,140558.3990460197,0
650,France,Male,49,7,12469.937066384782,1,0,1,131415.6355457791,0
540,France,Female,51,9,13363.235708562646,4,0,0,59679.05403324164,0
736,France,Female,33,1,63135.47235189095,2,1,0,107911.7945481104,0
634,Spain,Female,39,7,150450.09167744892,3,1,1,186529.77651250712,0
738,Germany,Male,40,7,59417.36316396176,3,1,1,95241.90296782668,0
607,Spain,Male,52,0,35120.87669362553,3,1,1,145502.96766118542,0
770,Spain,Male,34,3,5559.399610801079,3,0,0,27745.978138265757,0
688,Germany,Male,48,4,129098.5529338279,2,1,0,146575.70350156917,0
749,France,Male,41,9,3580.213302394307,3,1,1,76229.65496630849,0
688,France,Female,48,7,11883.476787253565,2,1,0,74883.41089950278,1
557,Germany,Female,46,2,29959.87189947011,2,1,0,92443.72270334008,1
613,France,Male,32,0,34719.61587535192,2,1,0,68032.82984723181,1
521,France,Male,41,6,2837.9637656344944,3,1,1,105794.59192364656,0
668,France,Male,32,3,4294.133301017842,3,1,0,100438.88129545128,0
503,Germany,Male,38,9,6683.7346262866095,2,0,1,13598.46775561804,0
679,Spain,Female,56,4,2025.279806419932,3,0,1,63233.49292135238,0
350,France,Male,34,5,189593.437135132,4,0,0,159924.58257288602,0
730,Germany,Male,32,3,13587.102196663674,3,1,0,64086.56195481137,1
539,Spain,Male,37,0,105814.11663696409,3,0,0,80451.08388221197,0
554,France,Male,45,10,76701.73816502652,2,1,1,153196.84788808972,0
787,France,Female,45,7,61189.20908609127,4,1,1,200000.0,0
681,France,Male,42,10,53634.94203371866,4,0,0,11600.0,0
734,Spain,Female,31,8,34519.38686212292,2,1,1,80466.37903559618,0
549,France,Male,36,2,41486.038581203255,3,1,1,150776.0905180414,0
746,France,Female,53,9,110663.90509247336,3,1,0,134327.41553377322,1
636,France,Female,23,3,75147.0161247675,2,1,1,52362.2406932355,0
661,Spain,Female,41,4,13121.999170723586,1,0,1,111410.40205287973,0
799,Spain,Male,36,9,5503.623743411042,2,1,0,61008.36548437037,0
533,France,Female,43,8,17388.242676136728,4,1,0,51895.7710933389,0
741,Spain,Male,40,4,7108.522677239761,3,1,0,16902.456369792868,1
688,France,Male,23,6,154461.31263301385,1,1,0,25240.21051476807,0
628,France,Female,44,2,24122.70409876415,4,0,0,105442.29696141568,1
540,Spain,Female,29,0,9511.349153373158,3,1,0,107331.49000691692,0
627,Germany,Male,27,5,48691.74955416179,4,0,1,29385.92273279728,0
568,France,Female,39,9,25394.04759697504,2,1,0,65446.64655796676,0
768,France,Male,34,0,12292.634591629125,3,0,0,105849.31937022184,0
659,Spain,Male,31,5,2970.0605614169617,4,1,1,136272.35692563793,0
582,Spain,Female,35,7,4851.313044703173,4,1,1,200000.0,0
506,Spain,Male,31,8,41427.4614352965,4,1,0,157950.7972292212,0
603,Germany,Male,54,7,69383.99222585569,1,0,1,183583.46155690608,1
773,Spain,Male,42,4,130039.33232497006,3,0,1,180585.7497087053,0
661,Germany,Female,37,6,44026.157569848,2,1,0,19298.665942192456,0
631,Germany,Male,46,5,52880.32828041584,2,1,0,142682.8288080619,0
819,Spain,Male,37,8,13852.675542785508,2,1,1,20232.480494711504,0
608,France,Male,36,3,16035.280341787104,4,0,0,143524.39059678544,1
569,France,Female,48,7,27026.82496888204,4,1,0,93180.6998131791,0
690,France,Female,32,10,101526.84665499112,2,1,1,146804.60359310708,0
691,Germany,Female,28,8,28577.427185564808,4,1,0,98110.40239835,0
591,France,Female,45,6,13697.802740812906,1,1,1,149076.65481370396,0
570,France,Male,40,6,125973.4164040477,3,0,0,108878.40867293082,0
794,France,Female,40,1,26503.4486750792,3,1,1,152337.58415442545,0
606,France,Male,35,8,4142.472876608773,1,1,1,31173.98492763446,0
504,Germany,Male,44,4,39425.12730204863,3,1,1,63100.54236468671,0
669,France,Male,25,9,49233.24737482142,1,1,0,35639.62010959076,0
739,France,Female,19,2,155483.21775173277,1,0,0,74344.11504803019,1
630,Germany,Male,35,3,82149.39136168746,1,0,1,101140.06618393384,0
703,Spain,Male,45,9,5329.904548307167,1,1,1,100130.67930980671,0
545,France,Male,51,1,35864.31200665541,2,1,0,11600.0,0
712,France,Male,44,2,28468.11737180677,1,1,0,111236.16656172232,1
554,Spain,Male,29,5,24997.88176928136,1,1,0,167964.83956229544,0
680,France,Female,29,0,7530.284123270738,4,1,0,124431.7684404369,0
726,Spain,Male,51,1,23527.20048471859,4,0,1,24845.115019580204,0
659,France,Male,48,3,31752.37929399657,2,0,1,131294.68282710193,0
526,France,Female,44,0,12350.889585323332,1,1,0,135335.07307817944,1
530,France,Female,48,5,42884.08221514946,1,0,1,49964.326881545785,0
809,France,Female,40,3,12505.291497932723,2,1,0,126673.76127387804,0
573,Spain,Male,36,1,6466.6255811349565,1,0,1,146725.3850938192,0
726,Spain,Female,37,9,206712.06847250724,3,1,1,84112.99215734121,0
661,Spain,Male,45,3,58301.9094280808,1,1,1,63645.03831405783,0
549,Spain,Female,41,7,45168.49090203707,2,0,1,165570.94315967092,0
596,Spain,Male,19,5,19837.94161524696,1,1,1,157636.049685054,0
819,Germany,Male,47,10,11681.167446962372,1,1,1,11600.0,0
850,Spain,Female,44,0,7049.157220386999,2,1,1,81030.29879030559,0
618,France,Male,42,4,3233.5369861531867,2,0,1,81189.83609696035,0
611,France,Male,53,10,60150.76938401543,3,1,0,55364.062290761605,0
486,Germany,Female,30,5,16162.184417177312,3,1,0,161485.37542979085,0
485,Spain,Male,28,3,19145.472022859198,3,0,0,119422.86909553887,0
564,Germany,Female,44,3,8776.652901618829,3,1,1,87553.15952903965,0
605,Spain,Female,31,2,6230.784298620977,2,0,1,92690.83247089422,0
647,France,Male,55,9,34159.32961369103,3,0,0,105610.76414415792,0
719,Germany,Male,32,9,65008.5392507556,3,0,1,122368.77102163444,0
672,Spain,Female,31,5,235152.3712345776,2,0,1,75701.02620203233,0
720,France,Male,34,8,20737.70722537621,1,1,1,65126.12120672395,0
588,Spain,Female,36,6,54508.206680398085,1,0,0,125976.18298520111,1
642,Germany,Male,35,8,6168.649539774181,1,1,1,95480.92721289374,0
613,Germany,Female,36,5,40560.120987949,1,1,0,89272.33262287884,1
523,Spain,Male,35,1,36499.110480564406,4,0,0,43559.43547053279,0
452,France,Female,23,5,1629.1441154611953,1,1,0,110014.17837823664,0
583,France,Male,44,6,32984.308747694304,4,1,0,98722.16507990484,0
401,Germany,Female,34,1,34202.77425581615,2,1,0,91829.28637038857,0
536,France,Male,37,0,23262.285621420047,3,0,0,20609.09720556742,0
704,France,Female,26,5,42612.60061591029,3,1,1,176941.3996217745,0
668,France,Male,23,7,2331.813704084572,4,0,0,110482.05962891974,0
652,Spain,Male,38,10,93038.22827825834,3,0,1,113432.16195210384,0
768,France,Female,54,5,36751.87449618076,1,1,0,178234.72106796113,1
577,France,Male,54,7,1633.8775844777342,2,0,0,105479.1715807458,0
718,Spain,Male,29,5,206038.6399074493,1,1,1,104501.42197765886,0
569,Spain,Male,31,5,24043.327923890032,4,1,0,127718.693972354,1
677,Germany,Female,40,7,216104.10929001143,2,1,1,166112.41544689666,0
665,Germany,Male,18,2,9942.804538176955,2,1,0,42901.33874553714,0
670,France,Male,33,2,1521.5262083251455,4,0,0,200000.0,0
611,France,Female,41,5,62480.56921077169,1,1,1,97416.71229725092,1
681,France,Male,36,3,145409.255098726,2,1,1,51889.78625467297,0
689,Spain,Male,20,6,4038.3720680811807,4,1,1,55009.04801131286,0
506,France,Female,20,10,66500.67444563401,1,1,0,200000.0,1
734,Germany,Male,24,6,3585.8421591202014,3,1,1,15328.776211722305,0
526,France,Female,38,8,78971.56166152254,4,1,1,73862.70977988723,0
562,France,Male,30,1,43525.87019694106,4,1,0,31208.638205640906,0
674,Germany,Female,54,10,76122.51048613776,2,1,1,68862.14942962173,0
709,Spain,Female,25,1,23219.635770025805,2,1,0,111456.86006475386,0
672,France,Male,51,5,117896.6220368662,3,1,1,78433.65682803905,0
682,France,Female,26,8,18024.23262542076,4,1,0,109525.94427355002,1
536,France,Female,64,6,16648.167215810445,4,1,1,200000.0,0
597,France,Male,45,5,161743.02026099106,3,1,0,111282.48572759885,0
444,Germany,Male,18,4,6551.93760110416,2,1,0,59230.16700067256,0
558,France,Female,51,7,44892.71200626264,3,1,0,71346.31801338872,1
515,France,Male,34,1,42666.55495836824,3,1,0,135553.36618501582,0
651,Spain,Male,48,2,13507.69465443282,2,0,1,32211.98503838869,0
850,Germany,Female,38,5,19068.85857129049,4,0,1,176320.26657697462,0
726,France,Female,35,0,16884.82970984232,1,0,0,117470.32810385828,0
425,France,Male,36,7,93562.06002466864,2,1,1,115982.30884228862,0
498,France,Male,27,10,24678.198057493868,2,1,1,91282.1595787224,0
520,France,Male,34,10,22212.995656951105,1,1,1,133572.94844638888,1
474,Germany,Female,26,8,50629.17915113476,3,1,0,155218.86135785177,0
621,Germany,Female,34,1,34210.03792196994,2,0,0,65589.48276962065,0
672,France,Male,40,8,27753.971189201737,3,1,0,169380.35422973346,0
520,Germany,Female,49,4,61793.90103680367,4,1,0,11600.0,0
627,France,Male,53,7,26604.105229493485,3,1,0,48432.75657817671,0
672,France,Female,38,0,12561.605308576189,1,0,1,26810.58279922788,0
719,Spain,Male,27,0,67710.03148128404,2,0,1,68389.4726430725,0
665,France,Male,38,3,3511.151052579338,4,1,0,127379.27295239022,0
683,France,Male,37,0,250000.0,1,1,0,200000.0,0
646,Spain,Male,52,0,45395.17667768977,1,0,1,165276.0194486669,1
548,France,Male,47,4,12186.596064776531,4,0,1,124980.92195463562,0
570,France,Male,41,1,11043.636792521003,1,0,1,55766.23230968007,0
517,Germany,Female,54,3,15990.695262182866,2,1,1,136320.88978325197,0
799,Germany,Female,33,7,105710.72319635144,4,1,0,44786.52711015666,1
503,Spain,Female,45,10,87633.23910361114,2,0,1,193664.7771221553,0
745,France,Male,33,5,7805.103576022658,1,0,1,15784.324805668162,1
504,France,Male,34,1,45819.61780834984,2,0,1,114984.68298660612,0
726,France,Male,18,2,120901.44456435536,4,1,0,102559.69021256134,1
747,Germany,Male,40,1,66050.49999935825,2,0,1,92442.58555131884,0
765,France,Male,40,3,44270.79496218733,4,1,1,85141.53903838273,0
545,Germany,Male,37,4,11699.50146592663,3,1,0,184687.4397014542,0
666,France,Male,43,8,143700.86029337882,3,1,1,129622.4905483326,0
589,France,Female,48,6,111190.6105510114,1,1,1,65911.90600482897,0
561,France,Female,38,7,19373.273814824228,1,0,0,80545.26935095516,1
654,Spain,Male,45,6,34426.39261320517,3,1,0,74769.14085650127,0
731,Spain,Female,42,10,4269.215912065865,3,1,1,122325.851748389,0
590,Spain,Male,49,9,49909.6957285258,3,0,0,11600.0,1
682,France,Male,44,7,2795.6853471506565,2,0,0,53402.12956648337,0
559,France,Male,57,10,118231.93575357016,3,1,1,85157.97048292657,0
545,France,Female,41,4,106177.0648123075,1,1,0,11600.0,1
617,Germany,Male,29,2,16526.210327991394,3,1,0,93474.88956938224,0
623,France,Female,51,6,67749.2557607254,4,1,0,77833.06376289387,0
716,France,Male,45,0,28933.57769267489,3,0,1,200000.0,1
524,France,Male,43,2,93333.294601931,3,1,1,146793.29020417552,0
850,France,Male,23,6,3172.012410663935,1,1,0,11600.0,0
470,France,Female,53,3,35231.35895546258,1,1,1,200000.0,0
672,France,Male,49,6,25324.05857687178,4,1,0,52764.116329495824,0
621,France,Female,42,9,15080.136588989955,1,1,1,109713.39167187792,0
585,France,Male,18,9,11740.607524846551,1,1,0,107126.92967220486,1
632,Germany,Male,35,5,56432.84146883425,4,1,0,125066.86730744236,1
717,Germany,Female,58,3,11275.931809725467,3,1,0,11600.0,0
732,France,Male,43,6,50010.27053152434,1,1,0,99771.02257416832,0
628,Spain,Male,26,7,24691.10261214717,3,0,0,179128.85157294112,1
683,France,Male,33,7,13893.995130563277,3,0,0,24683.935369109156,1
516,France,Female,35,6,76557.91818864326,2,1,1,126321.72260504124,0
631,Germany,Female,50,1,22619.506132679355,1,0,1,125118.10321284464,1
689,Spain,Male,23,7,753.04412114583,1,1,1,100950.68432756569,1
421,Germany,Female,49,4,95239.20443152369,2,1,0,34525.84213005414,1
658,France,Female,46,8,18882.36451660605,3,1,1,157243.4935108995,0
633,Germany,Male,61,5,86386.39728580567,4,1,0,162472.9470888147,0
776,France,Male,44,3,39519.67425267758,1,1,0,53393.58387681586,1
666,France,Female,26,8,106568.95327150506,3,1,1,95768.602369373,0
697,France,Female,38,0,27070.0695329842,4,1,1,200000.0,0
622,Germany,Male,29,3,9284.89201248944,4,1,1,139844.58430320455,1
713,France,Female,42,10,908.5544557506424,2,1,0,103579.6182938616,0
706,Germany,Male,56,4,75373.55205067756,1,1,0,54257.47355287231,0
519,Germany,Female,30,3,75542.55464650952,3,1,0,110720.1781862784,1
681,France,Male,48,8,10884.224466389614,3,1,0,25338.49395203944,1
768,Spain,Male,32,0,155565.38072807383,2,1,1,148484.63403971793,0
748,Germany,Male,23,2,148885.0054575122,3,1,0,131794.614018948,1
652,France,Male,54,8,22745.902083696397,4,1,1,41372.54223162995,0
682,France,Male,41,6,7984.326137755637,2,0,0,28081.928440304797,0
741,Germany,Female,43,4,16696.74397783357,2,1,1,78235.89379728158,0
536,France,Female,47,10,132471.52960633626,4,1,0,179378.9049991872,1
697,Spain,Female,21,5,47008.286222170354,2,1,0,137961.93110066158,1
452,France,Male,36,3,122893.16086953916,1,1,0,103384.49864131396,0
736,France,Female,22,4,1154.1186624501076,2,1,0,101753.71672430268,0
611,Spain,Male,33,7,235050.2155666923,1,1,1,131180.31641098196,0
641,Spain,Male,50,4,49442.36842581834,3,1,1,24557.98756380352,0
594,France,Male,43,9,10273.201014855558,4,0,0,83699.8918735543,1
645,Germany,Male,32,1,35339.55230726274,1,1,1,25813.86367082066,0
675,France,Male,39,7,85766.74408755028,3,1,1,169061.36897348502,0
725,Germany,Male,37,2,7604.376553410293,2,0,0,131201.66026992354,0
779,Spain,Female,42,4,46900.27305039504,1,1,0,40509.17603970922,0
654,France,Female,32,10,59136.45433944499,1,0,1,28864.990777407787,1
483,France,Female,37,5,26621.437479329332,1,1,0,132080.72210794874,1
780,France,Male,40,0,39000.76684479094,4,1,0,37994.52394933135,1
502,France,Female,43,2,90805.11473773106,2,1,0,151077.5328587757,1
607,France,Male,41,0,151577.8391030988,2,1,1,118964.09311747564,0
600,Spain,Female,22,6,40393.06634858899,4,0,0,145077.09406101418,0
651,France,Male,26,1,60637.80774582893,1,1,0,119185.53040334053,0
523,France,Male,45,9,19489.8842255863,2,0,0,132250.48377673476,0
518,Spain,Male,36,6,20327.6098603149,4,0,1,169572.22847781732,0
647,France,Female,34,2,109643.79316497834,2,0,1,76682.51607867004,0
570,France,Male,36,2,5193.511705367022,1,0,1,187536.8813799179,0
784,France,Female,36,0,11501.344655178214,2,1,0,155695.96609135374,0
594,Germany,Female,21,6,15728.282450821393,4,1,0,11600.0,0
547,France,Male,56,7,4955.466190795323,3,1,0,92048.12114234742,0
817,Spain,Male,37,10,55073.33826973543,1,1,0,108914.76619122838,1
696,France,Female,39,3,118368.38214354432,2,1,1,85356.41973681332,0
850,Germany,Male,39,8,1368.3010923865288,4,1,1,169468.51160505548,0
457,Germany,Female,48,3,14537.29224555648,3,1,1,93870.25841763198,0
670,Germany,Female,45,9,126670.4152700456,1,1,1,137857.7202238263,0
698,France,Male,38,4,31333.44074919677,4,1,1,94196.32342854216,0
652,France,Male,30,10,108415.92521837856,3,1,0,42563.1853499408,1
613,Spain,Female,51,5,144155.11490288985,2,0,0,11600.0,1
774,France,Female,39,8,235173.9983786819,3,0,1,25594.36755375685,0
696,France,Male,44,8,25185.50538328653,3,1,0,164228.68385954815,0
481,Germany,Male,28,7,21001.706451083308,1,1,1,54252.89098923792,0
563,Spain,Female,45,9,69043.12307560597,1,1,1,56176.16200074586,1
533,France,Male,24,1,45139.02776230082,3,1,0,29168.529116431517,0
637,Germany,Female,35,9,53823.51391204616,3,1,1,88203.63563427542,0
744,Germany,Female,40,9,38003.12675473702,3,1,0,84201.40078785644,0
612,France,Female,56,0,36091.89184939569,2,1,1,114764.0905923977,0
624,Germany,Male,45,1,18914.48119305748,4,1,0,133508.02509905433,0
552,Spain,Female,53,5,45267.58578945862,2,1,0,54909.02576148917,0
726,Spain,Male,43,10,15613.434169331238,2,1,1,12435.543178151507,0
773,France,Male,27,6,21976.345941359068,1,0,1,82754.75388270649,1
646,Germany,Male,27,5,49793.013775512,1,1,0,100730.12244083016,1
808,France,Male,46,0,50616.10655171888,4,1,1,142567.6870806019,0
595,France,Female,28,0,43032.98555380464,1,1,1,64522.7044462388,0
510,Germany,Female,23,0,56154.86996765958,1,1,0,138725.51605099766,1
730,France,Male,29,0,26544.054884460737,3,1,0,139219.36774640493,0
640,France,Male,41,9,45113.5532962736,1,1,0,28898.38469752824,1
591,France,Male,31,9,5006.822304413563,4,0,1,11600.0,0
657,France,Male,51,0,33055.72570163851,4,1,0,59768.21703793668,0
491,France,Female,43,1,44099.81839327248,1,1,0,64106.15744699316,0
475,France,Male,40,1,27426.9155646494,3,1,1,61791.8400293494,0
659,Germany,Female,42,3,855.5260355686618,4,0,1,179190.3540611489,1
693,France,Female,45,2,60365.82655181558,3,1,1,18539.196874182497,0
789,Germany,Male,45,3,30393.4198915867,2,0,0,93465.75292341562,0
738,Spain,Male,30,4,8461.98819990301,3,0,0,72516.05058315278,0
713,France,Male,51,3,179710.56539383784,3,1,1,71731.11725670811,0
777,Germany,Male,45,2,142723.69498819188,1,1,1,188632.2998936104,0
698,Germany,Male,35,2,8639.53892091853,3,1,1,50541.2849147552,0
615,Germany,Male,46,3,61414.44101283061,2,1,0,111999.83723540368,0
741,France,Female,25,5,36440.29564954041,3,1,0,41182.946188977614,1
737,Germany,Male,47,6,17075.015555284444,2,1,0,126295.44582165735,1
649,France,Female,41,3,57659.53514003991,1,1,0,169636.8443778186,0
530,France,Male,18,7,29694.599012656254,4,1,0,104128.95693234976,0
471,Germany,Male,58,5,114388.2026530542,3,1,1,83899.4047248935,0
734,France,Male,25,4,60807.84926123061,2,0,0,29781.95104415381,0
697,Germany,Male,44,7,35421.75248656646,2,1,1,100352.7933220818,0
711,Germany,Male,53,5,30063.43902681576,1,1,0,124752.9652044386,0
737,Spain,Female,18,0,1604.248745865886,3,0,1,64511.50861671286,0
560,France,Female,41,10,8768.571804226913,1,1,1,110600.84214032,0
462,Spain,Female,47,0,2306.2051629014413,4,1,1,200000.0,0
701,Germany,Female,50,9,3276.5291774955485,4,1,0,95443.39847251556,0
769,France,Female,51,9,3472.4504903283023,2,0,0,144517.64886924007,0
685,France,Female,48,5,709.1215497607832,1,1,0,11600.0,1
501,Germany,Male,35,7,78353.9804816707,2,1,1,33054.879052237855,0
674,Spain,Female,43,8,32559.16910767417,3,1,1,115098.81062729744,0
537,Germany,Female,59,3,69144.54246299606,2,1,0,117117.06606963115,0
495,Germany,Female,51,10,9179.582571708666,4,0,1,192763.4140124114,0
649,France,Male,32,6,92009.98705808623,3,0,1,70525.07840029955,0
666,France,Male,49,8,4941.714527281764,2,1,0,14093.727880106322,0
640,France,Female,52,7,19435.05874809005,1,1,1,90817.72048082056,1
693,Germany,Female,30,7,23157.610127348173,1,1,0,124364.10808722,0
570,France,Female,38,0,13441.771570793637,2,1,0,110246.92987384665,0
658,France,Female,36,9,7384.625941816497,2,0,0,89398.56878067547,1
601,France,Male,48,5,49454.47615680421,4,0,1,107719.9918790019,0
624,Spain,Male,34,10,426.2743903571763,4,1,0,75710.6958384614,1
676,Germany,Female,32,8,78423.73196939987,1,0,1,85938.2326482128,0
755,France,Male,49,7,2162.122530619973,1,1,0,200000.0,0
679,Spain,Female,26,1,166277.60440168137,2,1,1,11600.0,0
712,France,Female,40,4,101353.4733751678,4,0,1,132202.66464426354,0
651,France,Male,31,10,26769.496498534136,2,1,1,92585.23056136968,0
698,France,Male,49,3,7698.779769244978,4,0,1,114087.14770856877,0
753,France,Female,32,7,102256.28883012952,1,1,1,78346.0275152865,0
837,France,Male,39,8,51662.05393848365,3,0,1,200000.0,0
771,Germany,Male,18,2,35137.34755100699,4,1,1,11600.0,0
644,Germany,Female,39,8,19239.57160987613,4,1,0,122774.59157449297,0
764,Germany,Female,37,0,41195.02215588943,3,1,1,11600.0,1
704,Germany,Female,39,6,26819.481189512244,4,1,0,33525.211511392044,0
589,Spain,Male,52,7,31308.68894286189,3,1,1,200000.0,0
706,France,Male,44,5,93362.5573806168,3,1,1,192944.2842295697,0
537,Germany,Female,42,3,152321.07763255847,1,1,1,89669.04380935564,0
706,Germany,Female,31,3,164417.86076448896,2,1,1,60945.65424434222,1
825,Spain,Female,60,6,119262.57657746886,3,1,0,93082.64622620834,1
732,France,Male,20,9,81040.74720850892,4,1,0,145911.00245916212,0
769,France,Male,27,5,30225.42287851123,4,1,1,64950.47553267973,0
612,Germany,Male,31,3,4619.118398721669,4,1,0,88206.74506986898,0
698,Germany,Male,40,4,49795.325110637066,1,0,0,119133.840774956,1
719,France,Male,39,9,25710.24766780636,4,1,0,168983.45792322757,0
619,Germany,Female,31,3,58086.3809159408,3,0,1,82507.00056433627,0
718,France,Male,40,0,12473.417453550435,2,1,1,31371.59201313196,0
695,Spain,Male,50,3,72351.06144335207,1,1,1,46611.95140682737,1
719,France,Male,39,5,9356.174897852938,2,1,0,152087.4202067323,0
546,France,Female,26,10,82662.84703676902,2,0,0,200000.0,0
777,France,Female,37,1,121355.47802710051,1,1,0,47094.991329267374,0
695,France,Female,30,6,115283.91114436492,2,1,1,132920.98897367928,0
638,France,Female,25,8,21278.22789296032,2,1,0,197010.301476556,0
640,Germany,Female,39,10,24699.364856141918,3,1,0,26517.32178300625,0
646,Spain,Female,29,9,91040.4222170165,4,1,1,90199.79508821393,0
